"player","pos","team","games","rec_tgt","rec","rec_yds","rec_yds_g","rec_avg","rec_tds","rush_att","rush_yds","rush_avg","rush_tds","fumbles_lost","site_pts","site_fppg","src_id","data_src","id","dst_int","dst_fum_rec","dst_sacks","dst_fumbles","dst_tackles","rec_rz_tgt","rec_09_tds","rec_1019_tds","rec_2029_tds","rec_3039_tds","rec_4049_tds","rec_50_tds","rush_50_yds","rush_100_yds","rec_150_yds","rec_200_yds","return_yds","scoring_opp","bye"
"Puka Nacua","WR","LAR",17,177,130,1699,99.9,13.1,9,15,108,7.2,2,1,228,13.4,"3121687","CBS","16211",NA,NA,NA,NA,NA,NA,NA,NA,NA,NA,NA,NA,NA,NA,NA,NA,NA,NA,NA
"Jaxon Smith-Njigba","WR","SEA",17,153,111,1608,94.6,14.5,12,7,36,5.1,0,1,223,13.1,"3162959","CBS","16185",NA,NA,NA,NA,NA,NA,NA,NA,NA,NA,NA,NA,NA,NA,NA,NA,NA,NA,NA
"Ja'Marr Chase","WR","CIN",17,187,128,1553,91.4,12.1,10,3,19,6.3,0,1,207,12.2,"2966320","CBS","15281",NA,NA,NA,NA,NA,NA,NA,NA,NA,NA,NA,NA,NA,NA,NA,NA,NA,NA,NA
"Amon-Ra St. Brown","WR","DET",17,162,115,1370,80.6,11.9,11,3,8,2.7,0,0,195,11.5,"2967690","CBS","15287",NA,NA,NA,NA,NA,NA,NA,NA,NA,NA,NA,NA,NA,NA,NA,NA,NA,NA,NA
"George Pickens","WR","DAL",17,142,93,1384,81.4,14.9,10,1,-1,-1,0,0,191,11.2,"3123212","CBS","15762",NA,NA,NA,NA,NA,NA,NA,NA,NA,NA,NA,NA,NA,NA,NA,NA,NA,NA,NA
"Rashee Rice","WR","KC",17,150,104,1049,61.7,10.1,13,9,35,3.9,2,0,188,11.1,"3124978","CBS","16194",NA,NA,NA,NA,NA,NA,NA,NA,NA,NA,NA,NA,NA,NA,NA,NA,NA,NA,NA
"Drake London","WR","ATL",17,153,94,1257,73.9,13.4,12,0,0,0,0,1,187,11,"3127902","CBS","15751",NA,NA,NA,NA,NA,NA,NA,NA,NA,NA,NA,NA,NA,NA,NA,NA,NA,NA,NA
"Chris Olave","WR","NO",17,155,100,1254,73.8,12.5,11,1,0,0,0,0,183,10.8,"2963666","CBS","15754",NA,NA,NA,NA,NA,NA,NA,NA,NA,NA,NA,NA,NA,NA,NA,NA,NA,NA,NA
"A.J. Brown","WR","NE",17,143,91,1330,78.2,14.6,9,0,0,0,0,0,178,10.5,"2258303","CBS","14104",NA,NA,NA,NA,NA,NA,NA,NA,NA,NA,NA,NA,NA,NA,NA,NA,NA,NA,NA
"Nico Collins","WR","HOU",17,134,82,1247,73.4,15.2,9,2,13,6.5,1,1,175,10.3,"2878193","CBS","15290",NA,NA,NA,NA,NA,NA,NA,NA,NA,NA,NA,NA,NA,NA,NA,NA,NA,NA,NA
"Tee Higgins","WR","CIN",17,119,74,1035,60.9,14,11,0,0,0,0,0,161,9.5,"2809208","CBS","14835",NA,NA,NA,NA,NA,NA,NA,NA,NA,NA,NA,NA,NA,NA,NA,NA,NA,NA,NA
"CeeDee Lamb","WR","DAL",17,156,101,1331,78.3,13.2,6,5,25,5,0,0,161,9.5,"2865251","CBS","14832",NA,NA,NA,NA,NA,NA,NA,NA,NA,NA,NA,NA,NA,NA,NA,NA,NA,NA,NA
"Zay Flowers","WR","BAL",17,117,83,1183,69.6,14.3,8,10,60,6,1,2,161,9.5,"3127049","CBS","16190",NA,NA,NA,NA,NA,NA,NA,NA,NA,NA,NA,NA,NA,NA,NA,NA,NA,NA,NA
"Malik Nabers","WR","NYG",17,135,80,1034,60.8,12.9,11,4,2,0.5,0,0,161,9.5,"26697761","CBS","16615",NA,NA,NA,NA,NA,NA,NA,NA,NA,NA,NA,NA,NA,NA,NA,NA,NA,NA,NA
"Justin Jefferson","WR","MIN",17,147,91,1274,74.9,14,7,2,6,3,0,0,160,9.4,"2871343","CBS","14836",NA,NA,NA,NA,NA,NA,NA,NA,NA,NA,NA,NA,NA,NA,NA,NA,NA,NA,NA
"Tetairoa McMillan","WR","CAR",17,141,82,1172,68.9,14.3,8,0,0,0,0,1,153,9,"28877124","CBS","17071",NA,NA,NA,NA,NA,NA,NA,NA,NA,NA,NA,NA,NA,NA,NA,NA,NA,NA,NA
"Alec Pierce","WR","IND",17,89,49,1067,62.8,21.8,9,0,0,0,0,0,152,8.9,"2965664","CBS","15768",NA,NA,NA,NA,NA,NA,NA,NA,NA,NA,NA,NA,NA,NA,NA,NA,NA,NA,NA
"Emeka Egbuka","WR","TB",17,143,72,1118,65.8,15.5,8,2,10,5,0,0,151,8.9,"26696165","CBS","17081",NA,NA,NA,NA,NA,NA,NA,NA,NA,NA,NA,NA,NA,NA,NA,NA,NA,NA,NA
"Jameson Williams","WR","DET",17,99,63,1083,63.7,17.2,7,8,40,5,1,0,149,8.8,"3125968","CBS","15756",NA,NA,NA,NA,NA,NA,NA,NA,NA,NA,NA,NA,NA,NA,NA,NA,NA,NA,NA
"Terry McLaurin","WR","WAS",17,98,64,925,54.4,14.5,10,1,1,1,0,0,144,8.5,"2139279","CBS","14109",NA,NA,NA,NA,NA,NA,NA,NA,NA,NA,NA,NA,NA,NA,NA,NA,NA,NA,NA
"DeVonta Smith","WR","PHI",17,126,90,1158,68.1,12.9,6,0,0,0,0,0,143,8.4,"2866975","CBS","15282",NA,NA,NA,NA,NA,NA,NA,NA,NA,NA,NA,NA,NA,NA,NA,NA,NA,NA,NA
"Garrett Wilson","WR","NYJ",17,141,89,956,56.2,10.7,9,1,2,2,0,1,139,8.2,"3123864","CBS","15753",NA,NA,NA,NA,NA,NA,NA,NA,NA,NA,NA,NA,NA,NA,NA,NA,NA,NA,NA
"Christian Watson","WR","GB",17,88,53,904,53.2,17.1,9,3,13,4.3,0,0,137,8.1,"2869806","CBS","15789",NA,NA,NA,NA,NA,NA,NA,NA,NA,NA,NA,NA,NA,NA,NA,NA,NA,NA,NA
"Ladd McConkey","WR","LAC",17,126,82,1032,60.7,12.6,7,0,0,0,0,0,137,8.1,"3163962","CBS","16627",NA,NA,NA,NA,NA,NA,NA,NA,NA,NA,NA,NA,NA,NA,NA,NA,NA,NA,NA
"Luther Burden III","WR","CHI",17,101,72,1056,62.1,14.7,6,8,32,4,0,0,135,7.9,"28874444","CBS","17070",NA,NA,NA,NA,NA,NA,NA,NA,NA,NA,NA,NA,NA,NA,NA,NA,NA,NA,NA
"Davante Adams","WR","LAR",17,128,69,849,49.9,12.3,10,0,0,0,0,0,135,7.9,"1893167","CBS","11675",NA,NA,NA,NA,NA,NA,NA,NA,NA,NA,NA,NA,NA,NA,NA,NA,NA,NA,NA
"Rome Odunze","WR","CHI",17,125,62,916,53.9,14.8,8,1,4,4,0,0,131,7.7,"3162979","CBS","16616",NA,NA,NA,NA,NA,NA,NA,NA,NA,NA,NA,NA,NA,NA,NA,NA,NA,NA,NA
"Brian Thomas Jr.","WR","JAC",17,106,61,942,55.4,15.4,6,4,30,7.5,1,0,129,7.6,"3132164","CBS","16618",NA,NA,NA,NA,NA,NA,NA,NA,NA,NA,NA,NA,NA,NA,NA,NA,NA,NA,NA
"Marvin Harrison Jr.","WR","ARI",17,119,66,952,56,14.4,7,0,0,0,0,0,129,7.6,"26701883","CBS","16614",NA,NA,NA,NA,NA,NA,NA,NA,NA,NA,NA,NA,NA,NA,NA,NA,NA,NA,NA
"Jaylen Waddle","WR","DEN",17,114,75,996,58.6,13.3,6,3,25,8.3,0,0,127,7.5,"2962110","CBS","15284",NA,NA,NA,NA,NA,NA,NA,NA,NA,NA,NA,NA,NA,NA,NA,NA,NA,NA,NA
"DJ Moore","WR","BUF",17,109,69,813,47.8,11.8,8,16,81,5.1,1,1,127,7.5,"2179328","CBS","13635",NA,NA,NA,NA,NA,NA,NA,NA,NA,NA,NA,NA,NA,NA,NA,NA,NA,NA,NA
"Parker Washington","WR","JAC",17,101,62,924,54.4,14.9,7,7,2,0.3,0,0,126,7.4,"3168820","CBS","16192",NA,NA,NA,NA,NA,NA,NA,NA,NA,NA,NA,NA,NA,NA,NA,NA,NA,NA,NA
"Courtland Sutton","WR","DEN",17,118,70,911,53.6,13,7,0,0,0,0,0,125,7.4,"2218461","CBS","13630",NA,NA,NA,NA,NA,NA,NA,NA,NA,NA,NA,NA,NA,NA,NA,NA,NA,NA,NA
"DK Metcalf","WR","PIT",17,103,61,891,52.4,14.6,6,2,10,5,1,0,123,7.2,"2260185","CBS","14102",NA,NA,NA,NA,NA,NA,NA,NA,NA,NA,NA,NA,NA,NA,NA,NA,NA,NA,NA
"Mike Evans","WR","SF",17,121,69,900,52.9,13,7,0,0,0,0,0,123,7.2,"1824909","CBS","11671",NA,NA,NA,NA,NA,NA,NA,NA,NA,NA,NA,NA,NA,NA,NA,NA,NA,NA,NA
"Quentin Johnston","WR","LAC",17,98,58,784,46.1,13.5,9,3,7,2.3,0,1,122,7.2,"3162609","CBS","16188",NA,NA,NA,NA,NA,NA,NA,NA,NA,NA,NA,NA,NA,NA,NA,NA,NA,NA,NA
"Michael Wilson","WR","ARI",17,106,66,837,49.2,12.7,6,0,2,0,0,0,111,6.5,"2965181","CBS","16206",NA,NA,NA,NA,NA,NA,NA,NA,NA,NA,NA,NA,NA,NA,NA,NA,NA,NA,NA
"Chris Godwin","WR","TB",17,108,75,841,49.5,11.2,6,1,1,1,0,0,111,6.5,"2818150","CBS","13163",NA,NA,NA,NA,NA,NA,NA,NA,NA,NA,NA,NA,NA,NA,NA,NA,NA,NA,NA
"Jordan Addison","WR","MIN",17,90,50,739,43.5,14.8,6,3,78,26,1,0,111,6.5,"3162290","CBS","16186",NA,NA,NA,NA,NA,NA,NA,NA,NA,NA,NA,NA,NA,NA,NA,NA,NA,NA,NA
"Romeo Doubs","WR","NE",17,93,61,812,47.8,13.3,6,0,0,0,0,0,108,6.4,"2961886","CBS","15779",NA,NA,NA,NA,NA,NA,NA,NA,NA,NA,NA,NA,NA,NA,NA,NA,NA,NA,NA
"De'Zhaun Stribling","WR","SF",17,97,60,862,50.7,14.4,5,3,13,4.3,0,2,104,6.1,"26696676","CBS","17514",NA,NA,NA,NA,NA,NA,NA,NA,NA,NA,NA,NA,NA,NA,NA,NA,NA,NA,NA
"Rashid Shaheed","WR","SEA",17,95,57,860,50.6,15.1,4,13,91,7,0,1,104,6.1,"2250863","CBS","16080",NA,NA,NA,NA,NA,NA,NA,NA,NA,NA,NA,NA,NA,NA,NA,NA,NA,NA,NA
"Jakobi Meyers","WR","JAC",17,102,68,814,47.9,12,5,4,17,4.3,0,1,101,5.9,"2183835","CBS","14127",NA,NA,NA,NA,NA,NA,NA,NA,NA,NA,NA,NA,NA,NA,NA,NA,NA,NA,NA
"Jalen Coker","WR","CAR",17,79,59,746,43.9,12.6,6,0,0,0,0,1,100,5.9,"3163990","CBS","16809",NA,NA,NA,NA,NA,NA,NA,NA,NA,NA,NA,NA,NA,NA,NA,NA,NA,NA,NA
"Calvin Ridley","WR","TEN",17,99,50,846,49.8,16.9,3,3,23,7.7,1,0,100,5.9,"2186328","CBS","13629",NA,NA,NA,NA,NA,NA,NA,NA,NA,NA,NA,NA,NA,NA,NA,NA,NA,NA,NA
"Jayden Reed","WR","GB",17,77,59,702,41.3,11.9,5,18,151,8.4,0,0,99,5.8,"2967762","CBS","16184",NA,NA,NA,NA,NA,NA,NA,NA,NA,NA,NA,NA,NA,NA,NA,NA,NA,NA,NA
"Rashod Bateman","WR","BAL",17,72,40,583,34.3,14.6,8,0,0,0,0,0,98,5.8,"2960940","CBS","15293",NA,NA,NA,NA,NA,NA,NA,NA,NA,NA,NA,NA,NA,NA,NA,NA,NA,NA,NA
"Ja'Kobi Lane","WR","BAL",17,71,44,653,38.4,14.8,7,3,17,5.7,0,1,97,5.7,"29158151","CBS","17517",NA,NA,NA,NA,NA,NA,NA,NA,NA,NA,NA,NA,NA,NA,NA,NA,NA,NA,NA
"Josh Downs","WR","IND",17,103,69,710,41.8,10.3,6,2,2,1,0,1,97,5.7,"3162970","CBS","16187",NA,NA,NA,NA,NA,NA,NA,NA,NA,NA,NA,NA,NA,NA,NA,NA,NA,NA,NA
"Jerry Jeudy","WR","CLE",17,128,66,830,48.8,12.6,4,1,4,4,0,1,95,5.6,"2741201","CBS","14833",NA,NA,NA,NA,NA,NA,NA,NA,NA,NA,NA,NA,NA,NA,NA,NA,NA,NA,NA
"Jauan Jennings","WR","MIN",17,84,51,632,37.2,12.4,7,0,0,0,0,1,95,5.6,"2180514","CBS","14860",NA,NA,NA,NA,NA,NA,NA,NA,NA,NA,NA,NA,NA,NA,NA,NA,NA,NA,NA
"KC Concepcion","WR","CLE",17,111,69,847,49.8,12.3,4,2,10,5,0,2,95,5.6,"29123718","CBS","17501",NA,NA,NA,NA,NA,NA,NA,NA,NA,NA,NA,NA,NA,NA,NA,NA,NA,NA,NA
"Wan'Dale Robinson","WR","TEN",17,127,84,796,46.8,9.5,4,2,6,3,0,0,94,5.5,"3124107","CBS","15757",NA,NA,NA,NA,NA,NA,NA,NA,NA,NA,NA,NA,NA,NA,NA,NA,NA,NA,NA
"Deebo Samuel","WR","SF",17,93,66,654,38.5,9.9,5,36,115,3.2,1,1,94,5.5,"2139735","CBS","14136",NA,NA,NA,NA,NA,NA,NA,NA,NA,NA,NA,NA,NA,NA,NA,NA,NA,NA,NA
"Michael Pittman","WR","PIT",17,111,77,677,39.8,8.8,6,0,0,0,0,0,94,5.5,"2240188","CBS","14842",NA,NA,NA,NA,NA,NA,NA,NA,NA,NA,NA,NA,NA,NA,NA,NA,NA,NA,NA
"Matthew Golden","WR","GB",17,77,52,750,44.1,14.4,4,14,67,4.8,0,0,93,5.5,"28874927","CBS","17075",NA,NA,NA,NA,NA,NA,NA,NA,NA,NA,NA,NA,NA,NA,NA,NA,NA,NA,NA
"Stefon Diggs","WR","WAS",17,85,68,748,44,11,4,1,2,2,0,0,91,5.4,"2000038","CBS","12186",NA,NA,NA,NA,NA,NA,NA,NA,NA,NA,NA,NA,NA,NA,NA,NA,NA,NA,NA
"Xavier Worthy","WR","KC",17,88,53,642,37.8,12.1,4,23,152,6.6,1,0,91,5.4,"26730787","CBS","16620",NA,NA,NA,NA,NA,NA,NA,NA,NA,NA,NA,NA,NA,NA,NA,NA,NA,NA,NA
"Denzel Boston","WR","CLE",17,103,63,782,46,12.4,4,2,10,5,0,2,90,5.3,"28875368","CBS","17500",NA,NA,NA,NA,NA,NA,NA,NA,NA,NA,NA,NA,NA,NA,NA,NA,NA,NA,NA
"Carnell Tate","WR","TEN",17,91,56,770,45.3,13.8,4,2,9,4.5,0,2,89,5.2,"29124411","CBS","17497",NA,NA,NA,NA,NA,NA,NA,NA,NA,NA,NA,NA,NA,NA,NA,NA,NA,NA,NA
"Keenan Allen","WR","IND",17,99,62,675,39.7,10.9,5,0,0,0,0,0,88,5.2,"1737096","CBS","11222",NA,NA,NA,NA,NA,NA,NA,NA,NA,NA,NA,NA,NA,NA,NA,NA,NA,NA,NA
"Makai Lemon","WR","PHI",17,87,53,738,43.4,13.9,4,3,13,4.3,0,2,86,5.1,"29123772","CBS","17499",NA,NA,NA,NA,NA,NA,NA,NA,NA,NA,NA,NA,NA,NA,NA,NA,NA,NA,NA
"Kayshon Boutte","WR","HOU",17,61,39,590,34.7,15.1,6,0,0,0,0,0,86,5.1,"3163170","CBS","16193",NA,NA,NA,NA,NA,NA,NA,NA,NA,NA,NA,NA,NA,NA,NA,NA,NA,NA,NA
"Elic Ayomanor","WR","TEN",17,84,42,569,33.5,13.6,6,0,0,0,0,0,85,5,"28900714","CBS","17073",NA,NA,NA,NA,NA,NA,NA,NA,NA,NA,NA,NA,NA,NA,NA,NA,NA,NA,NA
"Tre Tucker","WR","LV",17,85,52,605,35.6,11.6,5,12,52,4.3,0,0,84,4.9,"3121848","CBS","16287",NA,NA,NA,NA,NA,NA,NA,NA,NA,NA,NA,NA,NA,NA,NA,NA,NA,NA,NA
"Cooper Kupp","WR","SEA",17,85,57,694,40.8,12.2,4,1,3,3,0,1,83,4.9,"2006951","CBS","13164",NA,NA,NA,NA,NA,NA,NA,NA,NA,NA,NA,NA,NA,NA,NA,NA,NA,NA,NA
"Jalen Nailor","WR","LV",17,76,43,568,33.4,13.2,5,2,7,3.5,0,0,79,4.6,"2967232","CBS","15786",NA,NA,NA,NA,NA,NA,NA,NA,NA,NA,NA,NA,NA,NA,NA,NA,NA,NA,NA
"Troy Franklin","WR","DEN",17,92,56,590,34.7,10.5,5,4,11,2.8,0,1,78,4.6,"26693436","CBS","16619",NA,NA,NA,NA,NA,NA,NA,NA,NA,NA,NA,NA,NA,NA,NA,NA,NA,NA,NA
"Jalen McMillan","WR","TB",17,66,46,624,36.7,13.6,4,5,29,5.8,0,0,78,4.6,"3162347","CBS","16628",NA,NA,NA,NA,NA,NA,NA,NA,NA,NA,NA,NA,NA,NA,NA,NA,NA,NA,NA
"Bryce Lance","WR","NO",17,87,54,716,42.1,13.3,3,2,10,5,0,2,78,4.6,"26725855","CBS","17519",NA,NA,NA,NA,NA,NA,NA,NA,NA,NA,NA,NA,NA,NA,NA,NA,NA,NA,NA
"Khalil Shakir","WR","BUF",17,85,67,646,38,9.6,4,1,4,4,0,1,78,4.6,"2969119","CBS","15761",NA,NA,NA,NA,NA,NA,NA,NA,NA,NA,NA,NA,NA,NA,NA,NA,NA,NA,NA
"Marquise Brown","WR","PHI",17,69,44,548,32.2,12.5,5,0,0,0,0,0,77,4.5,"2804128","CBS","14105",NA,NA,NA,NA,NA,NA,NA,NA,NA,NA,NA,NA,NA,NA,NA,NA,NA,NA,NA
"Devaughn Vele","WR","NO",17,69,46,596,35.1,13,4,0,0,0,0,0,76,4.5,"3121113","CBS","16788",NA,NA,NA,NA,NA,NA,NA,NA,NA,NA,NA,NA,NA,NA,NA,NA,NA,NA,NA
"Antonio Williams","WR","WAS",17,73,45,648,38.1,14.4,4,3,15,5,0,2,76,4.5,"28877974","CBS","17512",NA,NA,NA,NA,NA,NA,NA,NA,NA,NA,NA,NA,NA,NA,NA,NA,NA,NA,NA
"Tory Horton","WR","SEA",17,64,38,501,29.5,13.2,6,1,6,6,0,1,75,4.4,"3165177","CBS","17098",NA,NA,NA,NA,NA,NA,NA,NA,NA,NA,NA,NA,NA,NA,NA,NA,NA,NA,NA
"Tyquan Thornton","WR","KC",17,52,27,574,33.8,21.3,4,0,0,0,0,0,73,4.3,"2965066","CBS","15787",NA,NA,NA,NA,NA,NA,NA,NA,NA,NA,NA,NA,NA,NA,NA,NA,NA,NA,NA
"Chris Bell","WR","MIA",17,76,47,583,34.3,12.4,4,2,11,5.5,0,1,72,4.2,"28877196","CBS","17506",NA,NA,NA,NA,NA,NA,NA,NA,NA,NA,NA,NA,NA,NA,NA,NA,NA,NA,NA
"Chimere Dike","WR","TEN",17,70,45,430,25.3,9.6,6,10,17,1.7,0,1,70,4.1,"3162452","CBS","17171",NA,NA,NA,NA,NA,NA,NA,NA,NA,NA,NA,NA,NA,NA,NA,NA,NA,NA,NA
"Omar Cooper Jr.","WR","NYJ",17,72,44,520,30.6,11.8,4,2,13,6.5,0,1,66,3.9,"28900921","CBS","17502",NA,NA,NA,NA,NA,NA,NA,NA,NA,NA,NA,NA,NA,NA,NA,NA,NA,NA,NA
"Jordyn Tyson","WR","NO",13,67,42,593,45.6,14.1,3,2,8,4,0,1,66,5.1,"28900885","CBS","17498",NA,NA,NA,NA,NA,NA,NA,NA,NA,NA,NA,NA,NA,NA,NA,NA,NA,NA,NA
"Jahdae Walker","WR","CHI",17,52,32,430,25.3,13.4,5,1,7,7,0,0,65,3.8,"29174299","CBS","17353",NA,NA,NA,NA,NA,NA,NA,NA,NA,NA,NA,NA,NA,NA,NA,NA,NA,NA,NA
"Isaac TeSlaa","WR","DET",17,46,27,404,23.8,15,5,0,0,0,0,0,62,3.6,"29122587","CBS","17157",NA,NA,NA,NA,NA,NA,NA,NA,NA,NA,NA,NA,NA,NA,NA,NA,NA,NA,NA
"Darius Slayton","WR","NYG",17,72,42,611,35.9,14.6,2,1,5,5,0,1,62,3.6,"2183982","CBS","14122",NA,NA,NA,NA,NA,NA,NA,NA,NA,NA,NA,NA,NA,NA,NA,NA,NA,NA,NA
"Xavier Hutchinson","WR","HOU",17,78,43,515,30.3,12,3,2,16,8,0,0,62,3.6,"3161943","CBS","16201",NA,NA,NA,NA,NA,NA,NA,NA,NA,NA,NA,NA,NA,NA,NA,NA,NA,NA,NA
"Ashton Dulin","WR","IND",17,49,25,550,32.4,22,2,6,66,11,0,0,61,3.6,"3116796","CBS","14315",NA,NA,NA,NA,NA,NA,NA,NA,NA,NA,NA,NA,NA,NA,NA,NA,NA,NA,NA
"Malik Benson","WR","LV",17,77,48,551,32.4,11.5,3,2,8,4,0,2,61,3.6,"29121426","CBS","17706",NA,NA,NA,NA,NA,NA,NA,NA,NA,NA,NA,NA,NA,NA,NA,NA,NA,NA,NA
"Germie Bernard","WR","PIT",17,68,42,511,30.1,12.2,3,2,10,5,0,1,60,3.5,"28878358","CBS","17503",NA,NA,NA,NA,NA,NA,NA,NA,NA,NA,NA,NA,NA,NA,NA,NA,NA,NA,NA
"Jaylin Noel","WR","HOU",17,57,40,456,26.8,11.4,4,6,13,2.2,0,0,60,3.5,"26697286","CBS","17080",NA,NA,NA,NA,NA,NA,NA,NA,NA,NA,NA,NA,NA,NA,NA,NA,NA,NA,NA
"Christian Kirk","WR","SF",13,74,42,485,37.3,11.6,3,0,0,0,0,0,58,4.5,"2180820","CBS","13633",NA,NA,NA,NA,NA,NA,NA,NA,NA,NA,NA,NA,NA,NA,NA,NA,NA,NA,NA
"Tank Dell","WR","HOU",13,60,38,483,37.2,12.7,3,9,40,4.4,0,0,58,4.5,"2963970","CBS","16204",NA,NA,NA,NA,NA,NA,NA,NA,NA,NA,NA,NA,NA,NA,NA,NA,NA,NA,NA
"Andrei Iosivas","WR","CIN",17,62,35,471,27.7,13.5,3,3,11,3.7,0,0,56,3.3,"2966908","CBS","16207",NA,NA,NA,NA,NA,NA,NA,NA,NA,NA,NA,NA,NA,NA,NA,NA,NA,NA,NA
"Demarcus Robinson","WR","SF",17,53,32,465,27.4,14.5,3,1,5,5,0,0,56,3.3,"2061095","CBS","12785",NA,NA,NA,NA,NA,NA,NA,NA,NA,NA,NA,NA,NA,NA,NA,NA,NA,NA,NA
"Adonai Mitchell","WR","NYJ",17,77,38,480,28.2,12.6,3,2,-1,-0.5,0,1,55,3.2,"26701928","CBS","16626",NA,NA,NA,NA,NA,NA,NA,NA,NA,NA,NA,NA,NA,NA,NA,NA,NA,NA,NA
"Ted Hurst","WR","TB",17,57,35,484,28.5,13.8,3,2,13,6.5,0,1,55,3.2,"29421796","CBS","17520",NA,NA,NA,NA,NA,NA,NA,NA,NA,NA,NA,NA,NA,NA,NA,NA,NA,NA,NA
"Luke McCaffrey","WR","WAS",17,30,22,362,21.3,16.5,4,0,0,0,0,0,53,3.1,"3121502","CBS","16635",NA,NA,NA,NA,NA,NA,NA,NA,NA,NA,NA,NA,NA,NA,NA,NA,NA,NA,NA
"Malik Washington","WR","MIA",17,65,46,349,20.5,7.6,3,14,83,5.9,1,1,52,3.1,"3124729","CBS","16684",NA,NA,NA,NA,NA,NA,NA,NA,NA,NA,NA,NA,NA,NA,NA,NA,NA,NA,NA
"Caleb Douglas","WR","MIA",17,57,35,434,25.5,12.4,3,2,11,5.5,0,1,51,3,"28900321","CBS","17599",NA,NA,NA,NA,NA,NA,NA,NA,NA,NA,NA,NA,NA,NA,NA,NA,NA,NA,NA
"Josh Palmer","WR","BUF",17,58,35,478,28.1,13.7,2,0,0,0,0,0,51,3,"2867325","CBS","15319",NA,NA,NA,NA,NA,NA,NA,NA,NA,NA,NA,NA,NA,NA,NA,NA,NA,NA,NA
"Zavion Thomas","WR","CHI",17,54,34,456,26.8,13.4,3,3,13,4.3,0,2,50,2.9,"28909795","CBS","17521",NA,NA,NA,NA,NA,NA,NA,NA,NA,NA,NA,NA,NA,NA,NA,NA,NA,NA,NA
"Dontayvion Wicks","WR","PHI",17,64,38,401,23.6,10.6,3,1,5,5,0,0,50,2.9,"3122375","CBS","16195",NA,NA,NA,NA,NA,NA,NA,NA,NA,NA,NA,NA,NA,NA,NA,NA,NA,NA,NA
"Ja'Marr Chase","WR","CIN",NA,173,120,1507,NA,NA,11,4,21,NA,0,NA,NA,NA,"4362628","ESPN","15281",NA,NA,NA,NA,NA,NA,NA,NA,NA,NA,NA,NA,NA,NA,NA,NA,NA,NA,NA
"Puka Nacua","WR","LAR",NA,174,123,1586,NA,NA,10,14,91,NA,1,NA,NA,NA,"4426515","ESPN","16211",NA,NA,NA,NA,NA,NA,NA,NA,NA,NA,NA,NA,NA,NA,NA,NA,NA,NA,NA
"Jaxon Smith-Njigba","WR","SEA",NA,166,117,1569,NA,NA,9,5,25,NA,0,NA,NA,NA,"4430878","ESPN","16185",NA,NA,NA,NA,NA,NA,NA,NA,NA,NA,NA,NA,NA,NA,NA,NA,NA,NA,NA
"Amon-Ra St. Brown","WR","DET",NA,166,118,1426,NA,NA,10,2,13,NA,0,NA,NA,NA,"4374302","ESPN","15287",NA,NA,NA,NA,NA,NA,NA,NA,NA,NA,NA,NA,NA,NA,NA,NA,NA,NA,NA
"CeeDee Lamb","WR","DAL",NA,158,103,1376,NA,NA,9,2,13,NA,0,NA,NA,NA,"4241389","ESPN","14832",NA,NA,NA,NA,NA,NA,NA,NA,NA,NA,NA,NA,NA,NA,NA,NA,NA,NA,NA
"Justin Jefferson","WR","MIN",NA,166,111,1373,NA,NA,7,2,11,NA,0,NA,NA,NA,"4262921","ESPN","14836",NA,NA,NA,NA,NA,NA,NA,NA,NA,NA,NA,NA,NA,NA,NA,NA,NA,NA,NA
"Drake London","WR","ATL",NA,159,102,1250,NA,NA,7,NA,NA,NA,NA,NA,NA,NA,"4426502","ESPN","15751",NA,NA,NA,NA,NA,NA,NA,NA,NA,NA,NA,NA,NA,NA,NA,NA,NA,NA,NA
"A.J. Brown","WR","NE",NA,130,86,1219,NA,NA,7,NA,NA,NA,NA,NA,NA,NA,"4047646","ESPN","14104",NA,NA,NA,NA,NA,NA,NA,NA,NA,NA,NA,NA,NA,NA,NA,NA,NA,NA,NA
"Nico Collins","WR","HOU",NA,137,87,1196,NA,NA,7,2,12,NA,0,NA,NA,NA,"4258173","ESPN","15290",NA,NA,NA,NA,NA,NA,NA,NA,NA,NA,NA,NA,NA,NA,NA,NA,NA,NA,NA
"Chris Olave","WR","NO",NA,144,91,1195,NA,NA,7,NA,NA,NA,NA,NA,NA,NA,"4361370","ESPN","15754",NA,NA,NA,NA,NA,NA,NA,NA,NA,NA,NA,NA,NA,NA,NA,NA,NA,NA,NA
"Rashee Rice","WR","KCC",NA,130,92,1082,NA,NA,9,8,43,NA,1,NA,NA,NA,"4428331","ESPN","16194",NA,NA,NA,NA,NA,NA,NA,NA,NA,NA,NA,NA,NA,NA,NA,NA,NA,NA,NA
"George Pickens","WR","DAL",NA,124,80,1115,NA,NA,8,NA,NA,NA,NA,NA,NA,NA,"4426354","ESPN","15762",NA,NA,NA,NA,NA,NA,NA,NA,NA,NA,NA,NA,NA,NA,NA,NA,NA,NA,NA
"Garrett Wilson","WR","NYJ",NA,149,100,1176,NA,NA,5,2,11,NA,0,NA,NA,NA,"4569618","ESPN","15753",NA,NA,NA,NA,NA,NA,NA,NA,NA,NA,NA,NA,NA,NA,NA,NA,NA,NA,NA
"Malik Nabers","WR","NYG",NA,136,85,1128,NA,NA,7,4,23,NA,0,NA,NA,NA,"4595348","ESPN","16615",NA,NA,NA,NA,NA,NA,NA,NA,NA,NA,NA,NA,NA,NA,NA,NA,NA,NA,NA
"DeVonta Smith","WR","PHI",NA,128,91,1129,NA,NA,6,NA,NA,NA,NA,NA,NA,NA,"4241478","ESPN","15282",NA,NA,NA,NA,NA,NA,NA,NA,NA,NA,NA,NA,NA,NA,NA,NA,NA,NA,NA
"Tetairoa McMillan","WR","CAR",NA,140,83,1182,NA,NA,6,NA,NA,NA,NA,NA,NA,NA,"4685472","ESPN","17071",NA,NA,NA,NA,NA,NA,NA,NA,NA,NA,NA,NA,NA,NA,NA,NA,NA,NA,NA
"Zay Flowers","WR","BAL",NA,117,82,1170,NA,NA,5,10,57,NA,0,NA,NA,NA,"4429615","ESPN","16190",NA,NA,NA,NA,NA,NA,NA,NA,NA,NA,NA,NA,NA,NA,NA,NA,NA,NA,NA
"Emeka Egbuka","WR","TB",NA,128,70,1127,NA,NA,7,2,12,NA,0,NA,NA,NA,"4567750","ESPN","17081",NA,NA,NA,NA,NA,NA,NA,NA,NA,NA,NA,NA,NA,NA,NA,NA,NA,NA,NA
"Ladd McConkey","WR","LAC",NA,122,80,1039,NA,NA,6,NA,NA,NA,NA,NA,NA,NA,"4612826","ESPN","16627",NA,NA,NA,NA,NA,NA,NA,NA,NA,NA,NA,NA,NA,NA,NA,NA,NA,NA,NA
"Tee Higgins","WR","CIN",NA,115,73,955,NA,NA,8,NA,NA,NA,NA,NA,NA,NA,"4239993","ESPN","14835",NA,NA,NA,NA,NA,NA,NA,NA,NA,NA,NA,NA,NA,NA,NA,NA,NA,NA,NA
"Davante Adams","WR","LAR",NA,124,68,1014,NA,NA,11,NA,NA,NA,NA,NA,NA,NA,"16800","ESPN","11675",NA,NA,NA,NA,NA,NA,NA,NA,NA,NA,NA,NA,NA,NA,NA,NA,NA,NA,NA
"Jaylen Waddle","WR","DEN",NA,119,77,993,NA,NA,6,2,12,NA,0,NA,NA,NA,"4372016","ESPN","15284",NA,NA,NA,NA,NA,NA,NA,NA,NA,NA,NA,NA,NA,NA,NA,NA,NA,NA,NA
"Terry McLaurin","WR","WAS",NA,119,77,1051,NA,NA,6,NA,NA,NA,NA,NA,NA,NA,"3121422","ESPN","14109",NA,NA,NA,NA,NA,NA,NA,NA,NA,NA,NA,NA,NA,NA,NA,NA,NA,NA,NA
"DJ Moore","WR","BUF",NA,107,67,946,NA,NA,7,7,36,NA,0,NA,NA,NA,"3915416","ESPN","13635",NA,NA,NA,NA,NA,NA,NA,NA,NA,NA,NA,NA,NA,NA,NA,NA,NA,NA,NA
"Jameson Williams","WR","DET",NA,102,64,1026,NA,NA,6,7,45,NA,1,NA,NA,NA,"4426388","ESPN","15756",NA,NA,NA,NA,NA,NA,NA,NA,NA,NA,NA,NA,NA,NA,NA,NA,NA,NA,NA
"Rome Odunze","WR","CHI",NA,119,60,1034,NA,NA,8,NA,NA,NA,NA,NA,NA,NA,"4431299","ESPN","16616",NA,NA,NA,NA,NA,NA,NA,NA,NA,NA,NA,NA,NA,NA,NA,NA,NA,NA,NA
"Luther Burden III","WR","CHI",NA,114,76,941,NA,NA,5,9,49,NA,0,NA,NA,NA,"4685278","ESPN","17070",NA,NA,NA,NA,NA,NA,NA,NA,NA,NA,NA,NA,NA,NA,NA,NA,NA,NA,NA
"Carnell Tate","WR","TEN",NA,121,75,1023,NA,NA,4,NA,NA,NA,NA,NA,NA,NA,"4871023","ESPN","17497",NA,NA,NA,NA,NA,NA,NA,NA,NA,NA,NA,NA,NA,NA,NA,NA,NA,NA,NA
"Mike Evans","WR","SF",NA,101,57,889,NA,NA,6,NA,NA,NA,NA,NA,NA,NA,"16737","ESPN","11671",NA,NA,NA,NA,NA,NA,NA,NA,NA,NA,NA,NA,NA,NA,NA,NA,NA,NA,NA
"Marvin Harrison Jr.","WR","ARI",NA,126,69,954,NA,NA,5,NA,NA,NA,NA,NA,NA,NA,"4432708","ESPN","16614",NA,NA,NA,NA,NA,NA,NA,NA,NA,NA,NA,NA,NA,NA,NA,NA,NA,NA,NA
"Michael Pittman Jr.","WR","PIT",NA,130,88,863,NA,NA,4,NA,NA,NA,NA,NA,NA,NA,"4035687","ESPN","14842",NA,NA,NA,NA,NA,NA,NA,NA,NA,NA,NA,NA,NA,NA,NA,NA,NA,NA,NA
"DK Metcalf","WR","PIT",NA,113,65,944,NA,NA,6,NA,NA,NA,NA,NA,NA,NA,"4047650","ESPN","14102",NA,NA,NA,NA,NA,NA,NA,NA,NA,NA,NA,NA,NA,NA,NA,NA,NA,NA,NA
"Courtland Sutton","WR","DEN",NA,119,69,894,NA,NA,8,NA,NA,NA,NA,NA,NA,NA,"3128429","ESPN","13630",NA,NA,NA,NA,NA,NA,NA,NA,NA,NA,NA,NA,NA,NA,NA,NA,NA,NA,NA
"Christian Watson","WR","GB",NA,96,56,883,NA,NA,7,2,13,NA,0,NA,NA,NA,"4248528","ESPN","15789",NA,NA,NA,NA,NA,NA,NA,NA,NA,NA,NA,NA,NA,NA,NA,NA,NA,NA,NA
"Parker Washington","WR","JAC",NA,108,64,849,NA,NA,5,8,39,NA,0,NA,NA,NA,"4432620","ESPN","16192",NA,NA,NA,NA,NA,NA,NA,NA,NA,NA,NA,NA,NA,NA,NA,NA,NA,NA,NA
"Wan'Dale Robinson","WR","TEN",NA,116,79,823,NA,NA,2,4,22,NA,0,NA,NA,NA,"4569587","ESPN","15757",NA,NA,NA,NA,NA,NA,NA,NA,NA,NA,NA,NA,NA,NA,NA,NA,NA,NA,NA
"Michael Wilson","WR","ARI",NA,115,71,860,NA,NA,3,NA,NA,NA,NA,NA,NA,NA,"4360761","ESPN","16206",NA,NA,NA,NA,NA,NA,NA,NA,NA,NA,NA,NA,NA,NA,NA,NA,NA,NA,NA
"Stefon Diggs","WR","WAS",NA,98,75,769,NA,NA,4,NA,NA,NA,NA,NA,NA,NA,"2976212","ESPN","12186",NA,NA,NA,NA,NA,NA,NA,NA,NA,NA,NA,NA,NA,NA,NA,NA,NA,NA,NA
"Alec Pierce","WR","IND",NA,104,60,941,NA,NA,5,NA,NA,NA,NA,NA,NA,NA,"4360078","ESPN","15768",NA,NA,NA,NA,NA,NA,NA,NA,NA,NA,NA,NA,NA,NA,NA,NA,NA,NA,NA
"Travis Hunter","WR","JAC",NA,62,38,452,NA,NA,3,2,11,NA,0,NA,NA,NA,"4685415","ESPN","17074",1,0,0,0,62,NA,NA,NA,NA,NA,NA,NA,NA,NA,NA,NA,NA,NA,NA
"Jakobi Meyers","WR","JAC",NA,108,70,766,NA,NA,5,6,32,NA,0,NA,NA,NA,"3916433","ESPN","14127",NA,NA,NA,NA,NA,NA,NA,NA,NA,NA,NA,NA,NA,NA,NA,NA,NA,NA,NA
"Brian Thomas Jr.","WR","JAC",NA,102,57,860,NA,NA,5,4,23,NA,0,NA,NA,NA,"4432773","ESPN","16618",NA,NA,NA,NA,NA,NA,NA,NA,NA,NA,NA,NA,NA,NA,NA,NA,NA,NA,NA
"Matthew Golden","WR","GB",NA,107,68,887,NA,NA,5,4,24,NA,0,NA,NA,NA,"4701936","ESPN","17075",NA,NA,NA,NA,NA,NA,NA,NA,NA,NA,NA,NA,NA,NA,NA,NA,NA,NA,NA
"Chris Godwin Jr.","WR","TB",NA,91,60,700,NA,NA,5,NA,NA,NA,NA,NA,NA,NA,"3116165","ESPN","13163",NA,NA,NA,NA,NA,NA,NA,NA,NA,NA,NA,NA,NA,NA,NA,NA,NA,NA,NA
"Jordan Addison","WR","MIN",NA,99,61,769,NA,NA,5,2,14,NA,0,NA,NA,NA,"4429205","ESPN","16186",NA,NA,NA,NA,NA,NA,NA,NA,NA,NA,NA,NA,NA,NA,NA,NA,NA,NA,NA
"Josh Downs","WR","IND",NA,100,70,696,NA,NA,3,2,11,NA,0,NA,NA,NA,"4688813","ESPN","16187",NA,NA,NA,NA,NA,NA,NA,NA,NA,NA,NA,NA,NA,NA,NA,NA,NA,NA,NA
"Khalil Shakir","WR","BUF",NA,92,70,765,NA,NA,4,2,13,NA,0,NA,NA,NA,"4373678","ESPN","15761",NA,NA,NA,NA,NA,NA,NA,NA,NA,NA,NA,NA,NA,NA,NA,NA,NA,NA,NA
"Makai Lemon","WR","PHI",NA,83,52,736,NA,NA,5,NA,NA,NA,NA,NA,NA,NA,"4870795","ESPN","17499",NA,NA,NA,NA,NA,NA,NA,NA,NA,NA,NA,NA,NA,NA,NA,NA,NA,NA,NA
"Quentin Johnston","WR","LAC",NA,90,53,778,NA,NA,6,2,11,NA,0,NA,NA,NA,"4429025","ESPN","16188",NA,NA,NA,NA,NA,NA,NA,NA,NA,NA,NA,NA,NA,NA,NA,NA,NA,NA,NA
"Jayden Reed","WR","GB",NA,91,65,741,NA,NA,4,9,63,NA,0,NA,NA,NA,"4362249","ESPN","16184",NA,NA,NA,NA,NA,NA,NA,NA,NA,NA,NA,NA,NA,NA,NA,NA,NA,NA,NA
"De'Zhaun Stribling","WR","SF",NA,85,52,798,NA,NA,5,NA,NA,NA,NA,NA,NA,NA,"4710714","ESPN","17514",NA,NA,NA,NA,NA,NA,NA,NA,NA,NA,NA,NA,NA,NA,NA,NA,NA,NA,NA
"Xavier Worthy","WR","KCC",NA,92,56,788,NA,NA,5,12,76,NA,1,NA,NA,NA,"4683062","ESPN","16620",NA,NA,NA,NA,NA,NA,NA,NA,NA,NA,NA,NA,NA,NA,NA,NA,NA,NA,NA
"Romeo Doubs","WR","NE",NA,78,52,667,NA,NA,5,NA,NA,NA,NA,NA,NA,NA,"4361432","ESPN","15779",NA,NA,NA,NA,NA,NA,NA,NA,NA,NA,NA,NA,NA,NA,NA,NA,NA,NA,NA
"Jalen Coker","WR","CAR",NA,88,61,688,NA,NA,3,NA,NA,NA,NA,NA,NA,NA,"4695883","ESPN","16809",NA,NA,NA,NA,NA,NA,NA,NA,NA,NA,NA,NA,NA,NA,NA,NA,NA,NA,NA
"Deebo Samuel Sr.","WR","SF",NA,69,48,625,NA,NA,4,22,109,NA,1,NA,NA,NA,"3126486","ESPN","14136",NA,NA,NA,NA,NA,NA,NA,NA,NA,NA,NA,NA,NA,NA,NA,NA,NA,NA,NA
"KC Concepcion","WR","CLE",NA,94,59,738,NA,NA,3,6,35,NA,0,NA,NA,NA,"4870653","ESPN","17501",NA,NA,NA,NA,NA,NA,NA,NA,NA,NA,NA,NA,NA,NA,NA,NA,NA,NA,NA
"Jalen McMillan","WR","TB",NA,75,47,588,NA,NA,4,4,25,NA,0,NA,NA,NA,"4430834","ESPN","16628",NA,NA,NA,NA,NA,NA,NA,NA,NA,NA,NA,NA,NA,NA,NA,NA,NA,NA,NA
"Tank Dell","WR","HOU",NA,NA,NA,NA,NA,NA,NA,NA,NA,NA,NA,NA,NA,NA,"4366031","ESPN","16204",NA,NA,NA,NA,NA,NA,NA,NA,NA,NA,NA,NA,NA,NA,NA,NA,NA,NA,NA
"Keenan Allen","WR","IND",NA,79,55,539,NA,NA,3,NA,NA,NA,NA,NA,NA,NA,"15818","ESPN","11222",NA,NA,NA,NA,NA,NA,NA,NA,NA,NA,NA,NA,NA,NA,NA,NA,NA,NA,NA
"Rashid Shaheed","WR","SEA",NA,71,43,646,NA,NA,3,14,87,NA,1,NA,NA,NA,"4032473","ESPN","16080",NA,NA,NA,NA,NA,NA,NA,NA,NA,NA,NA,NA,NA,NA,NA,NA,NA,NA,NA
"Denzel Boston","WR","CLE",NA,89,55,693,NA,NA,3,NA,NA,NA,NA,NA,NA,NA,"4832800","ESPN","17500",NA,NA,NA,NA,NA,NA,NA,NA,NA,NA,NA,NA,NA,NA,NA,NA,NA,NA,NA
"Jerry Jeudy","WR","CLE",NA,94,52,721,NA,NA,3,NA,NA,NA,NA,NA,NA,NA,"4241463","ESPN","14833",NA,NA,NA,NA,NA,NA,NA,NA,NA,NA,NA,NA,NA,NA,NA,NA,NA,NA,NA
"Calvin Ridley","WR","TEN",NA,83,43,677,NA,NA,3,6,32,NA,0,NA,NA,NA,"3925357","ESPN","13629",NA,NA,NA,NA,NA,NA,NA,NA,NA,NA,NA,NA,NA,NA,NA,NA,NA,NA,NA
"Adonai Mitchell","WR","NYJ",NA,75,42,623,NA,NA,4,2,11,NA,0,NA,NA,NA,"4597500","ESPN","16626",NA,NA,NA,NA,NA,NA,NA,NA,NA,NA,NA,NA,NA,NA,NA,NA,NA,NA,NA
"Caleb Douglas","WR","MIA",NA,70,43,581,NA,NA,2,NA,NA,NA,NA,NA,NA,NA,"4869645","ESPN","17599",NA,NA,NA,NA,NA,NA,NA,NA,NA,NA,NA,NA,NA,NA,NA,NA,NA,NA,NA
"Jordyn Tyson","WR","NO",NA,58,36,484,NA,NA,3,NA,NA,NA,NA,NA,NA,NA,"4880281","ESPN","17498",NA,NA,NA,NA,NA,NA,NA,NA,NA,NA,NA,NA,NA,NA,NA,NA,NA,NA,NA
"Tre Tucker","WR","LV",NA,82,48,659,NA,NA,3,10,57,NA,0,NA,NA,NA,"4428718","ESPN","16287",NA,NA,NA,NA,NA,NA,NA,NA,NA,NA,NA,NA,NA,NA,NA,NA,NA,NA,NA
"Jalen Nailor","WR","LV",NA,76,44,608,NA,NA,3,2,11,NA,0,NA,NA,NA,"4382466","ESPN","15786",NA,NA,NA,NA,NA,NA,NA,NA,NA,NA,NA,NA,NA,NA,NA,NA,NA,NA,NA
"Rashod Bateman","WR","BAL",NA,65,38,613,NA,NA,4,NA,NA,NA,NA,NA,NA,NA,"4360939","ESPN","15293",NA,NA,NA,NA,NA,NA,NA,NA,NA,NA,NA,NA,NA,NA,NA,NA,NA,NA,NA
"Dontayvion Wicks","WR","PHI",NA,64,40,520,NA,NA,3,NA,NA,NA,NA,NA,NA,NA,"4428850","ESPN","16195",NA,NA,NA,NA,NA,NA,NA,NA,NA,NA,NA,NA,NA,NA,NA,NA,NA,NA,NA
"Devaughn Vele","WR","NO",NA,76,49,543,NA,NA,3,NA,NA,NA,NA,NA,NA,NA,"4569559","ESPN","16788",NA,NA,NA,NA,NA,NA,NA,NA,NA,NA,NA,NA,NA,NA,NA,NA,NA,NA,NA
"Jaylin Noel","WR","HOU",NA,77,51,578,NA,NA,3,4,22,NA,0,NA,NA,NA,"4586312","ESPN","17080",NA,NA,NA,NA,NA,NA,NA,NA,NA,NA,NA,NA,NA,NA,NA,NA,NA,NA,NA
"Ja'Kobi Lane","WR","BAL",NA,56,34,530,NA,NA,4,NA,NA,NA,NA,NA,NA,NA,"4870847","ESPN","17517",NA,NA,NA,NA,NA,NA,NA,NA,NA,NA,NA,NA,NA,NA,NA,NA,NA,NA,NA
"Jauan Jennings","WR","MIN",NA,72,47,485,NA,NA,3,NA,NA,NA,NA,NA,NA,NA,"3886598","ESPN","14860",NA,NA,NA,NA,NA,NA,NA,NA,NA,NA,NA,NA,NA,NA,NA,NA,NA,NA,NA
"Malachi Fields","WR","NYG",NA,51,33,408,NA,NA,2,NA,NA,NA,NA,NA,NA,NA,"4682648","ESPN","17511",NA,NA,NA,NA,NA,NA,NA,NA,NA,NA,NA,NA,NA,NA,NA,NA,NA,NA,NA
"Germie Bernard","WR","PIT",NA,68,40,504,NA,NA,3,2,12,NA,0,NA,NA,NA,"4685261","ESPN","17503",NA,NA,NA,NA,NA,NA,NA,NA,NA,NA,NA,NA,NA,NA,NA,NA,NA,NA,NA
"Tre' Harris","WR","LAC",NA,53,35,410,NA,NA,2,NA,NA,NA,NA,NA,NA,NA,"4686612","ESPN","17072",NA,NA,NA,NA,NA,NA,NA,NA,NA,NA,NA,NA,NA,NA,NA,NA,NA,NA,NA
"Ryan Flournoy","WR","DAL",NA,51,34,383,NA,NA,3,2,12,NA,0,NA,NA,NA,"5083754","ESPN","16778",NA,NA,NA,NA,NA,NA,NA,NA,NA,NA,NA,NA,NA,NA,NA,NA,NA,NA,NA
"Zachariah Branch","WR","ATL",NA,49,31,382,NA,NA,2,NA,NA,NA,NA,NA,NA,NA,"4870612","ESPN","17507",NA,NA,NA,NA,NA,NA,NA,NA,NA,NA,NA,NA,NA,NA,NA,NA,NA,NA,NA
"Omar Cooper Jr.","WR","NYJ",NA,48,33,396,NA,NA,2,2,12,NA,0,NA,NA,NA,"4723820","ESPN","17502",NA,NA,NA,NA,NA,NA,NA,NA,NA,NA,NA,NA,NA,NA,NA,NA,NA,NA,NA
"Kayshon Boutte","WR","HOU",NA,82,51,666,NA,NA,4,NA,NA,NA,NA,NA,NA,NA,"4429022","ESPN","16193",NA,NA,NA,NA,NA,NA,NA,NA,NA,NA,NA,NA,NA,NA,NA,NA,NA,NA,NA
"Malik Washington","WR","MIA",NA,65,44,471,NA,NA,2,13,78,NA,0,NA,NA,NA,"4569603","ESPN","16684",NA,NA,NA,NA,NA,NA,NA,NA,NA,NA,NA,NA,NA,NA,NA,NA,NA,NA,NA
"Cooper Kupp","WR","SEA",NA,57,38,472,NA,NA,3,NA,NA,NA,NA,NA,NA,NA,"2977187","ESPN","13164",NA,NA,NA,NA,NA,NA,NA,NA,NA,NA,NA,NA,NA,NA,NA,NA,NA,NA,NA
"Xavier Legette","WR","CAR",NA,62,36,417,NA,NA,3,2,11,NA,0,NA,NA,NA,"4430034","ESPN","16639",NA,NA,NA,NA,NA,NA,NA,NA,NA,NA,NA,NA,NA,NA,NA,NA,NA,NA,NA
"Jahan Dotson","WR","ATL",NA,60,35,443,NA,NA,2,NA,NA,NA,NA,NA,NA,NA,"4361409","ESPN","15755",NA,NA,NA,NA,NA,NA,NA,NA,NA,NA,NA,NA,NA,NA,NA,NA,NA,NA,NA
"Xavier Hutchinson","WR","HOU",NA,60,34,432,NA,NA,2,2,12,NA,0,NA,NA,NA,"4686422","ESPN","16201",NA,NA,NA,NA,NA,NA,NA,NA,NA,NA,NA,NA,NA,NA,NA,NA,NA,NA,NA
"Jalen Tolbert","WR","MIA",NA,60,35,442,NA,NA,2,NA,NA,NA,NA,NA,NA,NA,"4249417","ESPN","15788",NA,NA,NA,NA,NA,NA,NA,NA,NA,NA,NA,NA,NA,NA,NA,NA,NA,NA,NA
"Chris Bell","WR","MIA",NA,55,34,449,NA,NA,2,NA,NA,NA,NA,NA,NA,NA,"4869961","ESPN","17506",NA,NA,NA,NA,NA,NA,NA,NA,NA,NA,NA,NA,NA,NA,NA,NA,NA,NA,NA
"DeMario Douglas","WR","NE",NA,41,30,365,NA,NA,2,4,21,NA,0,NA,NA,NA,"4427095","ESPN","16342",NA,NA,NA,NA,NA,NA,NA,NA,NA,NA,NA,NA,NA,NA,NA,NA,NA,NA,NA
"Darius Slayton","WR","NYG",NA,46,28,396,NA,NA,2,2,12,NA,0,NA,NA,NA,"3916945","ESPN","14122",NA,NA,NA,NA,NA,NA,NA,NA,NA,NA,NA,NA,NA,NA,NA,NA,NA,NA,NA
"Antonio Williams","WR","WAS",NA,41,26,344,NA,NA,2,4,22,NA,0,NA,NA,NA,"5081432","ESPN","17512",NA,NA,NA,NA,NA,NA,NA,NA,NA,NA,NA,NA,NA,NA,NA,NA,NA,NA,NA
"Tyquan Thornton","WR","KCC",NA,43,24,359,NA,NA,3,NA,NA,NA,NA,NA,NA,NA,"4362921","ESPN","15787",NA,NA,NA,NA,NA,NA,NA,NA,NA,NA,NA,NA,NA,NA,NA,NA,NA,NA,NA
"Keon Coleman","WR","BUF",NA,41,24,338,NA,NA,3,NA,NA,NA,NA,NA,NA,NA,"4635008","ESPN","16617",NA,NA,NA,NA,NA,NA,NA,NA,NA,NA,NA,NA,NA,NA,NA,NA,NA,NA,NA
"Isaac TeSlaa","WR","DET",NA,38,24,301,NA,NA,3,NA,NA,NA,NA,NA,NA,NA,"5123663","ESPN","17157",NA,NA,NA,NA,NA,NA,NA,NA,NA,NA,NA,NA,NA,NA,NA,NA,NA,NA,NA
"Pat Bryant","WR","DEN",NA,45,28,320,NA,NA,2,NA,NA,NA,NA,NA,NA,NA,"4600981","ESPN","17082",NA,NA,NA,NA,NA,NA,NA,NA,NA,NA,NA,NA,NA,NA,NA,NA,NA,NA,NA
"Marvin Mims Jr.","WR","DEN",NA,34,24,273,NA,NA,2,8,45,NA,0,NA,NA,NA,"4686472","ESPN","16189",NA,NA,NA,NA,NA,NA,NA,NA,NA,NA,NA,NA,NA,NA,NA,NA,NA,NA,NA
"Andrei Iosivas","WR","CIN",NA,40,24,276,NA,NA,2,2,11,NA,0,NA,NA,NA,"4368003","ESPN","16207",NA,NA,NA,NA,NA,NA,NA,NA,NA,NA,NA,NA,NA,NA,NA,NA,NA,NA,NA
"Kevin Coleman Jr.","WR","MIA",NA,45,27,352,NA,NA,1,NA,NA,NA,NA,NA,NA,NA,"4685307","ESPN","17528",NA,NA,NA,NA,NA,NA,NA,NA,NA,NA,NA,NA,NA,NA,NA,NA,NA,NA,NA
"KaVontae Turpin","WR","DAL",NA,28,18,227,NA,NA,2,18,103,NA,0,NA,NA,NA,"3676833","ESPN","15981",NA,NA,NA,NA,NA,NA,NA,NA,NA,NA,NA,NA,NA,NA,NA,NA,NA,NA,NA
"Jack Bech","WR","LV",NA,44,28,315,NA,NA,1,NA,NA,NA,NA,NA,NA,NA,"4603186","ESPN","17078",NA,NA,NA,NA,NA,NA,NA,NA,NA,NA,NA,NA,NA,NA,NA,NA,NA,NA,NA
"Tory Horton","WR","SEA",NA,35,22,299,NA,NA,2,NA,NA,NA,NA,NA,NA,NA,"4597703","ESPN","17098",NA,NA,NA,NA,NA,NA,NA,NA,NA,NA,NA,NA,NA,NA,NA,NA,NA,NA,NA
"Ted Hurst III","WR","TB",NA,37,23,295,NA,NA,2,NA,NA,NA,NA,NA,NA,NA,"5220680","ESPN","17520",NA,NA,NA,NA,NA,NA,NA,NA,NA,NA,NA,NA,NA,NA,NA,NA,NA,NA,NA
"Darnell Mooney","WR","NYG",NA,40,21,308,NA,NA,2,2,12,NA,0,NA,NA,NA,"4040655","ESPN","14974",NA,NA,NA,NA,NA,NA,NA,NA,NA,NA,NA,NA,NA,NA,NA,NA,NA,NA,NA
"Mack Hollins","WR","NE",NA,31,21,258,NA,NA,2,NA,NA,NA,NA,NA,NA,NA,"2991662","ESPN","13289",NA,NA,NA,NA,NA,NA,NA,NA,NA,NA,NA,NA,NA,NA,NA,NA,NA,NA,NA
"Malik Benson","WR","LV",NA,38,23,287,NA,NA,1,NA,NA,NA,NA,NA,NA,NA,"5150247","ESPN","17706",NA,NA,NA,NA,NA,NA,NA,NA,NA,NA,NA,NA,NA,NA,NA,NA,NA,NA,NA
"Cyrus Allen","WR","KCC",NA,33,19,245,NA,NA,2,NA,NA,NA,NA,NA,NA,NA,"4912218","ESPN","17518",NA,NA,NA,NA,NA,NA,NA,NA,NA,NA,NA,NA,NA,NA,NA,NA,NA,NA,NA
"Kyle Williams","WR","NE",NA,26,16,230,NA,NA,1,4,22,NA,0,NA,NA,NA,"4613202","ESPN","17134",NA,NA,NA,NA,NA,NA,NA,NA,NA,NA,NA,NA,NA,NA,NA,NA,NA,NA,NA
"Troy Franklin","WR","DEN",NA,28,17,216,NA,NA,2,2,11,NA,0,NA,NA,NA,"4431280","ESPN","16619",NA,NA,NA,NA,NA,NA,NA,NA,NA,NA,NA,NA,NA,NA,NA,NA,NA,NA,NA
"Joshua Palmer","WR","BUF",NA,31,19,231,NA,NA,1,NA,NA,NA,NA,NA,NA,NA,"4242433","ESPN","15319",NA,NA,NA,NA,NA,NA,NA,NA,NA,NA,NA,NA,NA,NA,NA,NA,NA,NA,NA
"Kendrick Bourne","WR","ARI",NA,34,23,239,NA,NA,1,NA,NA,NA,NA,NA,NA,NA,"3045523","ESPN","13418",NA,NA,NA,NA,NA,NA,NA,NA,NA,NA,NA,NA,NA,NA,NA,NA,NA,NA,NA
"Kalif Raymond","WR","CHI",NA,26,19,188,NA,NA,1,5,27,NA,0,NA,NA,NA,"2973405","ESPN","13066",NA,NA,NA,NA,NA,NA,NA,NA,NA,NA,NA,NA,NA,NA,NA,NA,NA,NA,NA
"Dyami Brown","WR","WAS",NA,26,16,216,NA,NA,2,NA,NA,NA,NA,NA,NA,NA,"4361577","ESPN","15292",NA,NA,NA,NA,NA,NA,NA,NA,NA,NA,NA,NA,NA,NA,NA,NA,NA,NA,NA
"Treylon Burks","WR","WAS",NA,26,15,217,NA,NA,1,NA,NA,NA,NA,NA,NA,NA,"4567156","ESPN","15752",NA,NA,NA,NA,NA,NA,NA,NA,NA,NA,NA,NA,NA,NA,NA,NA,NA,NA,NA
"Devontez Walker","WR","BAL",NA,23,14,209,NA,NA,1,NA,NA,NA,NA,NA,NA,NA,"4696882","ESPN","16621",NA,NA,NA,NA,NA,NA,NA,NA,NA,NA,NA,NA,NA,NA,NA,NA,NA,NA,NA
"Bryce Lance","WR","NO",NA,28,16,211,NA,NA,1,NA,NA,NA,NA,NA,NA,NA,"4879276","ESPN","17519",NA,NA,NA,NA,NA,NA,NA,NA,NA,NA,NA,NA,NA,NA,NA,NA,NA,NA,NA
"Savion Williams","WR","GB",NA,20,13,149,NA,NA,1,9,46,NA,0,NA,NA,NA,"4431487","ESPN","17096",NA,NA,NA,NA,NA,NA,NA,NA,NA,NA,NA,NA,NA,NA,NA,NA,NA,NA,NA
"Chimere Dike","WR","TEN",NA,17,11,112,NA,NA,1,10,50,NA,1,NA,NA,NA,"4431268","ESPN","17171",NA,NA,NA,NA,NA,NA,NA,NA,NA,NA,NA,NA,NA,NA,NA,NA,NA,NA,NA
"Zavion Thomas","WR","CHI",NA,21,13,154,NA,NA,1,NA,NA,NA,NA,NA,NA,NA,"4869748","ESPN","17521",NA,NA,NA,NA,NA,NA,NA,NA,NA,NA,NA,NA,NA,NA,NA,NA,NA,NA,NA
"Isaiah Bond","WR","CLE",NA,21,11,152,NA,NA,1,4,24,NA,0,NA,NA,NA,"4808839","ESPN","17076",NA,NA,NA,NA,NA,NA,NA,NA,NA,NA,NA,NA,NA,NA,NA,NA,NA,NA,NA
"Hollywood Brown","WR","PHI",NA,20,13,156,NA,NA,1,NA,NA,NA,NA,NA,NA,NA,"4241372","ESPN","14105",NA,NA,NA,NA,NA,NA,NA,NA,NA,NA,NA,NA,NA,NA,NA,NA,NA,NA,NA
"Skyler Bell","WR","BUF",NA,20,12,164,NA,NA,1,NA,NA,NA,NA,NA,NA,NA,"4683153","ESPN","17508",NA,NA,NA,NA,NA,NA,NA,NA,NA,NA,NA,NA,NA,NA,NA,NA,NA,NA,NA
"Olamide Zaccheaus","WR","ATL",NA,22,14,142,NA,NA,1,NA,NA,NA,NA,NA,NA,NA,"3917914","ESPN","14592",NA,NA,NA,NA,NA,NA,NA,NA,NA,NA,NA,NA,NA,NA,NA,NA,NA,NA,NA
"Ashton Dulin","WR","IND",NA,16,10,128,NA,NA,1,4,26,NA,0,NA,NA,NA,"4061956","ESPN","14315",NA,NA,NA,NA,NA,NA,NA,NA,NA,NA,NA,NA,NA,NA,NA,NA,NA,NA,NA
"Isaiah Williams","WR","NYJ",NA,17,12,114,NA,NA,0,2,13,NA,0,NA,NA,NA,"4569371","ESPN","16630",NA,NA,NA,NA,NA,NA,NA,NA,NA,NA,NA,NA,NA,NA,NA,NA,NA,NA,NA
"Tutu Atwell","WR","LAR",NA,17,10,139,NA,NA,1,2,12,NA,0,NA,NA,NA,"4360797","ESPN","15301",NA,NA,NA,NA,NA,NA,NA,NA,NA,NA,NA,NA,NA,NA,NA,NA,NA,NA,NA
"Colbie Young","WR","CIN",NA,17,11,131,NA,NA,1,NA,NA,NA,NA,NA,NA,NA,"5092508","ESPN","17542",NA,NA,NA,NA,NA,NA,NA,NA,NA,NA,NA,NA,NA,NA,NA,NA,NA,NA,NA
"Roman Wilson","WR","PIT",NA,20,12,135,NA,NA,1,NA,NA,NA,NA,NA,NA,NA,"4431492","ESPN","16629",NA,NA,NA,NA,NA,NA,NA,NA,NA,NA,NA,NA,NA,NA,NA,NA,NA,NA,NA
"Jaylin Lane","WR","WAS",NA,15,9,119,NA,NA,1,NA,NA,NA,NA,NA,NA,NA,"4602667","ESPN","17184",NA,NA,NA,NA,NA,NA,NA,NA,NA,NA,NA,NA,NA,NA,NA,NA,NA,NA,NA
"Brenen Thompson","WR","LAC",NA,16,10,122,NA,NA,1,2,11,NA,0,NA,NA,NA,"4685553","ESPN","17529",NA,NA,NA,NA,NA,NA,NA,NA,NA,NA,NA,NA,NA,NA,NA,NA,NA,NA,NA
"Elijah Sarratt","WR","BAL",NA,14,8,124,NA,NA,1,NA,NA,NA,NA,NA,NA,NA,"5088338","ESPN","17505",NA,NA,NA,NA,NA,NA,NA,NA,NA,NA,NA,NA,NA,NA,NA,NA,NA,NA,NA
"Odell Beckham Jr.","WR","NYG",NA,15,9,113,NA,NA,1,NA,NA,NA,NA,NA,NA,NA,"16733","ESPN","11679",NA,NA,NA,NA,NA,NA,NA,NA,NA,NA,NA,NA,NA,NA,NA,NA,NA,NA,NA
"Elic Ayomanor","WR","TEN",NA,17,9,115,NA,NA,1,NA,NA,NA,NA,NA,NA,NA,"4883647","ESPN","17073",NA,NA,NA,NA,NA,NA,NA,NA,NA,NA,NA,NA,NA,NA,NA,NA,NA,NA,NA
"Jordan Whittington","WR","LAR",NA,11,8,85,NA,NA,1,2,12,NA,0,NA,NA,NA,"4569382","ESPN","16633",NA,NA,NA,NA,NA,NA,NA,NA,NA,NA,NA,NA,NA,NA,NA,NA,NA,NA,NA
"Tez Johnson","WR","TB",NA,11,7,77,NA,NA,1,4,23,NA,0,NA,NA,NA,"4608810","ESPN","17079",NA,NA,NA,NA,NA,NA,NA,NA,NA,NA,NA,NA,NA,NA,NA,NA,NA,NA,NA
"Jimmy Horn Jr.","WR","CAR",NA,10,7,76,NA,NA,0,6,37,NA,0,NA,NA,NA,"4708486","ESPN","17234",NA,NA,NA,NA,NA,NA,NA,NA,NA,NA,NA,NA,NA,NA,NA,NA,NA,NA,NA
"Barion Brown","WR","NO",NA,12,7,91,NA,NA,0,NA,NA,NA,NA,NA,NA,NA,"4698597","ESPN","17541",NA,NA,NA,NA,NA,NA,NA,NA,NA,NA,NA,NA,NA,NA,NA,NA,NA,NA,NA
"Konata Mumpfield","WR","LAR",NA,11,7,84,NA,NA,1,NA,NA,NA,NA,NA,NA,NA,"4710855","ESPN","17254",NA,NA,NA,NA,NA,NA,NA,NA,NA,NA,NA,NA,NA,NA,NA,NA,NA,NA,NA
"Demarcus Robinson","WR","SF",NA,11,7,88,NA,NA,1,NA,NA,NA,NA,NA,NA,NA,"3043116","ESPN","12785",NA,NA,NA,NA,NA,NA,NA,NA,NA,NA,NA,NA,NA,NA,NA,NA,NA,NA,NA
"Luke McCaffrey","WR","WAS",NA,10,7,80,NA,NA,0,NA,NA,NA,NA,NA,NA,NA,"4426948","ESPN","16635",NA,NA,NA,NA,NA,NA,NA,NA,NA,NA,NA,NA,NA,NA,NA,NA,NA,NA,NA
"Jalen Royals","WR","KCC",NA,11,7,78,NA,NA,1,NA,NA,NA,NA,NA,NA,NA,"5082630","ESPN","17086",NA,NA,NA,NA,NA,NA,NA,NA,NA,NA,NA,NA,NA,NA,NA,NA,NA,NA,NA
"KeAndre Lambert-Smith","WR","LAC",NA,11,6,81,NA,NA,1,NA,NA,NA,NA,NA,NA,NA,"4430870","ESPN","17205",NA,NA,NA,NA,NA,NA,NA,NA,NA,NA,NA,NA,NA,NA,NA,NA,NA,NA,NA
"Laquon Treadwell","WR","IND",NA,11,7,78,NA,NA,0,NA,NA,NA,NA,NA,NA,NA,"3051889","ESPN","12645",NA,NA,NA,NA,NA,NA,NA,NA,NA,NA,NA,NA,NA,NA,NA,NA,NA,NA,NA
"Bo Melton","WR","GB",NA,9,5,66,NA,NA,0,2,13,NA,0,NA,NA,NA,"4259305","ESPN","15785",NA,NA,NA,NA,NA,NA,NA,NA,NA,NA,NA,NA,NA,NA,NA,NA,NA,NA,NA
"Malachi Corley","WR","CLE",NA,5,3,34,NA,NA,0,6,44,NA,0,NA,NA,NA,"4613104","ESPN","16636",NA,NA,NA,NA,NA,NA,NA,NA,NA,NA,NA,NA,NA,NA,NA,NA,NA,NA,NA
"Tay Martin","WR","DET",NA,5,3,41,NA,NA,0,5,26,NA,0,NA,NA,NA,"4245144","ESPN","15771",NA,NA,NA,NA,NA,NA,NA,NA,NA,NA,NA,NA,NA,NA,NA,NA,NA,NA,NA
"Derius Davis","WR","LAC",NA,5,3,38,NA,NA,0,2,11,NA,0,NA,NA,NA,"4362477","ESPN","16299",NA,NA,NA,NA,NA,NA,NA,NA,NA,NA,NA,NA,NA,NA,NA,NA,NA,NA,NA
"Xavier Smith","WR","LAR",NA,6,4,44,NA,NA,0,NA,NA,NA,NA,NA,NA,NA,"4386544","ESPN","16428",NA,NA,NA,NA,NA,NA,NA,NA,NA,NA,NA,NA,NA,NA,NA,NA,NA,NA,NA
"Jacob Cowing","WR","SF",NA,5,3,44,NA,NA,0,NA,NA,NA,NA,NA,NA,NA,"4575665","ESPN","16640",NA,NA,NA,NA,NA,NA,NA,NA,NA,NA,NA,NA,NA,NA,NA,NA,NA,NA,NA
"Dohnte Meyers","WR","CIN",NA,6,4,43,NA,NA,0,NA,NA,NA,NA,NA,NA,NA,"4384852","ESPN","17752",NA,NA,NA,NA,NA,NA,NA,NA,NA,NA,NA,NA,NA,NA,NA,NA,NA,NA,NA
"Efton Chism III","WR","NE",NA,5,3,43,NA,NA,0,NA,NA,NA,NA,NA,NA,NA,"4695193","ESPN","17269",NA,NA,NA,NA,NA,NA,NA,NA,NA,NA,NA,NA,NA,NA,NA,NA,NA,NA,NA
"Puka Nacua","WR","LAR",NA,NA,117,1539,NA,NA,9,12.9,85,NA,1.3,1,281,NA,"23180","FantasyPros","16211",NA,NA,NA,NA,NA,NA,NA,NA,NA,NA,NA,NA,NA,NA,NA,NA,NA,NA,NA
"Ja'Marr Chase","WR","CIN",NA,NA,121.3,1511.4,NA,NA,10.6,3,17,NA,0,1,275.2,NA,"19788","FantasyPros","15281",NA,NA,NA,NA,NA,NA,NA,NA,NA,NA,NA,NA,NA,NA,NA,NA,NA,NA,NA
"Jaxon Smith-Njigba","WR","SEA",NA,NA,110.9,1565.9,NA,NA,9.5,5.5,30.4,NA,0.1,1.1,270.3,NA,"23070","FantasyPros","16185",NA,NA,NA,NA,NA,NA,NA,NA,NA,NA,NA,NA,NA,NA,NA,NA,NA,NA,NA
"Amon-Ra St. Brown","WR","DET",NA,NA,117.5,1391.1,NA,NA,10.5,3.1,11.8,NA,0,0.4,261.3,NA,"19799","FantasyPros","15287",NA,NA,NA,NA,NA,NA,NA,NA,NA,NA,NA,NA,NA,NA,NA,NA,NA,NA,NA
"Drake London","WR","ATL",NA,NA,98.4,1272.9,NA,NA,8.8,0,0,NA,0,1,227.1,NA,"23163","FantasyPros","15751",NA,NA,NA,NA,NA,NA,NA,NA,NA,NA,NA,NA,NA,NA,NA,NA,NA,NA,NA
"CeeDee Lamb","WR","DAL",NA,NA,97.2,1294.6,NA,NA,7.5,2.4,12.6,NA,0,0.3,224,NA,"19202","FantasyPros","14832",NA,NA,NA,NA,NA,NA,NA,NA,NA,NA,NA,NA,NA,NA,NA,NA,NA,NA,NA
"Justin Jefferson","WR","MIN",NA,NA,99.2,1311.8,NA,NA,7.1,1.3,5.6,NA,0,0.3,223.7,NA,"19236","FantasyPros","14836",NA,NA,NA,NA,NA,NA,NA,NA,NA,NA,NA,NA,NA,NA,NA,NA,NA,NA,NA
"Rashee Rice","WR","KC",NA,NA,96.5,1069.2,NA,NA,9.6,5.8,25.9,NA,0.9,0.6,219.2,NA,"23113","FantasyPros","16194",NA,NA,NA,NA,NA,NA,NA,NA,NA,NA,NA,NA,NA,NA,NA,NA,NA,NA,NA
"Chris Olave","WR","NO",NA,NA,95.7,1195.7,NA,NA,8.2,0.3,0,NA,0,0.3,216,NA,"20111","FantasyPros","15754",NA,NA,NA,NA,NA,NA,NA,NA,NA,NA,NA,NA,NA,NA,NA,NA,NA,NA,NA
"A.J. Brown","WR","NE",NA,NA,87.7,1234.8,NA,NA,7.7,0,0,NA,0,0.3,212.9,NA,"18218","FantasyPros","14104",NA,NA,NA,NA,NA,NA,NA,NA,NA,NA,NA,NA,NA,NA,NA,NA,NA,NA,NA
"Chase, Ja'Marr","WR","CIN",NA,168.5,110.4,1334,NA,NA,10.6,NA,18,NA,0,0.4,198.1,NA,NA,"FantasySharks","15281",NA,NA,NA,NA,NA,26.2,4.1,3.1,0,0.8,1.2,1.5,12.7,7.5,0.9,0.3,0,20.3,NA
"Nacua, Puka","WR","LAR",NA,137.4,93.5,1223,NA,NA,7.2,NA,78,NA,1.4,0.5,180.5,NA,NA,"FantasySharks","16211",NA,NA,NA,NA,NA,16.4,2.6,1.7,0.9,1.6,0.3,0,11.7,7.3,0.8,0.3,0,17.8,NA
"Smith-Njigba, Jaxon","WR","SEA",NA,131.1,90.4,1237,NA,NA,7.8,NA,22,NA,0,0.5,171.5,NA,NA,"FantasySharks","16185",NA,NA,NA,NA,NA,17.5,3,2.8,0.8,0,0.5,0.7,11.9,7,0.8,0.3,0,12.7,NA
"St. Brown, Amon-Ra","WR","DET",NA,129.7,93.8,1115,NA,NA,8.5,NA,6,NA,0,0.4,162.5,NA,NA,"FantasySharks","15287",NA,NA,NA,NA,NA,29.1,5.7,1.3,0.8,0.4,0,0.4,11.3,4.1,0.7,0.3,0,22.9,NA
"Pickens, George","WR","DAL",NA,126.3,76.2,1155,NA,NA,6.5,NA,1,NA,0,0,156.2,NA,NA,"FantasySharks","15762",NA,NA,NA,NA,NA,21.6,2.3,0.8,0.2,2.4,0.5,0.2,12.3,2.3,0.8,0.3,17,16.5,NA
"London, Drake","WR","ATL",NA,139,81.5,1076,NA,NA,7.8,NA,-1.3,NA,0,0.4,154.5,NA,NA,"FantasySharks","15751",NA,NA,NA,NA,NA,22.1,4.3,2.4,0.3,0.4,0.4,0,11.6,2.2,0.7,0.3,0,17.5,NA
"Collins, Nico","WR","HOU",NA,131,74.6,1100,NA,NA,6.1,NA,8,NA,0.7,0.4,152,NA,NA,"FantasySharks","15290",NA,NA,NA,NA,NA,16.2,3.5,0.8,0.5,0.2,0,1.2,12,2.2,0.7,0.3,0,13.5,NA
"Lamb, CeeDee","WR","DAL",NA,155.9,92,1223,NA,NA,4.4,NA,23,NA,0,0.4,150.9,NA,NA,"FantasySharks","14832",NA,NA,NA,NA,NA,21.7,0.5,2.4,0.3,0.2,0,1,12.3,4.5,0.8,0.3,0,14.8,NA
"Egbuka, Emeka","WR","TBB",NA,136.1,71.3,981,NA,NA,8.1,NA,9,NA,0,0,148.4,NA,NA,"FantasySharks","17081",NA,NA,NA,NA,NA,18.7,2.8,0.8,2.2,1.5,0,0.8,12,2,0.7,0.2,11,14.5,NA
"Williams, Jameson","WR","DET",NA,94.8,59.5,1001,NA,NA,6.4,NA,48,NA,0.8,0,148.3,NA,NA,"FantasySharks","15756",NA,NA,NA,NA,NA,10,0.6,0.6,0.9,1.7,1.5,1.3,11.6,2,0.7,0.3,0,12.2,NA
"Rice, Rashee","WR","KCC",NA,119.4,76,900,NA,NA,7.3,NA,47,NA,1.3,0,147.9,NA,NA,"FantasySharks","16194",NA,NA,NA,NA,NA,23.9,4.8,1.2,1,0,0.2,0,10.6,1.8,0.6,0.2,10,24.3,NA
"Higgins, Tee","WR","CIN",NA,104.3,62,849,NA,NA,10.2,NA,0,NA,0,0.1,147.2,NA,NA,"FantasySharks","14835",NA,NA,NA,NA,NA,19.7,3.2,1.5,3.2,0.4,1.9,0,10.2,1.7,0.6,0.2,0,18.5,NA
"Brown, A.J.","WR","NEP",NA,119.2,79,1100,NA,NA,6.1,NA,3,NA,0,0,147.1,NA,NA,"FantasySharks","14104",NA,NA,NA,NA,NA,13,1.8,1.3,2,1,0,0,12,2.2,0.7,0.3,0,13.6,NA
"Adams, Davante","WR","LAR",NA,120.4,59.3,851,NA,NA,10.3,NA,2,NA,0,0,146.9,NA,NA,"FantasySharks","11675",NA,NA,NA,NA,NA,25,7.7,1.4,0.6,0,0.5,0,10.9,1.7,0.6,0.2,15,20.7,NA
"Jefferson, Justin","WR","MIN",NA,160.5,93.1,1211,NA,NA,3.8,NA,6,NA,0,0,144.3,NA,NA,"FantasySharks","14836",NA,NA,NA,NA,NA,24.6,0.5,2.2,0.5,0.2,0,0.5,13.5,2.4,0.8,0.3,0,21.6,NA
"Flowers, Zay","WR","BAL",NA,106.6,72.5,1078,NA,NA,4.7,NA,54,NA,0.8,1.5,143.1,NA,NA,"FantasySharks","16190",NA,NA,NA,NA,NA,10,0.4,1.5,1.2,0,0,1.6,12.2,2.2,0.7,0.3,0,11.1,NA
"McLaurin, Terry","WR","WAS",NA,99.5,63,903,NA,NA,8.7,NA,3,NA,0,0,142.8,NA,NA,"FantasySharks","14109",NA,NA,NA,NA,NA,16.2,3.9,1.6,0.7,0.9,0,1.6,10.7,1.8,0.6,0.2,9,15.9,NA
"Olave, Chris","WR","NOS",NA,128.5,78.7,972,NA,NA,7.1,NA,-1.2,NA,0,0,139.9,NA,NA,"FantasySharks","15754",NA,NA,NA,NA,NA,12.6,0.8,3.6,1.2,0.5,0.2,0.8,11,1.9,0.6,0.2,11,11.5,NA
"McMillan, Tetairoa","WR","CAR",NA,120.2,68.8,1001,NA,NA,6.8,NA,3,NA,0,1,139.3,NA,NA,"FantasySharks","17071",NA,NA,NA,NA,NA,13.6,1.6,1.6,2.3,0,1.1,0.2,12.1,2,0.7,0.3,5,11.6,NA
"Pierce, Alec","WR","IND",NA,84.9,47.5,800,NA,NA,9.9,NA,0,NA,0,0.2,138.8,NA,NA,"FantasySharks","15768",NA,NA,NA,NA,NA,11.1,3.4,2.2,2,0.9,0.6,0.9,9.2,1.6,0.5,0.2,0,13.8,NA
"Watson, Christian","WR","GBP",NA,78.7,54.2,888,NA,NA,8,NA,14,NA,0,0.7,137.2,NA,NA,"FantasySharks","15789",NA,NA,NA,NA,NA,10.4,1.9,1.3,1.2,1.8,1,0.8,10,1.8,0.6,0.2,8,10.9,NA
"Nabers, Malik","WR","NYG",NA,145.6,88.6,1018,NA,NA,5.3,NA,3,NA,0,0,135.9,NA,NA,"FantasySharks","16615",NA,NA,NA,NA,NA,12.7,1.2,0.4,0.8,1.6,0.8,0.6,11.3,2.1,0.7,0.3,0,14.2,NA
"Washington, Parker","WR","JAC",NA,124,70.2,922,NA,NA,6.8,NA,17,NA,0.3,0.2,135.8,NA,NA,"FantasySharks","16192",NA,NA,NA,NA,NA,20.2,4.2,1.5,0.7,0.3,0,0,11.5,1.8,0.6,0.2,65,14.4,NA
"Odunze, Rome","WR","CHI",NA,103.3,55.5,850,NA,NA,8,NA,18,NA,0,0.5,133.9,NA,NA,"FantasySharks","16616",NA,NA,NA,NA,NA,12.1,2.9,0.8,2,1.5,0.8,0,9.7,1.7,0.6,0.2,0,11.7,NA
"Wilson, Garrett","WR","NYJ",NA,120.7,78.8,872,NA,NA,8,NA,1,NA,0,0.7,133.8,NA,NA,"FantasySharks","15753",NA,NA,NA,NA,NA,14.3,2.4,1.7,2.6,0.7,0,0.6,11,1.7,0.6,0.2,84,13,NA
"Moore, D.J.","WR","BUF",NA,95,62.4,818,NA,NA,6.8,NA,54,NA,1,0.3,133.6,NA,NA,"FantasySharks","13635",NA,NA,NA,NA,NA,12.4,2.8,0.9,0.8,0.4,1.6,0.3,5.3,1.6,0.5,0.2,0,14.4,NA
"McConkey, Ladd","WR","LAC",NA,118,75.4,965,NA,NA,5.9,NA,0,NA,0,0,133.2,NA,NA,"FantasySharks","16627",NA,NA,NA,NA,NA,11.8,3,0.7,1.5,0,0.5,0.2,11.4,1.9,0.6,0.2,0,8.6,NA
"Thomas Jr., Brian","WR","JAC",NA,110.1,62,905,NA,NA,5.6,NA,28,NA,0.5,0,131.6,NA,NA,"FantasySharks","16618",NA,NA,NA,NA,NA,12.6,3.5,1.1,0.5,0,0,0.5,11.2,1.8,0.6,0.2,0,13.1,NA
"Smith, DeVonta","WR","PHI",NA,127.4,82.6,1070,NA,NA,4,NA,0,NA,0,0,131,NA,NA,"FantasySharks","15282",NA,NA,NA,NA,NA,15.1,2,0,0,1.1,0,0.8,11.5,2.1,0.7,0.3,0,11,NA
"Evans, Mike","WR","SFO",NA,126.1,64.5,833,NA,NA,8.1,NA,0,NA,0,0.4,130.8,NA,NA,"FantasySharks","11671",NA,NA,NA,NA,NA,24.8,5.9,1.7,0,0,0.4,0,4.9,1.7,0.6,0.2,0,15,NA
"Sutton, Courtland","WR","DEN",NA,118.9,67.9,903,NA,NA,6.5,NA,0,NA,0,0.4,129.5,NA,NA,"FantasySharks","13630",NA,NA,NA,NA,NA,18.2,1.3,2.8,1.2,0.9,0,0.4,10.9,1.8,0.6,0.2,0,13.9,NA
"Wilson, Michael","WR","ARI",NA,121.3,70,908,NA,NA,6.3,NA,3,NA,0,0.4,128,NA,NA,"FantasySharks","16206",NA,NA,NA,NA,NA,15.6,0.4,2.8,0,1.7,1.4,0,10.6,1.8,0.6,0.2,0,11.7,NA
"Waddle, Jaylen","WR","DEN",NA,106.7,69.9,900,NA,NA,5.6,NA,19,NA,0,0,126.8,NA,NA,"FantasySharks","15284",NA,NA,NA,NA,NA,12.2,1.6,0.8,1.9,0.6,0.6,0.1,7.8,1.8,0.6,0.2,20,8.6,NA
"Godwin, Chris","WR","TBB",NA,139.5,75.1,803,NA,NA,6.1,NA,3,NA,0,0,120.8,NA,NA,"FantasySharks","13163",NA,NA,NA,NA,NA,22.2,2.3,2.5,0.3,0,0.6,0.3,3.2,1.6,0.5,0.2,0,14,NA
"Metcalf, DK","WR","PIT",NA,106,56.2,814,NA,NA,5.5,NA,9,NA,0.8,0,119.8,NA,NA,"FantasySharks","14102",NA,NA,NA,NA,NA,10.7,1.2,1.1,3,0,0,0.2,6.1,1.6,0.5,0.2,0,12.2,NA
"Burden, Luther","WR","CHI",NA,109.7,69.6,953,NA,NA,2.9,NA,52,NA,0,0.3,117.3,NA,NA,"FantasySharks","17070",NA,NA,NA,NA,NA,11.1,1.2,0.3,0,0.5,0,0.9,4.5,1.9,0.6,0.2,13,7.8,NA
"Tate, Carnell","WR","TEN",NA,91.2,52.3,720,NA,NA,6.7,NA,10,NA,0,0.4,112.6,NA,NA,"FantasySharks","17497",NA,NA,NA,NA,NA,12,4.2,0.7,0.3,0.8,0.4,0.3,8.1,1.4,0.5,0.2,285,10.5,NA
"Harrison Jr., Marvin","WR","ARI",NA,106.7,56.1,769,NA,NA,5.5,NA,0,NA,0,0.4,110.1,NA,NA,"FantasySharks","16614",NA,NA,NA,NA,NA,13.5,2.2,2.3,0.4,0,0.5,0,9.8,1.5,0.5,0.2,0,9,NA
"Washington, Malik","WR","MIA",NA,71.5,50,608,NA,NA,5.3,NA,50,NA,1.1,0.7,102.7,NA,NA,"FantasySharks","16684",NA,NA,NA,NA,NA,6.5,3.1,0.5,0,0.5,0.4,0.8,3.6,1.2,0.4,0.2,441,7.3,NA
"Downs, Josh","WR","IND",NA,104.5,63,755,NA,NA,4.1,NA,-2.3,NA,0,0,100,NA,NA,"FantasySharks","16187",NA,NA,NA,NA,NA,12.1,1.7,1.7,0.7,0,0,0,7.1,1.5,0.5,0.2,0,7,NA
"Addison, Jordan","WR","MIN",NA,81.7,44.9,633,NA,NA,4.2,NA,17,NA,1.2,0,97,NA,NA,"FantasySharks","16186",NA,NA,NA,NA,NA,12.8,1.8,1.5,0.4,0,0.5,0,4.1,1.3,0.4,0.2,0,13.6,NA
"Johnston, Quentin","WR","LAC",NA,83.9,45.9,554,NA,NA,6.7,NA,3,NA,0,0.5,94.8,NA,NA,"FantasySharks","16188",NA,NA,NA,NA,NA,13.6,1.8,2.8,1.3,0.4,0,0.5,2.2,1.1,0.4,0.1,49,10.8,NA
"McMillan, Jalen","WR","TBB",NA,65.3,45.3,555,NA,NA,5.3,NA,22,NA,0,0.3,89.3,NA,NA,"FantasySharks","16628",NA,NA,NA,NA,NA,9.9,0.3,2.7,1.6,0.7,0,0,2.2,1.1,0.4,0.1,0,9.5,NA
"Doubs, Romeo","WR","NEP",NA,66.3,44,599,NA,NA,4.4,NA,0,NA,0,0,87.3,NA,NA,"FantasySharks","15779",NA,NA,NA,NA,NA,10.7,1.9,0.9,0,1.4,0,0.3,2.8,1.2,0.4,0.1,7,7.7,NA
"Robinson, Wan'Dale","WR","TEN",NA,107.8,66.6,722,NA,NA,2.4,NA,5,NA,0,0,87,NA,NA,"FantasySharks","15757",NA,NA,NA,NA,NA,11.4,0,1.2,0,1.2,0,0,4.7,1.4,0.5,0.2,92,9.3,NA
"Pittman, Michael","WR","PIT",NA,108.1,64.7,600,NA,NA,4.3,NA,0,NA,0,0,87,NA,NA,"FantasySharks","14842",NA,NA,NA,NA,NA,18.3,2.7,1.1,0.6,0,0,0,2.4,1.2,0.4,0.2,0,14.4,NA
"Jeudy, Jerry","WR","CLE",NA,111.3,58.7,725,NA,NA,2.2,NA,4,NA,0,0.2,86.3,NA,NA,"FantasySharks","14833",NA,NA,NA,NA,NA,9.7,0,0,0.6,0.4,0,1.3,6.6,1.5,0.5,0.2,0,6,NA
"Golden, Matthew","WR","GBP",NA,77.2,51.1,660,NA,NA,2.9,NA,24,NA,0,0.3,85.1,NA,NA,"FantasySharks","17075",NA,NA,NA,NA,NA,13.4,2.1,0,0.8,0,0,0,2.6,1.3,0.4,0.2,77,8.9,NA
"Tucker, Tre","WR","LVR",NA,89.3,49,604,NA,NA,3.3,NA,38,NA,0,0,84.1,NA,NA,"FantasySharks","16287",NA,NA,NA,NA,NA,9.1,0.9,0.9,0.8,0,0,0.7,2.4,1.2,0.4,0.2,5,8.2,NA
"Worthy, Xavier","WR","KCC",NA,83.2,48.9,575,NA,NA,2.7,NA,72,NA,0.4,0,83.3,NA,NA,"FantasySharks","16620",NA,NA,NA,NA,NA,11.8,1.6,0.8,0.1,0,0,0.1,2.3,1.2,0.4,0.1,0,7.6,NA
"Diggs, Stefon","WR","WAS",NA,72.8,52.7,674,NA,NA,2.6,NA,-1,NA,0,0,83,NA,NA,"FantasySharks","12186",NA,NA,NA,NA,NA,7.2,1.8,0.4,0.1,0.3,0,0,5.5,1.3,0.4,0.2,231,6.6,NA
"Coker, Jalen","WR","CAR",NA,73.8,53.8,633,NA,NA,2.8,NA,2,NA,0,0.6,81.6,NA,NA,"FantasySharks","16809",NA,NA,NA,NA,NA,7.4,1.1,0,0,1.7,0,0,2.5,1.3,0.4,0.2,12,6,NA
"Samuel, Deebo","WR","SFO",NA,78.6,50.6,557,NA,NA,3.4,NA,38,NA,0,0,80.3,NA,NA,"FantasySharks","14136",NA,NA,NA,NA,NA,9.4,0.6,0.6,1.7,0.6,0,0,2.2,1.1,0.4,0.1,243,8.9,NA
"Shakir, Khalil","WR","BUF",NA,90.7,68.2,677,NA,NA,2.1,NA,4,NA,0,0.9,79.9,NA,NA,"FantasySharks","15761",NA,NA,NA,NA,NA,12,0.1,0.9,0,0,0.4,0.7,6.3,1.3,0.4,0.2,0,6.5,NA
"Meyers, Jakobi","WR","JAC",NA,80.2,50.2,602,NA,NA,3.1,NA,8,NA,0,0.6,78.1,NA,NA,"FantasySharks","14127",NA,NA,NA,NA,NA,12.5,1.5,1.3,0.3,0,0,0,2.4,1.2,0.4,0.1,34,8.1,NA
"Reed, Jayden","WR","GBP",NA,63.9,44.3,541,NA,NA,2.8,NA,65,NA,0,0.6,77,NA,NA,"FantasySharks","16184",NA,NA,NA,NA,NA,10.1,0.2,2,0.2,0,0,0.4,2.2,1.1,0.4,0.1,0,6.2,NA
"TeSlaa, Isaac","WR","DET",NA,42.6,27.5,386,NA,NA,6.1,NA,4,NA,0,0,75.5,NA,NA,"FantasySharks","17157",NA,NA,NA,NA,NA,10.9,1,4.4,0.7,0,0,0,1.5,0.8,0.3,0.1,29,8.8,NA
"Flournoy, Ryan","WR","DAL",NA,61.2,39.8,480,NA,NA,4.1,NA,23,NA,0,0,75.4,NA,NA,"FantasySharks","16778",NA,NA,NA,NA,NA,7.1,2.6,0.6,0,0.3,0.6,0,1.9,1,0.3,0.1,75,6.6,NA
"Vele, Devaughn","WR","NOS",NA,74.1,46.5,528,NA,NA,3.5,NA,11,NA,0,0,74.7,NA,NA,"FantasySharks","16788",NA,NA,NA,NA,NA,8.2,1.4,2,0,0,0,0,2.1,1.1,0.4,0.1,0,6,NA
"Douglas, Demario","WR","NEP",NA,47.7,32.5,497,NA,NA,3.5,NA,4,NA,0,0,71.2,NA,NA,"FantasySharks","16342",NA,NA,NA,NA,NA,5,0,0.5,1.2,0.8,0,0.9,2,1,0.3,0.1,92,5.4,NA
"Franklin, Troy","WR","DEN",NA,76.1,45,486,NA,NA,3.1,NA,16,NA,0,0.7,70.6,NA,NA,"FantasySharks","16619",NA,NA,NA,NA,NA,11.6,1.9,0,0.6,0,0.5,0,1.9,1,0.3,0.1,42,8.1,NA
"Hutchinson, Xavier","WR","HOU",NA,80.3,41.1,500,NA,NA,3.3,NA,4,NA,0,0,70.1,NA,NA,"FantasySharks","16201",NA,NA,NA,NA,NA,8.1,1,1.2,0.2,0.1,0.8,0,2,1,0.3,0.1,66,7.1,NA
"Jennings, Jauan","WR","MIN",NA,64.5,34.1,384,NA,NA,5.1,NA,2,NA,0,0.5,69.7,NA,NA,"FantasySharks","14860",NA,NA,NA,NA,NA,16,2.7,1.6,0,0.8,0,0,1.5,0.8,0.3,0.1,11,10.9,NA
"Bateman, Rashod","WR","BAL",NA,48,26.5,371,NA,NA,5.1,NA,0,NA,0,0,68.9,NA,NA,"FantasySharks","15293",NA,NA,NA,NA,NA,9.8,2.2,1.6,0.1,0.7,0.5,0,1.5,0.7,0.2,0.1,0,7.7,NA
"Slayton, Darius","WR","NYG",NA,85,44.3,546,NA,NA,1.6,NA,6,NA,0,0.5,67.6,NA,NA,"FantasySharks","14122",NA,NA,NA,NA,NA,8,0.2,0,0,1.4,0,0,2.2,1.1,0.4,0.1,8,9.1,NA
"Hunter, Travis","WR","JAC",NA,95.1,51.3,605,NA,NA,0.9,NA,6,NA,0,0,66.6,NA,NA,"FantasySharks","17074",NA,NA,NA,NA,NA,8.3,0.6,0,0,0.3,0,0,2.1,1.1,0.4,0.1,148,5.8,NA
"Shaheed, Rashid","WR","SEA",NA,69.5,37.7,512,NA,NA,1.4,NA,71,NA,0,0.3,66,NA,NA,"FantasySharks","16080",NA,NA,NA,NA,NA,7.1,0.6,0.4,0.2,0,0,0.1,2,1,0.3,0.1,536,3.1,NA
"Thornton, Tyquan","WR","KCC",NA,53.6,27.5,439,NA,NA,3.2,NA,4,NA,0,0,63.4,NA,NA,"FantasySharks","15787",NA,NA,NA,NA,NA,5.2,1.2,1.4,0,0,0.5,0,1.8,0.9,0.3,0.1,172,6,NA
"Mims, Marvin","WR","DEN",NA,50.5,38.2,390,NA,NA,2.9,NA,41,NA,0.4,0,63,NA,NA,"FantasySharks","16189",NA,NA,NA,NA,NA,3.3,0.5,0,1.6,0.5,0.2,0.2,1.6,0.8,0.3,0.1,351,4,NA
"Lemon, Makai","WR","PHI",NA,58.9,31.7,628,NA,NA,0,NA,0,NA,0,0,62.8,NA,NA,"FantasySharks","17499",NA,NA,NA,NA,NA,3.9,0,0,0,0,0,0,1.3,0.7,0.2,0.1,122,2.6,NA
"Allen, Keenan","WR","IND",NA,92.1,54.9,550,NA,NA,1.3,NA,0,NA,0,0,62.6,NA,NA,"FantasySharks","11222",NA,NA,NA,NA,NA,12,0,0.6,0.6,0,0,0,2.2,1.1,0.4,0.1,109,8.6,NA
"Kupp, Cooper","WR","SEA",NA,60.8,38.4,456,NA,NA,2.8,NA,-0.1,NA,0,0.8,62.2,NA,NA,"FantasySharks","13164",NA,NA,NA,NA,NA,11.1,0,2.2,0.3,0,0,0.2,1.8,0.9,0.3,0.1,9,7.5,NA
"Tolbert, Jalen","WR","MIA",NA,60.5,37.6,411,NA,NA,2.2,NA,17,NA,0.9,0.4,62.1,NA,NA,"FantasySharks","15788",NA,NA,NA,NA,NA,8.8,1.5,0,0,0.7,0,0,1.6,0.8,0.3,0.1,364,7.9,NA
"Boutte, Kayshon","WR","HOU",NA,58.8,34.1,441,NA,NA,2.8,NA,14,NA,0,0,62,NA,NA,"FantasySharks","16193",NA,NA,NA,NA,NA,7.7,1.3,0,0,1.4,0,0,1.8,0.9,0.3,0.1,247,6.7,NA
"Iosivas, Andrei","WR","CIN",NA,57.2,31.3,424,NA,NA,2.7,NA,6,NA,0,0,59.1,NA,NA,"FantasySharks","16207",NA,NA,NA,NA,NA,7.8,1.6,0.4,0.7,0,0,0,1.7,0.8,0.3,0.1,19,7.5,NA
"Nailor, Jalen","WR","LVR",NA,56.9,31.6,366,NA,NA,3.3,NA,13,NA,0,0,58.8,NA,NA,"FantasySharks","15786",NA,NA,NA,NA,NA,9.2,2,0,1.3,0,0,0,1.5,0.7,0.2,0.1,0,6.8,NA
"Dell, Tank","WR","HOU",NA,23.5,15.5,540,NA,NA,0.3,NA,24,NA,0,0,58.1,NA,NA,"FantasySharks","16204",NA,NA,NA,NA,NA,0,0,0,0,0.3,0,0,1,0.5,0.2,0.1,0,0.3,NA
"Wicks, Dontayvion","WR","PHI",NA,69.4,42.7,444,NA,NA,2.1,NA,1,NA,0,0,56.8,NA,NA,"FantasySharks","16195",NA,NA,NA,NA,NA,9.4,1,0.3,0.4,0,0.3,0,1.8,0.9,0.3,0.1,6,5.9,NA
"Hollins, Mack","WR","NEP",NA,54.1,35.4,479,NA,NA,1.2,NA,5,NA,0,0,55.5,NA,NA,"FantasySharks","13289",NA,NA,NA,NA,NA,3.5,0.6,0,0,0.6,0,0,1.9,1,0.3,0.1,13,2.4,NA
"Concepcion, KC","WR","CLE",NA,87,45.1,502,NA,NA,0.5,NA,21,NA,0,0.6,55,NA,NA,"FantasySharks","17501",NA,NA,NA,NA,NA,5.9,0,0.5,0,0,0,0,2,1,0.3,0.1,77,3.1,NA
"Coleman, Keon","WR","BUF",NA,54,31.9,379,NA,NA,2.8,NA,0,NA,0,0.6,54.7,NA,NA,"FantasySharks","16617",NA,NA,NA,NA,NA,7.7,1.5,0.7,0,0.6,0,0,1.5,0.8,0.3,0.1,6,6.1,NA
"Dike, Chimere","WR","TEN",NA,73.2,39.4,337,NA,NA,3.2,NA,5,NA,0,0,53.6,NA,NA,"FantasySharks","17171",NA,NA,NA,NA,NA,9.5,3.1,0,0,0.1,0,0,1.3,0.7,0.2,0.1,1013,8.1,NA
"Mitchell, Adonai","WR","NYJ",NA,74.5,32.6,411,NA,NA,2.1,NA,2,NA,0,0.3,53.5,NA,NA,"FantasySharks","16626",NA,NA,NA,NA,NA,9,1.3,0.2,0,0,0,0.6,1.6,0.8,0.3,0.1,34,4,NA
"Ayomanor, Elic","WR","TEN",NA,77.3,32.4,389,NA,NA,2.2,NA,2,NA,0,0,52.6,NA,NA,"FantasySharks","17073",NA,NA,NA,NA,NA,7.8,1.5,0.7,0,0,0,0,1.6,0.8,0.3,0.1,114,6.1,NA
"Boston, Denzel","WR","CLE",NA,77.3,38,509,NA,NA,0,NA,19,NA,0,0.4,51.9,NA,NA,"FantasySharks","17500",NA,NA,NA,NA,NA,6.8,0,0,0,0,0,0,1.8,0.9,0.3,0.1,156,2.9,NA
"Harris, Tre","WR","LAC",NA,53.5,33.7,402,NA,NA,1.6,NA,3,NA,0,0.2,49.9,NA,NA,"FantasySharks","17072",NA,NA,NA,NA,NA,7.4,0.9,0.4,0.3,0,0,0,1.6,0.8,0.3,0.1,1,3.8,NA
"Ridley, Calvin","WR","TEN",NA,57.2,29.4,444,NA,NA,0.7,NA,15,NA,0,0,49.8,NA,NA,"FantasySharks","13629",NA,NA,NA,NA,NA,3.4,0,0,0,0.7,0,0,1.8,0.9,0.3,0.1,45,2.4,NA
"Robinson, Demarcus","WR","SFO",NA,35.7,21.9,319,NA,NA,2.3,NA,6,NA,0,0,47.8,NA,NA,"FantasySharks","12785",NA,NA,NA,NA,NA,4.8,1.4,0,0.9,0,0,0,1.3,0.6,0.2,0.1,21,4.6,NA
"Noel, Jaylin","WR","HOU",NA,59.1,33.3,401,NA,NA,1.2,NA,2,NA,0,0.3,47,NA,NA,"FantasySharks","17080",NA,NA,NA,NA,NA,4.7,0.2,0.5,0,0,0.5,0,1.6,0.8,0.3,0.1,244,3.1,NA
"Aiyuk, Brandon","WR","SFO",NA,54.1,30.5,369,NA,NA,1,NA,14,NA,0,0,44.8,NA,NA,"FantasySharks","14840",NA,NA,NA,NA,NA,4.8,0,0,0.5,0.5,0,0,1.5,0.7,0.2,0.1,87,4.3,NA
"Legette, Xavier","WR","CAR",NA,55.9,32,323,NA,NA,2,NA,0,NA,0,0.2,44,NA,NA,"FantasySharks","16639",NA,NA,NA,NA,NA,9,1.2,0,0,0.8,0,0,1.3,0.6,0.2,0.1,44,5.6,NA
"Turpin, KaVontae","WR","DAL",NA,38.3,21.3,295,NA,NA,1.1,NA,86,NA,0,0.4,43.7,NA,NA,"FantasySharks","15981",NA,NA,NA,NA,NA,4.4,0,0.5,0,0,0,0.6,1.2,0.6,0.2,0.1,1251,2.6,NA
"Bryant, Pat","WR","DEN",NA,49.6,30.6,323,NA,NA,1.1,NA,6,NA,0,0,39.3,NA,NA,"FantasySharks","17082",NA,NA,NA,NA,NA,5.9,0,0,1.1,0,0,0,1.3,0.6,0.2,0.1,25,6,NA
"Johnson, Tez","WR","TBB",NA,32.1,18.2,194,NA,NA,2.8,NA,27,NA,0,0,38.8,NA,NA,"FantasySharks","17079",NA,NA,NA,NA,NA,4.5,0,1.1,1.7,0,0,0,0.8,0.4,0.1,0.1,60,2.8,NA
"Brown, Marquise","WR","PHI",NA,40.2,22.7,286,NA,NA,1.6,NA,0,NA,0,0,38.2,NA,NA,"FantasySharks","14105",NA,NA,NA,NA,NA,3,0.5,1.1,0,0,0,0,1.1,0.6,0.2,0.1,38,3.1,NA
"Wilson, Roman","WR","PIT",NA,40,21.8,279,NA,NA,1.4,NA,0,NA,0,0.1,36.1,NA,NA,"FantasySharks","16629",NA,NA,NA,NA,NA,4.2,0,0,1.4,0,0,0,1.1,0.6,0.2,0.1,0,3.9,NA
"Horton, Tory","WR","SEA",NA,20.3,10.5,171,NA,NA,2.3,NA,34,NA,0,0,34,NA,NA,"FantasySharks","17098",NA,NA,NA,NA,NA,1.5,0.1,0.7,1.5,0,0,0,0.7,0.3,0.1,0,56,2.9,NA
"Williams, Kyle","WR","NEP",NA,21.6,9,179,NA,NA,2.6,NA,2,NA,0,0,33.8,NA,NA,"FantasySharks","17134",NA,NA,NA,NA,NA,0.2,0.2,0,0,1.7,0,0.7,0.7,0.4,0.1,0,277,2.6,NA
"Raymond, Kalif","WR","CHI",NA,43.8,25.3,292,NA,NA,0.5,NA,15,NA,0,0,33.7,NA,NA,"FantasySharks","13066",NA,NA,NA,NA,NA,4.4,0.3,0,0.2,0,0,0,1.2,0.6,0.2,0.1,119,3.4,NA
"Williams, Antonio","WR","WAS",NA,46,24.5,285,NA,NA,0.6,NA,14,NA,0,0.4,33.5,NA,NA,"FantasySharks","17512",NA,NA,NA,NA,NA,5.2,0.6,0,0,0,0,0,1.1,0.6,0.2,0.1,82,2.6,NA
"Cooper Jr., Omar","WR","NYJ",NA,65.9,28.6,277,NA,NA,0.5,NA,7,NA,0,0.4,33.3,NA,NA,"FantasySharks","17502",NA,NA,NA,NA,NA,5.8,0.5,0,0,0,0,0,1.1,0.6,0.2,0.1,32,2.2,NA
"Shavers, Tyrell","WR","BUF",NA,18.5,12.9,237,NA,NA,1.5,NA,0,NA,0,0,33,NA,NA,"FantasySharks","16451",NA,NA,NA,NA,NA,0.8,0.4,0,0,0,0.2,1,0.9,0.5,0.2,0.1,47,1.9,NA
"Palmer, Joshua","WR","BUF",NA,43.6,22.8,318,NA,NA,0,NA,0,NA,0,0,32.5,NA,NA,"FantasySharks","15319",NA,NA,NA,NA,NA,4.3,0,0,0,0,0,0,1.3,0.6,0.2,0.1,23,1.4,NA
"Bourne, Kendrick","WR","ARI",NA,37.1,23.2,303,NA,NA,0,NA,3,NA,0.3,0,32.4,NA,NA,"FantasySharks","13418",NA,NA,NA,NA,NA,2.1,0,0,0,0,0,0,1.2,0.6,0.2,0.1,185,0.9,NA
"Mooney, Darnell","WR","NYG",NA,58.3,23,293,NA,NA,0.3,NA,0,NA,0,0,31.2,NA,NA,"FantasySharks","14974",NA,NA,NA,NA,NA,7.4,0,0,0.3,0,0,0,1.2,0.6,0.2,0.1,99,3,NA
"Dotson, Jahan","WR","ATL",NA,52.3,23.1,269,NA,NA,0.4,NA,2,NA,0,0,29.3,NA,NA,"FantasySharks","15755",NA,NA,NA,NA,NA,6.7,0.4,0,0,0,0,0,1.1,0.5,0.2,0.1,41,2.8,NA
"McCaffrey, Luke","WR","WAS",NA,23,12.7,184,NA,NA,1.5,NA,0,NA,0,0.2,28.4,NA,NA,"FantasySharks","16635",NA,NA,NA,NA,NA,2.6,0.6,0,0,0.7,0.2,0,0.7,0.4,0.1,0.1,599,2.2,NA
"Tyson, Jordyn","WR","NOS",NA,35.3,20.3,214,NA,NA,0.9,NA,10,NA,0,0,28,NA,NA,"FantasySharks","17498",NA,NA,NA,NA,NA,3.8,0,0.9,0,0,0,0,0.9,0.4,0.1,0.1,21,2.5,NA
"Bech, Jack","WR","LVR",NA,39.9,23.2,263,NA,NA,0,NA,3,NA,0,0,26.7,NA,NA,"FantasySharks","17078",NA,NA,NA,NA,NA,5.3,0,0,0,0,0,0,1.1,0.5,0.2,0.1,17,1.6,NA
"Lance, Bryce","WR","NOS",NA,39.3,25.1,241,NA,NA,0.3,NA,6,NA,0,0.8,25.9,NA,NA,"FantasySharks","17519",NA,NA,NA,NA,NA,2.2,0.3,0,0,0,0,0,1,0.5,0.2,0.1,224,1.6,NA
"Melton, Bo","WR","GBP",NA,35.2,17.5,193,NA,NA,0.8,NA,8,NA,0,0,24.9,NA,NA,"FantasySharks","15785",NA,NA,NA,NA,NA,5,0.8,0,0,0,0,0,0.8,0.4,0.1,0.1,109,5.3,NA
"Zaccheaus, Olamide","WR","ATL",NA,42,22.7,184,NA,NA,0.8,NA,12,NA,0,0,24.2,NA,NA,"FantasySharks","14592",NA,NA,NA,NA,NA,7,0.8,0,0,0,0,0,0.7,0.4,0.1,0.1,124,2.7,NA
"Bond, Isaiah","WR","CLE",NA,34.4,14.3,200,NA,NA,0,NA,35,NA,0,0,23.4,NA,NA,"FantasySharks","17076",NA,NA,NA,NA,NA,4.2,0,0,0,0,0,0,0.8,0.4,0.1,0.1,34,4.4,NA
"Stribling, De'Zhaun","WR","SFO",NA,31.6,17.1,198,NA,NA,0.4,NA,8,NA,0,0,23.4,NA,NA,"FantasySharks","17514",NA,NA,NA,NA,NA,3.2,0.4,0,0,0,0,0,0.8,0.4,0.1,0.1,156,2.1,NA
"Walker, Devontez","WR","BAL",NA,11.3,5.4,108,NA,NA,1.9,NA,0,NA,0,0,22.5,NA,NA,"FantasySharks","16621",NA,NA,NA,NA,NA,0.7,0.2,0.3,0.8,0.7,0,0,0.4,0.2,0.1,0,251,2.9,NA
"Atwell, Tutu","WR","LAR",NA,27.2,13,182,NA,NA,0.6,NA,0,NA,0,0,21.6,NA,NA,"FantasySharks","15301",NA,NA,NA,NA,NA,3.3,0.4,0,0,0,0,0.2,0.7,0.4,0.1,0.1,20,0.6,NA
"Metchie, John","WR","CAR",NA,40.5,24.6,201,NA,NA,0,NA,5,NA,0,0,20.6,NA,NA,"FantasySharks","15759",NA,NA,NA,NA,NA,5.9,0,0,0,0,0,0,0.8,0.4,0.1,0.1,78,2.2,NA
"Smith, Xavier","WR","LAR",NA,16.4,11.4,203,NA,NA,0,NA,0,NA,0,0,20.4,NA,NA,"FantasySharks","16428",NA,NA,NA,NA,NA,1.6,0,0,0,0,0,0,0.8,0.4,0.1,0.1,115,0,NA
"Whittington, Jordan","WR","LAR",NA,24.6,17,199,NA,NA,0,NA,5,NA,0,0,20.4,NA,NA,"FantasySharks","16633",NA,NA,NA,NA,NA,1.5,0,0,0,0,0,0,0.8,0.4,0.1,0.1,469,0.3,NA
"Douglas, Caleb","WR","MIA",NA,37.1,19.1,177,NA,NA,0,NA,17,NA,0,0,19.4,NA,NA,"FantasySharks","17599",NA,NA,NA,NA,NA,4.7,0,0,0,0,0,0,0.7,0.4,0.1,0,228,1.6,NA
"Williams, Isaiah","WR","NYJ",NA,34.1,23.1,167,NA,NA,0,NA,18,NA,0,0,18.5,NA,NA,"FantasySharks","16630",NA,NA,NA,NA,NA,1.7,0,0,0,0,0,0,0.7,0.3,0.1,0,568,0.3,NA
"Hurst, Ted","WR","TBB",NA,27.5,17.6,168,NA,NA,0,NA,3,NA,0,0,17.9,NA,NA,"FantasySharks","17520",NA,NA,NA,NA,NA,1.2,0,0,0,0,0,0,0.7,0.3,0.1,0,152,0.8,NA
"Humphrey, Lil'Jordan","WR","DEN",NA,20.4,9.5,116,NA,NA,1.1,NA,0,NA,0,0,17.9,NA,NA,"FantasySharks","14118",NA,NA,NA,NA,NA,3.1,0.2,0,0.9,0,0,0,0.5,0.2,0.1,0,0,3.5,NA
"Lane, Ja'Kobi","WR","BAL",NA,26,9.7,128,NA,NA,0.8,NA,0,NA,0,0,17.8,NA,NA,"FantasySharks","17517",NA,NA,NA,NA,NA,2,0.4,0,0.4,0,0,0,0.5,0.3,0.1,0,0,0.9,NA
"Thompson, Brenen","WR","LAC",NA,34.1,18.5,171,NA,NA,0,NA,12,NA,0,0.4,17.6,NA,NA,"FantasySharks","17529",NA,NA,NA,NA,NA,4.2,0,0,0,0,0,0,0.7,0.3,0.1,0,145,1.7,NA
"Dulin, Ashton","WR","IND",NA,17.4,6.8,134,NA,NA,0,NA,25,NA,0,0.2,15.5,NA,NA,"FantasySharks","14315",NA,NA,NA,NA,NA,1.3,0,0,0,0,0,0,0.5,0.3,0.1,0,623,3.2,NA
"Corley, Malachi","WR","CLE",NA,14.4,10.3,80,NA,NA,0,NA,73,NA,0,0,15.3,NA,NA,"FantasySharks","16636",NA,NA,NA,NA,NA,1.2,0,0,0,0,0,0,0.3,0.2,0.1,0,397,1.7,NA
"Mumpfield, Konata","WR","LAR",NA,27.6,11.9,118,NA,NA,0.5,NA,0,NA,0,0,15,NA,NA,"FantasySharks","17254",NA,NA,NA,NA,NA,4.9,0.5,0,0,0,0,0,0.5,0.2,0.1,0,99,3.6,NA
"Williams, Savion","WR","GBP",NA,14.4,8.8,90,NA,NA,0.7,NA,16,NA,0,0.2,14.5,NA,NA,"FantasySharks","17096",NA,NA,NA,NA,NA,2.3,0.7,0,0,0,0,0,0.4,0.2,0.1,0,240,2.1,NA
"Horn, Jimmy","WR","CAR",NA,19.4,11.4,99,NA,NA,0,NA,38,NA,0,0,13.7,NA,NA,"FantasySharks","17234",NA,NA,NA,NA,NA,4.4,0,0,0,0,0,0,0.4,0.2,0.1,0,0,0.6,NA
"Davis, Gabriel","WR","BUF",NA,16,10.8,121,NA,NA,0.2,NA,0,NA,0,0,13.5,NA,NA,"FantasySharks","14845",NA,NA,NA,NA,NA,3.9,0.2,0,0,0,0,0,0.5,0.2,0.1,0,6,3.9,NA
"Patrick, Tim","WR","NYJ",NA,15.7,5.7,71,NA,NA,0.9,NA,0,NA,0,0,13.5,NA,NA,"FantasySharks","13377",NA,NA,NA,NA,NA,2.2,0.2,0,0.7,0,0,0,0.3,0.1,0.1,0,116,1.8,NA
"Skowronek, Ben","WR","PIT",NA,11.8,8.3,128,NA,NA,0,NA,0,NA,0,0,12.8,NA,NA,"FantasySharks","15491",NA,NA,NA,NA,NA,0,0,0,0,0,0,0,0.5,0.3,0.1,0,21,0,NA
"Davis, Derius","WR","LAC",NA,10.2,5.4,54,NA,NA,1.3,NA,-3.6,NA,0,0,12.6,NA,NA,"FantasySharks","16299",NA,NA,NA,NA,NA,3.1,0,1,0.2,0,0,0,0.2,0.1,0,0,511,3.3,NA
"Walker, Jahdae","WR","CHI",NA,7.3,4,54,NA,NA,1.1,NA,0,NA,0,0,12.2,NA,NA,"FantasySharks","17353",NA,NA,NA,NA,NA,1.8,0.9,0,0.2,0,0,0,0.2,0.1,0,0,489,2,NA
"Cooper, Darius","WR","PHI",NA,13,10.7,114,NA,NA,0,NA,0,NA,0,0,11.4,NA,NA,"FantasySharks","17333",NA,NA,NA,NA,NA,1.6,0,0,0,0,0,0,0.5,0.2,0.1,0,0,0.4,NA
"Kirk, Christian","WR","SFO",NA,20.2,10.9,106,NA,NA,0,NA,1,NA,0,0,11,NA,NA,"FantasySharks","13633",NA,NA,NA,NA,NA,1.4,0,0,0,0,0,0,0.4,0.2,0.1,0,27,1.2,NA
"Brown, Dyami","WR","WAS",NA,22.8,9.8,93,NA,NA,0,NA,9,NA,0,0,10.3,NA,NA,"FantasySharks","15292",NA,NA,NA,NA,NA,6.1,0,0,0,0,0,0,0.4,0.2,0.1,0,88,3.5,NA
"Royals, Jalen","WR","KCC",NA,23.9,13,96,NA,NA,0,NA,4,NA,0,0,10.1,NA,NA,"FantasySharks","17086",NA,NA,NA,NA,NA,4.4,0,0,0,0,0,0,0.4,0.2,0.1,0,228,2.1,NA
"Sills, David","WR","TBB",NA,12.1,4.7,48,NA,NA,0.9,NA,0,NA,0,0,10,NA,NA,"FantasySharks","14110",NA,NA,NA,NA,NA,3.1,0.9,0,0,0,0,0,0.2,0.1,0,0,127,1.4,NA
"Remigio, Nikko","WR","KCC",NA,7,3.1,61,NA,NA,0.5,NA,0,NA,0,0,9,NA,NA,"FantasySharks","16422",NA,NA,NA,NA,NA,0.5,0,0.2,0,0,0.2,0,0.2,0.1,0,0,641,0.7,NA
"Brooks, Jalen","WR","ARI",NA,15.2,7.6,82,NA,NA,0,NA,0,NA,0,0,8.2,NA,NA,"FantasySharks","16364",NA,NA,NA,NA,NA,1.3,0,0,0,0,0,0,0.3,0.2,0.1,0,347,0.6,NA
"Mingo, Jonathan","WR","DAL",NA,22.5,6,67,NA,NA,0,NA,14,NA,0,0,8.2,NA,NA,"FantasySharks","16197",NA,NA,NA,NA,NA,1.7,0,0,0,0,0,0,0.3,0.1,0,0,124,1,NA
"Wayne, Jared","WR","HOU",NA,24.3,9.7,76,NA,NA,0,NA,0,NA,0,0,7.6,NA,NA,"FantasySharks","17011",NA,NA,NA,NA,NA,2.7,0,0,0,0,0,0,0.3,0.2,0.1,0,297,2.3,NA
"Johnson, Kameron","WR","TBB",NA,10.1,4.3,41,NA,NA,0.5,NA,6,NA,0,0,7.5,NA,NA,"FantasySharks","16883",NA,NA,NA,NA,NA,1.2,0,0.3,0,0.2,0,0,0.2,0.1,0,0,620,0.5,NA
"Thomas, Zavion","WR","CHI",NA,22.6,8.6,71,NA,NA,0,NA,1,NA,0,0,7.2,NA,NA,"FantasySharks","17521",NA,NA,NA,NA,NA,3.6,0,0,0,0,0,0,0.3,0.1,0.1,0,423,1.1,NA
"Tipton, Mason","WR","NOS",NA,14.3,6.9,61,NA,NA,0,NA,9,NA,0,0,6.9,NA,NA,"FantasySharks","16858",NA,NA,NA,NA,NA,1.8,0,0,0,0,0,0,0.2,0.1,0,0,243,0,NA
"Burks, Treylon","WR","WAS",NA,18.5,6.2,67,NA,NA,0,NA,0.1,NA,0,0,6.7,NA,NA,"FantasySharks","15752",NA,NA,NA,NA,NA,3.2,0,0,0,0,0,0,0.3,0.1,0,0,76,2.3,NA
"Bernard, Germie","WR","PIT",NA,25.1,10.5,66,NA,NA,0,NA,0,NA,0,0,6.6,NA,NA,"FantasySharks","17503",NA,NA,NA,NA,NA,2.6,0,0,0,0,0,0,0.3,0.1,0,0,55,0.9,NA
"Tremayne, Brycen","WR","CAR",NA,10.3,7.2,59,NA,NA,0,NA,4,NA,0,0,6.3,NA,NA,"FantasySharks","16949",NA,NA,NA,NA,NA,1.8,0,0,0,0,0,0,0.2,0.1,0,0,8,1,NA
"Moore, Elijah","WR","PHI",NA,8.9,4.5,53,NA,NA,0,NA,8,NA,0,0,6.2,NA,NA,"FantasySharks","15288",NA,NA,NA,NA,NA,0,0,0,0,0,0,0,0.2,0.1,0,0,74,0,NA
"Thornton, Dont'e","WR","LVR",NA,18.8,4.7,61,NA,NA,0,NA,0,NA,0,0,6.1,NA,NA,"FantasySharks","17087",NA,NA,NA,NA,NA,1.2,0,0,0,0,0,0,0.2,0.1,0,0,0,0.6,NA
"Bell, Chris","WR","MIA",NA,17.2,7.1,52,NA,NA,0,NA,4,NA,0,0,5.6,NA,NA,"FantasySharks","17506",NA,NA,NA,NA,NA,3.3,0,0,0,0,0,0,0.2,0.1,0,0,210,1.9,NA
"Felton, Tai","WR","MIN",NA,13.5,7.1,56,NA,NA,0,NA,0,NA,0,0,5.6,NA,NA,"FantasySharks","17097",NA,NA,NA,NA,NA,1.7,0,0,0,0,0,0,0.2,0.1,0,0,509,0,NA
"Lambert-Smith, KeAndre","WR","LAC",NA,15.2,4.7,45,NA,NA,0.2,NA,0,NA,0,0,5.6,NA,NA,"FantasySharks","17205",NA,NA,NA,NA,NA,1.3,0,0.2,0,0,0,0,0.2,0.1,0,0,584,0.5,NA
"Benson, Malik","WR","LVR",NA,15.1,5.3,49,NA,NA,0,NA,5,NA,0,0,5.4,NA,NA,"FantasySharks","17706",NA,NA,NA,NA,NA,1.5,0,0,0,0,0,0,0.2,0.1,0,0,36,0.5,NA
"Proche, James","WR","TEN",NA,14.1,4.8,48,NA,NA,0,NA,0,NA,0,0,4.8,NA,NA,"FantasySharks","14848",NA,NA,NA,NA,NA,0,0,0,0,0,0,0,0.2,0.1,0,0,15,0,NA
"Bell, Skyler","WR","BUF",NA,20.4,7.4,45,NA,NA,0,NA,-1,NA,0,0,4.4,NA,NA,"FantasySharks","17508",NA,NA,NA,NA,NA,3.1,0,0,0,0,0,0,0.2,0.1,0,0,0,2.3,NA
"Brown, Barion","WR","NOS",NA,20.2,4.1,44,NA,NA,0,NA,-2,NA,0,0,4.2,NA,NA,"FantasySharks","17541",NA,NA,NA,NA,NA,1.1,0,0,0,0,0,0,0.2,0.1,0,0,375,1.5,NA
"Cameron, Josh","WR","JAC",NA,12.3,2.2,42,NA,NA,0,NA,0,NA,0,0,4.2,NA,NA,"FantasySharks","17527",NA,NA,NA,NA,NA,2.4,0,0,0,0,0,0,0.2,0.1,0,0,64,0.9,NA
"Martin, Tay","WR","DET",NA,6.3,3,38,NA,NA,0,NA,3,NA,0,0,4.1,NA,NA,"FantasySharks","15771",NA,NA,NA,NA,NA,0.9,0,0,0,0,0,0,0.2,0.1,0,0,7,0.3,NA
"Branch, Zachariah","WR","ATL",NA,12.6,4.2,39,NA,NA,0,NA,0,NA,0,0,3.9,NA,NA,"FantasySharks","17507",NA,NA,NA,NA,NA,1,0,0,0,0,0,0,0.2,0.1,0,0,284,0.4,NA
"Moore, Skyy","WR","GBP",NA,9.8,5.2,32,NA,NA,0,NA,15,NA,0,0.4,3.8,NA,NA,"FantasySharks","15766",NA,NA,NA,NA,NA,0.8,0,0,0,0,0,0,0.1,0.1,0,0,284,0,NA
"Smith, Arian","WR","NYJ",NA,16.7,6.4,35,NA,NA,0,NA,2,NA,0,0,3.7,NA,NA,"FantasySharks","17175",NA,NA,NA,NA,NA,0,0,0,0,0,0,0,0.1,0.1,0,0,85,0,NA
"Beckham, Odell","WR","NYG",NA,15.7,3.7,29,NA,NA,0,NA,0,NA,0,0,2.9,NA,NA,"FantasySharks","11679",NA,NA,NA,NA,NA,2.2,0,0,0,0,0,0,0.1,0.1,0,0,138,1.5,NA
"Watkins, Jordan","WR","SFO",NA,9.1,2.4,29,NA,NA,0,NA,0,NA,0,0,2.9,NA,NA,"FantasySharks","17192",NA,NA,NA,NA,NA,0.5,0,0,0,0,0,0,0.1,0.1,0,0,239,0.5,NA
"Allen, Cyrus","WR","KCC",NA,6.3,1.3,8,NA,NA,0,NA,6,NA,0,0,2.5,NA,NA,"FantasySharks","17518",NA,NA,NA,NA,NA,1.9,0,0,0,0,0,0,0,0,0,0,551,1.9,NA
"Young, Colbie","WR","CIN",NA,10.8,2.1,16,NA,NA,0,NA,1,NA,0,0,1.7,NA,NA,"FantasySharks","17542",NA,NA,NA,NA,NA,0.4,0,0,0,0,0,0,0.1,0,0,0,631,0.4,NA
"Miller, Ryan","WR","MIA",NA,3.5,1,13,NA,NA,0,NA,0,NA,0,0,1.3,NA,NA,"FantasySharks","16958",NA,NA,NA,NA,NA,0.4,0,0,0,0,0,0,0.1,0,0,0,65,0,NA
"Fields, Malachi","WR","NYG",NA,4.6,1.8,11,NA,NA,0,NA,0,NA,0,0,1.1,NA,NA,"FantasySharks","17511",NA,NA,NA,NA,NA,0,0,0,0,0,0,0,0,0,0,0,452,0.8,NA
"Treadwell, Laquon","WR","IND",NA,4.9,0,0,NA,NA,0,NA,10,NA,0,0,1,NA,NA,"FantasySharks","12645",NA,NA,NA,NA,NA,0,0,0,0,0,0,0,0,0,0,0,462,0.5,NA
"Sturdivant, J Michael","WR","GBP",NA,5.2,0,0,NA,NA,0,NA,9,NA,0,0,0.9,NA,NA,"FantasySharks","17707",NA,NA,NA,NA,NA,0,0,0,0,0,0,0,0,0,0,0,90,0,NA
"Sarratt, Elijah","WR","BAL",NA,6.4,1.1,7,NA,NA,0,NA,0,NA,0,0,0.8,NA,NA,"FantasySharks","17505",NA,NA,NA,NA,NA,1.5,0,0,0,0,0,0,0,0,0,0,0,1.5,NA
"Williams, Ke'Shawn","WR","CIN",NA,0.3,0.3,1,NA,NA,0,NA,2,NA,0,0,0.3,NA,NA,"FantasySharks","17396",NA,NA,NA,NA,NA,0,0,0,0,0,0,0,0,0,0,0,496,0,NA
"Wetjen, Kaden","WR","PIT",NA,0,0,0,NA,NA,0,NA,2,NA,0,0,0.2,NA,NA,"FantasySharks","17620",NA,NA,NA,NA,NA,0,0,0,0,0,0,0,0,0,0,0,158,0,NA
"Foster, Montorie","WR","SEA",NA,7.3,0.2,1,NA,NA,0,NA,1,NA,0,0,0.2,NA,NA,"FantasySharks","17754",NA,NA,NA,NA,NA,1.5,0,0,0,0,0,0,0,0,0,0,283,1.5,NA
"Cowing, Jacob","WR","SFO",NA,1.7,0.1,2,NA,NA,0,NA,0,NA,0,0,0.2,NA,NA,"FantasySharks","16640",NA,NA,NA,NA,NA,0.1,0,0,0,0,0,0,0,0,0,0,2,0,NA
"Wallace, Tylan","WR","CLE",NA,9,0.1,1,NA,NA,0,NA,0,NA,0,0,0.1,NA,NA,"FantasySharks","15285",NA,NA,NA,NA,NA,0.6,0,0,0,0,0,0,0,0,0,0,86,0.6,NA
"Price, Myles","WR","MIN",NA,0.3,0.1,1,NA,NA,0,NA,0,NA,0,0,0.1,NA,NA,"FantasySharks","17360",NA,NA,NA,NA,NA,0.1,0,0,0,0,0,0,0,0,0,0,1116,0,NA
"Puka Nacua","WR","LAR",NA,NA,116,1561,NA,NA,9,10,72,NA,1,NA,223.3,NA,"18605","FFToday","16211",NA,NA,NA,NA,NA,NA,NA,NA,NA,NA,NA,NA,NA,NA,NA,NA,NA,NA,11
"Ja'Marr Chase","WR","CIN",NA,NA,116,1474,NA,NA,11,2,11,NA,0,NA,214.5,NA,"17533","FFToday","15281",NA,NA,NA,NA,NA,NA,NA,NA,NA,NA,NA,NA,NA,NA,NA,NA,NA,NA,6
"Jaxon Smith-Njigba","WR","SEA",NA,NA,105,1521,NA,NA,8,5,30,NA,0,NA,203.1,NA,"18656","FFToday","16185",NA,NA,NA,NA,NA,NA,NA,NA,NA,NA,NA,NA,NA,NA,NA,NA,NA,NA,11
"Amon-Ra St. Brown","WR","DET",NA,NA,119,1377,NA,NA,10,4,14,NA,0,NA,199.1,NA,"17712","FFToday","15287",NA,NA,NA,NA,NA,NA,NA,NA,NA,NA,NA,NA,NA,NA,NA,NA,NA,NA,6
"Drake London","WR","ATL",NA,NA,99,1312,NA,NA,7,0,0,NA,0,NA,173.2,NA,"18137","FFToday","15751",NA,NA,NA,NA,NA,NA,NA,NA,NA,NA,NA,NA,NA,NA,NA,NA,NA,NA,11
"Justin Jefferson","WR","MIN",NA,NA,95,1288,NA,NA,7,0,0,NA,0,NA,170.8,NA,"17123","FFToday","14836",NA,NA,NA,NA,NA,NA,NA,NA,NA,NA,NA,NA,NA,NA,NA,NA,NA,NA,6
"CeeDee Lamb","WR","DAL",NA,NA,87,1177,NA,NA,8,0,0,NA,0,NA,165.7,NA,"17141","FFToday","14832",NA,NA,NA,NA,NA,NA,NA,NA,NA,NA,NA,NA,NA,NA,NA,NA,NA,NA,14
"Nico Collins","WR","HOU",NA,NA,79,1186,NA,NA,7,0,0,NA,0,NA,160.6,NA,"17540","FFToday","15290",NA,NA,NA,NA,NA,NA,NA,NA,NA,NA,NA,NA,NA,NA,NA,NA,NA,NA,8
"A.J. Brown","WR","NE",NA,NA,86,1155,NA,NA,7,0,0,NA,0,NA,157.5,NA,"16527","FFToday","14104",NA,NA,NA,NA,NA,NA,NA,NA,NA,NA,NA,NA,NA,NA,NA,NA,NA,NA,11
"Chris Olave","WR","NO",NA,NA,97,1147,NA,NA,7,0,0,NA,0,NA,156.7,NA,"18169","FFToday","15754",NA,NA,NA,NA,NA,NA,NA,NA,NA,NA,NA,NA,NA,NA,NA,NA,NA,NA,8
"Jameson Williams","WR","DET",NA,NA,66,1088,NA,NA,7,8,42,NA,0,NA,155,NA,"18242","FFToday","15756",NA,NA,NA,NA,NA,NA,NA,NA,NA,NA,NA,NA,NA,NA,NA,NA,NA,NA,6
"Zay Flowers","WR","BAL",NA,NA,79,1117,NA,NA,6,10,59,NA,0,NA,153.6,NA,"18516","FFToday","16190",NA,NA,NA,NA,NA,NA,NA,NA,NA,NA,NA,NA,NA,NA,NA,NA,NA,NA,13
"George Pickens","WR","DAL",NA,NA,74,1102,NA,NA,7,0,0,NA,0,NA,152.2,NA,"18179","FFToday","15762",NA,NA,NA,NA,NA,NA,NA,NA,NA,NA,NA,NA,NA,NA,NA,NA,NA,NA,14
"Davante Adams","WR","LAR",NA,NA,70,911,NA,NA,10,0,0,NA,0,NA,151.1,NA,"14102","FFToday","11675",NA,NA,NA,NA,NA,NA,NA,NA,NA,NA,NA,NA,NA,NA,NA,NA,NA,NA,11
"Rashee Rice","WR","KC",NA,NA,93,1077,NA,NA,7,0,0,NA,0,NA,149.7,NA,"18624","FFToday","16194",NA,NA,NA,NA,NA,NA,NA,NA,NA,NA,NA,NA,NA,NA,NA,NA,NA,NA,5
"Malik Nabers","WR","NYG",NA,NA,81,1077,NA,NA,7,0,0,NA,0,NA,149.7,NA,"19068","FFToday","16615",NA,NA,NA,NA,NA,NA,NA,NA,NA,NA,NA,NA,NA,NA,NA,NA,NA,NA,8
"DeVonta Smith","WR","PHI",NA,NA,83,1122,NA,NA,6,0,0,NA,0,NA,148.2,NA,"17708","FFToday","15282",NA,NA,NA,NA,NA,NA,NA,NA,NA,NA,NA,NA,NA,NA,NA,NA,NA,NA,10
"Emeka Egbuka","WR","TB",NA,NA,78,1046,NA,NA,7,0,0,NA,0,NA,146.6,NA,"19351","FFToday","17081",NA,NA,NA,NA,NA,NA,NA,NA,NA,NA,NA,NA,NA,NA,NA,NA,NA,NA,10
"Garrett Wilson","WR","NYJ",NA,NA,100,1155,NA,NA,5,0,0,NA,0,NA,145.5,NA,"18248","FFToday","15753",NA,NA,NA,NA,NA,NA,NA,NA,NA,NA,NA,NA,NA,NA,NA,NA,NA,NA,13
"Tetairoa McMillan","WR","CAR",NA,NA,78,1081,NA,NA,6,0,0,NA,0,NA,144.1,NA,"19441","FFToday","17071",NA,NA,NA,NA,NA,NA,NA,NA,NA,NA,NA,NA,NA,NA,NA,NA,NA,NA,5
"Christian Watson","WR","GB",NA,NA,65,982,NA,NA,7,0,0,NA,0,NA,140.2,NA,"18237","FFToday","15789",NA,NA,NA,NA,NA,NA,NA,NA,NA,NA,NA,NA,NA,NA,NA,NA,NA,NA,11
"Tee Higgins","WR","CIN",NA,NA,65,906,NA,NA,8,0,0,NA,0,NA,138.6,NA,"17104","FFToday","14835",NA,NA,NA,NA,NA,NA,NA,NA,NA,NA,NA,NA,NA,NA,NA,NA,NA,NA,6
"Mike Evans","WR","SF",NA,NA,69,955,NA,NA,7,0,0,NA,0,NA,137.5,NA,"14172","FFToday","11671",NA,NA,NA,NA,NA,NA,NA,NA,NA,NA,NA,NA,NA,NA,NA,NA,NA,NA,8
"Rome Odunze","WR","CHI",NA,NA,65,945,NA,NA,7,0,0,NA,0,NA,136.5,NA,"19074","FFToday","16616",NA,NA,NA,NA,NA,NA,NA,NA,NA,NA,NA,NA,NA,NA,NA,NA,NA,NA,10
"D.J. Moore","WR","BUF",NA,NA,71,955,NA,NA,6,8,45,NA,0,NA,136,NA,"16146","FFToday","13635",NA,NA,NA,NA,NA,NA,NA,NA,NA,NA,NA,NA,NA,NA,NA,NA,NA,NA,7
"Jaylen Waddle","WR","DEN",NA,NA,72,987,NA,NA,6,0,0,NA,0,NA,134.7,NA,"17740","FFToday","15284",NA,NA,NA,NA,NA,NA,NA,NA,NA,NA,NA,NA,NA,NA,NA,NA,NA,NA,10
"Luther Burden III","WR","CHI",NA,NA,70,926,NA,NA,6,6,33,NA,0,NA,131.9,NA,"19331","FFToday","17070",NA,NA,NA,NA,NA,NA,NA,NA,NA,NA,NA,NA,NA,NA,NA,NA,NA,NA,10
"Ladd McConkey","WR","LAC",NA,NA,76,956,NA,NA,6,0,0,NA,0,NA,131.6,NA,"19050","FFToday","16627",NA,NA,NA,NA,NA,NA,NA,NA,NA,NA,NA,NA,NA,NA,NA,NA,NA,NA,7
"DK Metcalf","WR","PIT",NA,NA,67,944,NA,NA,6,0,0,NA,0,NA,130.4,NA,"16650","FFToday","14102",NA,NA,NA,NA,NA,NA,NA,NA,NA,NA,NA,NA,NA,NA,NA,NA,NA,NA,9
"Terry McLaurin","WR","WAS",NA,NA,65,937,NA,NA,6,0,0,NA,0,NA,129.7,NA,"16648","FFToday","14109",NA,NA,NA,NA,NA,NA,NA,NA,NA,NA,NA,NA,NA,NA,NA,NA,NA,NA,7
"Marvin Harrison Jr.","WR","ARI",NA,NA,64,933,NA,NA,6,0,0,NA,0,NA,129.3,NA,"18989","FFToday","16614",NA,NA,NA,NA,NA,NA,NA,NA,NA,NA,NA,NA,NA,NA,NA,NA,NA,NA,14
"Courtland Sutton","WR","DEN",NA,NA,63,848,NA,NA,7,0,0,NA,0,NA,126.8,NA,"16144","FFToday","13630",NA,NA,NA,NA,NA,NA,NA,NA,NA,NA,NA,NA,NA,NA,NA,NA,NA,NA,10
"Alec Pierce","WR","IND",NA,NA,60,917,NA,NA,5,0,0,NA,0,NA,121.7,NA,"18181","FFToday","15768",NA,NA,NA,NA,NA,NA,NA,NA,NA,NA,NA,NA,NA,NA,NA,NA,NA,NA,13
"Jayden Reed","WR","GB",NA,NA,66,815,NA,NA,5,11,68,NA,0,NA,118.3,NA,"18622","FFToday","16184",NA,NA,NA,NA,NA,NA,NA,NA,NA,NA,NA,NA,NA,NA,NA,NA,NA,NA,11
"Michael Pittman Jr.","WR","PIT",NA,NA,76,877,NA,NA,5,0,0,NA,0,NA,117.7,NA,"17183","FFToday","14842",NA,NA,NA,NA,NA,NA,NA,NA,NA,NA,NA,NA,NA,NA,NA,NA,NA,NA,9
"Carnell Tate","WR","TEN",NA,NA,65,867,NA,NA,5,0,0,NA,0,NA,116.7,NA,"19739","FFToday","17497",NA,NA,NA,NA,NA,NA,NA,NA,NA,NA,NA,NA,NA,NA,NA,NA,NA,NA,9
"Parker Washington","WR","JAC",NA,NA,62,814,NA,NA,5,0,0,NA,0,NA,111.4,NA,"18688","FFToday","16192",NA,NA,NA,NA,NA,NA,NA,NA,NA,NA,NA,NA,NA,NA,NA,NA,NA,NA,7
"Brian Thomas Jr.","WR","JAC",NA,NA,56,812,NA,NA,5,0,0,NA,0,NA,111.2,NA,"19123","FFToday","16618",NA,NA,NA,NA,NA,NA,NA,NA,NA,NA,NA,NA,NA,NA,NA,NA,NA,NA,7
"Xavier Worthy","WR","KC",NA,NA,56,715,NA,NA,4,12,76,NA,1,NA,109.1,NA,"19154","FFToday","16620",NA,NA,NA,NA,NA,NA,NA,NA,NA,NA,NA,NA,NA,NA,NA,NA,NA,NA,5
"Jordan Addison","WR","MIN",NA,NA,55,769,NA,NA,5,3,19,NA,0,NA,108.8,NA,"18453","FFToday","16186",NA,NA,NA,NA,NA,NA,NA,NA,NA,NA,NA,NA,NA,NA,NA,NA,NA,NA,6
"Quentin Johnston","WR","LAC",NA,NA,51,727,NA,NA,6,0,0,NA,0,NA,108.7,NA,"18561","FFToday","16188",NA,NA,NA,NA,NA,NA,NA,NA,NA,NA,NA,NA,NA,NA,NA,NA,NA,NA,7
"Chris Godwin","WR","TB",NA,NA,68,779,NA,NA,5,0,0,NA,0,NA,107.9,NA,"15881","FFToday","13163",NA,NA,NA,NA,NA,NA,NA,NA,NA,NA,NA,NA,NA,NA,NA,NA,NA,NA,10
"Stefon Diggs","WR","WAS",NA,NA,62,766,NA,NA,5,0,0,NA,0,NA,106.6,NA,"15156","FFToday","12186",NA,NA,NA,NA,NA,NA,NA,NA,NA,NA,NA,NA,NA,NA,NA,NA,NA,NA,7
"Michael Wilson","WR","ARI",NA,NA,66,822,NA,NA,4,0,0,NA,0,NA,106.2,NA,"18696","FFToday","16206",NA,NA,NA,NA,NA,NA,NA,NA,NA,NA,NA,NA,NA,NA,NA,NA,NA,NA,14
"Romeo Doubs","WR","NE",NA,NA,58,759,NA,NA,5,0,0,NA,0,NA,105.9,NA,"18058","FFToday","15779",NA,NA,NA,NA,NA,NA,NA,NA,NA,NA,NA,NA,NA,NA,NA,NA,NA,NA,11
"Jakobi Meyers","WR","JAC",NA,NA,63,732,NA,NA,5,3,19,NA,0,NA,105.1,NA,"16762","FFToday","14127",NA,NA,NA,NA,NA,NA,NA,NA,NA,NA,NA,NA,NA,NA,NA,NA,NA,NA,7
"Khalil Shakir","WR","BUF",NA,NA,72,766,NA,NA,4,0,0,NA,0,NA,100.6,NA,"18200","FFToday","15761",NA,NA,NA,NA,NA,NA,NA,NA,NA,NA,NA,NA,NA,NA,NA,NA,NA,NA,7
"Matthew Golden","WR","GB",NA,NA,54,702,NA,NA,5,0,0,NA,0,NA,100.2,NA,"19370","FFToday","17075",NA,NA,NA,NA,NA,NA,NA,NA,NA,NA,NA,NA,NA,NA,NA,NA,NA,NA,11
"Wan'Dale Robinson","WR","TEN",NA,NA,77,796,NA,NA,3,0,0,NA,0,NA,97.6,NA,"18191","FFToday","15757",NA,NA,NA,NA,NA,NA,NA,NA,NA,NA,NA,NA,NA,NA,NA,NA,NA,NA,9
"KC Concepcion","WR","CLE",NA,NA,58,752,NA,NA,3,5,24,NA,0,NA,95.6,NA,"19858","FFToday","17501",NA,NA,NA,NA,NA,NA,NA,NA,NA,NA,NA,NA,NA,NA,NA,NA,NA,NA,11
"Josh Downs","WR","IND",NA,NA,68,707,NA,NA,4,0,0,NA,0,NA,94.7,NA,"18508","FFToday","16187",NA,NA,NA,NA,NA,NA,NA,NA,NA,NA,NA,NA,NA,NA,NA,NA,NA,NA,13
"Rashid Shaheed","WR","SEA",NA,NA,49,659,NA,NA,4,7,45,NA,0,NA,94.4,NA,"18326","FFToday","16080",NA,NA,NA,NA,NA,NA,NA,NA,NA,NA,NA,NA,NA,NA,NA,NA,NA,NA,11
"Makai Lemon","WR","PHI",NA,NA,56,658,NA,NA,4,4,19,NA,0,NA,91.7,NA,"19879","FFToday","17499",NA,NA,NA,NA,NA,NA,NA,NA,NA,NA,NA,NA,NA,NA,NA,NA,NA,NA,10
"De'Zhaun Stribling","WR","SF",NA,NA,56,677,NA,NA,4,0,0,NA,0,NA,91.7,NA,"19769","FFToday","17514",NA,NA,NA,NA,NA,NA,NA,NA,NA,NA,NA,NA,NA,NA,NA,NA,NA,NA,8
"Jordyn Tyson","WR","NO",NA,NA,49,633,NA,NA,4,0,0,NA,0,NA,87.3,NA,"19838","FFToday","17498",NA,NA,NA,NA,NA,NA,NA,NA,NA,NA,NA,NA,NA,NA,NA,NA,NA,NA,8
"Deebo Samuel","WR","SF",NA,NA,47,537,NA,NA,3,14,68,NA,1,NA,84.5,NA,"16688","FFToday","14136",NA,NA,NA,NA,NA,NA,NA,NA,NA,NA,NA,NA,NA,NA,NA,NA,NA,NA,8
"Tre Tucker","WR","LV",NA,NA,52,655,NA,NA,3,0,0,NA,0,NA,83.5,NA,"18675","FFToday","16287",NA,NA,NA,NA,NA,NA,NA,NA,NA,NA,NA,NA,NA,NA,NA,NA,NA,NA,13
"Jerry Jeudy","WR","CLE",NA,NA,51,645,NA,NA,3,0,0,NA,0,NA,82.5,NA,"17127","FFToday","14833",NA,NA,NA,NA,NA,NA,NA,NA,NA,NA,NA,NA,NA,NA,NA,NA,NA,NA,11
"Rashod Bateman","WR","BAL",NA,NA,44,572,NA,NA,4,0,0,NA,0,NA,81.2,NA,"17509","FFToday","15293",NA,NA,NA,NA,NA,NA,NA,NA,NA,NA,NA,NA,NA,NA,NA,NA,NA,NA,13
"Jalen Coker","WR","CAR",NA,NA,50,621,NA,NA,3,0,0,NA,0,NA,80.1,NA,"19207","FFToday","16809",NA,NA,NA,NA,NA,NA,NA,NA,NA,NA,NA,NA,NA,NA,NA,NA,NA,NA,5
"Jalen McMillan","WR","TB",NA,NA,39,555,NA,NA,4,0,0,NA,0,NA,79.5,NA,"19055","FFToday","16628",NA,NA,NA,NA,NA,NA,NA,NA,NA,NA,NA,NA,NA,NA,NA,NA,NA,NA,10
"Calvin Ridley","WR","TEN",NA,NA,39,568,NA,NA,3,0,0,NA,0,NA,74.8,NA,"16129","FFToday","13629",NA,NA,NA,NA,NA,NA,NA,NA,NA,NA,NA,NA,NA,NA,NA,NA,NA,NA,9
"Keenan Allen","WR","IND",NA,NA,55,566,NA,NA,3,0,0,NA,0,NA,74.6,NA,"13003","FFToday","11222",NA,NA,NA,NA,NA,NA,NA,NA,NA,NA,NA,NA,NA,NA,NA,NA,NA,NA,13
"Adonai Mitchell","WR","NYJ",NA,NA,36,482,NA,NA,4,0,0,NA,0,NA,72.2,NA,"19061","FFToday","16626",NA,NA,NA,NA,NA,NA,NA,NA,NA,NA,NA,NA,NA,NA,NA,NA,NA,NA,13
"Germie Bernard","WR","PIT",NA,NA,43,523,NA,NA,3,4,19,NA,0,NA,72.2,NA,"19806","FFToday","17503",NA,NA,NA,NA,NA,NA,NA,NA,NA,NA,NA,NA,NA,NA,NA,NA,NA,NA,9
"Jalen Nailor","WR","LV",NA,NA,44,577,NA,NA,2,0,0,NA,0,NA,69.7,NA,"18162","FFToday","15786",NA,NA,NA,NA,NA,NA,NA,NA,NA,NA,NA,NA,NA,NA,NA,NA,NA,NA,13
"Malik Washington","WR","MIA",NA,NA,43,455,NA,NA,3,8,46,NA,0,NA,68.1,NA,"19140","FFToday","16684",NA,NA,NA,NA,NA,NA,NA,NA,NA,NA,NA,NA,NA,NA,NA,NA,NA,NA,6
"Ryan Flournoy","WR","DAL",NA,NA,36,417,NA,NA,4,0,0,NA,0,NA,65.7,NA,"18965","FFToday","16778",NA,NA,NA,NA,NA,NA,NA,NA,NA,NA,NA,NA,NA,NA,NA,NA,NA,NA,14
"Jauan Jennings","WR","MIN",NA,NA,37,466,NA,NA,3,0,0,NA,0,NA,64.6,NA,"17126","FFToday","14860",NA,NA,NA,NA,NA,NA,NA,NA,NA,NA,NA,NA,NA,NA,NA,NA,NA,NA,6
"Denzel Boston","WR","CLE",NA,NA,40,526,NA,NA,2,0,0,NA,0,NA,64.6,NA,"19773","FFToday","17500",NA,NA,NA,NA,NA,NA,NA,NA,NA,NA,NA,NA,NA,NA,NA,NA,NA,NA,11
"Caleb Douglas","WR","MIA",NA,NA,42,517,NA,NA,2,0,0,NA,0,NA,63.7,NA,"19735","FFToday","17599",NA,NA,NA,NA,NA,NA,NA,NA,NA,NA,NA,NA,NA,NA,NA,NA,NA,NA,6
"Cooper Kupp","WR","SEA",NA,NA,36,445,NA,NA,3,0,0,NA,0,NA,62.5,NA,"15932","FFToday","13164",NA,NA,NA,NA,NA,NA,NA,NA,NA,NA,NA,NA,NA,NA,NA,NA,NA,NA,11
"Devaughn Vele","WR","NO",NA,NA,38,444,NA,NA,3,0,0,NA,0,NA,62.4,NA,"19133","FFToday","16788",NA,NA,NA,NA,NA,NA,NA,NA,NA,NA,NA,NA,NA,NA,NA,NA,NA,NA,8
"Isaac TeSlaa","WR","DET",NA,NA,29,371,NA,NA,4,0,0,NA,0,NA,61.1,NA,"19522","FFToday","17157",NA,NA,NA,NA,NA,NA,NA,NA,NA,NA,NA,NA,NA,NA,NA,NA,NA,NA,6
"Xavier Legette","WR","CAR",NA,NA,38,427,NA,NA,3,0,0,NA,0,NA,60.7,NA,"19036","FFToday","16639",NA,NA,NA,NA,NA,NA,NA,NA,NA,NA,NA,NA,NA,NA,NA,NA,NA,NA,5
"Jaylin Noel","WR","HOU",NA,NA,34,395,NA,NA,3,0,0,NA,0,NA,57.5,NA,"19464","FFToday","17080",NA,NA,NA,NA,NA,NA,NA,NA,NA,NA,NA,NA,NA,NA,NA,NA,NA,NA,8
"Antonio Williams","WR","WAS",NA,NA,27,388,NA,NA,3,0,0,NA,0,NA,56.8,NA,"19711","FFToday","17512",NA,NA,NA,NA,NA,NA,NA,NA,NA,NA,NA,NA,NA,NA,NA,NA,NA,NA,7
"Kayshon Boutte","WR","HOU",NA,NA,31,446,NA,NA,2,0,0,NA,0,NA,56.6,NA,"18479","FFToday","16193",NA,NA,NA,NA,NA,NA,NA,NA,NA,NA,NA,NA,NA,NA,NA,NA,NA,NA,8
"Dontayvion Wicks","WR","PHI",NA,NA,34,446,NA,NA,2,0,0,NA,0,NA,56.6,NA,"18691","FFToday","16195",NA,NA,NA,NA,NA,NA,NA,NA,NA,NA,NA,NA,NA,NA,NA,NA,NA,NA,10
"Ja'Kobi Lane","WR","BAL",NA,NA,30,374,NA,NA,3,0,0,NA,0,NA,55.4,NA,"19811","FFToday","17517",NA,NA,NA,NA,NA,NA,NA,NA,NA,NA,NA,NA,NA,NA,NA,NA,NA,NA,13
"KaVontae Turpin","WR","DAL",NA,NA,21,325,NA,NA,2,16,93,NA,0,NA,53.8,NA,"18290","FFToday","15981",NA,NA,NA,NA,NA,NA,NA,NA,NA,NA,NA,NA,NA,NA,NA,NA,NA,NA,14
"Omar Cooper Jr.","WR","NYJ",NA,NA,28,355,NA,NA,3,0,0,NA,0,NA,53.5,NA,"19904","FFToday","17502",NA,NA,NA,NA,NA,NA,NA,NA,NA,NA,NA,NA,NA,NA,NA,NA,NA,NA,13
"Tre Harris","WR","LAC",NA,NA,32,415,NA,NA,2,0,0,NA,0,NA,53.5,NA,"19383","FFToday","17072",NA,NA,NA,NA,NA,NA,NA,NA,NA,NA,NA,NA,NA,NA,NA,NA,NA,NA,7
"Tyquan Thornton","WR","KC",NA,NA,21,355,NA,NA,3,0,0,NA,0,NA,53.5,NA,"18222","FFToday","15787",NA,NA,NA,NA,NA,NA,NA,NA,NA,NA,NA,NA,NA,NA,NA,NA,NA,NA,5
"Travis Hunter","WR","JAC",NA,NA,34,391,NA,NA,2,0,0,NA,0,NA,51.1,NA,"19396","FFToday","17074",NA,NA,NA,NA,NA,NA,NA,NA,NA,NA,NA,NA,NA,NA,NA,NA,NA,NA,7
"Xavier Hutchinson","WR","HOU",NA,NA,27,331,NA,NA,3,0,0,NA,0,NA,51.1,NA,"18550","FFToday","16201",NA,NA,NA,NA,NA,NA,NA,NA,NA,NA,NA,NA,NA,NA,NA,NA,NA,NA,8
"Pat Bryant","WR","DEN",NA,NA,31,386,NA,NA,2,0,0,NA,0,NA,50.6,NA,"19328","FFToday","17082",NA,NA,NA,NA,NA,NA,NA,NA,NA,NA,NA,NA,NA,NA,NA,NA,NA,NA,10
"Jalen Tolbert","WR","MIA",NA,NA,34,446,NA,NA,1,0,0,NA,0,NA,50.6,NA,"18224","FFToday","15788",NA,NA,NA,NA,NA,NA,NA,NA,NA,NA,NA,NA,NA,NA,NA,NA,NA,NA,6
"Dyami Brown","WR","WAS",NA,NA,29,377,NA,NA,2,0,0,NA,0,NA,49.7,NA,"17523","FFToday","15292",NA,NA,NA,NA,NA,NA,NA,NA,NA,NA,NA,NA,NA,NA,NA,NA,NA,NA,7
"Olamide Zaccheaus","WR","ATL",NA,NA,27,357,NA,NA,2,0,0,NA,0,NA,47.7,NA,"16859","FFToday","14592",NA,NA,NA,NA,NA,NA,NA,NA,NA,NA,NA,NA,NA,NA,NA,NA,NA,NA,11
"Darius Slayton","WR","NYG",NA,NA,25,346,NA,NA,2,0,0,NA,0,NA,46.6,NA,"16702","FFToday","14122",NA,NA,NA,NA,NA,NA,NA,NA,NA,NA,NA,NA,NA,NA,NA,NA,NA,NA,8
"Demario Douglas","WR","NE",NA,NA,28,345,NA,NA,2,0,0,NA,0,NA,46.5,NA,"18506","FFToday","16342",NA,NA,NA,NA,NA,NA,NA,NA,NA,NA,NA,NA,NA,NA,NA,NA,NA,NA,11
"Malachi Fields","WR","NYG",NA,NA,30,345,NA,NA,2,0,0,NA,0,NA,46.5,NA,"19880","FFToday","17511",NA,NA,NA,NA,NA,NA,NA,NA,NA,NA,NA,NA,NA,NA,NA,NA,NA,NA,8
"Jack Bech","WR","LV",NA,NA,29,336,NA,NA,2,0,0,NA,0,NA,45.6,NA,"19312","FFToday","17078",NA,NA,NA,NA,NA,NA,NA,NA,NA,NA,NA,NA,NA,NA,NA,NA,NA,NA,13
"Darnell Mooney","WR","NYG",NA,NA,24,327,NA,NA,2,0,0,NA,0,NA,44.7,NA,"17159","FFToday","14974",NA,NA,NA,NA,NA,NA,NA,NA,NA,NA,NA,NA,NA,NA,NA,NA,NA,NA,8
"Troy Franklin","WR","DEN",NA,NA,27,308,NA,NA,2,0,0,NA,0,NA,42.8,NA,"18968","FFToday","16619",NA,NA,NA,NA,NA,NA,NA,NA,NA,NA,NA,NA,NA,NA,NA,NA,NA,NA,10
"Keon Coleman","WR","BUF",NA,NA,21,307,NA,NA,2,0,0,NA,0,NA,42.7,NA,"18938","FFToday","16617",NA,NA,NA,NA,NA,NA,NA,NA,NA,NA,NA,NA,NA,NA,NA,NA,NA,NA,7
"Kendrick Bourne","WR","ARI",NA,NA,23,307,NA,NA,2,0,0,NA,0,NA,42.7,NA,"14994","FFToday","13418",NA,NA,NA,NA,NA,NA,NA,NA,NA,NA,NA,NA,NA,NA,NA,NA,NA,NA,14
"Cyrus Allen","WR","KC",NA,NA,25,305,NA,NA,2,0,0,NA,0,NA,42.5,NA,"19759","FFToday","17518",NA,NA,NA,NA,NA,NA,NA,NA,NA,NA,NA,NA,NA,NA,NA,NA,NA,NA,5
"Andrei Iosivas","WR","CIN",NA,NA,24,301,NA,NA,2,0,0,NA,0,NA,42.1,NA,"18553","FFToday","16207",NA,NA,NA,NA,NA,NA,NA,NA,NA,NA,NA,NA,NA,NA,NA,NA,NA,NA,6
"Mack Hollins","WR","NE",NA,NA,22,272,NA,NA,2,0,0,NA,0,NA,39.2,NA,"15900","FFToday","13289",NA,NA,NA,NA,NA,NA,NA,NA,NA,NA,NA,NA,NA,NA,NA,NA,NA,NA,11
"Jahan Dotson","WR","ATL",NA,NA,19,264,NA,NA,2,0,0,NA,0,NA,38.4,NA,"18057","FFToday","15755",NA,NA,NA,NA,NA,NA,NA,NA,NA,NA,NA,NA,NA,NA,NA,NA,NA,NA,11
"Tory Horton","WR","SEA",NA,NA,18,245,NA,NA,2,0,0,NA,0,NA,36.5,NA,"19393","FFToday","17098",NA,NA,NA,NA,NA,NA,NA,NA,NA,NA,NA,NA,NA,NA,NA,NA,NA,NA,11
"Kalif Raymond","WR","CHI",NA,NA,20,231,NA,NA,2,0,0,NA,0,NA,35.1,NA,"14879","FFToday","13066",NA,NA,NA,NA,NA,NA,NA,NA,NA,NA,NA,NA,NA,NA,NA,NA,NA,NA,10
"Isaiah Bond","WR","CLE",NA,NA,19,275,NA,NA,1,0,0,NA,0,NA,33.5,NA,"19557","FFToday","17076",NA,NA,NA,NA,NA,NA,NA,NA,NA,NA,NA,NA,NA,NA,NA,NA,NA,NA,11
"Malik Benson","WR","LV",NA,NA,18,227,NA,NA,1,0,0,NA,0,NA,28.7,NA,"19882","FFToday","17706",NA,NA,NA,NA,NA,NA,NA,NA,NA,NA,NA,NA,NA,NA,NA,NA,NA,NA,13
"Chris Bell","WR","MIA",NA,NA,17,226,NA,NA,1,0,0,NA,0,NA,28.6,NA,"19747","FFToday","17506",NA,NA,NA,NA,NA,NA,NA,NA,NA,NA,NA,NA,NA,NA,NA,NA,NA,NA,6
"Zachariah Branch","WR","ATL",NA,NA,18,212,NA,NA,1,0,0,NA,0,NA,27.2,NA,"19952","FFToday","17507",NA,NA,NA,NA,NA,NA,NA,NA,NA,NA,NA,NA,NA,NA,NA,NA,NA,NA,11
"Isaiah Williams","WR","NYJ",NA,NA,16,206,NA,NA,1,0,0,NA,0,NA,26.6,NA,"19233","FFToday","16630",NA,NA,NA,NA,NA,NA,NA,NA,NA,NA,NA,NA,NA,NA,NA,NA,NA,NA,13
"Josh Palmer","WR","BUF",NA,NA,16,204,NA,NA,1,0,0,NA,0,NA,26.4,NA,"17676","FFToday","15319",NA,NA,NA,NA,NA,NA,NA,NA,NA,NA,NA,NA,NA,NA,NA,NA,NA,NA,7
"Devontez Walker","WR","BAL",NA,NA,12,187,NA,NA,1,0,0,NA,0,NA,24.7,NA,"19136","FFToday","16621",NA,NA,NA,NA,NA,NA,NA,NA,NA,NA,NA,NA,NA,NA,NA,NA,NA,NA,13
"Jordan Whittington","WR","LAR",NA,NA,17,187,NA,NA,1,0,0,NA,0,NA,24.7,NA,"19144","FFToday","16633",NA,NA,NA,NA,NA,NA,NA,NA,NA,NA,NA,NA,NA,NA,NA,NA,NA,NA,11
"Marquise Brown","WR","PHI",NA,NA,15,177,NA,NA,1,0,0,NA,0,NA,23.7,NA,"16529","FFToday","14105",NA,NA,NA,NA,NA,NA,NA,NA,NA,NA,NA,NA,NA,NA,NA,NA,NA,NA,10
"Konata Mumpfield","WR","LAR",NA,NA,15,176,NA,NA,1,0,0,NA,0,NA,23.6,NA,"19460","FFToday","17254",NA,NA,NA,NA,NA,NA,NA,NA,NA,NA,NA,NA,NA,NA,NA,NA,NA,NA,11
"Elic Ayomanor","WR","TEN",NA,NA,14,175,NA,NA,1,0,0,NA,0,NA,23.5,NA,"19306","FFToday","17073",NA,NA,NA,NA,NA,NA,NA,NA,NA,NA,NA,NA,NA,NA,NA,NA,NA,NA,9
"Treylon Burks","WR","WAS",NA,NA,13,169,NA,NA,1,0,0,NA,0,NA,22.9,NA,"18029","FFToday","15752",NA,NA,NA,NA,NA,NA,NA,NA,NA,NA,NA,NA,NA,NA,NA,NA,NA,NA,7
"Savion Williams","WR","GB",NA,NA,13,159,NA,NA,1,0,0,NA,0,NA,21.9,NA,"19550","FFToday","17096",NA,NA,NA,NA,NA,NA,NA,NA,NA,NA,NA,NA,NA,NA,NA,NA,NA,NA,11
"Tank Dell","WR","HOU",NA,NA,13,150,NA,NA,1,0,0,NA,0,NA,21,NA,"18502","FFToday","16204",NA,NA,NA,NA,NA,NA,NA,NA,NA,NA,NA,NA,NA,NA,NA,NA,NA,NA,8
"Ted Hurst","WR","TB",NA,NA,13,137,NA,NA,1,0,0,NA,0,NA,19.7,NA,"19932","FFToday","17520",NA,NA,NA,NA,NA,NA,NA,NA,NA,NA,NA,NA,NA,NA,NA,NA,NA,NA,10
"KeAndre Lambert-Smith","WR","LAC",NA,NA,12,135,NA,NA,1,0,0,NA,0,NA,19.5,NA,"19420","FFToday","17205",NA,NA,NA,NA,NA,NA,NA,NA,NA,NA,NA,NA,NA,NA,NA,NA,NA,NA,7
"Chimere Dike","WR","TEN",NA,NA,13,129,NA,NA,1,0,0,NA,0,NA,18.9,NA,"19350","FFToday","17171",NA,NA,NA,NA,NA,NA,NA,NA,NA,NA,NA,NA,NA,NA,NA,NA,NA,NA,9
"Jahdae Walker","WR","CHI",NA,NA,10,117,NA,NA,1,0,0,NA,0,NA,17.7,NA,"19670","FFToday","17353",NA,NA,NA,NA,NA,NA,NA,NA,NA,NA,NA,NA,NA,NA,NA,NA,NA,NA,10
"Brandon Aiyuk","WR","SF",NA,NA,7,100,NA,NA,1,0,0,NA,0,NA,16,NA,"17002","FFToday","14840",NA,NA,NA,NA,NA,NA,NA,NA,NA,NA,NA,NA,NA,NA,NA,NA,NA,NA,8
"Tai Felton","WR","MIN",NA,NA,7,88,NA,NA,0,0,0,NA,0,NA,8.8,NA,"19361","FFToday","17097",NA,NA,NA,NA,NA,NA,NA,NA,NA,NA,NA,NA,NA,NA,NA,NA,NA,NA,6
"Devin Duvernay","WR","ARI",NA,NA,0,0,NA,NA,0,0,0,NA,0,NA,0,NA,"17066","FFToday","14847",NA,NA,NA,NA,NA,NA,NA,NA,NA,NA,NA,NA,NA,NA,NA,NA,NA,NA,14
"Roman Wilson","WR","PIT",NA,NA,0,0,NA,NA,0,0,0,NA,0,NA,0,NA,"19152","FFToday","16629",NA,NA,NA,NA,NA,NA,NA,NA,NA,NA,NA,NA,NA,NA,NA,NA,NA,NA,9
"Ja'Marr Chase","WR","CIN",NA,NA,122,1598,NA,NA,13,3,14,NA,0,NA,361.2,NA,"17370","RTSports","15281",NA,NA,NA,NA,NA,NA,NA,NA,NA,NA,NA,NA,NA,NA,NA,NA,NA,NA,NA
"Puka Nacua","WR","LAR",NA,NA,122,1634,NA,NA,11,11,79,NA,0,NA,359.3,NA,"18435","RTSports","16211",NA,NA,NA,NA,NA,NA,NA,NA,NA,NA,NA,NA,NA,NA,NA,NA,NA,NA,NA
"Jaxon Smith-Njigba","WR","SEA",NA,NA,112,1501,NA,NA,12,5,26,NA,0,NA,336.7,NA,"18249","RTSports","16185",NA,NA,NA,NA,NA,NA,NA,NA,NA,NA,NA,NA,NA,NA,NA,NA,NA,NA,NA
"Justin Jefferson","WR","MIN",NA,NA,108,1512,NA,NA,10,2,8,NA,0,NA,320,NA,"17020","RTSports","14836",NA,NA,NA,NA,NA,NA,NA,NA,NA,NA,NA,NA,NA,NA,NA,NA,NA,NA,NA
"Amon-Ra St. Brown","WR","DET",NA,NA,119,1368,NA,NA,10,2,10,NA,0,NA,316.8,NA,"17376","RTSports","15287",NA,NA,NA,NA,NA,NA,NA,NA,NA,NA,NA,NA,NA,NA,NA,NA,NA,NA,NA
"Chris Olave","WR","NO",NA,NA,101,1262,NA,NA,10,0,0,NA,0,NA,287.2,NA,"17380","RTSports","15754",NA,NA,NA,NA,NA,NA,NA,NA,NA,NA,NA,NA,NA,NA,NA,NA,NA,NA,NA
"CeeDee Lamb","WR","DAL",NA,NA,101,1262,NA,NA,9,5,31,NA,0,NA,284.3,NA,"16986","RTSports","14832",NA,NA,NA,NA,NA,NA,NA,NA,NA,NA,NA,NA,NA,NA,NA,NA,NA,NA,NA
"Drake London","WR","ATL",NA,NA,101,1293,NA,NA,10,0,0,NA,0,NA,290.3,NA,"17881","RTSports","15751",NA,NA,NA,NA,NA,NA,NA,NA,NA,NA,NA,NA,NA,NA,NA,NA,NA,NA,NA
"George Pickens","WR","DAL",NA,NA,89,1352,NA,NA,10,0,0,NA,0,NA,284.2,NA,"17889","RTSports","15762",NA,NA,NA,NA,NA,NA,NA,NA,NA,NA,NA,NA,NA,NA,NA,NA,NA,NA,NA
"Nico Collins","WR","HOU",NA,NA,84,1258,NA,NA,10,1,7,NA,0,NA,270.5,NA,"17391","RTSports","15290",NA,NA,NA,NA,NA,NA,NA,NA,NA,NA,NA,NA,NA,NA,NA,NA,NA,NA,NA
"A.J. Brown","WR","NE",NA,NA,88,1223,NA,NA,10,0,0,NA,0,NA,270.3,NA,"16572","RTSports","14104",NA,NA,NA,NA,NA,NA,NA,NA,NA,NA,NA,NA,NA,NA,NA,NA,NA,NA,NA
"Malik Nabers","WR","NYG",NA,NA,99,1143,NA,NA,9,4,18,NA,0,NA,269.1,NA,"18622","RTSports","16615",NA,NA,NA,NA,NA,NA,NA,NA,NA,NA,NA,NA,NA,NA,NA,NA,NA,NA,NA
"D.J. Moore","WR","BUF",NA,NA,91,1228,NA,NA,8,9,59,NA,0,NA,267.7,NA,"16214","RTSports","13635",NA,NA,NA,NA,NA,NA,NA,NA,NA,NA,NA,NA,NA,NA,NA,NA,NA,NA,NA
"Luther Burden III","WR","CHI",NA,NA,90,1242,NA,NA,8,8,50,NA,0,NA,267.2,NA,"19121","RTSports","17070",NA,NA,NA,NA,NA,NA,NA,NA,NA,NA,NA,NA,NA,NA,NA,NA,NA,NA,NA
"Zay Flowers","WR","BAL",NA,NA,91,1271,NA,NA,7,9,55,NA,0,NA,265.6,NA,"18256","RTSports","16190",NA,NA,NA,NA,NA,NA,NA,NA,NA,NA,NA,NA,NA,NA,NA,NA,NA,NA,NA
"Garrett Wilson","WR","NYJ",NA,NA,100,1160,NA,NA,7,3,9,NA,0,NA,258.9,NA,"17880","RTSports","15753",NA,NA,NA,NA,NA,NA,NA,NA,NA,NA,NA,NA,NA,NA,NA,NA,NA,NA,NA
"Tetairoa McMillan","WR","CAR",NA,NA,89,1254,NA,NA,8,0,0,NA,0,NA,262.4,NA,"19120","RTSports","17071",NA,NA,NA,NA,NA,NA,NA,NA,NA,NA,NA,NA,NA,NA,NA,NA,NA,NA,NA
"Emeka Egbuka","WR","TB",NA,NA,86,1216,NA,NA,8,4,22,NA,0,NA,257.8,NA,"19122","RTSports","17081",NA,NA,NA,NA,NA,NA,NA,NA,NA,NA,NA,NA,NA,NA,NA,NA,NA,NA,NA
"Rashee Rice","WR","KC",NA,NA,92,1066,NA,NA,9,4,18,NA,0,NA,254.4,NA,"18252","RTSports","16194",NA,NA,NA,NA,NA,NA,NA,NA,NA,NA,NA,NA,NA,NA,NA,NA,NA,NA,NA
"DeVonta Smith","WR","PHI",NA,NA,89,1123,NA,NA,8,0,0,NA,0,NA,249.3,NA,"17371","RTSports","15282",NA,NA,NA,NA,NA,NA,NA,NA,NA,NA,NA,NA,NA,NA,NA,NA,NA,NA,NA
"Ladd McConkey","WR","LAC",NA,NA,88,1152,NA,NA,7,0,0,NA,0,NA,245.2,NA,"18626","RTSports","16627",NA,NA,NA,NA,NA,NA,NA,NA,NA,NA,NA,NA,NA,NA,NA,NA,NA,NA,NA
"Tee Higgins","WR","CIN",NA,NA,77,1078,NA,NA,10,0,0,NA,0,NA,244.8,NA,"16991","RTSports","14835",NA,NA,NA,NA,NA,NA,NA,NA,NA,NA,NA,NA,NA,NA,NA,NA,NA,NA,NA
"Wan'Dale Robinson","WR","TEN",NA,NA,101,1111,NA,NA,7,4,23,NA,0,NA,256.4,NA,"17893","RTSports","15757",NA,NA,NA,NA,NA,NA,NA,NA,NA,NA,NA,NA,NA,NA,NA,NA,NA,NA,NA
"Jaylen Waddle","WR","DEN",NA,NA,77,1039,NA,NA,7,3,20,NA,0,NA,224.9,NA,"17372","RTSports","15284",NA,NA,NA,NA,NA,NA,NA,NA,NA,NA,NA,NA,NA,NA,NA,NA,NA,NA,NA
"Jameson Williams","WR","DET",NA,NA,70,1190,NA,NA,8,7,60,NA,0,NA,243,NA,"17882","RTSports","15756",NA,NA,NA,NA,NA,NA,NA,NA,NA,NA,NA,NA,NA,NA,NA,NA,NA,NA,NA
"Rome Odunze","WR","CHI",NA,NA,78,1076,NA,NA,9,2,12,NA,0,NA,240.8,NA,"18623","RTSports","16616",NA,NA,NA,NA,NA,NA,NA,NA,NA,NA,NA,NA,NA,NA,NA,NA,NA,NA,NA
"Parker Washington","WR","JAX",NA,NA,81,1016,NA,NA,6,5,22,NA,0,NA,220.8,NA,"18251","RTSports","16192",NA,NA,NA,NA,NA,NA,NA,NA,NA,NA,NA,NA,NA,NA,NA,NA,NA,NA,NA
"Michael Wilson","WR","ARI",NA,NA,88,1144,NA,NA,7,0,0,NA,0,NA,244.4,NA,"18366","RTSports","16206",NA,NA,NA,NA,NA,NA,NA,NA,NA,NA,NA,NA,NA,NA,NA,NA,NA,NA,NA
"Courtland Sutton","WR","DEN",NA,NA,79,1106,NA,NA,8,0,0,NA,0,NA,237.6,NA,"16202","RTSports","13630",NA,NA,NA,NA,NA,NA,NA,NA,NA,NA,NA,NA,NA,NA,NA,NA,NA,NA,NA
"Terry McLaurin","WR","WAS",NA,NA,79,1106,NA,NA,7,0,0,NA,0,NA,231.6,NA,"16613","RTSports","14109",NA,NA,NA,NA,NA,NA,NA,NA,NA,NA,NA,NA,NA,NA,NA,NA,NA,NA,NA
"Chris Godwin","WR","TB",NA,NA,86,1071,NA,NA,7,0,0,NA,0,NA,235.1,NA,"15877","RTSports","13163",NA,NA,NA,NA,NA,NA,NA,NA,NA,NA,NA,NA,NA,NA,NA,NA,NA,NA,NA
"Carnell Tate","WR","TEN",NA,NA,76,1029,NA,NA,7,2,13,NA,0,NA,222.2,NA,"19532","RTSports","17497",NA,NA,NA,NA,NA,NA,NA,NA,NA,NA,NA,NA,NA,NA,NA,NA,NA,NA,NA
"D.K. Metcalf","WR","PIT",NA,NA,71,1022,NA,NA,8,1,6,NA,0,NA,221.8,NA,"16573","RTSports","14102",NA,NA,NA,NA,NA,NA,NA,NA,NA,NA,NA,NA,NA,NA,NA,NA,NA,NA,NA
"Davante Adams","WR","LAR",NA,NA,72,891,NA,NA,10,0,0,NA,0,NA,221.1,NA,"14708","RTSports","11675",NA,NA,NA,NA,NA,NA,NA,NA,NA,NA,NA,NA,NA,NA,NA,NA,NA,NA,NA
"Christian Watson","WR","GB",NA,NA,64,940,NA,NA,8,4,21,NA,0,NA,208.1,NA,"17944","RTSports","15789",NA,NA,NA,NA,NA,NA,NA,NA,NA,NA,NA,NA,NA,NA,NA,NA,NA,NA,NA
"Mike Evans","WR","SF",NA,NA,71,958,NA,NA,9,0,0,NA,0,NA,220.8,NA,"14699","RTSports","11671",NA,NA,NA,NA,NA,NA,NA,NA,NA,NA,NA,NA,NA,NA,NA,NA,NA,NA,NA
"Marvin Harrison Jr.","WR","ARI",NA,NA,73,1058,NA,NA,7,0,0,NA,0,NA,220.8,NA,"18621","RTSports","16614",NA,NA,NA,NA,NA,NA,NA,NA,NA,NA,NA,NA,NA,NA,NA,NA,NA,NA,NA
"Brian Thomas Jr.","WR","JAX",NA,NA,73,1014,NA,NA,8,4,29,NA,0,NA,225.3,NA,"18624","RTSports","16618",NA,NA,NA,NA,NA,NA,NA,NA,NA,NA,NA,NA,NA,NA,NA,NA,NA,NA,NA
"Quentin Johnston","WR","LAC",NA,NA,68,889,NA,NA,6,2,8,NA,0,NA,193.7,NA,"18247","RTSports","16188",NA,NA,NA,NA,NA,NA,NA,NA,NA,NA,NA,NA,NA,NA,NA,NA,NA,NA,NA
"Alec Pierce","WR","IND",NA,NA,57,1087,NA,NA,8,0,0,NA,0,NA,213.7,NA,"17891","RTSports","15768",NA,NA,NA,NA,NA,NA,NA,NA,NA,NA,NA,NA,NA,NA,NA,NA,NA,NA,NA
"Jordan Addison","WR","MIN",NA,NA,71,973,NA,NA,7,3,32,NA,0,NA,213.5,NA,"18248","RTSports","16186",NA,NA,NA,NA,NA,NA,NA,NA,NA,NA,NA,NA,NA,NA,NA,NA,NA,NA,NA
"Michael Pittman Jr.","WR","PIT",NA,NA,74,799,NA,NA,6,0,0,NA,0,NA,189.9,NA,"17021","RTSports","14842",NA,NA,NA,NA,NA,NA,NA,NA,NA,NA,NA,NA,NA,NA,NA,NA,NA,NA,NA
"Jayden Reed","WR","GB",NA,NA,69,932,NA,NA,7,8,71,NA,0,NA,211.3,NA,"18298","RTSports","16184",NA,NA,NA,NA,NA,NA,NA,NA,NA,NA,NA,NA,NA,NA,NA,NA,NA,NA,NA
"Jakobi Meyers","WR","JAX",NA,NA,73,933,NA,NA,6,4,17,NA,0,NA,204,NA,"16866","RTSports","14127",NA,NA,NA,NA,NA,NA,NA,NA,NA,NA,NA,NA,NA,NA,NA,NA,NA,NA,NA
"De'Zhaun Stribling","WR","SF",NA,NA,63,858,NA,NA,6,1,8,NA,0,NA,185.6,NA,"19563","RTSports","17514",NA,NA,NA,NA,NA,NA,NA,NA,NA,NA,NA,NA,NA,NA,NA,NA,NA,NA,NA
"Makai Lemon","WR","PHI",NA,NA,71,873,NA,NA,6,2,14,NA,0,NA,195.7,NA,"19533","RTSports","17499",NA,NA,NA,NA,NA,NA,NA,NA,NA,NA,NA,NA,NA,NA,NA,NA,NA,NA,NA
"Josh Downs","WR","IND",NA,NA,78,842,NA,NA,5,2,11,NA,0,NA,193.3,NA,"18250","RTSports","16187",NA,NA,NA,NA,NA,NA,NA,NA,NA,NA,NA,NA,NA,NA,NA,NA,NA,NA,NA
"Jordyn Tyson","WR","NO",NA,NA,77,985,NA,NA,7,3,16,NA,0,NA,219.1,NA,"19531","RTSports","17498",NA,NA,NA,NA,NA,NA,NA,NA,NA,NA,NA,NA,NA,NA,NA,NA,NA,NA,NA
"Romeo Doubs","WR","NE",NA,NA,72,864,NA,NA,6,0,0,NA,0,NA,194.4,NA,"17896","RTSports","15779",NA,NA,NA,NA,NA,NA,NA,NA,NA,NA,NA,NA,NA,NA,NA,NA,NA,NA,NA
"Stefon Diggs","WR","WAS",NA,NA,72,844,NA,NA,5,0,0,NA,0,NA,186.4,NA,"15111","RTSports","12186",NA,NA,NA,NA,NA,NA,NA,NA,NA,NA,NA,NA,NA,NA,NA,NA,NA,NA,NA
"KC Concepcion","WR","CLE",NA,NA,68,810,NA,NA,5,5,31,NA,0,NA,182.1,NA,"19535","RTSports","17501",NA,NA,NA,NA,NA,NA,NA,NA,NA,NA,NA,NA,NA,NA,NA,NA,NA,NA,NA
"Rashid Shaheed","WR","SEA",NA,NA,69,915,NA,NA,6,8,64,NA,0,NA,202.9,NA,"18208","RTSports","16080",NA,NA,NA,NA,NA,NA,NA,NA,NA,NA,NA,NA,NA,NA,NA,NA,NA,NA,NA
"Kayshon Boutte","WR","HOU",NA,NA,58,864,NA,NA,6,0,0,NA,0,NA,180.4,NA,"18291","RTSports","16193",NA,NA,NA,NA,NA,NA,NA,NA,NA,NA,NA,NA,NA,NA,NA,NA,NA,NA,NA
"Xavier Worthy","WR","KC",NA,NA,62,719,NA,NA,6,15,98,NA,0,NA,179.7,NA,"18632","RTSports","16620",NA,NA,NA,NA,NA,NA,NA,NA,NA,NA,NA,NA,NA,NA,NA,NA,NA,NA,NA
"Dontayvion Wicks","WR","PHI",NA,NA,35,431,NA,NA,3,1,5,NA,0,NA,96.6,NA,"18421","RTSports","16195",NA,NA,NA,NA,NA,NA,NA,NA,NA,NA,NA,NA,NA,NA,NA,NA,NA,NA,NA
"Jalen Coker","WR","CAR",NA,NA,61,786,NA,NA,5,0,0,NA,0,NA,169.6,NA,"18887","RTSports","16809",NA,NA,NA,NA,NA,NA,NA,NA,NA,NA,NA,NA,NA,NA,NA,NA,NA,NA,NA
"Matthew Golden","WR","GB",NA,NA,53,711,NA,NA,5,11,59,NA,0,NA,160,NA,"19126","RTSports","17075",NA,NA,NA,NA,NA,NA,NA,NA,NA,NA,NA,NA,NA,NA,NA,NA,NA,NA,NA
"Tre Tucker","WR","LV",NA,NA,49,622,NA,NA,4,10,57,NA,0,NA,140.9,NA,"18372","RTSports","16287",NA,NA,NA,NA,NA,NA,NA,NA,NA,NA,NA,NA,NA,NA,NA,NA,NA,NA,NA
"Deebo Samuel","WR","SF",NA,NA,69,789,NA,NA,5,15,81,NA,1,NA,192,NA,"16579","RTSports","14136",NA,NA,NA,NA,NA,NA,NA,NA,NA,NA,NA,NA,NA,NA,NA,NA,NA,NA,NA
"Omar Cooper Jr.","WR","NYJ",NA,NA,63,725,NA,NA,5,5,33,NA,0,NA,168.8,NA,"19539","RTSports","17502",NA,NA,NA,NA,NA,NA,NA,NA,NA,NA,NA,NA,NA,NA,NA,NA,NA,NA,NA
"Khalil Shakir","WR","BUF",NA,NA,70,735,NA,NA,4,1,6,NA,0,NA,168.1,NA,"17887","RTSports","15761",NA,NA,NA,NA,NA,NA,NA,NA,NA,NA,NA,NA,NA,NA,NA,NA,NA,NA,NA
"Jauan Jennings","WR","MIN",NA,NA,62,762,NA,NA,6,0,0,NA,0,NA,174.2,NA,"17032","RTSports","14860",NA,NA,NA,NA,NA,NA,NA,NA,NA,NA,NA,NA,NA,NA,NA,NA,NA,NA,NA
"Tre Harris","WR","LAC",NA,NA,59,705,NA,NA,6,3,16,NA,0,NA,167.1,NA,"19123","RTSports","17072",NA,NA,NA,NA,NA,NA,NA,NA,NA,NA,NA,NA,NA,NA,NA,NA,NA,NA,NA
"Adonai Mitchell","WR","NYJ",NA,NA,53,716,NA,NA,4,2,8,NA,0,NA,149.4,NA,"18629","RTSports","16626",NA,NA,NA,NA,NA,NA,NA,NA,NA,NA,NA,NA,NA,NA,NA,NA,NA,NA,NA
"Keenan Allen","WR","IND",NA,NA,49,510,NA,NA,3,0,0,NA,0,NA,118,NA,"14361","RTSports","11222",NA,NA,NA,NA,NA,NA,NA,NA,NA,NA,NA,NA,NA,NA,NA,NA,NA,NA,NA
"Denzel Boston","WR","CLE",NA,NA,59,706,NA,NA,5,0,0,NA,0,NA,159.6,NA,"19534","RTSports","17500",NA,NA,NA,NA,NA,NA,NA,NA,NA,NA,NA,NA,NA,NA,NA,NA,NA,NA,NA
"Jerry Jeudy","WR","CLE",NA,NA,61,884,NA,NA,5,0,0,NA,0,NA,179.4,NA,"16981","RTSports","14833",NA,NA,NA,NA,NA,NA,NA,NA,NA,NA,NA,NA,NA,NA,NA,NA,NA,NA,NA
"Jalen Nailor","WR","LV",NA,NA,61,829,NA,NA,5,2,12,NA,0,NA,175.1,NA,"18095","RTSports","15786",NA,NA,NA,NA,NA,NA,NA,NA,NA,NA,NA,NA,NA,NA,NA,NA,NA,NA,NA
"Jalen McMillan","WR","TB",NA,NA,48,603,NA,NA,3,5,37,NA,0,NA,130,NA,"18636","RTSports","16628",NA,NA,NA,NA,NA,NA,NA,NA,NA,NA,NA,NA,NA,NA,NA,NA,NA,NA,NA
"Zachariah Branch","WR","ATL",NA,NA,61,665,NA,NA,4,5,26,NA,0,NA,154.1,NA,"19545","RTSports","17507",NA,NA,NA,NA,NA,NA,NA,NA,NA,NA,NA,NA,NA,NA,NA,NA,NA,NA,NA
"Malik Washington","WR","MIA",NA,NA,62,596,NA,NA,3,12,73,NA,1,NA,152.9,NA,"18651","RTSports","16684",NA,NA,NA,NA,NA,NA,NA,NA,NA,NA,NA,NA,NA,NA,NA,NA,NA,NA,NA
"Pat Bryant","WR","DEN",NA,NA,39,488,NA,NA,3,0,0,NA,0,NA,105.8,NA,"19131","RTSports","17082",NA,NA,NA,NA,NA,NA,NA,NA,NA,NA,NA,NA,NA,NA,NA,NA,NA,NA,NA
"Calvin Ridley","WR","TEN",NA,NA,62,868,NA,NA,6,5,23,NA,0,NA,187.1,NA,"16206","RTSports","13629",NA,NA,NA,NA,NA,NA,NA,NA,NA,NA,NA,NA,NA,NA,NA,NA,NA,NA,NA
"Ja'Kobi Lane","WR","BAL",NA,NA,52,719,NA,NA,4,0,0,NA,0,NA,147.9,NA,"19540","RTSports","17517",NA,NA,NA,NA,NA,NA,NA,NA,NA,NA,NA,NA,NA,NA,NA,NA,NA,NA,NA
"Malachi Fields","WR","NYG",NA,NA,62,736,NA,NA,5,0,0,NA,0,NA,165.6,NA,"19548","RTSports","17511",NA,NA,NA,NA,NA,NA,NA,NA,NA,NA,NA,NA,NA,NA,NA,NA,NA,NA,NA
"Rashod Bateman","WR","BAL",NA,NA,33,452,NA,NA,2,0,0,NA,0,NA,90.2,NA,"17374","RTSports","15293",NA,NA,NA,NA,NA,NA,NA,NA,NA,NA,NA,NA,NA,NA,NA,NA,NA,NA,NA
"Jaylin Noel","WR","HOU",NA,NA,29,319,NA,NA,2,5,19,NA,0,NA,74.8,NA,"19173","RTSports","17080",NA,NA,NA,NA,NA,NA,NA,NA,NA,NA,NA,NA,NA,NA,NA,NA,NA,NA,NA
"Cyrus Allen","WR","KC",NA,NA,12,135,NA,NA,0,2,10,NA,0,NA,26.5,NA,"19762","RTSports","17518",NA,NA,NA,NA,NA,NA,NA,NA,NA,NA,NA,NA,NA,NA,NA,NA,NA,NA,NA
"Chris Bell","WR","MIA",NA,NA,42,533,NA,NA,2,0,0,NA,0,NA,107.3,NA,"19537","RTSports","17506",NA,NA,NA,NA,NA,NA,NA,NA,NA,NA,NA,NA,NA,NA,NA,NA,NA,NA,NA
"Ryan Flournoy","WR","DAL",NA,NA,33,380,NA,NA,2,3,18,NA,0,NA,84.8,NA,"18689","RTSports","16778",NA,NA,NA,NA,NA,NA,NA,NA,NA,NA,NA,NA,NA,NA,NA,NA,NA,NA,NA
"Devaughn Vele","WR","NO",NA,NA,59,684,NA,NA,4,0,0,NA,0,NA,151.4,NA,"18862","RTSports","16788",NA,NA,NA,NA,NA,NA,NA,NA,NA,NA,NA,NA,NA,NA,NA,NA,NA,NA,NA
"Jahan Dotson","WR","ATL",NA,NA,53,667,NA,NA,4,2,13,NA,0,NA,145,NA,"17884","RTSports","15755",NA,NA,NA,NA,NA,NA,NA,NA,NA,NA,NA,NA,NA,NA,NA,NA,NA,NA,NA
"Tank Dell","WR","HOU",NA,NA,43,588,NA,NA,4,8,42,NA,0,NA,130,NA,"18259","RTSports","16204",NA,NA,NA,NA,NA,NA,NA,NA,NA,NA,NA,NA,NA,NA,NA,NA,NA,NA,NA
"Caleb Douglas","WR","MIA",NA,NA,41,611,NA,NA,3,0,0,NA,0,NA,120.1,NA,"19559","RTSports","17599",NA,NA,NA,NA,NA,NA,NA,NA,NA,NA,NA,NA,NA,NA,NA,NA,NA,NA,NA
"Travis Hunter","WR","JAX",NA,NA,48,528,NA,NA,6,4,22,NA,0,NA,139,NA,"19150","RTSports","17074",NA,NA,NA,NA,NA,NA,NA,NA,NA,NA,NA,NA,NA,NA,NA,NA,NA,NA,NA
"Darnell Mooney","WR","NYG",NA,NA,51,665,NA,NA,3,1,5,NA,0,NA,136,NA,"17184","RTSports","14974",NA,NA,NA,NA,NA,NA,NA,NA,NA,NA,NA,NA,NA,NA,NA,NA,NA,NA,NA
"Antonio Williams","WR","WAS",NA,NA,53,619,NA,NA,3,3,18,NA,0,NA,134.7,NA,"19547","RTSports","17512",NA,NA,NA,NA,NA,NA,NA,NA,NA,NA,NA,NA,NA,NA,NA,NA,NA,NA,NA
"Germie Bernard","WR","PIT",NA,NA,52,633,NA,NA,3,0,0,NA,0,NA,133.3,NA,"19538","RTSports","17503",NA,NA,NA,NA,NA,NA,NA,NA,NA,NA,NA,NA,NA,NA,NA,NA,NA,NA,NA
"Isaac TeSlaa","WR","DET",NA,NA,35,506,NA,NA,5,0,0,NA,0,NA,115.6,NA,"19184","RTSports","17157",NA,NA,NA,NA,NA,NA,NA,NA,NA,NA,NA,NA,NA,NA,NA,NA,NA,NA,NA
"Jalen Tolbert","WR","MIA",NA,NA,61,732,NA,NA,5,0,0,NA,0,NA,164.2,NA,"17888","RTSports","15788",NA,NA,NA,NA,NA,NA,NA,NA,NA,NA,NA,NA,NA,NA,NA,NA,NA,NA,NA
"Jack Bech","WR","LV",NA,NA,43,494,NA,NA,3,0,0,NA,0,NA,110.4,NA,"19133","RTSports","17078",NA,NA,NA,NA,NA,NA,NA,NA,NA,NA,NA,NA,NA,NA,NA,NA,NA,NA,NA
"Xavier Legette","WR","CAR",NA,NA,43,439,NA,NA,3,3,13,NA,0,NA,106.2,NA,"18630","RTSports","16639",NA,NA,NA,NA,NA,NA,NA,NA,NA,NA,NA,NA,NA,NA,NA,NA,NA,NA,NA
"Keon Coleman","WR","BUF",NA,NA,42,509,NA,NA,3,0,0,NA,0,NA,110.9,NA,"18628","RTSports","16617",NA,NA,NA,NA,NA,NA,NA,NA,NA,NA,NA,NA,NA,NA,NA,NA,NA,NA,NA
"Ted Hurst","WR","TB",NA,NA,22,404,NA,NA,2,0,0,NA,0,NA,74.4,NA,"19553","RTSports","17520",NA,NA,NA,NA,NA,NA,NA,NA,NA,NA,NA,NA,NA,NA,NA,NA,NA,NA,NA
"Christian Kirk","WR","SF",NA,NA,48,592,NA,NA,3,0,0,NA,0,NA,125.2,NA,"16215","RTSports","13633",NA,NA,NA,NA,NA,NA,NA,NA,NA,NA,NA,NA,NA,NA,NA,NA,NA,NA,NA
"Kevin Coleman Jr.","WR","MIA",NA,NA,19,235,NA,NA,1,0,0,NA,0,NA,48.5,NA,"19557","RTSports","17528",NA,NA,NA,NA,NA,NA,NA,NA,NA,NA,NA,NA,NA,NA,NA,NA,NA,NA,NA
"Elic Ayomanor","WR","TEN",NA,NA,39,488,NA,NA,3,0,0,NA,0,NA,105.8,NA,"19127","RTSports","17073",NA,NA,NA,NA,NA,NA,NA,NA,NA,NA,NA,NA,NA,NA,NA,NA,NA,NA,NA
"Brandon Aiyuk","WR","SF",NA,NA,41,595,NA,NA,3,0,0,NA,0,NA,118.5,NA,"16995","RTSports","14840",NA,NA,NA,NA,NA,NA,NA,NA,NA,NA,NA,NA,NA,NA,NA,NA,NA,NA,NA
"Chimere Dike","WR","TEN",NA,NA,41,435,NA,NA,3,9,31,NA,0,NA,105.6,NA,"19177","RTSports","17171",NA,NA,NA,NA,NA,NA,NA,NA,NA,NA,NA,NA,NA,NA,NA,NA,NA,NA,NA
"Cooper Kupp","WR","SEA",NA,NA,41,505,NA,NA,2,1,6,NA,0,NA,104.1,NA,"15854","RTSports","13164",NA,NA,NA,NA,NA,NA,NA,NA,NA,NA,NA,NA,NA,NA,NA,NA,NA,NA,NA
"Puka Nacua","WR","LAR",NA,NA,117,1539,NA,NA,9,12.9,85,NA,1.3,1,281,NA,"23180","FantasyPros","16211",NA,NA,NA,NA,NA,NA,NA,NA,NA,NA,NA,NA,NA,NA,NA,NA,NA,NA,NA
"Ja'Marr Chase","WR","CIN",NA,NA,121.3,1511.4,NA,NA,10.6,3,17,NA,0,1,275.2,NA,"19788","FantasyPros","15281",NA,NA,NA,NA,NA,NA,NA,NA,NA,NA,NA,NA,NA,NA,NA,NA,NA,NA,NA
"Jaxon Smith-Njigba","WR","SEA",NA,NA,110.9,1565.9,NA,NA,9.5,5.5,30.4,NA,0.1,1.1,270.3,NA,"23070","FantasyPros","16185",NA,NA,NA,NA,NA,NA,NA,NA,NA,NA,NA,NA,NA,NA,NA,NA,NA,NA,NA
"Amon-Ra St. Brown","WR","DET",NA,NA,117.5,1391.1,NA,NA,10.5,3.1,11.8,NA,0,0.4,261.3,NA,"19799","FantasyPros","15287",NA,NA,NA,NA,NA,NA,NA,NA,NA,NA,NA,NA,NA,NA,NA,NA,NA,NA,NA
"Drake London","WR","ATL",NA,NA,98.4,1272.9,NA,NA,8.8,0,0,NA,0,1,227.1,NA,"23163","FantasyPros","15751",NA,NA,NA,NA,NA,NA,NA,NA,NA,NA,NA,NA,NA,NA,NA,NA,NA,NA,NA
"CeeDee Lamb","WR","DAL",NA,NA,97.2,1294.6,NA,NA,7.5,2.4,12.6,NA,0,0.3,224,NA,"19202","FantasyPros","14832",NA,NA,NA,NA,NA,NA,NA,NA,NA,NA,NA,NA,NA,NA,NA,NA,NA,NA,NA
"Justin Jefferson","WR","MIN",NA,NA,99.2,1311.8,NA,NA,7.1,1.3,5.6,NA,0,0.3,223.7,NA,"19236","FantasyPros","14836",NA,NA,NA,NA,NA,NA,NA,NA,NA,NA,NA,NA,NA,NA,NA,NA,NA,NA,NA
"Rashee Rice","WR","KC",NA,NA,96.5,1069.2,NA,NA,9.6,5.8,25.9,NA,0.9,0.6,219.2,NA,"23113","FantasyPros","16194",NA,NA,NA,NA,NA,NA,NA,NA,NA,NA,NA,NA,NA,NA,NA,NA,NA,NA,NA
"Chris Olave","WR","NO",NA,NA,95.7,1195.7,NA,NA,8.2,0.3,0,NA,0,0.3,216,NA,"20111","FantasyPros","15754",NA,NA,NA,NA,NA,NA,NA,NA,NA,NA,NA,NA,NA,NA,NA,NA,NA,NA,NA
"A.J. Brown","WR","NE",NA,NA,87.7,1234.8,NA,NA,7.7,0,0,NA,0,0.3,212.9,NA,"18218","FantasyPros","14104",NA,NA,NA,NA,NA,NA,NA,NA,NA,NA,NA,NA,NA,NA,NA,NA,NA,NA,NA
