avg_type,id,pos,points,sd_pts,sd_pts_imputed,dropoff,floor,ceiling,points_vor,floor_vor,ceiling_vor,rank,floor_rank,ceiling_rank,pos_rank,tier,points_vor_flex,flex_rank,first_name,last_name,team,position,age,exp,overall_ecr,pos_ecr,sd_ecr,adp,adp_source,adp_ffa,adp_sd,adp_sd_source,adp_sd_ffa,adp_diff,aav,aav_sd,pid,adp_tsv,min_pick,max_pick,n_picks
average,13589,QB,376.164571428571,12.1101789534967,FALSE,41.084,367.754,395.58,61.3965714285714,71.086,57.9520000000001,9,6,10,1,1,NA,NA,Josh,Allen,BUF,QB,30,2,28.72,1.01,0.1,32.45,ADP.tsv,18.804,9.1527,ADP.tsv,8.50155891586949,-9.804,38.215,11.6786418302815,16074,32.45,10,63,340
average,13593,QB,335.080571428571,17.2081260151238,FALSE,4.3017142857143,320.6166,360.522,20.3125714285714,23.9486,22.8939999999999,29,23,29,2,1,NA,NA,Lamar,Jackson,BAL,QB,29,2,38.18,2.46,0.93,64.42,ADP.tsv,41.516,18.8234,ADP.tsv,11.2351886499515,-12.516,25.535,10.5414740430359,16081,64.42,5,114,340
average,16581,QB,330.778857142857,14.6689512398191,FALSE,1.69314285714285,317.2398,352.258,16.0108571428571,20.5718,14.6300000000001,33,27,36,3,1,NA,NA,Jayden,Daniels,WAS,QB,26,-4,61.59,6.15,2.34,90.82,ADP.tsv,63.814,26.5946,ADP.tsv,9.05596952291691,-30.814,11.924,4.85648926694994,21126,90.82,10,164,340
average,16580,QB,329.085714285714,17.2625402313244,FALSE,1.3857142857143,316.086,356.354,14.3177142857143,19.418,18.726,37,29,32,4,1,NA,NA,Drake,Maye,NEP,QB,24,-4,43.17,3.26,1.07,65.89,ADP.tsv,49.336,16.2330,ADP.tsv,11.3171950588474,-12.336,16.3745,6.65413035264564,21125,65.89,7,101,340
average,14783,QB,327.7,13.4170724576315,FALSE,6.63114285714283,315.509,346.75,12.932,18.841,9.12200000000001,38,30,43,5,1,NA,NA,Jalen,Hurts,PHI,QB,28,0,60.14,5.82,1.67,97.58,ADP.tsv,64.948,25.5584,ADP.tsv,11.4598593359605,-26.948,14.2755,7.73959822923645,17999,97.58,8,156,340
average,14777,QB,321.068857142857,16.6915007456746,FALSE,2.69285714285718,308.8408,346.299,6.30085714285713,12.1728,8.67099999999999,44,41,45,6,2,NA,NA,Joe,Burrow,CIN,QB,30,0,50.19,4.54,1.36,62.41,ADP.tsv,50.276,17.6146,ADP.tsv,11.57095778231,-6.276,16.6755,8.58697739312268,17968,62.41,6,108,340
average,16579,QB,318.376,23.3139074374074,FALSE,0.839999999999975,292.372,342.648,3.60799999999995,-4.29599999999999,5.02000000000004,51,72,56,7,2,NA,NA,Caleb,Williams,CHI,QB,25,-4,67.54,7.04,1.71,81.56,ADP.tsv,73.936,21.2411,ADP.tsv,14.3032871746323,-22.936,9.893,6.27882369556592,21124,81.56,19,142,340
average,17032,QB,317.536,14.9033712069898,FALSE,1.19457142857141,302.878,339.266,2.76799999999997,6.20999999999998,1.63799999999998,53,48,59,8,2,NA,NA,Jaxson,Dart,NYG,QB,23,-5,99.71,13.32,2.88,123.84,ADP.tsv,104.216,28.8396,ADP.tsv,13.6040708613268,-51.216,6.534,3.19131132921876,22087,123.84,22,189,340
average,15237,QB,316.341428571429,18.2665974103658,FALSE,1.57342857142856,297.266,340.227,1.57342857142856,0.597999999999956,2.59899999999999,56,60,57,9,2,NA,NA,Trevor,Lawrence,JAC,QB,27,-1,77.14,8.99,2.02,91.97,ADP.tsv,82.202,21.0684,ADP.tsv,9.86450282578904,-26.202,8.4075,5.67389361461775,18779,91.97,14,136,340
average,14779,QB,314.768,20.3727396292202,FALSE,0.636000000000024,295.304,336.728,0,-1.36399999999998,-0.89999999999992,61,66,63,10,2,NA,NA,Justin,Herbert,LAC,QB,28,0,73.21,8.22,2.16,90.85,ADP.tsv,84.478,22.6226,ADP.tsv,17.1541381596395,-23.478,9.7215,6.92113767743425,17976,90.85,13,144,340
average,16582,QB,314.132,22.2582056779067,FALSE,0.440571428571445,288.956,337.628,-0.636000000000024,-7.71199999999999,0,62,80,61,11,2,NA,NA,Bo,Nix,DEN,QB,26,-4,99.2,12.7,1.99,120.87,ADP.tsv,104.464,25.3857,ADP.tsv,16.9150496304327,-42.464,6.619,5.18172201106929,20299,120.87,26,173,340
average,12620,QB,313.691428571429,15.2707066291112,FALSE,3.07142857142856,298.542,333.014,-1.07657142857147,1.87400000000002,-4.61399999999998,64,57,66,12,2,NA,NA,Dak,Prescott,DAL,QB,33,4,79,9.27,2.04,91.12,ADP.tsv,69.506,21.0684,ADP.tsv,14.1156956612134,-5.506,10.8345,7.62190860283696,14553,91.12,15,137,340
average,13116,QB,310.62,14.4340985170533,FALSE,1.53571428571428,295.34,328.332,-4.14800000000002,-1.32799999999997,-9.29599999999999,69,65,78,13,2,NA,NA,Patrick,Mahomes,KCC,QB,31,3,104.44,14.13,2.41,125.26,ADP.tsv,102.016,24.8676,ADP.tsv,16.5771536760688,-33.016,8.8555,8.95422027593693,15234,125.26,35,179,340
average,15698,QB,309.084285714286,11.63802225057,FALSE,3.78428571428572,296.668,326.078,-5.6837142857143,0,-11.55,70,61,84,14,2,NA,NA,Brock,Purdy,SFO,QB,27,-2,97.17,12.37,2.15,115.37,ADP.tsv,96.854,24.1769,ADP.tsv,16.2051826277892,-26.854,5.566,4.44829270619639,19742,115.37,23,163,340
average,9431,QB,305.3,19.7901288525366,FALSE,1.94400000000002,287.44,331.156,-9.46800000000002,-9.22800000000001,-6.47199999999992,80,84,70,15,2,NA,NA,Matthew,Stafford,LAR,QB,38,11,108.78,15.18,2.45,107.61,ADP.tsv,89.128,25.2130,ADP.tsv,25.005051009746,-9.128,8.1635,6.88075553627652,7697,107.61,20,166,340
average,12611,QB,303.356,20.8295050349258,FALSE,3.27999999999997,282.088,328.052,-11.412,-14.58,-9.57600000000002,85,100,79,16,3,NA,NA,Jared,Goff,DET,QB,32,4,107.08,14.7,2.48,113.84,ADP.tsv,104.744,24.8676,ADP.tsv,14.7466723025908,-19.744,5.928,5.82166230556188,14748,113.84,18,162,340
average,14056,QB,300.076,17.9131203311986,FALSE,2.74799999999999,287.78,324.344,-14.692,-8.88800000000003,-13.284,92,82,93,17,3,NA,NA,Kyler,Murray,MIN,QB,29,1,118.44,16.82,2.44,138.79,ADP.tsv,126.354,27.2853,ADP.tsv,17.3364432338355,-34.354,5.333,5.24816034434925,17009,138.79,45,203,340
average,13590,QB,297.328,23.8331894634352,FALSE,2.78000000000003,271.232,319.048,-17.44,-25.436,-18.58,106,129,108,18,3,NA,NA,Baker,Mayfield,TBB,QB,31,2,124.4,18.6,1.89,136.19,ADP.tsv,127.662,28.6669,ADP.tsv,15.4383138975731,-21.662,4.3575,4.63970028665646,16069,136.19,36,202,340
average,17039,QB,294.548,18.4552572455655,FALSE,8.47199999999998,274.036,316.744,-20.22,-22.632,-20.884,117,122,118,19,3,NA,NA,Tyler,Shough,NOS,QB,27,-5,131.18,19.62,1.88,146.06,ADP.tsv,138.36,29.5303,ADP.tsv,14.4729913977726,-21.36,3.005,2.50760343754749,22220,146.06,41,212,340
average,14782,QB,286.076,13.4580340317596,FALSE,6.76400000000001,277.408,304.684,-28.692,-19.26,-32.944,139,113,156,20,4,NA,NA,Jordan,Love,GBP,QB,28,0,121.61,17.8,2.24,140.26,ADP.tsv,132.85,29.3576,ADP.tsv,18.1987450116759,6.15000000000001,4.8235,4.64912429926325,17997,140.26,48,218,340
average,15694,QB,279.312,20.3205344417906,FALSE,4.476,253.316,299.136,-35.456,-43.352,-38.492,154,164,168,21,4,NA,NA,Malik,Willis,MIA,QB,27,-2,139.55,20.15,2.75,159.74,ADP.tsv,145.996,29.9036,ADP.tsv,18.4941099812886,8.00399999999999,4.207,5.09276614424813,19458,159.74,52,225,337
average,13592,QB,274.836,16.0098182375691,FALSE,0.560000000000002,256.604,293.648,-39.932,-40.064,-43.98,167,160,176,22,4,NA,NA,Sam,Darnold,SEA,QB,29,2,148.42,22.49,1.55,169.52,ADP.tsv,141.596,31.3659,ADP.tsv,19.508577190559,25.404,3.78,4.26337894163772,16077,169.52,56,237,329
average,16150,QB,274.276,24.4522530659242,FALSE,15.128,248.192,303.076,-40.492,-48.476,-34.552,168,172,160,23,5,NA,NA,C.J.,Stroud,HOU,QB,25,-3,154.76,23.22,1.41,202.54,ADP.tsv,146.094,31.7960,ADP.tsv,22.0244950906939,21.906,3.031,3.46174565790152,20280,202.54,62,240,248
average,16148,QB,259.148,14.1230846489002,FALSE,13.484,248.144,275.26,-55.62,-48.524,-62.368,192,173,211,24,6,NA,NA,Bryce,Young,CAR,QB,25,-3,189.08,26.05,1.29,236.33,ADP.tsv,123.085,37.9855,ADP.tsv,1.685,68.915,3.00933333333333,2.93542289211547,20281,236.33,66,267,150
average,12616,QB,245.664,37.2696079936454,FALSE,4.64000000000001,206.884,292.6,-69.104,-89.784,-45.028,212,234,178,25,6,NA,NA,Jacoby,Brissett,ARI,QB,34,4,217.02,27.2,1.8,229.82,ADP.tsv,157.83,34.8413,ADP.tsv,28.27,54.17,3.48933333333333,4.02557998581847,14802,229.82,67,255,178
average,14059,QB,241.024,74.1658646548397,FALSE,2.25999999999999,139.376,284.884,-73.744,-157.292,-52.744,218,443,193,26,6,NA,NA,Daniel,Jones,IND,QB,29,1,157.68,23.37,1.82,181.52,ADP.tsv,148.918,31.3579,ADP.tsv,22.1555125420289,69.082,3.5905,4.06637316905372,17008,181.52,60,240,313
average,17030,QB,238.764,14.2361329018804,FALSE,2.708,228.42,258.328,-76.004,-68.248,-79.3,223,201,231,27,6,NA,NA,Cam,Ward,TEN,QB,24,-5,172.67,25.06,1.61,218.16,ADP.tsv,125.85,32.8769,ADP.tsv,1.75,97.15,1.875,1.71955662890176,20310,218.16,70,251,213
average,11150,QB,236.056,15.1312616790537,FALSE,3.196,219.036,252.776,-78.712,-77.632,-84.852,226,215,241,28,7,NA,NA,Geno,Smith,NYJ,QB,36,7,243.75,28.68,1.35,247.99,ADP.tsv,143.46,37.3455,ADP.tsv,NA,82.54,3.904,3.704,11818,247.99,71,265,128
average,7836,QB,232.86,12.252575239516,FALSE,40.688,216.752,243.496,-81.908,-79.916,-94.132,231,219,259,29,8,NA,NA,Aaron,Rodgers,PIT,QB,43,15,229.48,27.95,1.86,244.67,ADP.tsv,128.075,37.1457,ADP.tsv,12.175,102.925,3.304,3.43488456865729,5712,244.67,68,262,134
average,17462,QB,192.172,28.8851608962111,FALSE,41.592,157.672,224.5,-122.596,-138.996,-113.128,336,388,294,30,9,NA,NA,Fernando,Mendoza,LVR,QB,23,-6,270.08,30.7,2.38,255.8,ADP.tsv,129.365,29.0703,ADP.tsv,10.765,206.635,4.61333333333333,5.40829815088711,22928,255.8,124,272,108
average,14778,QB,150.58,43.7145719411731,FALSE,12.908,111.412,207.732,-164.188,-185.256,-129.896,447,535,344,31,9,NA,NA,Tua,Tagovailoa,ATL,QB,28,0,288.81,32.28,2.15,268.92,ADP.tsv,170.36,53.7472,ADP.tsv,NA,276.64,3.614,3.514,17975,268.92,87,352,83
average,13113,QB,137.672,68.4131633532612,FALSE,25.596,69.256,216.28,-177.096,-227.412,-121.348,478,536,315,32,10,NA,NA,Deshaun,Watson,CLE,QB,31,3,297.29,33.32,2.26,275.42,ADP.tsv,168.07,50.5779,ADP.tsv,NA,309.93,3.242,3.142,15231,275.42,104,353,82
average,17031,QB,112.076,43.8417435784664,FALSE,6.236,54.192,150.296,-202.692,-242.476,-187.332,536,538,468,33,10,NA,NA,Shedeur,Sanders,CLE,QB,24,-5,302.56,33.64,1.67,276.36,ADP.tsv,173.75,38.2826,ADP.tsv,NA,362.25,1.142,1.042,22056,276.36,159,346,77
average,16583,QB,105.84,39.5105226490362,FALSE,44.348,68.152,157.488,-208.928,-228.516,-180.14,538,537,450,34,11,NA,NA,Michael,Penix Jr.,ATL,QB,26,-4,289.08,32.03,2.09,269.41,ADP.tsv,173.7,46.0406,ADP.tsv,NA,364.3,2.22,2.22,20298,269.41,105,333,86
average,10700,QB,61.492,35.2122751324023,FALSE,15.4053333333333,42.188,109.644,-253.276,-254.48,-227.984,539,539,537,35,12,NA,NA,Kirk,Cousins,LVR,QB,38,8,296.53,32.73,2.03,267.77,ADP.tsv,170.64,36.8493,ADP.tsv,NA,368.36,3.242,3.142,10974,267.77,148,331,88
average,12141,QB,46.0866666666667,18.101959378292,FALSE,1.54,28.228,57.874,-268.681333333333,-268.44,-279.754,540,541,543,36,12,NA,NA,Marcus,Mariota,WAS,QB,33,5,407.62,43.41,4.19,284.86,ADP.tsv,NA,18.0834,ADP.tsv,NA,NA,NA,NA,13530,284.86,286,360,21
average,17035,QB,44.5466666666667,26.7620352987835,FALSE,1.09999999999999,20.796,68.946,-270.221333333333,-275.872,-268.682,541,543,541,37,12,NA,NA,Riley,Leonard,IND,QB,24,-5,510.83,54.8,11.57,281.29,ADP.tsv,NA,19.5649,ADP.tsv,NA,NA,NA,NA,22084,281.29,305,357,2
average,16586,QB,43.4466666666667,43.7150286896089,FALSE,5.37066666666667,12.596,86.468,-271.321333333333,-284.072,-251.16,542,546,539,38,12,NA,NA,Spencer,Rattler,NOS,QB,26,-4,573.75,55.8,6.45,282.36,ADP.tsv,NA,13.7007,ADP.tsv,NA,NA,NA,NA,21413,282.36,310,358,8
average,16584,QB,38.076,37.1798908013458,FALSE,7.426,9.516,84.784,-276.692,-287.152,-252.844,543,562,540,39,13,NA,NA,J.J.,McCarthy,MIN,QB,23,-4,346.24,38.67,4.38,284.86,ADP.tsv,NA,54.7598,ADP.tsv,NA,NA,0,NA,21150,284.86,123,359,30
average,17466,QB,30.65,0.410121933088196,FALSE,0.0899999999999963,30.389,30.911,-284.118,-266.279,-306.717,544,540,554,40,13,NA,NA,Carson,Beck,ARI,QB,25,-6,334.77,37,4.03,286.1,ADP.tsv,NA,26.0424,ADP.tsv,NA,NA,4.44,4.44,23003,286.1,232,357,67
average,13595,QB,30.56,26.8093491155604,FALSE,1.848,11.934,56.97,-284.208,-284.734,-280.658,545,551,544,41,13,NA,NA,Mason,Rudolph,PIT,QB,31,2,583.5,63.6,9.29,281.68,ADP.tsv,NA,14.6074,ADP.tsv,NA,NA,NA,NA,16080,281.68,315,360,4
average,15238,QB,28.712,25.3263206960664,FALSE,0.402000000000001,10.556,62.616,-286.056,-286.112,-275.012,546,558,542,42,13,NA,NA,Justin,Fields,KCC,QB,27,-1,348.3,39.54,3.16,287.3,ADP.tsv,NA,22.8190,ADP.tsv,NA,NA,1.428,1.428,18783,287.3,253,359,52
average,17037,QB,28.31,35.2280598387138,FALSE,1.385,5.891,50.729,-286.458,-290.777,-286.899,547,573,547,43,13,NA,NA,Dillon,Gabriel,CLE,QB,26,-5,589.5,60.56,11.78,,,NA,,,NA,NA,NA,NA,,,,,
average,9064,QB,26.925,20.7422684391076,FALSE,1.137,8.574,45.563,-287.843,-288.094,-292.065,548,567,550,44,13,NA,NA,Joe,Flacco,CIN,QB,41,12,391.11,40.91,2.47,286.77,ADP.tsv,NA,37.5352,ADP.tsv,NA,NA,3.624,3.624,7090,286.77,187,360,49
average,15241,QB,25.788,21.95324850677,FALSE,0.661333333333335,8.376,51.368,-288.98,-288.292,-286.26,549,568,546,45,13,NA,NA,Mac,Jones,SFO,QB,28,-1,357.64,38.96,3.32,287.65,ADP.tsv,NA,30.9842,ADP.tsv,NA,NA,2.58,2.58,18800,287.65,211,360,68
average,10413,QB,25.1266666666667,17.9797256189669,FALSE,0.91333333333333,12.654,42.84,-289.641333333333,-284.014,-294.788,550,545,551,46,13,NA,NA,Tyrod,Taylor,GBP,QB,37,9,517.4,47.25,3.53,282.54,ADP.tsv,NA,22.6554,ADP.tsv,NA,NA,NA,NA,10144,282.54,275,356,9
average,17034,QB,24.2133333333333,22.0568205626589,FALSE,0.189333333333334,11.24,45.89,-290.554666666667,-285.428,-291.738,551,553,549,47,13,NA,NA,Quinn,Ewers,JAC,QB,23,-5,530,52.94,6.08,281.43,ADP.tsv,NA,2.6337,ADP.tsv,NA,NA,NA,NA,22070,281.43,350,357,2
average,12140,QB,24.024,23.0404400999634,FALSE,0.734000000000002,7.96,55.664,-290.744,-288.708,-281.964,552,569,545,48,13,NA,NA,Jameis,Winston,NYG,QB,32,5,405.33,41.94,4.29,289.91,ADP.tsv,NA,20.1618,ADP.tsv,NA,NA,1.392,1.392,13529,289.91,265,360,58
average,15252,QB,23.29,20.9544553734999,FALSE,1.20333333333333,12.249,48.583,-291.478,-284.419,-289.045,553,550,548,49,13,NA,NA,Davis,Mills,HOU,QB,28,-1,520,50.95,6.69,284.44,ADP.tsv,NA,15.7574,ADP.tsv,NA,NA,NA,NA,18922,284.44,297,360,18
average,14067,QB,22.0866666666667,9.34326138633258,FALSE,0.146666666666665,12.984,29.22,-292.681333333333,-283.684,-308.408,554,544,556,50,13,NA,NA,Gardner,Minshew,ARI,QB,30,1,540.4,52.71,10.37,282.66,ADP.tsv,NA,11.1879,ADP.tsv,NA,NA,NA,NA,17025,282.66,316,356,9
average,14358,QB,21.94,2.1940,TRUE,3.28,21.94,21.94,-292.828,-274.728,-315.688,555,542,558,51,13,NA,NA,Jake,Browning,FA,QB,30,1,472.4,60.8,17.45,281.44,ADP.tsv,NA,0.0000,ADP.tsv,NA,NA,NA,NA,17450,281.44,355,355,2
average,15692,QB,18.66,13.6153883528895,FALSE,0.233333333333331,10.64,32.042,-296.108,-286.028,-305.586,556,557,553,52,13,NA,NA,Kenny,Pickett,CAR,QB,28,-2,557.33,64.4,5.59,281.92,ADP.tsv,NA,19.8319,ADP.tsv,NA,NA,NA,NA,19442,281.92,284,350,6
average,17463,QB,18.4266666666667,15.359092855157,FALSE,0.560000000000002,9.384,33.522,-296.341333333333,-287.284,-304.106,557,563,552,53,14,NA,NA,Ty,Simpson,LAR,QB,24,-6,376.41,41.19,3.65,286.69,ADP.tsv,NA,30.4681,ADP.tsv,NA,NA,4.764,4.764,22936,286.69,222,360,43
average,14789,QB,17.8666666666667,6.39754119434438,FALSE,0.506666666666668,12.58,23.956,-296.901333333333,-284.088,-313.672,558,547,557,54,14,NA,NA,Tyler,Huntley,BAL,QB,28,0,537,55.46,3,283.73,ADP.tsv,NA,22.5105,ADP.tsv,NA,NA,NA,NA,18624,283.73,270,360,18
average,16152,QB,17.36,12.2077188696333,FALSE,2.03,8.786,29.378,-297.408,-287.882,-308.25,559,565,555,55,14,NA,NA,Anthony,Richardson,IND,QB,24,-3,382.35,42.28,6.99,284.46,ADP.tsv,NA,25.7248,ADP.tsv,NA,NA,2.208,NA,20294,284.46,254,360,22
average,12610,QB,15.33,4.62447834896002,FALSE,1.24333333333333,12.387,18.273,-299.438,-284.281,-319.355,560,548,561,56,14,NA,NA,Carson,Wentz,MIN,QB,34,4,572.33,61.27,11.79,281.62,ADP.tsv,NA,7.5727,ADP.tsv,NA,NA,NA,NA,14911,281.62,337,359,3
average,10313,QB,14.0866666666667,3.74562856318313,FALSE,0.833333333333336,10.434,16.932,-300.681333333333,-286.234,-320.696,561,559,562,57,14,NA,NA,Andy,Dalton,PHI,QB,39,9,580.75,64.82,6.64,281.64,ADP.tsv,NA,3.7864,ADP.tsv,NA,NA,NA,NA,9994,281.64,347,358,3
average,15240,QB,13.2533333333333,2.61230421913937,FALSE,0.306666666666665,11.06,15.722,-301.514666666667,-285.608,-321.906,562,556,563,58,14,NA,NA,Trey,Lance,LAC,QB,26,-1,532.4,53.93,10.66,282.96,ADP.tsv,NA,6.5942,ADP.tsv,NA,NA,NA,NA,18799,282.96,333,357,10
average,17467,QB,12.9466666666667,7.03716799098425,FALSE,0.666666666666666,8.578,19.882,-301.821333333333,-288.09,-317.746,563,566,560,59,14,NA,NA,Cade,Klubnik,NYJ,QB,23,-6,406.31,43.72,6.2,282.36,ADP.tsv,NA,21.9783,ADP.tsv,NA,NA,4.656,NA,23104,282.36,282,359,8
average,16585,QB,12.28,1.2280,TRUE,0.620000000000001,12.28,12.28,-302.488,-284.388,-325.348,564,549,566,60,14,NA,NA,Joe,Milton,DAL,QB,26,-4,465,50.83,9.88,283.1,ADP.tsv,NA,13.6856,ADP.tsv,NA,NA,NA,NA,21408,283.1,305,357,13
average,14063,QB,11.66,1.1660,TRUE,0.26,11.66,11.66,-303.108,-285.008,-325.968,565,552,569,61,14,NA,NA,Jarrett,Stidham,DEN,QB,30,1,569.25,58.08,4.87,282.16,ADP.tsv,NA,4.8077,ADP.tsv,NA,NA,NA,NA,17022,282.16,339,355,6
average,15702,QB,11.4,9.49618870916117,FALSE,0.26,3.092,20.156,-303.368,-293.576,-317.472,566,576,559,62,14,NA,NA,Tanner,McKee,PHI,QB,26,-3,575,67.4,7,,,NA,,,NA,NA,NA,NA,,,,,
average,17036,QB,11.14,1.1140,TRUE,0.0600000000000005,11.14,11.14,-303.628,-285.528,-326.488,567,554,571,63,14,NA,NA,Will,Howard,PIT,QB,25,-5,585.33,75.57,7.89,281.18,ADP.tsv,NA,0.0000,ADP.tsv,NA,NA,NA,NA,22376,281.18,342,342,1
average,11760,QB,11.08,1.1080,TRUE,0.68,11.08,11.08,-303.688,-285.588,-326.548,568,555,572,64,14,NA,NA,Jimmy,Garoppolo,LAR,QB,35,6,565.5,67.6,9.46,,,NA,,,NA,NA,NA,NA,,,,,
average,16153,QB,10.4,1.0400,TRUE,0.513333333333334,10.4,10.4,-304.368,-286.268,-327.228,569,560,574,65,14,NA,NA,Stetson,Bennett,LAR,QB,29,-3,558,68,14.23,282.47,ADP.tsv,NA,8.1823,ADP.tsv,NA,NA,NA,NA,20479,282.47,332,360,7
average,16384,QB,9.88666666666667,3.77964724985459,FALSE,0.246666666666666,6.158,12.332,-304.881333333333,-290.51,-325.296,570,572,565,66,14,NA,NA,Tyson,Bagent,CHI,QB,26,-3,532.2,52.63,9.51,284.25,ADP.tsv,NA,39.3435,ADP.tsv,NA,NA,NA,NA,20814,284.25,198,359,21
average,16159,QB,9.64,0.9640,TRUE,0.23,9.64,9.64,-305.128,-287.028,-327.988,571,561,575,67,14,NA,NA,Aidan,O'Connell,LVR,QB,28,-3,618.25,85.86,6.6,,,NA,,,NA,NA,NA,NA,,,,,
average,14057,QB,9.41,2.89913780286485,FALSE,0.210000000000001,7.565,11.255,-305.358,-289.103,-326.373,572,570,570,68,14,NA,NA,Drew,Lock,SEA,QB,30,1,563.67,67.43,8.21,281.72,ADP.tsv,NA,11.3613,ADP.tsv,NA,NA,NA,NA,17012,281.72,324,359,4
average,17654,QB,9.2,0.9200,TRUE,0.93,9.2,9.2,-305.568,-287.468,-328.428,573,564,578,69,14,NA,NA,Cole,Payton,PHI,QB,24,-6,617.5,86.2,6.55,,,NA,,,NA,NA,NA,NA,,,,,
average,13115,QB,8.27,4.96780300199864,FALSE,0.0599999999999987,2.462,12.51,-306.498,-294.206,-325.118,574,577,564,70,14,NA,NA,Mitchell,Trubisky,TEN,QB,32,3,556.25,61,5.87,281.44,ADP.tsv,NA,1.1287,ADP.tsv,NA,NA,NA,NA,15223,281.44,354,357,2
average,16441,QB,8.21,5.95383909759073,FALSE,0.23,4.421,11.999,-306.558,-292.247,-325.629,575,574,567,71,14,NA,NA,Tommy,DeVito,NEP,QB,28,-3,577.75,65.5,11.47,283.78,ADP.tsv,NA,7.0224,ADP.tsv,NA,NA,NA,NA,20845,283.78,333,360,14
average,13119,QB,7.98,6.06141897578447,FALSE,0.640000000000001,2,11.972,-306.788,-294.668,-325.656,576,578,568,72,14,NA,NA,Joshua,Dobbs,DET,QB,31,3,534.4,65.88,9.53,282.18,ADP.tsv,NA,29.5149,ADP.tsv,NA,NA,NA,NA,15357,282.18,259,360,7
average,15693,QB,7.34,0.7340,TRUE,0.866666666666667,7.34,7.34,-307.428,-289.328,-330.288,577,571,580,73,14,NA,NA,Sam,Howell,DAL,QB,26,-2,574.75,62.91,6.44,281.81,ADP.tsv,NA,6.8168,ADP.tsv,NA,NA,NA,NA,19449,281.81,335,356,4
average,13879,QB,6.47333333333333,5.32572373798466,FALSE,1.25333333333333,1.29,10.56,-308.294666666667,-295.378,-327.068,578,580,573,74,14,NA,NA,Kyle,Allen,BUF,QB,30,2,564,64,13.5,283.14,ADP.tsv,NA,10.5274,ADP.tsv,NA,NA,NA,NA,16562,283.14,313,353,13
average,17469,QB,5.22,6.47709811566878,FALSE,0.19,1.098,9.342,-309.548,-295.57,-328.286,579,581,577,75,14,NA,NA,Jalon,Daniels,TBB,QB,24,-6,548.33,58.43,7.09,90.82,ADP.tsv,NA,26.5946,ADP.tsv,NA,NA,NA,NA,21126,90.82,10,164,340
average,17033,QB,5.03,5.55785930012626,FALSE,0.0200000000000005,1.493,8.567,-309.738,-295.175,-329.061,580,579,579,76,14,NA,NA,Jalen,Milroe,SEA,QB,24,-5,514.4,55,7.77,281.19,ADP.tsv,NA,0.0000,ADP.tsv,NA,NA,NA,NA,22064,281.19,344,344,1
average,17040,QB,5.01,6.85893577750951,FALSE,0.79,0.645,9.375,-309.758,-296.023,-328.253,581,584,576,77,14,NA,NA,Brady,Cook,MIA,QB,25,-5,583,77,6.41,,,NA,,,NA,NA,NA,NA,,,,,
average,13124,QB,4.22,0.4220,TRUE,0.225,4.22,4.22,-310.548,-292.448,-333.408,582,575,582,78,14,NA,NA,Cooper,Rush,ATL,QB,33,3,493,70.17,10.82,281.16,ADP.tsv,NA,0.0000,ADP.tsv,NA,NA,NA,NA,15479,281.16,337,337,1
average,17038,QB,3.995,4.98510280736516,FALSE,3.235,0.8225,7.1675,-310.773,-295.8455,-330.4605,583,582,581,79,15,NA,NA,Kyle,McCord,MIA,QB,24,-5,565.67,61.6,8.14,,,NA,,,NA,NA,NA,NA,,,,,
average,17657,QB,0.76,0.0760,TRUE,0.12,0.76,0.76,-314.008,-295.908,-336.868,584,583,583,80,15,NA,NA,Taylen,Green,CLE,QB,24,-6,491.17,49.67,9.81,,,NA,,,NA,NA,NA,NA,,,,,
average,15239,QB,0.64,0.0640,TRUE,0,0.64,0.64,-314.128,-296.028,-336.988,585,585,584,81,15,NA,NA,Zach,Wilson,NOS,QB,27,-1,613.5,80.75,6.85,,,NA,,,NA,NA,NA,NA,,,,,
average,16162,RB,335.158571428571,23.1320603121666,FALSE,18.0671428571428,302.825,360.74,129.768571428571,122.865,132.16,1,1,1,1,1,157.538571428571,1,Jahmyr,Gibbs,DET,RB,24,-3,1.48,1.17,0.4,1.12,ADP.tsv,1.382,0.3454,ADP.tsv,0.24481829996959,-0.382,69.42,2.89837885722346,20272,1.12,1,3,340
average,16161,RB,317.091428571429,19.4102047289318,FALSE,23.2742857142857,291.3,341.16,111.701428571429,111.34,112.58,2,2,2,2,2,139.471428571429,2,Bijan,Robinson,ATL,RB,24,-3,2.27,1.86,0.39,1.99,ADP.tsv,2.168,0.5181,ADP.tsv,0.228333090024201,-0.168,67.556,4.2645243580029,20271,1.99,1,4,340
average,13130,RB,293.817142857143,12.2627698261659,FALSE,7.20857142857142,275.12,304.68,88.4271428571429,95.16,76.1,4,3,7,3,3,116.197142857143,3,Christian,McCaffrey,SFO,RB,30,3,8.5,4.25,1.7,7.69,ADP.tsv,6.984,3.1085,ADP.tsv,1.18349651457028,-2.984,58.213,7.47608099207065,15222,7.69,3,21,340
average,14802,RB,286.608571428571,18.3836262550595,FALSE,26.45,260.38,307.925,81.2185714285714,80.42,79.345,6,5,6,4,4,108.988571428571,4,Jonathan,Taylor,IND,RB,27,0,8.37,4.21,1.33,8.04,ADP.tsv,5.496,2.4177,ADP.tsv,1.46850400067552,0.504,57.084,4.48664774636922,17962,8.04,2,16,340
average,16167,RB,260.158571428571,22.6700510428564,FALSE,1.79142857142858,230.705,289.35,54.7685714285714,50.745,60.77,12,14,9,5,4,82.5385714285715,8,De'Von,Achane,MIA,RB,25,-3,17.96,8.74,2.33,15.73,ADP.tsv,13.23,3.4538,ADP.tsv,2.16650871219111,-1.23,44.65,2.68188366638078,20284,15.73,7,27,340
average,12626,RB,258.367142857143,15.1411092881661,FALSE,1.30714285714288,241.805,277.893,52.9771428571429,61.845,49.313,13,10,14,6,4,80.7471428571429,9,Derrick,Henry,BAL,RB,32,4,20.7,9.99,1.9,21.04,ADP.tsv,14.03,4.4900,ADP.tsv,5.53432200002855,-1.03,44.64,8.80326075951406,15055,21.04,8,34,340
average,15715,RB,257.06,12.9218677700504,FALSE,9.47999999999999,245.75,277.07,51.67,65.79,48.49,14,8,15,7,5,79.44,10,James,Cook,BUF,RB,27,-2,9.93,4.79,1.3,8.74,ADP.tsv,8.586,2.5904,ADP.tsv,1.06496197115202,5.414,52.7795,2.66846037070068,19467,8.74,2,17,340
average,16181,RB,247.58,15.7563532159782,FALSE,4.49857142857144,231.31,269.72,42.19,51.35,41.14,15,13,17,8,5,69.96,12,Chase,Brown,CIN,RB,26,-3,15.04,7.36,2.15,11.95,ADP.tsv,14.276,4.3173,ADP.tsv,2.06613261917042,0.724,45.477,0.953995283007206,20292,11.95,3,28,340
average,13604,RB,243.081428571429,11.5800783367693,FALSE,0.311428571428564,227.415,257.42,37.6914285714286,47.455,28.84,16,16,24,9,5,65.4614285714286,13,Saquon,Barkley,PHI,RB,29,2,15.77,7.82,1.98,15.78,ADP.tsv,13.148,3.9719,ADP.tsv,1.83607625113991,2.852,51.548,8.88260277171056,16062,15.78,6,29,340
average,17042,RB,242.77,30.6674420191838,FALSE,7.78714285714287,218.83,284.46,37.38,38.87,55.88,17,17,12,10,6,65.15,14,Ashton,Jeanty,LVR,RB,23,-5,23.5,10.98,2.63,18.47,ADP.tsv,21.246,8.6373,ADP.tsv,2.94645278258451,-4.246,39.238,2.35830701987676,22055,18.47,10,60,339
average,15711,RB,234.982857142857,15.0307193377271,FALSE,1.07285714285712,213.365,251.91,29.5928571428571,33.405,23.33,21,19,28,11,6,57.3628571428571,15,Kenneth,Walker III,KCC,RB,26,-2,18.91,9.02,2.31,15.86,ADP.tsv,17.286,4.3173,ADP.tsv,2.38776548262177,3.714,42.036,3.38054551810799,19430,15.86,8,33,340
average,17044,RB,233.91,20.311769986882,FALSE,9.05000000000001,213.41,258.82,28.52,33.45,30.24,22,18,23,12,7,56.29,16,Omarion,Hampton,LAC,RB,23,-5,19.16,9.27,2.3,15.06,ADP.tsv,18.81,5.0081,ADP.tsv,2.79608297444836,3.19,42.597,1.20579724663809,22069,15.06,5,34,340
average,15256,RB,224.86,20.9281628434032,FALSE,2.03999999999999,203.04,249.48,19.47,23.08,20.9,30,25,31,13,7,47.24,17,Javonte,Williams,DAL,RB,26,-1,34.68,14.33,2.08,33.24,ADP.tsv,28.578,5.8715,ADP.tsv,4.34187701345858,1.422,30.0045,4.26532305341577,18771,33.24,18,52,340
average,17472,RB,222.82,22.2682958485826,FALSE,2.00000000000003,197.82,243.54,17.43,17.86,14.96,32,31,34,14,7,45.2,20,Jeremiyah,Love,ARI,RB,21,-6,38.92,15.83,2.4,36,ADP.tsv,31.296,10.7069,ADP.tsv,2.52631431140308,0.704000000000001,32.816,5.86565665548198,22930,36,10,72,340
average,15710,RB,220.82,11.7024356439162,FALSE,0.840000000000003,211.56,236.26,15.43,31.6,7.68000000000001,35,20,50,15,7,43.2,22,Kyren,Williams,LAR,RB,26,-2,33.65,14.09,2.26,35.63,ADP.tsv,25.646,7.4258,ADP.tsv,3.64717753886481,9.354,31.752,7.16659137944951,19450,35.63,14,57,340
average,15708,RB,219.98,23.4146748856353,FALSE,3.12999999999997,194.64,246.54,14.59,14.68,17.96,36,38,33,16,7,42.36,23,Breece,Hall,NYJ,RB,25,-2,36.67,15.06,1.72,37.83,ADP.tsv,36.04,8.6346,ADP.tsv,4.72123288982867,-0.0399999999999991,27.4035,5.02484594291208,19427,37.83,19,69,340
average,15253,RB,216.85,16.8578616674832,FALSE,6.61000000000001,200.12,237.88,11.46,20.16,9.30000000000001,39,28,42,17,8,39.23,24,Travis,Etienne,NOS,RB,27,-1,42.52,16.9,2.01,41.15,ADP.tsv,36.898,7.0804,ADP.tsv,3.17370067901811,2.102,24.398,5.05737204484701,18770,41.15,19,60,340
average,17045,RB,210.24,11.7757377688194,FALSE,3.72,196.5,221.46,4.84999999999999,16.54,-7.11999999999998,49,33,73,18,8,32.62,29,Cam,Skattebo,NYG,RB,24,-5,53.17,20.59,2.69,50.63,ADP.tsv,39.534,8.9800,ADP.tsv,3.68108462277085,9.466,18.6585,1.33443124588718,22077,50.63,28,80,340
average,16598,RB,206.52,23.8882188536525,FALSE,1.13,187.64,238.4,1.13,7.68000000000004,9.82000000000002,59,45,40,19,8,28.9,31,Bucky,Irving,TBB,RB,24,-4,52.48,20.44,2.8,58.19,ADP.tsv,46.81,9.6708,ADP.tsv,5.41885227700479,12.19,15.8565,3.27768466299002,21136,58.19,35,91,340
average,17051,RB,205.39,28.8289004299505,FALSE,8.51000000000002,178.42,243.4,0,-1.53999999999999,14.82,61,67,35,20,8,27.77,32,Quinshon,Judkins,CLE,RB,23,-5,54.92,21.35,2.61,56.92,ADP.tsv,48.898,7.2531,ADP.tsv,7.28790889075872,12.102,16.6215,3.5632747227796,22062,56.92,37,79,340
average,14797,RB,196.88,16.8679281478195,FALSE,4.48999999999998,177.78,216.96,-8.51000000000002,-2.18000000000001,-11.6199999999999,78,68,85,21,9,19.26,37,D'Andre,Swift,CHI,RB,27,0,47.23,18.51,2.32,47.25,ADP.tsv,40.402,7.4258,ADP.tsv,5.83678130479462,37.598,22.656,7.83352845147064,17961,47.25,27,70,340
average,17052,RB,192.39,10.2203473522185,FALSE,5.83000000000001,179.96,203.06,-13,0,-25.52,88,61,130,22,9,14.77,41,Bhayshul,Tuten,JAC,RB,23,-5,60.02,23.25,3.13,57.31,ADP.tsv,53.86,8.8073,ADP.tsv,5.98447324331892,34.14,15.44,4.03754876131546,22106,57.31,30,81,340
average,17043,RB,186.56,23.2380722092001,FALSE,0.680000000000007,172.38,218.6,-18.83,-7.58000000000001,-9.97999999999996,110,79,81,23,9,8.94,45,TreVeyon,Henderson,NEP,RB,24,-5,66.35,25.71,3.22,63.99,ADP.tsv,64.264,10.7069,ADP.tsv,6.83982046548007,45.736,9.848,2.44610547605781,22072,63.99,32,94,340
average,14071,RB,185.88,13.5294863169302,FALSE,1.45999999999998,173.66,203.8,-19.51,-6.30000000000001,-24.78,112,77,129,24,9,8.25999999999999,46,David,Montgomery,HOU,RB,29,1,54.51,21.21,2.62,50.28,ADP.tsv,50.692,9.6708,ADP.tsv,4.53412571506349,61.308,19.4425,8.21668538706455,17016,50.28,26,82,340
average,17473,RB,184.42,14.8307788062529,FALSE,15.39,168.94,200.32,-20.97,-11.02,-28.26,123,93,141,25,10,6.80000000000001,48,Jadarian,Price,SEA,RB,23,-6,60.63,23.58,3.08,60.08,ADP.tsv,57.63,8.8073,ADP.tsv,8.04108450397084,65.37,18.108,6.75644225905913,22938,60.08,39,90,340
average,15259,RB,169.03,18.3002595610008,FALSE,2.24000000000001,146.56,188.78,-36.36,-33.4,-39.8,156,143,171,26,10,-8.59,56,Rhamondre,Stevenson,NEP,RB,28,-1,68.94,26.54,3.07,69.11,ADP.tsv,67.754,10.8796,ADP.tsv,6.55377021263334,88.246,11.0235,6.28906962515124,18791,69.11,48,111,340
average,15742,RB,166.79,12.612810947604,FALSE,5.23999999999998,150.92,178.88,-38.6,-29.04,-49.7,162,134,186,27,11,-10.83,61,Jaylen,Warren,PIT,RB,28,-2,72.88,27.76,2.8,72.92,ADP.tsv,73.748,7.9438,ADP.tsv,7.66244451855933,88.252,9.891,6.34749423000919,19833,72.92,53,99,340
average,14823,RB,161.55,20.8449034538421,FALSE,0.730000000000018,134.54,179.12,-43.84,-45.42,-49.46,172,167,185,28,11,-16.07,65,Rico,Dowdle,PIT,RB,28,0,81.3,30.4,3.14,89.97,ADP.tsv,80.026,9.6708,ADP.tsv,10.8058254659235,91.974,7.888,4.60652059585106,18036,89.97,67,123,340
average,14073,RB,160.82,53.391778393307,FALSE,1.67999999999998,110.36,228.58,-44.57,-69.6,0,174,205,61,29,11,-16.8,68,Josh,Jacobs,GBP,RB,28,1,140.14,48.04,16.16,76.19,ADP.tsv,63.784,30.7969,ADP.tsv,18.9722730319801,110.216,16.4075,10.2912374741816,16998,76.19,21,199,334
average,14085,RB,159.14,14.4226557887235,FALSE,0.0700000000000216,142.26,174.6,-46.25,-37.7,-53.98,176,154,196,30,11,-18.48,70,Tony,Pollard,TEN,RB,29,1,78.91,29.67,2.98,80.94,ADP.tsv,77.21,11.7431,ADP.tsv,7.29494619582626,98.79,9.922,6.91112523399772,17067,80.94,47,115,340
average,14800,RB,159.07,12.200901606029,FALSE,1.25,143.58,170.74,-46.32,-36.38,-57.84,177,152,205,31,11,-18.55,71,J.K.,Dobbins,DEN,RB,28,0,92.09,33.33,3.74,97.21,ADP.tsv,83.894,16.5836,ADP.tsv,9.91828130272579,93.106,7.905,6.46398290529918,17963,97.21,51,147,339
average,15261,RB,157.82,7.34145762093605,FALSE,4.47,151.5,167.68,-47.57,-28.46,-60.9,181,133,209,32,11,-19.8,73,Chuba,Hubbard,CAR,RB,27,-1,96.43,34.8,4.7,106.43,ADP.tsv,93.258,20.5567,ADP.tsv,9.35071847506917,87.742,6.9635,5.02556034189224,18773,106.43,68,187,339
average,17068,RB,153.35,26.6119803847816,FALSE,6.99999999999997,126.58,184.06,-52.04,-53.38,-44.52,186,184,177,33,12,-24.27,75,RJ,Harvey,DEN,RB,25,-5,99.18,35.53,4.44,87.09,ADP.tsv,98.518,13.2973,ADP.tsv,17.5860926871207,87.482,5.27,3.18601632136435,22111,87.09,54,131,340
average,17066,RB,146.35,12.0958670627616,FALSE,7.06000000000003,130.52,156.66,-59.04,-49.44,-71.92,197,174,223,34,12,-31.27,80,Kyle,Monangai,CHI,RB,24,-5,111.54,38.9,4.32,120.31,ADP.tsv,104.146,15.5913,ADP.tsv,9.86854720817608,92.854,4.186,2.10079699162009,22119,120.31,78,168,330
average,17256,RB,139.29,6.58847478556305,FALSE,1.79999999999998,132.71,147.74,-66.1,-47.25,-80.84,205,170,235,35,12,-38.33,90,Jacory,Croskey-Merritt,WAS,RB,25,-5,101.83,36.02,3.83,109.17,ADP.tsv,98.442,15.7346,ADP.tsv,9.33638988046236,106.558,4.917,3.37973179409254,22130,109.17,72,163,336
average,15972,RB,137.49,16.9853024700769,FALSE,0.549999999999983,116.96,153.26,-67.9,-63,-75.32,209,195,226,36,12,-40.13,92,Jordan,Mason,MIN,RB,27,-2,101.32,35.72,4.85,94.29,ADP.tsv,96.958,13.2973,ADP.tsv,13.533124399044,112.042,7.2465,5.42816237321619,19872,94.29,63,140,340
average,16597,RB,136.94,23.8595473553041,FALSE,4.08000000000001,107.84,161.96,-68.45,-72.12,-66.62,211,210,217,37,13,-40.68,93,Jonathon,Brooks,CAR,RB,23,-4,83.75,30.96,5.72,72.14,ADP.tsv,85.642,11.7431,ADP.tsv,8.31878933499341,125.358,9.1995,5.40865979240699,21133,72.14,48,116,340
average,15721,RB,132.86,17.6990960221137,FALSE,0.689999999999998,108.62,146.08,-72.53,-71.34,-82.5,215,208,238,38,13,-44.76,99,Rachaad,White,WAS,RB,27,-2,113.1,39.06,4.15,115.53,ADP.tsv,125.076,13.8326,ADP.tsv,12.8076954991911,89.924,3.859,3.0082225649044,19436,115.53,82,162,336
average,13319,RB,132.17,17.647506906076,FALSE,0.640000000000015,109.2,149.1,-73.22,-70.76,-79.48,217,206,232,39,13,-45.45,100,Aaron,Jones,MIN,RB,32,3,118.78,40.95,3.61,134.74,ADP.tsv,117.972,15.0764,ADP.tsv,5.03519771210625,99.028,5.1565,5.26722097030303,15392,134.74,80,167,329
average,15255,RB,131.53,26.2626540928369,FALSE,1.52000000000001,100.79,159.68,-73.86,-79.17,-68.9,219,218,220,40,13,-46.09,102,Kenneth,Gainwell,TBB,RB,27,-1,105.28,37.05,3.64,87.3,ADP.tsv,111.178,10.7069,ADP.tsv,10.5391506299132,107.822,7.271,5.05781800779743,18772,87.3,57,119,340
average,16593,RB,130.01,12.4971196681475,FALSE,5.23999999999999,119.02,146.56,-75.38,-60.94,-82.02,221,191,237,41,13,-47.61,104,Blake,Corum,LAR,RB,26,-4,93.77,34.02,3.28,83.99,ADP.tsv,100.008,16.2330,ADP.tsv,6.9710355041414,120.992,5.736,2.78626775454191,20278,83.99,41,135,340
average,16604,RB,124.77,38.739250121808,FALSE,8.41,86.82,167.64,-80.62,-93.14,-60.94,228,239,210,42,14,-52.85,111,MarShawn,Lloyd,GBP,RB,25,-4,95.22,33.75,12.21,109.68,ADP.tsv,96.64,25.0874,ADP.tsv,20.3592799479746,131.36,9.5525,5.03490503882645,21144,109.68,44,189,334
average,17053,RB,116.36,7.57581678764738,FALSE,0.620000000000005,106.14,122.72,-89.03,-73.82,-105.86,243,212,281,43,14,-61.26,117,Woody,Marks,HOU,RB,26,-5,131.25,44.62,4.11,134.55,ADP.tsv,128.832,16.6468,ADP.tsv,12.4305275833329,114.168,2.961,2.08378573754597,22109,134.55,90,186,327
average,16165,RB,115.74,13.4079454056168,FALSE,11.95,98.94,129.84,-89.65,-81.02,-98.74,245,220,267,44,15,-61.88,119,Tyjae,Spears,TEN,RB,25,-3,141.8,47.98,5.28,151.88,ADP.tsv,141.11,11.6409,ADP.tsv,13.8021143307828,103.89,2.5195,2.26273302667372,20329,151.88,112,179,321
average,16169,RB,103.79,9.85915817907391,FALSE,8.62,96.9,117.25,-101.6,-83.06,-111.33,265,222,290,45,15,-73.83,133,Zach,Charbonnet,SEA,RB,25,-3,147.74,49.9,6.84,159.43,ADP.tsv,132.094,19.9872,ADP.tsv,3.11689332509151,132.906,4.4645,4.1557094159722,19469,159.43,99,214,320
average,16174,RB,95.17,19.4669463450229,FALSE,7.56,70.56,115.38,-110.22,-109.4,-113.2,285,298,295,46,16,-82.45,142,Chris,Rodriguez,JAC,RB,26,-3,126.45,43.13,4.58,132.81,ADP.tsv,134.912,14.9224,ADP.tsv,11.8943707694018,150.088,3.436,2.90184217351668,20308,132.81,87,173,325
average,13132,RB,87.61,12.6900748618753,FALSE,1.08,70.28,96.8,-117.78,-109.68,-131.78,312,299,349,47,16,-90.01,148,Alvin,Kamara,NOS,RB,31,3,170.88,56.29,7.75,199.67,ADP.tsv,155.184,27.1768,ADP.tsv,15.0159669685305,156.816,3.159,3.25770517389159,15293,199.67,137,293,313
average,14086,RB,86.53,14.2189837892868,FALSE,0.11999999999999,72.16,103.54,-118.86,-107.8,-125.04,314,289,329,48,16,-91.09,151,Justice,Hill,BAL,RB,29,1,230.53,70.05,9.56,232.45,ADP.tsv,181.58,28.1754,ADP.tsv,2.73,132.42,1.84666666666667,1.50610609040517,17020,232.45,150,309,267
average,15712,RB,86.41,9.7803629789492,FALSE,5.89,77.58,98.92,-118.98,-102.38,-129.66,315,270,343,49,16,-91.21,152,Tyler,Allgeier,ARI,RB,26,-2,130.34,44.48,4.1,127.86,ADP.tsv,138.778,16.7615,ADP.tsv,12.7067814965081,176.222,3.5665,3.14118874791057,19441,127.86,70,167,338
average,15716,RB,80.52,8.62131080520822,FALSE,0.720000000000013,69.86,88.66,-124.87,-110.1,-139.92,345,304,379,50,16,-97.1,161,Brian,Robinson,ATL,RB,27,-2,163.83,55.16,4.35,179.21,ADP.tsv,152.966,18.9444,ADP.tsv,18.5060115638135,192.034,8.3215,6.61861516859834,19468,179.21,120,229,320
average,17047,RB,79.8,21.1628211729911,FALSE,2.11999999999999,63.72,107.76,-125.59,-116.24,-120.82,351,324,313,51,16,-97.82,165,Dylan,Sampson,CLE,RB,22,-5,154.02,51.78,5.22,161.61,ADP.tsv,164.756666666667,16.5112,ADP.tsv,6.84103468457481,186.243333333333,1.40133333333333,1.1003046042902,22099,161.61,104,199,320
average,16747,RB,77.68,29.982861771352,FALSE,1.28,39.58,105.16,-127.71,-140.38,-123.42,358,397,324,52,16,-99.94,168,Tyrone,Tracy,NYG,RB,27,-4,172.13,56.19,9.48,172.07,ADP.tsv,142.018,34.2277,ADP.tsv,7.93212808772022,215.982,1.6915,1.56762774599074,21183,172.07,110,307,321
average,14095,RB,76.4,10.2919871744965,FALSE,2.44,68.44,90.14,-128.99,-111.52,-138.44,363,309,373,53,17,-101.22,170,Ty,Johnson,BUF,RB,29,1,262.6,78.22,7.22,287.55,ADP.tsv,NA,30.8342,ADP.tsv,NA,NA,1.212,1.212,17046,287.55,212,360,67
average,16164,RB,73.96,16.2286167001381,FALSE,0.38000000000001,58.8,94.08,-131.43,-121.16,-134.5,368,336,358,54,17,-103.66,177,Tank,Bigsby,PHI,RB,25,-3,154.79,52.36,5.3,159.59,ADP.tsv,149.208,19.6331,ADP.tsv,11.1057577859415,218.792,2.222,2.170348359135,20279,159.59,100,213,321
average,17482,RB,73.58,28.3018020627663,FALSE,1.88,55.62,112.34,-131.81,-124.34,-116.24,370,348,300,55,17,-104.04,178,Mike,Washington Jr.,LVR,RB,23,-6,143.52,48.7,6.66,125.33,ADP.tsv,129.696,32.9361,ADP.tsv,13.9493664372257,240.304,4.78,3.14136912826239,22955,125.33,1,191,328
average,16596,RB,71.7,22.1342494790314,FALSE,1.49000000000001,54.02,101.22,-133.69,-125.94,-127.36,373,350,336,56,17,-105.92,180,Braelon,Allen,NYJ,RB,22,-4,167.62,55.56,5.85,180.39,ADP.tsv,153.258,24.4980,ADP.tsv,16.5673116708777,219.742,2.0195,1.94721358612762,21132,180.39,110,251,321
average,15749,RB,70.21,21.826371663655,FALSE,0.889999999999986,48.74,96.64,-135.18,-131.22,-131.94,376,372,350,57,17,-107.41,184,Isiah,Pacheco,DET,RB,27,-2,188.08,60.34,9.39,196,ADP.tsv,148.942,38.1363,ADP.tsv,13.1717916776724,227.058,2.53,2.77393222700195,19486,196,112,330,301
average,13133,RB,69.32,15.1138016395611,FALSE,1.87,55.24,86.48,-136.07,-124.72,-142.1,379,349,385,58,17,-108.3,185,Samaje,Perine,CIN,RB,31,3,252.4,75.45,10.16,251.53,ADP.tsv,205.76,25.4944,ADP.tsv,NA,173.24,1.502,1.402,15362,251.53,170,311,222
average,16178,RB,67.45,17.5646662365102,FALSE,2.27500000000001,44.4,82.48,-137.94,-135.56,-146.1,384,381,391,59,17,-110.17,189,Keaton,Mitchell,LAC,RB,24,-3,144.21,48.94,6.17,140.44,ADP.tsv,150.234,19.4594,ADP.tsv,10.5054949431238,233.766,2.4975,2.36053357315671,20344,140.44,90,202,321
average,15738,RB,65.175,17.7219966896134,FALSE,2.94499999999999,50.24,86.025,-140.215,-129.72,-142.555,388,370,387,60,17,-112.445,195,Malik,Davis,DAL,RB,28,-2,215.13,66.5,10.89,231.86,ADP.tsv,200.94,40.7998,ADP.tsv,NA,187.06,2.30933333333333,2.59114663592952,20100,231.86,121,350,254
average,17485,RB,62.23,28.2759968878199,FALSE,1.34,39.94,100.41,-143.16,-140.02,-128.17,398,393,337,61,17,-115.39,200,Kaelon,Black,SFO,RB,25,-6,207.92,65.62,12.51,175.56,ADP.tsv,148.604,38.9316,ADP.tsv,10.8314368391271,249.396,2.359,2.13691436421772,23064,175.56,85,309,320
average,16757,RB,60.89,21.8792253062123,FALSE,0.0899999999999963,34.6,85.06,-144.5,-145.36,-143.52,401,405,389,62,17,-116.73,203,Kimani,Vidal,LAC,RB,25,-4,195.57,62.22,6.93,195.11,ADP.tsv,179.89,23.4867,ADP.tsv,6.79000000000001,221.11,1.99733333333333,2.15654373683654,21169,195.11,119,254,317
average,15254,RB,60.8,7.97621464104371,FALSE,0.660000000000004,50.36,68.2,-144.59,-129.6,-160.38,402,368,422,63,17,-116.82,204,Najee,Harris,NYG,RB,28,-1,224.53,69.17,11.64,216.04,ADP.tsv,178.61,38.2574,ADP.tsv,1.33,223.39,2.26533333333333,2.32814737983278,18826,216.04,133,352,305
average,17477,RB,60.14,23.8623762437859,FALSE,1.04,28.84,80.62,-145.25,-151.12,-147.96,403,419,396,64,18,-117.48,206,Jonah,Coleman,DEN,RB,23,-6,141.52,48.06,5.33,135.05,ADP.tsv,137.626,15.9687,ADP.tsv,8.31028663765577,265.374,3.3155,2.56309202917102,22941,135.05,89,181,324
average,14080,RB,59.1,33.4299267124533,FALSE,1.65,26.26,78.64,-146.29,-153.7,-149.94,406,430,399,65,18,-118.52,208,Devin,Singletary,NYG,RB,29,1,287.56,85.3,6.54,284.63,ADP.tsv,192.81,48.3139,ADP.tsv,11.47,213.19,2.04,0.84,17034,284.63,123,359,77
average,16603,RB,57.45,19.7021995387994,FALSE,1.12857143320494,34.555,74.325,-147.94,-145.405,-154.255,410,406,408,66,18,-120.17,213,Ray,Davis,BUF,RB,27,-4,184.33,59.44,5.81,180.78,ADP.tsv,160.593333333333,21.5514,ADP.tsv,26.2469380224733,249.406666666667,1.732,1.77304032667055,21151,180.78,116,240,320
average,13146,RB,56.3214285667951,19.3030107623728,FALSE,2.97142856679506,33.96,78.34,-149.068571433205,-146,-150.24,412,408,400,67,18,-121.298571433205,217,James,Conner,ARI,RB,31,3,224.2,68.64,9.05,266.88,ADP.tsv,179.12,38.9561,ADP.tsv,NA,232.88,2.16533333333333,2.39025874935934,15306,266.88,147,352,143
average,16610,RB,53.35,11.9421522348361,FALSE,1.22,38.88,65.37,-152.04,-141.08,-163.21,416,398,425,68,18,-124.27,221,Jaylen,Wright,MIA,RB,23,-4,228.56,68.78,5.9,239.44,ADP.tsv,195.615,31.6243,ADP.tsv,11.115,220.385,1.692,1.692,21160,239.44,138,314,235
average,16608,RB,52.13,23.5880160250921,FALSE,1.19,25.82,76.76,-153.26,-154.14,-151.82,417,431,404,69,18,-125.49,224,George,Holani,SEA,RB,27,-4,230.03,69.58,9.11,211.14,ADP.tsv,175.49,32.0135,ADP.tsv,NA,241.51,1.93866666666667,1.84262228600679,21709,211.14,117,300,301
average,16387,RB,50.94,19.7788523428434,FALSE,1.66,33.7,76.06,-154.45,-146.26,-152.52,421,410,407,70,18,-126.68,225,Chris,Brooks,GBP,RB,26,-3,243.13,73,10.03,255.66,ADP.tsv,NA,40.7300,ADP.tsv,NA,NA,1.92,1.92,20954,255.66,138,359,187
average,17055,RB,49.28,36.4020878522098,FALSE,0.719999999999999,24.42,99.42,-156.11,-155.54,-129.16,424,437,341,71,18,-128.34,229,Jordan,James,SFO,RB,22,-5,255.6,76.11,9.45,235.07,ADP.tsv,173.93,27.4889,ADP.tsv,4.97,250.07,2.208,2.208,22097,235.07,163,318,265
average,16166,RB,48.56,18.8555827276698,FALSE,0.759999999999998,28.6,70.6,-156.83,-151.36,-157.98,425,421,414,72,18,-129.06,232,Sean,Tucker,TBB,RB,25,-3,204.11,64.18,7.36,234.39,ADP.tsv,178.87,37.9008,ADP.tsv,NA,246.13,1.452,1.452,20285,234.39,115,328,257
average,17046,RB,47.8,9.5600,TRUE,0.699999999999996,47.8,47.8,-157.59,-132.16,-180.78,428,374,452,73,18,-129.82,234,Devin,Neal,FA,RB,23,-5,277.81,81.98,10.29,283.88,ADP.tsv,NA,24.4506,ADP.tsv,NA,NA,NA,NA,22104,283.88,264,360,16
average,14805,RB,47.1,61.8011326757043,FALSE,0.100000000000009,7.77,86.43,-158.29,-172.19,-142.15,430,506,386,74,18,-130.52,235,AJ,Dillon,CAR,RB,28,0,424.67,117.08,24.62,280.88,ADP.tsv,NA,0.0000,ADP.tsv,NA,NA,NA,NA,17996,280.88,239,239,1
average,17049,RB,47,6.95653170289142,FALSE,0.32,39.975,54.445,-158.39,-139.985,-174.135,431,392,443,75,18,-130.62,236,Brashard,Smith,KCC,RB,23,-5,287.58,84.49,6.64,286.12,ADP.tsv,NA,34.6890,ADP.tsv,NA,NA,0,NA,22117,286.12,201,360,47
average,17474,RB,46.68,14.5969859902653,FALSE,2.16347515797791,27.06,58.72,-158.71,-152.9,-169.86,433,429,432,76,19,-130.94,239,Emmett,Johnson,KCC,RB,23,-6,174.73,57.52,8.22,162.76,ADP.tsv,153.052,20.5018,ADP.tsv,13.9861065347008,279.948,2.364,2.11770819519593,22939,162.76,97,215,321
average,15727,RB,44.5165248420221,21.866629423503,FALSE,0.616524842022081,21.97,67.5649149052132,-160.873475157978,-157.99,-161.015085094787,437,446,423,77,19,-133.103475157978,245,Bam,Knight,ARI,RB,25,-2,325.53,95.46,11.01,281.57,ADP.tsv,NA,39.7916,ADP.tsv,NA,NA,0.792,0.792,19451,281.57,232,360,5
average,16390,RB,43.9,8.7800,TRUE,1.29000000000001,43.9,43.9,-161.49,-136.06,-184.68,439,383,460,78,19,-133.72,247,Jaleel,McLaughlin,CLE,RB,26,-3,309.64,96.11,13.63,280.69,ADP.tsv,NA,0.0000,ADP.tsv,NA,NA,NA,NA,21005,280.69,177,177,1
average,11367,RB,42.61,6.44787303431656,FALSE,0.369999999999997,36.695,49.981,-162.78,-143.265,-178.599,441,404,449,79,19,-135.01,251,Kyle,Juszczyk,SFO,RB,35,7,327.31,95.44,19.07,281.73,ADP.tsv,NA,10.3875,ADP.tsv,NA,NA,NA,NA,11911,281.73,326,358,4
average,16752,RB,42.24,8.36707834312551,FALSE,0.839999999999996,33.8,52.9,-163.15,-146.16,-175.68,443,409,445,80,19,-135.38,253,Isaiah,Davis,NYJ,RB,24,-4,259.94,77.13,6.3,284.56,ADP.tsv,NA,31.6805,ADP.tsv,NA,NA,0.768,0.768,21161,284.56,203,358,78
average,16432,RB,41.4,35.4813331203888,FALSE,0.900000000000006,6.06,81.96,-163.99,-173.9,-146.62,445,513,393,81,19,-136.22,259,Emanuel,Wilson,SEA,RB,27,-3,224.04,68.69,8.57,271.11,ADP.tsv,NA,40.7035,ADP.tsv,NA,NA,1.704,1.704,21001,271.11,139,348,116
average,15258,RB,40.5,8.1000,TRUE,0.799999999999997,40.5,40.5,-164.89,-139.46,-188.08,449,390,471,82,19,-137.12,262,Michael,Carter,TEN,RB,27,-1,344.38,107.29,26.25,280.76,ADP.tsv,NA,0.0000,ADP.tsv,NA,NA,2.304,NA,18828,280.76,199,199,1
average,17069,RB,39.7,7.9400,TRUE,0.404520909894913,39.7,39.7,-165.69,-140.26,-188.88,451,396,475,83,19,-137.92,264,Jaydon,Blue,PHI,RB,22,-5,259.88,80.36,16.25,220.85,ADP.tsv,190.88,43.2436,ADP.tsv,NA,260.12,2.88,NA,22092,220.85,109,350,238
average,17652,RB,39.2954790901051,29.3990617547695,FALSE,1.79547909010509,5.83728745406305,67.23,-166.094520909895,-174.122712545937,-161.35,454,514,424,84,19,-138.324520909895,266,Adam,Randall,BAL,RB,22,-6,285.27,84.59,7.27,279.48,ADP.tsv,NA,36.4976,ADP.tsv,NA,NA,1.98,1.98,22960,279.48,177,359,91
average,14079,RB,37.5,7.5000,TRUE,3.56666666666666,37.5,37.5,-167.89,-142.46,-191.08,455,402,480,85,19,-140.12,272,Miles,Sanders,FA,RB,29,1,410.6,141.5,35.31,,,NA,,,NA,NA,NA,NA,,,,,
average,16595,RB,33.9333333333333,10.4509967626697,FALSE,0.243333333333339,23.67,41.49,-171.456666666667,-156.29,-187.09,462,438,466,86,19,-143.686666666667,279,Audric,Estime,NOS,RB,23,-4,313.7,94.15,8.5,282.76,ADP.tsv,NA,30.8728,ADP.tsv,NA,NA,NA,NA,21134,282.76,238,358,15
average,17061,RB,33.69,10.2215703294553,FALSE,0.189999999999998,19.96,42.42,-171.7,-160,-186.16,463,451,464,87,19,-143.93,281,LeQuint,Allen,JAC,RB,22,-5,273.52,80.73,7.43,279.99,ADP.tsv,NA,34.6477,ADP.tsv,NA,NA,0,NA,22090,279.99,177,353,106
average,17337,RB,33.5,6.7000,TRUE,0.659999999999997,33.5,33.5,-171.89,-146.46,-195.08,464,411,490,88,19,-144.12,283,Zavier,Scott,CHI,RB,27,-3,456,127.22,12.53,281.16,ADP.tsv,NA,0.0000,ADP.tsv,NA,NA,NA,NA,20829,281.16,337,337,1
average,17475,RB,32.84,5.69324160737975,FALSE,0.910000000000004,27.62,40.16,-172.55,-152.34,-188.42,466,426,474,89,19,-144.78,286,Seth,McGowan,IND,RB,25,-6,251.32,76.12,11.04,237.5,ADP.tsv,NA,34.6833,ADP.tsv,NA,NA,1.67733333333333,1.71432033827468,22945,237.5,160,355,258
average,17059,RB,31.93,13.0649148485553,FALSE,1.48,17.84,47.72,-173.46,-162.12,-180.86,469,461,453,90,19,-145.69,289,Ollie,Gordon,MIA,RB,22,-5,245.48,73.56,7.22,278.26,ADP.tsv,NA,32.9513,ADP.tsv,NA,NA,0,NA,22071,278.26,193,360,104
average,16385,RB,30.45,9.27429242584037,FALSE,2.61,22.66,42.49,-174.94,-157.3,-186.09,472,444,463,91,20,-147.17,294,Emari,Demercado,DAL,RB,27,-3,288.44,86.47,8.88,267.86,ADP.tsv,NA,38.7661,ADP.tsv,NA,NA,1.392,1.392,20719,267.86,154,358,143
average,16171,RB,27.84,10.8024534250327,FALSE,1.64,15.12,38.52,-177.55,-164.84,-190.06,482,475,477,92,20,-149.78,301,Kendre,Miller,NOS,RB,24,-3,266.09,79.36,7.98,276.02,ADP.tsv,NA,34.8486,ADP.tsv,NA,NA,1.14,1.14,20304,276.02,182,360,111
average,16850,RB,26.2,18.5409456788662,FALSE,0.599999999999998,4.18,41.43,-179.19,-175.78,-187.15,487,527,467,93,20,-151.42,308,Jacob,Saylors,DET,RB,25,-3,297.16,86.94,17.27,274.19,ADP.tsv,NA,38.5056,ADP.tsv,NA,NA,0,NA,20790,274.19,166,349,62
average,17048,RB,25.6,36.8960702514509,FALSE,0.32,3.9,61.86,-179.79,-176.06,-166.72,490,528,429,94,20,-152.02,312,Kaleb,Johnson,GBP,RB,23,-5,235.42,71.21,10.33,257.27,ADP.tsv,180.2,38.8305,ADP.tsv,NA,309.8,2.29866666666667,1.61555879565623,22098,257.27,148,355,160
average,17481,RB,25.28,16.418038859742,FALSE,0.305,11.62,47.26,-180.11,-168.34,-181.32,491,489,454,95,20,-152.34,314,Demond,Claiborne,MIN,RB,23,-6,242.5,72.5,7.12,222.04,ADP.tsv,NA,30.0406,ADP.tsv,NA,NA,2.592,2.592,22944,222.04,140,310,274
average,16688,RB,24.975,3.3587572106361,FALSE,0.408333333333331,22.8375,27.1125,-180.415,-157.1225,-201.4675,492,442,509,96,20,-152.645,316,Isaac,Guerendo,SFO,RB,26,-4,311.28,92.81,9.41,281.55,ADP.tsv,NA,39.0628,ADP.tsv,NA,NA,NA,NA,21178,281.55,222,352,6
average,17062,RB,24.5666666666667,5.65007374583141,FALSE,0.846666666666668,19.83,29.91,-180.823333333333,-160.13,-198.67,493,453,502,97,20,-153.053333333333,318,Raheim,Sanders,CLE,RB,24,-5,336.17,95.9,8.68,,,NA,,,NA,NA,NA,NA,,,,,
average,17478,RB,23.72,8.97591220990937,FALSE,0.0200000000000031,12.06,32.32,-181.67,-167.9,-196.26,498,486,493,98,20,-153.9,322,Kaytron,Allen,WAS,RB,23,-6,220.47,67.24,7.39,205.78,ADP.tsv,191.09,26.9024,ADP.tsv,NA,306.91,2.412,2.412,22940,205.78,121,275,305
average,15718,RB,23.7,5.5,FALSE,0.0500000000000007,18.75,28.65,-181.69,-161.21,-199.93,499,457,507,99,20,-153.92,323,Tyler,Badie,DEN,RB,26,-2,463.5,120.08,13.96,,,NA,,,NA,NA,0,NA,,,,,
average,17476,RB,23.7,26.6442301446298,FALSE,0,3.06,59.42,-181.69,-176.9,-169.16,499,530,431,99,20,-153.92,323,Nicholas,Singleton,TEN,RB,22,-6,207.58,64.89,8.28,220.54,ADP.tsv,173.31,35.8300,ADP.tsv,NA,325.69,2.832,2.832,22943,220.54,136,339,277
average,16391,RB,23.65,4.7300,TRUE,0.0749999999999993,23.65,23.65,-181.74,-156.31,-204.93,500,439,514,100,20,-153.97,324,Hunter,Luepke,DAL,RB,26,-3,377.3,107.43,18.75,,,NA,,,NA,NA,NA,NA,,,,,
average,16601,RB,23.575,8.06158586548991,FALSE,1.415,16.27,32.175,-181.815,-163.69,-196.405,502,469,494,101,20,-154.045,325,Will,Shipley,PHI,RB,24,-4,320.66,96.04,7.33,283.19,ADP.tsv,NA,18.1597,ADP.tsv,NA,NA,0,NA,21141,283.19,289,358,13
average,17060,RB,22.16,13.6098493746257,FALSE,1.41,11.5,40.58,-183.23,-168.46,-188,505,490,470,102,20,-155.46,335,DJ,Giddens,IND,RB,23,-5,274.75,81.13,7.33,284.84,ADP.tsv,NA,37.1149,ADP.tsv,NA,NA,0,NA,22096,284.84,179,360,76
average,16175,RB,20.75,11.3955034991877,FALSE,1,11.175,31.515,-184.64,-168.785,-197.065,507,495,497,103,20,-156.87,341,Roschon,Johnson,CHI,RB,25,-3,335.73,95.33,10.63,281.89,ADP.tsv,NA,34.4881,ADP.tsv,NA,NA,NA,NA,20334,281.89,198,359,54
average,13143,RB,19.75,3.9500,TRUE,0.649999999999999,19.75,19.75,-185.64,-160.21,-208.83,509,454,521,104,20,-157.87,344,Jeremy,McNichols,WAS,RB,31,3,402.25,107.86,10.53,281.18,ADP.tsv,NA,0.0000,ADP.tsv,NA,NA,NA,NA,15441,281.18,341,341,1
average,17056,RB,19.1,19.408245670333,FALSE,0.425000000000001,4.6,38.08,-186.29,-175.36,-190.5,510,524,479,105,20,-158.52,346,Trevor,Etienne,CAR,RB,22,-5,307.77,90.79,6.61,283.69,ADP.tsv,NA,33.0536,ADP.tsv,NA,NA,NA,NA,22094,283.69,228,359,17
average,14319,RB,18.675,0.176776695296637,FALSE,1.25,18.5625,18.7875,-186.715,-161.3975,-209.7925,512,458,525,106,20,-158.945,349,Andrew,Beck,NYJ,RB,30,1,645.33,145,5.72,,,NA,,,NA,NA,NA,NA,,,,,
average,17274,RB,17.425,9.43987552884041,FALSE,0.275000000000002,11.4175,23.4325,-187.965,-168.5425,-205.1475,518,492,517,107,20,-160.195,357,Corey,Kiner,NEP,RB,24,-5,407.45,110,16.63,281.08,ADP.tsv,NA,31.6679,ADP.tsv,NA,NA,NA,NA,22722,281.08,235,327,3
average,12447,RB,17.15,3.4300,TRUE,2.25,17.15,17.15,-188.24,-162.81,-211.43,519,464,527,108,20,-160.47,358,Raheem,Mostert,LVR,RB,34,5,618.67,152.8,14.72,,,NA,,,NA,NA,NA,NA,,,,,
average,16746,RB,14.9,3.59722114972099,FALSE,0.424999999999999,11.375,18.915,-190.49,-168.585,-209.665,520,493,524,109,21,-162.72,369,Rasheen,Ali,BAL,RB,25,-4,352.71,97.25,10.07,281.74,ADP.tsv,NA,11.3613,ADP.tsv,NA,NA,0,NA,21167,281.74,320,355,4
average,17685,RB,14.475,8.94490078200983,FALSE,0.800000000000001,8.7825,20.1675,-190.915,-171.1775,-208.4125,521,503,520,110,21,-163.145,371,Eli,Heidenreich,PIT,RB,23,-6,333.46,96,9.76,282.6,ADP.tsv,NA,37.8527,ADP.tsv,NA,NA,1.176,1.176,22968,282.6,201,358,23
average,16678,RB,13.675,14.1067802846716,FALSE,0.525,4.6975,22.6525,-191.715,-175.2625,-205.9275,522,523,518,111,21,-163.945,373,Sione,Vaki,DET,RB,25,-4,346.67,97.91,11.04,281.68,ADP.tsv,NA,43.8165,ADP.tsv,NA,NA,0,NA,21297,281.68,182,360,20
average,12155,RB,13.15,10.949086719905,FALSE,0.6,2.635,21.985,-192.24,-177.325,-206.595,523,531,519,112,21,-164.47,375,Ameer,Abdullah,JAC,RB,33,5,432.5,114.64,16.2,281.22,ADP.tsv,NA,0.0000,ADP.tsv,NA,NA,0,NA,13582,281.22,355,355,1
average,16816,RB,12.55,2.5100,TRUE,0.65,12.55,12.55,-192.84,-167.41,-216.03,524,484,528,113,21,-165.07,376,British,Brooks,HOU,RB,27,-4,577.75,146.75,26.1,,,NA,,,NA,NA,NA,NA,,,,,
average,17058,RB,11.9,7.27942305406136,FALSE,1.8,6.52,19.03,-193.49,-173.44,-209.55,525,511,522,114,21,-165.72,379,Tahj,Brooks,CIN,RB,24,-5,308.22,91.78,5.53,285.26,ADP.tsv,NA,31.4171,ADP.tsv,NA,NA,0,NA,22300,285.26,207,356,61
average,12325,RB,10.1,14.0007142674936,FALSE,0.262121212121212,1.19,19.01,-195.29,-178.77,-209.57,526,533,523,115,21,-167.52,389,Michael,Burton,CLE,RB,34,5,514,164.4,14.99,,,NA,,,NA,NA,NA,NA,,,,,
average,15414,RB,9.83787878787879,9.33438096737417,FALSE,1.08787878787879,1.79136363636364,18.5313636363636,-195.552121212121,-178.168636363636,-210.048636363636,527,532,526,116,21,-167.782121212121,392,Kene,Nwangwu,NYJ,RB,28,-1,488.5,127.78,13.22,,,NA,,,NA,NA,0,NA,,,,,
average,15726,RB,8.75,1.7500,TRUE,1.95,8.75,8.75,-196.64,-171.21,-219.83,528,504,529,117,21,-168.87,394,Ronnie,Rivers,LAR,RB,27,-2,413.9,105.86,14.73,,,NA,,,NA,NA,NA,NA,,,,,
average,14420,RB,6.8,1.3600,TRUE,1.4,6.8,6.8,-198.59,-173.16,-221.78,529,509,530,118,21,-170.82,400,Alec,Ingold,LAC,RB,30,1,474.8,128,15.55,,,NA,,,NA,NA,NA,NA,,,,,
average,17348,RB,5.4,1.0800,TRUE,0.5,5.4,5.4,-199.99,-174.56,-223.18,530,516,531,119,21,-172.22,406,Nathan,Carter,ATL,RB,24,-5,460.6,121,15.19,,,NA,,,NA,NA,NA,NA,,,,,
average,17648,RB,4.9,0.9800,TRUE,0.3,4.9,4.9,-200.49,-175.06,-223.68,531,522,532,120,21,-172.72,408,Riley,Nowakowski,PIT,TE,24,-6,450.25,90,21.48,,,NA,,,NA,NA,0,NA,,,,,
average,15965,RB,4.6,0.9200,TRUE,0.2,4.6,4.6,-200.79,-175.36,-223.98,532,524,533,121,21,-173.02,409,Julius,Chestnut,TEN,RB,26,-2,480.71,125,14.68,,,NA,,,NA,NA,NA,NA,,,,,
average,15103,RB,4.4,0.8800,TRUE,0.0500000000000007,4.4,4.4,-200.99,-175.56,-224.18,533,525,534,122,21,-173.22,410,Reggie,Gilliam,NEP,RB,29,0,397.5,113.5,19.34,,,NA,,,NA,NA,NA,NA,,,,,
average,16613,RB,4.35,0,FALSE,0.599999999999999,4.35,4.35,-201.04,-175.61,-224.23,534,526,535,123,21,-173.27,411,Dylan,Laube,LVR,RB,27,-4,387.38,107.88,14.32,280.78,ADP.tsv,NA,0.0000,ADP.tsv,NA,NA,0,NA,21175,280.78,206,206,1
average,16335,RB,3.75,0.7500,TRUE,3.45,3.75,3.75,-201.64,-176.21,-224.83,535,529,536,124,21,-173.87,413,Scott,Matlock,LAC,RB,26,-3,NA,NA,NA,,,NA,,,NA,NA,NA,NA,,,,,
average,13455,RB,0.3,0.0600,TRUE,0,0.3,0.3,-205.09,-179.66,-228.28,537,534,538,125,21,-177.32,425,Patrick,Ricard,NYG,RB,32,3,478.8,131.25,12.16,,,NA,,,NA,NA,NA,NA,,,,,
average,16211,WR,281.157142857143,26.1094080836045,FALSE,5.58857142857141,243.08,305.755,93.0571428571428,67.98,100.595,3,7,3,1,1,103.537142857143,5,Puka,Nacua,LAR,WR,25,-3,4.46,2.25,0.91,5.12,ADP.tsv,6.134,1.7269,ADP.tsv,1.55801925533672,-3.134,56.5565,5.47372238517812,20336,5.12,2,12,340
average,15281,WR,275.568571428571,13.3224952975177,FALSE,11.2242857142857,258.48,292.71,87.4685714285714,83.38,87.55,5,4,4,2,1,97.9485714285714,6,Ja'Marr,Chase,CIN,WR,26,-1,2.64,1.17,0.42,3.16,ADP.tsv,4.354,1.5542,ADP.tsv,0.879377052236411,0.646,61.5365,4.50765534951376,18775,3.16,1,10,340
average,16185,WR,264.344285714286,23.5745575123853,FALSE,11.49,227.955,286.585,76.2442857142857,52.855,81.425,7,12,5,3,2,86.7242857142857,7,Jaxon,Smith-Njigba,SEA,WR,24,-3,5.86,3.19,0.9,5.64,ADP.tsv,7.474,1.7269,ADP.tsv,0.842747886381212,-0.474,54.6455,4.89837633813491,20273,5.64,1,11,340
average,15287,WR,252.854285714286,19.3569822520134,FALSE,28.2071428571428,223.45,262,64.7542857142857,48.35,56.84,8,15,11,4,3,75.2342857142857,11,Amon-Ra,St. Brown,DET,WR,27,-1,6.53,3.63,0.75,6.21,ADP.tsv,9.456,2.2450,ADP.tsv,1.30240700243818,-1.456,55.6065,4.10612551561688,18827,6.21,3,16,340
average,14836,WR,224.647142857143,22.6028838235933,FALSE,0.807380952380953,198.385,256.67,36.5471428571429,23.285,51.51,18,24,13,5,4,47.0271428571429,18,Justin,Jefferson,MIN,WR,27,0,11.61,6.15,1.88,12.05,ADP.tsv,15.356,3.2811,ADP.tsv,2.37173860279753,2.644,48.309,4.60291244757056,17972,12.05,6,25,340
average,15751,WR,223.839761904762,15.9449103811684,FALSE,2.17690476190478,200.8375,241.32,35.7397619047619,25.7375,36.16,19,21,19,6,4,46.2197619047619,19,Drake,London,ATL,WR,25,-2,16.82,8.41,1.74,20.99,ADP.tsv,21.708,5.3535,ADP.tsv,4.45760204594354,-2.708,36.305,3.2151943953671,19433,20.99,8,39,340
average,14832,WR,221.662857142857,15.5722035630647,FALSE,7.31285714285715,199.95,240.72,33.5628571428572,24.85,35.56,20,22,21,7,4,44.0428571428571,21,CeeDee,Lamb,DAL,WR,27,0,10.3,5.67,1.22,11.24,ADP.tsv,14.282,3.2811,ADP.tsv,2.18216772957534,5.718,49.2245,4.43294267389057,17965,11.24,5,24,340
average,15754,WR,214.35,20.8930474879404,FALSE,0.761428571428553,186.791,239.9,26.25,11.691,34.74,23,42,22,8,4,36.73,25,Chris,Olave,NOS,WR,26,-2,23.56,11.06,2.53,23.26,ADP.tsv,29.458,4.8354,ADP.tsv,5.33946214519777,-6.458,30.444,3.62364015873541,19432,23.26,13,41,340
average,16194,WR,213.588571428571,21.055095526239,FALSE,0.408571428571435,187.69,241.148,25.4885714285714,12.59,35.988,24,40,20,9,4,35.9685714285714,26,Rashee,Rice,KCC,WR,26,-3,32.64,15.33,4.07,29.32,ADP.tsv,31.428,6.3896,ADP.tsv,6.12977781000258,-7.428,25.7695,2.98405609029053,20287,29.32,14,51,340
average,15762,WR,213.18,26.8549250604056,FALSE,2.09285714285716,189.9,243.78,25.08,14.8,38.62,25,36,18,10,4,35.56,27,George,Pickens,DAL,WR,25,-2,22.7,10.85,2.49,22.86,ADP.tsv,23.186,5.8715,ADP.tsv,3.33001861856657,1.814,32.5435,1.89635881362152,19437,22.86,10,44,340
average,14104,WR,211.087142857143,15.4670032804092,FALSE,2.32714285714283,190.54,230.55,22.9871428571429,15.44,25.39,27,34,27,11,4,33.4671428571428,28,A.J.,Brown,NEP,WR,29,1,15.94,7.95,2.36,16.66,ADP.tsv,21.892,4.1446,ADP.tsv,2.17122453928653,5.108,38.3765,6.08162780429714,17004,16.66,7,31,340
average,15290,WR,208.76,16.9043781311233,FALSE,9.32000000000002,190.22,226.68,20.66,15.12,21.52,28,35,30,12,5,31.14,30,Nico,Collins,HOU,WR,27,-1,19.14,9.22,1.75,23.22,ADP.tsv,24.132,5.1808,ADP.tsv,2.98279332170367,3.868,34.223,1.98980074379321,18836,23.22,12,42,340
average,16615,WR,199.44,16.1724457024904,FALSE,1.10999999999999,180.6,217.6,11.34,5.50000000000003,12.44,40,50,37,13,5,21.82,34,Malik,Nabers,NYG,WR,23,-4,28.31,13.17,3.51,25.27,ADP.tsv,32.118,6.0442,ADP.tsv,3.07902192262413,7.882,27.964,0.886751374399838,21122,25.27,11,46,340
average,16190,WR,198.33,16.8653342688486,FALSE,4.06,181.48,216.44,10.23,6.38000000000002,11.28,42,47,39,14,5,20.71,36,Zay,Flowers,BAL,WR,26,-3,32.71,15.27,3.12,31.04,ADP.tsv,36.622,6.2169,ADP.tsv,6.99216246950827,5.378,22.7985,3.16069719365839,20288,31.04,20,56,340
average,17081,WR,194.27,12.6080133248661,FALSE,0.555000000000007,183.72,211.2,6.17000000000002,8.62,6.04000000000002,45,44,54,15,5,16.65,38,Emeka,Egbuka,TBB,WR,24,-5,41.07,19.85,3.83,38.42,ADP.tsv,44.662,9.1527,ADP.tsv,4.84066689620346,0.338000000000001,19.043,2.91957993553867,22063,38.42,22,75,340
average,17071,WR,193.715,17.0723790082109,FALSE,0.995000000000005,175.1,213.56,5.61500000000001,0,8.40000000000001,47,61,48,16,5,16.095,39,Tetairoa,McMillan,CAR,WR,23,-5,39.01,18.68,3.42,38.76,ADP.tsv,43.204,5.5261,ADP.tsv,5.69053459703041,3.796,18.9085,1.48583873620255,22059,38.76,25,57,340
average,15753,WR,192.72,12.3132855079382,FALSE,1.12,177.1,205.16,4.62,2.00000000000003,0,50,56,61,17,5,15.1,40,Garrett,Wilson,NYJ,WR,26,-2,38.4,18.32,3.18,35.78,ADP.tsv,47.894,6.7350,ADP.tsv,6.43481654750157,2.106,21.977,4.75722471615542,19431,35.78,24,63,340
average,15282,WR,191.6,12.0956603788301,FALSE,2.24999999999997,175.78,203.2,3.5,0.680000000000007,-1.95999999999998,52,59,64,18,6,13.98,42,DeVonta,Smith,PHI,WR,28,-1,28.57,13.44,2.6,28.82,ADP.tsv,36.386,7.2531,ADP.tsv,3.68392508067143,15.614,27.262,3.13659241853321,18778,28.82,17,59,340
average,15756,WR,189.35,11.7894020204589,FALSE,1.25000000000003,178.5,204.76,1.25000000000003,3.40000000000003,-0.399999999999977,58,52,62,19,6,11.73,43,Jameson,Williams,DET,WR,25,-2,50.93,24.59,3.83,49.07,ADP.tsv,54.376,8.9800,ADP.tsv,11.586141031422,3.624,12.3745,4.76635612916198,19435,49.07,34,86,340
average,14835,WR,188.1,16.9651112581085,FALSE,2.33999999999997,172.18,206.44,0,-2.91999999999999,1.28,61,70,60,20,6,10.48,44,Tee,Higgins,CIN,WR,27,0,36.62,17.38,3.03,37.77,ADP.tsv,38.936,6.2169,ADP.tsv,6.51866734846932,22.064,21.493,3.67391167558503,17971,37.77,24,60,340
average,11675,WR,185.76,9.59631439668377,FALSE,4.46000000000001,177.28,198.38,-2.33999999999997,2.18000000000001,-6.78,65,55,71,21,6,8.14000000000001,47,Davante,Adams,LAR,WR,34,6,49.91,24.26,3.36,51.09,ADP.tsv,52.23,8.2892,ADP.tsv,8.85796816431398,12.77,18.813,8.29220037143339,12729,51.09,32,80,340
average,16627,WR,181.3,13.1886314680485,FALSE,0.5,169.6,198.2,-6.79999999999998,-5.49999999999997,-6.96000000000001,72,76,72,22,6,3.68000000000001,49,Ladd,McConkey,LAC,WR,25,-4,38.47,18.37,3.58,34.19,ADP.tsv,45.516,8.2892,ADP.tsv,1.88004893553333,26.484,20.6135,3.83705443667405,21139,34.19,21,69,340
average,13635,WR,180.8,22.789142151472,FALSE,2.22,165.72,211.9,-7.29999999999998,-9.38,6.74000000000001,74,85,53,23,6,3.18000000000001,50,D.J.,Moore,BUF,WR,29,2,54.01,25.66,5.04,43.69,ADP.tsv,52.176,10.0161,ADP.tsv,9.22576956139704,21.824,18.156,7.595420199041,16134,43.69,25,83,340
average,14109,WR,178.58,11.2573087369939,FALSE,0.960000000000008,164.62,190.6,-9.51999999999998,-10.48,-14.56,81,90,97,24,6,0.960000000000008,51,Terry,McLaurin,WAS,WR,31,1,50.07,24.22,3.07,50.24,ADP.tsv,55.992,9.3254,ADP.tsv,6.9512629068393,25.008,14.9635,5.17173440443339,17062,50.24,31,85,340
average,17070,WR,177.62,26.7525139005664,FALSE,0.800000000000011,155,213.68,-10.48,-20.1,8.51999999999998,82,115,47,25,6,0,52,Luther,Burden,CHI,WR,23,-5,49.62,23.68,4.22,43.76,ADP.tsv,60.31,8.4619,ADP.tsv,10.3910730918419,21.69,12.804,3.45326048829219,22060,43.76,27,76,340
average,16616,WR,176.82,15.4906665447294,FALSE,3.19,162.94,197.39,-11.28,-12.16,-7.77000000000001,83,94,75,26,6,-0.800000000000011,53,Rome,Odunze,CHI,WR,24,-4,58.35,27.47,3.13,54.38,ADP.tsv,62.698,9.6708,ADP.tsv,8.86781235705853,20.302,10.7485,2.77324660821933,20335,54.38,36,92,340
average,15284,WR,173.63,9.36920487554841,FALSE,2.09999999999999,162.5,184.24,-14.47,-12.6,-20.92,91,95,120,27,7,-3.99000000000001,54,Jaylen,Waddle,DEN,WR,28,-1,38.06,18,3.71,35.86,ADP.tsv,48.106,7.4258,ADP.tsv,4.87798974988673,42.894,20.5875,4.29123161225306,18781,35.86,21,64,340
average,13630,WR,171.53,15.5310817395312,FALSE,3.04999999999998,158.81,192.46,-16.57,-16.29,-12.7,101,104,90,28,7,-6.09,55,Courtland,Sutton,DEN,WR,31,2,87.09,37.89,5.05,73.06,ADP.tsv,82.936,11.2250,ADP.tsv,14.7179205052888,18.064,7.867,5.95279320991415,16066,73.06,42,107,340
average,15789,WR,168.48,6.83498354058004,FALSE,0.610000000000014,159.9,174.76,-19.62,-15.2,-30.4,115,102,147,29,7,-9.13999999999999,57,Christian,Watson,GBP,WR,27,-2,55.66,26.24,3.71,49.79,ADP.tsv,63.798,8.6346,ADP.tsv,7.63858468566003,51.202,11.41,5.57932791651468,19445,49.79,36,86,340
average,11671,WR,167.87,11.6978416812675,FALSE,0.200000000000017,155.07,182.24,-20.23,-20.03,-22.92,118,114,124,30,7,-9.75,58,Mike,Evans,SFO,WR,33,6,61.52,28.71,4.42,59.63,ADP.tsv,71.266,12.2611,ADP.tsv,8.97933984210421,46.734,10.94,6.59352712893486,12686,59.63,37,108,340
average,15768,WR,167.67,16.4538597295589,FALSE,2.22499999999997,151.98,185.16,-20.43,-23.12,-20,119,123,115,31,7,-9.95000000000002,59,Alec,Pierce,IND,WR,26,-2,95.61,40.97,6.13,89.64,ADP.tsv,83.202,16.5784,ADP.tsv,15.3933068572026,35.798,5.638,3.67608650605505,19463,89.64,58,154,340
average,14102,WR,165.445,13.6327775966602,FALSE,3.11500000000001,151.08,182.285,-22.655,-24.02,-22.875,124,125,123,32,7,-12.175,62,DK,Metcalf,PIT,WR,29,1,80.72,35.44,4.07,74.67,ADP.tsv,83.618,10.8796,ADP.tsv,11.1153342729762,40.382,8.111,6.29750450575464,17002,74.67,54,117,340
average,16614,WR,162.33,17.1120425431916,FALSE,0.390000000000015,141.62,181.16,-25.77,-33.48,-24,131,144,127,33,7,-15.29,63,Marvin,Harrison Jr.,ARI,WR,24,-4,73.14,32.62,4.44,63.25,ADP.tsv,78.092,10.7069,ADP.tsv,6.05346314104579,52.908,8.409,3.9886943979202,21121,63.25,44,106,340
average,16192,WR,161.94,15.3882422647942,FALSE,0.859999999999985,143.88,178.32,-26.16,-31.22,-26.84,133,139,136,34,7,-15.68,64,Parker,Washington,JAC,WR,24,-3,62.13,28.5,4.67,51.32,ADP.tsv,72.03,12.0884,ADP.tsv,6.92541406704322,60.97,12.367,8.00082914453246,20291,51.32,27,97,340
average,16618,WR,161.08,19.5281079472641,FALSE,2.27500000000001,140.72,184.98,-27.02,-34.38,-20.18,134,145,116,35,7,-16.54,67,Brian,Thomas Jr.,JAC,WR,24,-4,81.12,35.43,4.57,71.83,ADP.tsv,85.344,10.8796,ADP.tsv,8.02621355310211,48.656,5.8635,3.27553610115963,21131,71.83,49,112,340
average,16206,WR,158.805,25.1690310699478,FALSE,3.495,138.885,192.62,-29.295,-36.215,-12.54,140,151,88,36,8,-18.815,72,Michael,Wilson,ARI,WR,26,-3,93.56,40.01,5.35,77.2,ADP.tsv,91.078,13.6427,ADP.tsv,13.8557040961476,48.922,6.164,4.66382332426948,20340,77.2,52,131,340
average,13163,WR,155.31,23.3179222916623,FALSE,4.25999999999999,132.46,185.22,-32.79,-42.64,-19.94,150,163,114,37,8,-22.31,74,Chris,Godwin,TBB,WR,30,3,81.96,35.72,4.86,71.49,ADP.tsv,87.694,11.5704,ADP.tsv,9.24522492965963,62.306,7.2355,5.61782704877963,15316,71.49,46,113,340
average,17497,WR,151.05,21.6605632429076,FALSE,2.13,128.43,177.88,-37.05,-46.67,-27.28,158,169,137,38,8,-26.57,76,Carnell,Tate,TEN,WR,21,-6,74.88,33.12,5.22,66.45,ADP.tsv,84.88,13.4700,ADP.tsv,9.17918732786296,73.12,8.336,5.14401477447334,22929,66.45,41,119,340
average,15757,WR,148.92,33.1616796920783,FALSE,4.27000000000001,123.52,193.96,-39.18,-51.58,-11.2,166,179,82,39,8,-28.7,78,Wan'Dale,Robinson,TEN,WR,25,-2,101.55,42.65,5.02,92.39,ADP.tsv,115.268,14.5061,ADP.tsv,23.3935558648103,50.732,5.338,3.61980828221606,19460,92.39,59,143,340
average,14842,WR,144.65,15.7443640709938,FALSE,0.319999999999993,122.96,155.42,-43.45,-52.14,-49.74,170,182,187,40,8,-32.97,83,Michael,Pittman,PIT,WR,29,0,92.21,39.63,4.53,85.89,ADP.tsv,113.006,11.5704,ADP.tsv,13.7550159578243,56.994,5.226,3.21217496410143,17995,85.89,54,121,340
average,16186,WR,144.33,21.4889390152236,FALSE,2.58000000000001,123.14,172.14,-43.77,-51.96,-33.02,171,181,157,41,8,-33.29,84,Jordan,Addison,MIN,WR,24,-3,106.6,44.22,5.1,103.6,ADP.tsv,106.228,15.3696,ADP.tsv,12.257401682249,64.772,3.6485,2.58376793656087,20274,103.6,68,157,340
average,16188,WR,141.75,17.775404355457,FALSE,0.47999999999999,120.82,159.72,-46.35,-54.28,-45.44,178,186,181,42,8,-35.87,87,Quentin,Johnston,LAC,WR,25,-3,90.51,38.6,4.9,76.25,ADP.tsv,99.818,11.5704,ADP.tsv,11.8753566683279,78.182,4.577,3.33291269012556,20276,76.25,50,117,340
average,16184,WR,141.27,28.2325964091155,FALSE,2.73000000000002,105.94,171.1,-46.83,-69.16,-34.06,179,202,159,43,9,-36.35,88,Jayden,Reed,GBP,WR,26,-3,105.25,43.59,5.56,93.54,ADP.tsv,112.95,15.0242,ADP.tsv,15.4605019323436,66.05,3.1995,2.40000432291277,20311,93.54,47,134,340
average,14127,WR,138.54,22.6586186692834,FALSE,2.56999999999999,109.8,161.74,-49.56,-65.3,-43.42,183,197,174,44,9,-39.08,91,Jakobi,Meyers,JAC,WR,30,1,114.85,47.41,6.03,111.25,ADP.tsv,123.056,15.0242,ADP.tsv,17.8412158778487,59.944,3.2245,2.47369778873653,17061,111.25,69,156,340
average,16620,WR,135.97,17.0874807973557,FALSE,1.01599999999999,113.38,150.06,-52.13,-61.72,-55.1,187,194,202,45,9,-41.65,94,Xavier,Worthy,KCC,WR,23,-4,129.37,51.94,4.63,119.18,ADP.tsv,127.76,17.2799,ADP.tsv,19.2116308521687,59.24,2.3645,1.65320317868071,21128,119.18,73,173,338
average,16187,WR,134.954,11.9867251574398,FALSE,0.554000000000002,123.7,150.58,-53.146,-51.4,-54.58,188,178,198,46,9,-42.666,95,Josh,Downs,IND,WR,25,-3,98.79,41.79,4.93,89.2,ADP.tsv,114.146,13.1246,ADP.tsv,11.6434077485932,73.854,3.7055,3.22097978106042,20283,89.2,61,137,340
average,15779,WR,134.4,19.8194349061723,FALSE,0.664999999999992,111.18,156.26,-53.7,-63.92,-48.9,189,196,184,47,9,-43.22,97,Romeo,Doubs,NEP,WR,26,-2,128.13,51.46,4.72,110.56,ADP.tsv,124.928,12.0884,ADP.tsv,14.4714966744978,64.072,2.9345,2.9173088197858,19455,110.56,79,149,340
average,12186,WR,133.735,15.1221030283489,FALSE,2.26500000000001,114,148.005,-54.365,-61.1,-57.155,191,192,204,48,9,-43.885,98,Stefon,Diggs,WAS,WR,33,5,100.64,41.93,7.03,98.44,ADP.tsv,108.296,14.5061,ADP.tsv,6.56262325598537,82.704,5.78,4.80293660170525,13671,98.44,58,142,340
average,17075,WR,131.47,15.7919124870929,FALSE,3.67,113.98,150.48,-56.63,-61.12,-54.68,194,193,200,49,9,-46.15,103,Matthew,Golden,GBP,WR,23,-5,126.09,50.41,5.86,100.53,ADP.tsv,120.946,12.9519,ADP.tsv,13.5853915659432,73.054,3.112,1.74136498184614,22085,100.53,69,144,340
average,14136,WR,127.8,22.5181038278093,FALSE,0.939999999999998,105.56,153.98,-60.3,-69.54,-51.18,198,204,192,50,9,-49.82,106,Deebo,Samuel,SFO,WR,30,1,141.05,55,8.86,131.73,ADP.tsv,125.95,16.7615,ADP.tsv,17.9608039909131,72.05,3.5665,3.95650941487569,17019,131.73,85,182,338
average,15761,WR,126.86,9.71457667631483,FALSE,0.310000000000002,114.5,134.86,-61.24,-60.6,-70.3,201,190,221,51,9,-50.76,107,Khalil,Shakir,BUF,WR,26,-2,134,53.43,4.91,126.34,ADP.tsv,140.926,13.8196,ADP.tsv,18.8938398426577,60.074,2.5555,2.18306682215639,19462,126.34,88,168,339
average,16080,WR,126.55,31.2240692415322,FALSE,1.94,91.46,162.8,-61.55,-83.64,-42.36,202,225,173,52,9,-51.07,110,Rashid,Shaheed,SEA,WR,28,-2,145.69,56.97,4.86,130.44,ADP.tsv,131.238,18.1383,ADP.tsv,15.5027409189472,70.762,2.474,2.45833846327148,19934,130.44,94,199,339
average,14833,WR,124.61,17.4810039757446,FALSE,3.3,108.45,145.84,-63.49,-66.65,-59.32,204,200,206,53,10,-53.01,112,Jerry,Jeudy,CLE,WR,27,0,176.85,67.15,8.76,194.96,ADP.tsv,153.02,22.6397,ADP.tsv,20.5158036644924,50.98,2.54533333333333,2.69559706847213,17964,194.96,127,257,314
average,17501,WR,121.31,27.1006088492491,FALSE,0.329999999999998,85.72,144.44,-66.79,-89.38,-60.72,207,233,207,54,10,-56.31,113,KC,Concepcion,CLE,WR,22,-6,115.46,47.08,5.76,99.94,ADP.tsv,122.18,18.1327,ADP.tsv,6.88985631199955,84.82,4.235,4.06020627554808,22933,99.94,60,165,340
average,17499,WR,120.98,28.4985657533849,FALSE,0.810000000000002,86.46,152.31,-67.12,-88.64,-52.85,208,232,194,55,10,-56.64,114,Makai,Lemon,PHI,WR,22,-6,111.98,46.03,6.48,105.46,ADP.tsv,125.78,14.8561,ADP.tsv,6.32231603132902,82.22,4.114,4.19999380951925,22932,105.46,69,155,339
average,16809,WR,120.17,16.7334096943809,FALSE,4.295,104,137.98,-67.93,-71.1,-67.18,210,207,218,56,10,-57.45,116,Jalen,Coker,CAR,WR,25,-4,131.47,52.34,4.83,121.87,ADP.tsv,136.412,13.4700,ADP.tsv,12.8952989883911,73.588,2.3235,1.78577063196817,21570,121.87,89,167,340
average,17514,WR,115.875,48.8294224827614,FALSE,1.935,48.78,150.38,-72.225,-126.32,-54.78,214,353,201,57,10,-61.745,118,De'Zhaun,Stribling,SFO,WR,24,-6,118.37,47.75,8.63,92.14,ADP.tsv,112.304,18.8234,ADP.tsv,9.8083833530302,101.696,6.212,4.26954704857553,23066,92.14,46,155,340
average,16287,WR,113.94,5.37801078466751,FALSE,1.63999999999999,108.7,120.64,-74.16,-66.4,-84.52,220,199,240,58,10,-63.68,121,Tre,Tucker,LVR,WR,25,-3,162.85,62.19,8.42,152.38,ADP.tsv,146.37,21.6067,ADP.tsv,16.0044406337741,73.63,2.023,1.88569005936819,20357,152.38,105,230,337
average,13629,WR,112.3,35.5642376552626,FALSE,4.95,70.7,152.06,-75.8,-104.4,-53.1,222,274,195,59,10,-65.32,123,Calvin,Ridley,TEN,WR,32,2,209.62,77.55,9.46,243.34,ADP.tsv,162.725,33.2038,ADP.tsv,23.397959846961,59.275,1.52133333333333,1.26495463247589,16065,243.34,161,345,226
average,16628,WR,107.35,5.50022726803175,FALSE,0.590000000000003,100.1,112.15,-80.75,-75,-93.01,229,214,256,60,10,-70.27,126,Jalen,McMillan,TBB,WR,25,-4,177.63,67.02,8.09,165.31,ADP.tsv,160.89,33.5216,ADP.tsv,24.3608305824466,68.11,2.94,2.34,21153,165.31,54,247,322
average,16193,WR,106.76,32.012329655931,FALSE,1.60000000000001,73.55,144.41,-81.34,-101.55,-60.75,230,267,208,61,10,-70.86,127,Kayshon,Boutte,HOU,WR,24,-3,170.38,64.8,7.9,175.31,ADP.tsv,160.905,27.3979,ADP.tsv,9.74760868110738,69.095,2.54266666666667,2.61459765334724,20326,175.31,99,257,327
average,14860,WR,105.16,27.9136033145132,FALSE,0.215000000000003,82.33,139.1,-82.94,-92.77,-66.06,232,238,216,62,10,-72.46,129,Jauan,Jennings,MIN,WR,29,0,179.1,68.22,9.65,184.04,ADP.tsv,164.2675,23.8188,ADP.tsv,15.1637089377896,67.7325,1.71866666666667,1.69309289631596,18033,184.04,110,247,319
average,17500,WR,104.945,27.0075012727946,FALSE,0.804999999999993,73.24,130.1,-83.155,-101.86,-75.06,233,268,225,63,11,-72.675,130,Denzel,Boston,CLE,WR,23,-6,160.31,61.01,8.42,151.16,ADP.tsv,154.502,18.7521,ADP.tsv,17.5671755271017,78.498,2.588,3.00343669818427,22934,151.16,98,206,323
average,15786,WR,104.14,26.2641009745241,FALSE,1.39,77.14,137.48,-83.96,-97.96,-67.68,234,253,219,64,11,-73.48,132,Jalen,Nailor,LVR,WR,27,-2,194.14,72.34,10.46,163.46,ADP.tsv,154.0775,19.4150,ADP.tsv,18.6997144028993,79.9225,1.7675,1.59970895790453,19715,163.46,104,216,328
average,11222,WR,102.75,15.1370406618995,FALSE,0.489999999999995,90.9,123.22,-85.35,-84.2,-81.94,237,227,236,65,11,-74.87,134,Keenan,Allen,IND,WR,34,7,197.96,73.34,15.94,185.74,ADP.tsv,152.414,28.5035,ADP.tsv,16.4428642273784,84.586,2.425,2.76981497577004,11857,185.74,98,262,320
average,16684,WR,102.26,20.0301772333647,FALSE,0.320000000000007,87.34,126.28,-85.84,-87.76,-78.88,238,231,230,66,11,-75.36,135,Malik,Washington,MIA,WR,25,-4,194.23,72.74,11.42,174.94,ADP.tsv,155.403333333333,21.8560,ADP.tsv,15.7543228635473,82.5966666666667,2.60666666666667,2.93168135300471,21154,174.94,103,229,326
average,17498,WR,101.94,51.3338509173041,FALSE,0.914999999999992,47.21,165.84,-86.16,-127.89,-39.32,239,362,170,67,11,-75.68,136,Jordyn,Tyson,NOS,WR,22,-6,141.32,56.32,9.39,131.57,ADP.tsv,141.554,23.0627,ADP.tsv,20.7243051511987,97.446,3.8045,4.43685482633814,22931,131.57,72,205,327
average,16788,WR,101.025,14.7974237622635,FALSE,3.33499999999999,84.535,118.84,-87.075,-90.565,-86.32,241,235,243,68,11,-76.595,137,Devaughn,Vele,NOS,WR,29,-4,243.73,89.46,12.43,226.66,ADP.tsv,178.385,33.7595,ADP.tsv,11.585,62.615,1.502,1.402,21357,226.66,141,333,287
average,15293,WR,97.69,20.9065300803361,FALSE,3.67,75.15,121.9,-90.41,-99.95,-83.26,246,260,239,69,11,-79.93,141,Rashod,Bateman,BAL,WR,27,-1,223.39,81.63,8.76,264.43,ADP.tsv,159.146666666667,36.4181,ADP.tsv,22.7233467801046,86.8533333333333,1.396,1.196,18785,264.43,160,353,152
average,16626,WR,94.02,20.4813817893227,FALSE,2.38250000000001,72.26,118.7,-94.08,-102.84,-86.46,250,272,244,70,11,-83.6,143,Adonai,Mitchell,NYJ,WR,24,-4,171.88,64.98,7.42,173.57,ADP.tsv,172.616666666667,19.2666,ADP.tsv,11.8418251220925,77.3833333333333,1.272,1.00490530233782,21129,173.57,111,222,324
average,17074,WR,91.6375,19.6094949365522,FALSE,2.97500000000001,72.38,113.5725,-96.4625,-102.72,-91.5875,253,271,252,71,11,-85.9825,145,Travis,Hunter,JAC,WR,23,-5,200.06,75.21,12.4,225.48,ADP.tsv,166.59,36.9323,ADP.tsv,0.890000000000001,86.41,2.77,1.07,22058,225.48,111,320,274
average,13164,WR,88.6625,17.6964196590723,FALSE,0.0708333333333258,78.958,112.6845,-99.4375,-96.142,-92.4755,259,246,254,72,11,-88.9575,146,Cooper,Kupp,SEA,WR,33,3,230.59,84.21,9.46,238.19,ADP.tsv,159.55,26.3051,ADP.tsv,9.55,99.45,2.524,2.324,15283,238.19,149,296,244
average,15788,WR,88.5916666666667,30.0008194332533,FALSE,1.55666666666667,68.07,124.875,-99.5083333333333,-107.03,-80.285,260,284,233,73,12,-89.0283333333333,147,Jalen,Tolbert,MIA,WR,27,-2,285.62,109.06,14.2,280.63,ADP.tsv,NA,34.9773,ADP.tsv,NA,NA,1.248,1.248,19453,280.63,183,359,98
average,17517,WR,87.035,43.1014703925516,FALSE,1.13916666666667,31.84,127.38,-101.065,-143.26,-77.78,263,403,228,74,12,-90.585,150,Ja'Kobi,Lane,BAL,WR,22,-6,205.49,76.16,15.94,160.38,ADP.tsv,154.284,23.7259,ADP.tsv,15.3050966674504,108.716,3.4745,4.346933488104,22959,160.38,103,240,331
average,17072,WR,85.8958333333333,34.2460713480799,FALSE,3.47583333333333,66.9325,127.23,-102.204166666667,-108.1675,-77.93,268,291,229,75,12,-91.7241666666667,153,Tre,Harris,LAC,WR,24,-5,184.79,69.87,9.35,166.32,ADP.tsv,183.675,20.6756,ADP.tsv,3.825,84.325,1.16933333333333,0.860860551360608,22074,166.32,106,225,321
average,17502,WR,82.42,35.2365151511894,FALSE,0.990000000000009,49.14,128.18,-105.68,-125.96,-76.98,273,351,227,76,12,-95.2,157,Omar,Cooper Jr.,NYJ,WR,23,-6,185.29,70.33,10.52,212.16,ADP.tsv,177.965,25.9844,ADP.tsv,10.065,95.035,2.05333333333333,2.2343579739056,22948,212.16,141,289,291
average,17157,WR,81.43,14.4171599144908,FALSE,1.09249999999999,63.28,96.35,-106.67,-111.82,-108.81,276,313,286,77,12,-96.19,159,Isaac,TeSlaa,DET,WR,24,-5,217.03,80.32,7.09,207.99,ADP.tsv,204.73,22.3920,ADP.tsv,NA,71.27,1.488,1.488,22134,207.99,139,267,301
average,16201,WR,80.3375,13.5964073073245,FALSE,0.0125000000000028,65.92,92.3225,-107.7625,-109.18,-112.8375,278,296,292,78,12,-97.2825,162,Xavier,Hutchinson,HOU,WR,26,-3,286.33,106.37,16.8,283.8,ADP.tsv,186.09,42.0055,ADP.tsv,NA,91.91,1.98,1.98,20305,283.8,158,360,68
average,16778,WR,80.325,11.5390279775494,FALSE,0.52000000000001,69.23,93.135,-107.775,-105.87,-112.025,279,276,291,79,12,-97.295,163,Ryan,Flournoy,DAL,WR,27,-4,187.98,70.7,9.45,176.13,ADP.tsv,177.375,24.4980,ADP.tsv,8.97499999999999,101.625,2.172,2.172,21355,176.13,102,243,321
average,16195,WR,79.805,6.23133212082297,FALSE,1.43499999999999,74.4,88.04,-108.295,-100.7,-117.12,281,262,302,80,12,-97.815,164,Dontayvion,Wicks,PHI,WR,25,-3,184.54,68.66,10.1,170.54,ADP.tsv,163.536666666667,21.1553,ADP.tsv,8.73254576601551,117.463333333333,2.28,2.39822156329783,20314,170.54,103,225,327
average,17080,WR,78.37,18.3576142240761,FALSE,0.659999999999997,60.71,100.74,-109.73,-114.39,-104.42,283,321,278,81,12,-99.25,166,Jaylin,Noel,HOU,WR,24,-5,203.66,75.78,8.19,243.39,ADP.tsv,NA,37.7576,ADP.tsv,NA,NA,1.202,1.102,22116,243.39,134,345,244
average,17503,WR,77.71,37.5098387093307,FALSE,0.38000000000001,27.2,103.58,-110.39,-147.9,-101.58,286,414,274,82,12,-99.91,167,Germie,Bernard,PIT,WR,23,-6,235.27,87.4,10.63,262.28,ADP.tsv,NA,36.7875,ADP.tsv,NA,NA,3.708,3.708,22947,262.28,154,353,182
average,17512,WR,77.33,28.5787858384502,FALSE,1.22,47.8,108.2,-110.77,-127.3,-96.96,288,359,265,83,12,-100.29,169,Antonio,Williams,WAS,WR,22,-6,232.41,87.62,14.27,235.37,ADP.tsv,NA,37.1088,ADP.tsv,NA,NA,3.588,3.588,22956,235.37,104,311,240
average,17599,WR,76.11,27.485368835073,FALSE,0.564166666666665,38.76,97.14,-111.99,-136.34,-108.02,293,384,285,84,12,-101.51,171,Caleb,Douglas,MIA,WR,23,-6,207.13,78.11,16.56,190.33,ADP.tsv,175.66,25.3751,ADP.tsv,12.3262348941867,117.34,2.48,2.67870615534192,23043,190.33,112,258,320
average,15787,WR,75.5458333333333,14.1572346051998,FALSE,0.0208333333333286,64.305,92.2525,-112.554166666667,-110.795,-112.9075,295,308,293,85,12,-102.074166666667,172,Tyquan,Thornton,KCC,WR,26,-2,259.83,94.97,10.08,281.13,ADP.tsv,NA,32.6007,ADP.tsv,NA,NA,1.212,1.212,19491,281.13,192,355,93
average,16619,WR,75.525,33.9044122005775,FALSE,0.0499999999999972,43.465,112.17,-112.575,-131.635,-92.99,296,373,255,86,12,-102.095,173,Troy,Franklin,DEN,WR,23,-4,223.93,82.88,10.99,254.63,ADP.tsv,187.73,39.7884,ADP.tsv,NA,108.27,1.224,1.224,21127,254.63,113,326,166
average,16639,WR,75.475,10.7027644403989,FALSE,0.112500000000011,62.675,83.55,-112.625,-112.425,-121.61,297,317,317,87,12,-102.145,174,Xavier,Legette,CAR,WR,25,-4,272.46,99.66,9.32,288.47,ADP.tsv,NA,31.2728,ADP.tsv,NA,NA,0.912,0.912,21137,288.47,210,358,60
average,14122,WR,75.3625,16.5930394543415,FALSE,2.36731399733806,58.755,91.6025,-112.7375,-116.345,-113.5575,298,326,298,88,12,-102.2575,175,Darius,Slayton,NYG,WR,29,1,272.47,99.17,7.96,284.18,ADP.tsv,175.745,31.7934,ADP.tsv,11.545,122.255,1.356,1.356,17512,284.18,204,358,72
average,16204,WR,72.9951860026619,30.1927944984866,FALSE,1.84518600266193,35.19,104.66,-115.104813997338,-139.91,-100.5,303,391,272,89,12,-104.624813997338,179,Tank,Dell,HOU,WR,27,-3,225.49,84.51,11.78,227.92,ADP.tsv,175.56,39.7261,ADP.tsv,16.16,127.44,2.588,2.188,20323,227.92,109,331,244
average,16342,WR,71.15,14.2594705371553,FALSE,0.712500000000006,61.01,85.175,-116.95,-114.09,-119.985,308,320,309,90,13,-106.47,181,Demario,Douglas,NEP,WR,26,-3,262.05,100.95,17.99,277.1,ADP.tsv,NA,34.1057,ADP.tsv,NA,NA,1.296,1.296,20341,277.1,175,351,121
average,15755,WR,70.4375,35.1021693299241,FALSE,1.53749999999999,42.0775,111.87,-117.6625,-133.0225,-93.29,311,376,257,91,13,-107.1825,183,Jahan,Dotson,ATL,WR,26,-2,280.55,104.95,15.95,279.04,ADP.tsv,NA,33.2467,ADP.tsv,NA,NA,0.876,0.876,19452,279.04,189,359,112
average,16189,WR,68.9,18.5261976670875,FALSE,0.616666666666674,57.11,80.69,-119.2,-117.99,-124.47,316,329,327,92,13,-108.72,186,Marvin,Mims,DEN,WR,24,-3,276.1,100.28,8.91,286.83,ADP.tsv,NA,19.9824,ADP.tsv,NA,NA,1.26,1.26,20293,286.83,271,360,38
average,13633,WR,68.2833333333333,45.6654774784337,FALSE,0.0958333333333314,23.285,99.83,-119.816666666667,-151.815,-105.33,319,424,279,93,13,-109.336666666667,187,Christian,Kirk,SFO,WR,30,2,274.47,100.93,13.1,277.09,ADP.tsv,NA,39.8735,ADP.tsv,NA,NA,NA,NA,16132,277.09,157,360,108
average,16617,WR,68.1875,15.4446525265759,FALSE,1.33749999999999,53.59,85.8125,-119.9125,-121.51,-119.3475,322,338,307,94,13,-109.4325,188,Keon,Coleman,BUF,WR,23,-4,249.67,90.16,9.36,265.02,ADP.tsv,179.43,34.0432,ADP.tsv,8.63,142.57,2.736,2.736,21130,265.02,172,352,149
average,17511,WR,66.85,54.2531412301015,FALSE,0.5,10.925,124.805,-121.25,-164.175,-80.355,328,471,234,95,13,-110.77,190,Malachi,Fields,NYG,WR,23,-6,223.01,81.7,11.9,196.9,ADP.tsv,175.046666666667,39.8139,ADP.tsv,13.5688180112426,152.953333333333,2.15866666666667,2.30447757396094,22952,196.9,30,259,319
average,17082,WR,66.35,14.1172471348584,FALSE,0.0125000000000028,55.31,83.27,-121.75,-119.79,-121.89,330,334,318,96,13,-111.27,191,Pat,Bryant,DEN,WR,24,-5,190.24,70.93,8.56,192.84,ADP.tsv,190.24,31.1521,ADP.tsv,NA,139.76,2.244,2.244,22115,192.84,117,296,316
average,16207,WR,66.3375,15.3802565539937,FALSE,0.262500000000003,52.91,82.3725,-121.7625,-122.19,-122.7875,331,340,321,97,13,-111.2825,192,Andrei,Iosivas,CIN,WR,27,-3,278.47,104.43,11.33,283.83,ADP.tsv,NA,30.2899,ADP.tsv,NA,NA,1.056,1.056,20337,283.83,206,356,86
average,14974,WR,66.075,30.2573820193794,FALSE,1.825,44.385,102.43,-122.025,-130.715,-102.73,333,371,276,98,13,-111.545,193,Darnell,Mooney,NYG,WR,29,0,227.07,83.68,8.25,260.23,ADP.tsv,NA,35.0445,ADP.tsv,NA,NA,1.032,1.032,18169,260.23,157,343,154
average,17073,WR,64.25,38.370854824984,FALSE,1.15,23.74,108.38,-123.85,-151.36,-96.78,341,420,264,99,13,-113.37,198,Elic,Ayomanor,TEN,WR,23,-5,255.27,92.96,9.93,288.07,ADP.tsv,NA,31.3107,ADP.tsv,NA,NA,1.272,1.272,22091,288.07,209,359,66
average,17171,WR,63.1,33.2207013773039,FALSE,1.355,26.06,97.78,-125,-149.04,-107.38,347,416,284,100,13,-114.52,199,Chimere,Dike,TEN,WR,25,-5,255.4,93.51,11.19,285.53,ADP.tsv,NA,36.8761,ADP.tsv,NA,NA,1.356,1.356,22269,285.53,181,358,67
average,17506,WR,61.745,38.6459344562918,FALSE,0.361666666666665,14.54,100.98,-126.355,-160.56,-104.18,353,456,277,101,13,-115.875,201,Chris,Bell,MIA,WR,22,-6,227.98,83.62,12.86,213.19,ADP.tsv,185.26,39.1583,ADP.tsv,5.42999999999999,167.74,3.428,3.83645252805245,22946,213.19,102,326,303
average,17519,WR,61.3833333333333,45.2732352867932,FALSE,1.1375,33.535,105.985,-126.716666666667,-141.565,-99.175,355,400,268,102,13,-116.236666666667,202,Bryce,Lance,NOS,WR,24,-6,283.93,105.51,14.99,279.76,ADP.tsv,NA,32.6423,ADP.tsv,NA,NA,2.4,2.4,22969,279.76,193,359,107
average,17098,WR,60.2458333333333,29.5165972613526,FALSE,0.545833333333334,40.2925,96.13,-127.854166666667,-134.8075,-109.03,359,377,287,103,13,-117.374166666667,205,Tory,Horton,SEA,WR,24,-5,262.8,96.05,9.41,286.37,ADP.tsv,NA,35.6008,ADP.tsv,NA,NA,0,NA,21171,286.37,185,360,81
average,17078,WR,59.7,21.4527387528959,FALSE,0.683333333333337,40.21,84.58,-128.4,-134.89,-120.58,360,378,311,104,13,-117.92,207,Jack,Bech,LVR,WR,24,-5,249.25,91.03,9.38,275.8,ADP.tsv,NA,28.8832,ADP.tsv,NA,NA,0,NA,22112,275.8,205,353,114
average,14840,WR,59.0166666666667,39.2527175280048,FALSE,0.924999999999997,23.505,94.155,-129.083333333333,-151.595,-111.005,364,423,289,105,13,-118.603333333333,209,Brandon,Aiyuk,SFO,WR,28,0,276.13,104.62,20.18,283.73,ADP.tsv,NA,34.9634,ADP.tsv,NA,NA,6.144,NA,17983,283.73,196,358,51
average,17507,WR,58.0916666666667,50.1861673062298,FALSE,0.741666666666667,10.53,115.045,-130.008333333333,-164.57,-90.115,365,473,249,106,13,-119.528333333333,211,Zachariah,Branch,ATL,WR,22,-6,229.65,85.15,11.44,236.18,ADP.tsv,NA,33.8974,ADP.tsv,NA,NA,2.268,2.268,22951,236.18,145,334,239
average,13289,WR,57.35,13.83772018795,FALSE,0.266666666666666,48.715,70.99,-130.75,-126.385,-134.17,366,354,357,107,13,-120.27,214,Mack,Hollins,NEP,WR,33,3,288.64,105.32,11.3,288.49,ADP.tsv,NA,38.2230,ADP.tsv,NA,NA,0.852,0.852,15355,288.49,182,360,53
average,15981,WR,57.0833333333333,5.59784184604507,FALSE,3.17083333333333,53.335,62.605,-131.016666666667,-121.765,-142.555,367,339,387,108,13,-120.536666666667,215,KaVontae,Turpin,DAL,WR,30,-2,297.9,114.93,16.71,282.5,ADP.tsv,NA,30.3936,ADP.tsv,NA,NA,2.052,2.052,20247,282.5,245,359,12
average,14105,WR,53.9125,36.5069028860753,FALSE,1.54583333333333,28.565,98.2125,-134.1875,-146.535,-106.9475,374,413,283,109,14,-123.7075,219,Marquise,Brown,PHI,WR,29,1,287.48,106.44,8.54,,,NA,,,NA,NA,0,NA,,,,,
average,12785,WR,52.3666666666667,31.3614545793612,FALSE,2.54666666666667,22.69,78.625,-135.733333333333,-152.41,-126.535,378,427,333,110,14,-125.253333333333,222,Demarcus,Robinson,SFO,WR,32,4,343.77,123.33,17.39,281.34,ADP.tsv,NA,35.6572,ADP.tsv,NA,NA,0,NA,14714,281.34,218,358,16
average,17520,WR,49.82,24.7863268759209,FALSE,1.44499999999999,25.34,79.04,-138.28,-149.76,-126.12,385,418,331,111,14,-127.8,228,Ted,Hurst,TBB,WR,22,-6,240.7,89.03,12.75,233.52,ADP.tsv,NA,30.3141,ADP.tsv,NA,NA,4.044,4.044,22967,233.52,159,330,266
average,15319,WR,48.375,19.6153638763088,FALSE,1.49166666666667,35.03,72.185,-139.725,-140.07,-132.975,386,394,353,112,14,-129.245,233,Joshua,Palmer,BUF,WR,27,-1,311.97,114.93,11.74,284.74,ADP.tsv,NA,29.9143,ADP.tsv,NA,NA,0,NA,18862,284.74,233,360,27
average,13418,WR,46.8833333333333,6.38363793877232,FALSE,0.0333333333333314,42.605,53.18,-141.216666666667,-132.495,-151.98,392,375,405,113,14,-130.736666666667,237,Kendrick,Bourne,ARI,WR,31,3,283.09,109.72,14.51,285.95,ADP.tsv,NA,34.8867,ADP.tsv,NA,NA,0,NA,15671,285.95,203,360,41
average,17528,WR,46.85,11.1015764646288,FALSE,1.27916666666667,39.785,53.915,-141.25,-135.315,-151.245,393,380,401,114,14,-130.77,238,Kevin,Coleman,MIA,WR,23,-6,345.45,124.66,15.02,280.81,ADP.tsv,NA,11.2874,ADP.tsv,NA,NA,0,NA,23176,280.81,233,263,2
average,17706,WR,45.5708333333333,35.7856281285596,FALSE,1.8375,12.1975,86.51,-142.529166666667,-162.9025,-118.65,395,465,305,115,14,-132.049166666667,243,Malik,Benson,LVR,WR,24,-6,314.1,115.88,14.49,283.23,ADP.tsv,NA,36.2740,ADP.tsv,NA,NA,1.812,1.812,23172,283.23,205,359,27
average,14315,WR,43.7333333333333,36.8717145429031,FALSE,0.916666666666664,19.63,80.11,-144.366666666667,-155.47,-125.05,400,436,330,116,14,-133.886666666667,248,Ashton,Dulin,IND,WR,29,1,383.92,133.12,15.52,281.12,ADP.tsv,NA,0.0000,ADP.tsv,NA,NA,0,NA,17366,281.12,322,322,1
average,13066,WR,42.8166666666667,5.07600564748832,FALSE,0.683333333333337,37.81,46.225,-145.283333333333,-137.29,-158.935,404,387,419,117,14,-134.803333333333,250,Kalif,Raymond,CHI,WR,32,4,315.64,119.06,16.07,283.88,ADP.tsv,NA,33.5441,ADP.tsv,NA,NA,0,NA,14572,283.88,220,360,24
average,17353,WR,42.1333333333333,41.4229807393593,FALSE,0.549999999999997,14.87,83,-145.966666666667,-160.23,-122.16,405,455,320,118,14,-135.486666666667,255,Jahdae,Walker,CHI,WR,24,-5,436.5,146.6,12,281.94,ADP.tsv,NA,6.2174,ADP.tsv,NA,NA,NA,NA,22746,281.94,333,353,5
average,14592,WR,41.5833333333333,17.4473732502441,FALSE,1.13333333333333,28.595,58.655,-146.516666666667,-146.505,-146.505,407,412,392,119,14,-136.036666666667,257,Olamide,Zaccheaus,ATL,WR,29,1,310.5,117.24,9.1,285.98,ADP.tsv,NA,21.5576,ADP.tsv,NA,NA,0,NA,17170,285.98,267,359,28
average,15292,WR,40.45,24.5890727763371,FALSE,1.3,17.795,61.985,-147.65,-157.305,-143.175,409,445,388,120,14,-137.17,263,Dyami,Brown,WAS,WR,27,-1,375.88,142.29,17.9,281.44,ADP.tsv,NA,0.0000,ADP.tsv,NA,NA,0,NA,18786,281.44,356,356,2
average,16451,WR,39.15,7.8300,TRUE,0.450000000000003,39.15,39.15,-148.95,-135.95,-166.01,411,382,428,121,14,-138.47,268,Tyrell,Shavers,BUF,WR,27,-3,523.2,180.17,17.73,,,NA,,,NA,NA,NA,NA,,,,,
average,17134,WR,38.7,0.707106781186548,FALSE,0.0333333333333314,38.25,39.15,-149.4,-136.85,-166.01,413,385,428,122,14,-138.92,269,Kyle,Williams,NEP,WR,24,-5,272.54,99.78,12.04,282.7,ADP.tsv,NA,32.2006,ADP.tsv,NA,NA,0,NA,22128,282.7,201,360,84
average,17521,WR,38.6666666666667,34.8057945367339,FALSE,0.0500000000000043,13.01,72.77,-149.433333333333,-162.09,-132.39,414,460,351,123,14,-138.953333333333,270,Zavion,Thomas,CHI,WR,22,-6,328.88,119.26,13.39,281.09,ADP.tsv,NA,38.5338,ADP.tsv,NA,NA,4.608,4.608,23013,281.09,189,360,37
average,16635,WR,38.6166666666667,30.2953104181709,FALSE,4.36666666666667,13.505,67.415,-149.483333333333,-161.595,-137.745,415,459,371,124,15,-139.003333333333,271,Luke,McCaffrey,WAS,WR,25,-4,330.91,120.45,13.92,282.48,ADP.tsv,NA,11.9882,ADP.tsv,NA,NA,0,NA,21168,282.48,316,358,8
average,17076,WR,34.25,7.61725015999869,FALSE,0.5,29.255,41.765,-153.85,-145.845,-163.395,419,407,426,125,15,-143.37,278,Isaiah,Bond,CLE,WR,22,-5,294.73,108.88,10.17,283.51,ADP.tsv,NA,30.5304,ADP.tsv,NA,NA,0,NA,22061,283.51,238,359,17
average,17079,WR,33.75,20.1525432638166,FALSE,0.849999999999994,20.925,46.575,-154.35,-154.175,-158.585,420,432,417,126,15,-143.87,280,Tez,Johnson,TBB,WR,24,-5,299.5,113.74,14.14,284.19,ADP.tsv,NA,31.1481,ADP.tsv,NA,NA,0,NA,22108,284.19,229,359,24
average,15759,WR,32.9,6.5800,TRUE,1.87916666666667,32.9,32.9,-155.2,-142.2,-172.26,422,401,439,127,15,-144.72,285,John,Metchie,CAR,WR,26,-2,327.88,129.03,27.3,281.9,ADP.tsv,NA,16.8271,ADP.tsv,NA,NA,NA,NA,19454,281.9,302,358,6
average,17518,WR,31.0208333333333,24.2599478450479,FALSE,1.1875,4.8175,53.73,-157.079166666667,-170.2825,-151.43,426,501,402,128,15,-146.599166666667,292,Cyrus,Allen,KCC,WR,23,-6,211.53,81.24,18.32,176.92,ADP.tsv,176.545,33.2072,ADP.tsv,3.16500000000001,249.455,4.012,4.64359286185457,23165,176.92,85,276,319
average,16621,WR,29.8333333333333,4.56216322958017,FALSE,2.05,25.48,33.58,-158.266666666667,-149.62,-171.58,429,417,437,129,15,-147.786666666667,296,Devontez,Walker,BAL,WR,25,-4,386.33,136.68,19.21,282.59,ADP.tsv,NA,13.4254,ADP.tsv,NA,NA,0,NA,21138,282.59,312,360,9
average,16630,WR,27.7833333333333,8.18876262528921,FALSE,0.516666666666666,19.835,34.145,-160.316666666667,-155.265,-171.015,435,434,436,130,15,-149.836666666667,302,Isaiah,Williams,NYJ,WR,25,-4,382.6,124.18,20.78,281.37,ADP.tsv,NA,17.5550,ADP.tsv,NA,NA,0,NA,21729,281.37,301,352,3
average,16633,WR,27.2666666666667,6.89661752842169,FALSE,0.06666666666667,20.62,32.77,-160.833333333333,-154.48,-172.39,436,433,440,131,15,-150.353333333333,304,Jordan,Whittington,LAR,WR,26,-4,373.92,132.67,12.35,281.8,ADP.tsv,NA,37.4400,ADP.tsv,NA,NA,0,NA,21389,281.8,212,359,16
average,15301,WR,27.2,1.5556349186104,FALSE,1.06666666666667,26.21,28.19,-160.9,-148.89,-176.97,438,415,446,132,15,-150.42,305,Tutu,Atwell,LAR,WR,27,-1,359.28,125.97,14.19,285.62,ADP.tsv,NA,39.0666,ADP.tsv,NA,NA,0,NA,18802,285.62,186,360,38
average,17096,WR,26.1333333333333,6.60101002372617,FALSE,1.00833333333333,19.72,31.24,-161.966666666667,-155.38,-173.92,440,435,442,133,15,-151.486666666667,309,Savion,Williams,GBP,WR,25,-5,357.05,128.35,12.68,281.95,ADP.tsv,NA,9.3262,ADP.tsv,NA,NA,0,NA,22073,281.95,326,356,5
average,17529,WR,25.125,2.29809703885628,FALSE,0.319999999999997,23.6625,26.5875,-162.975,-151.4375,-178.5725,442,422,448,134,15,-152.495,315,Brenen,Thompson,LAC,WR,23,-6,315.09,115.07,12.42,281.51,ADP.tsv,NA,37.5908,ADP.tsv,NA,NA,1.716,1.716,23097,281.51,208,347,11
average,15752,WR,24.805,13.3064655337171,FALSE,0.771666666666668,11.769,34.6245,-163.295,-163.331,-170.5355,444,467,434,135,15,-152.815,317,Treylon,Burks,WAS,WR,26,-2,310.35,118.54,18.15,283.01,ADP.tsv,NA,24.9556,ADP.tsv,NA,NA,0,NA,19429,283.01,261,358,15
average,16629,WR,24.0333333333333,23.625480594759,FALSE,0.783333333333335,2.35,44.83,-164.066666666667,-172.75,-160.33,446,507,421,136,15,-153.586666666667,319,Roman,Wilson,PIT,WR,25,-4,295.04,111.91,16.7,284.66,ADP.tsv,NA,25.3977,ADP.tsv,NA,NA,0,NA,21148,284.66,253,359,24
average,17254,WR,23.25,6.94604203845615,FALSE,0.299999999999997,18.185,30.065,-164.85,-156.915,-175.095,448,441,444,137,15,-154.37,328,Konata,Mumpfield,LAR,WR,24,-5,326.03,117.27,16.62,281.79,ADP.tsv,NA,3.8953,ADP.tsv,NA,NA,0,NA,22334,281.79,344,356,4
average,14118,WR,22.95,4.5900,TRUE,0.550000000000004,22.95,22.95,-165.15,-152.15,-182.21,450,425,456,138,15,-154.67,331,Lil'Jordan,Humphrey,DEN,WR,28,1,492.83,165.09,18.45,281.08,ADP.tsv,NA,41.0111,ADP.tsv,NA,NA,NA,NA,17049,281.08,240,349,2
average,17184,WR,22.4,4.4800,TRUE,0.375,22.4,22.4,-165.7,-152.7,-182.76,452,428,457,139,15,-155.22,334,Jaylin,Lane,WAS,WR,24,-5,369.41,131.59,12.48,281.06,ADP.tsv,NA,44.0210,ADP.tsv,NA,NA,0,NA,22272,281.06,232,349,2
average,15785,WR,22.025,16.4402326625872,FALSE,3.325,11.5625,32.4875,-166.075,-163.5375,-172.6725,453,468,441,140,16,-155.595,336,Bo,Melton,GBP,WR,27,-2,505.8,173.14,15.32,280.86,ADP.tsv,NA,0.0000,ADP.tsv,NA,NA,0,NA,19736,280.86,232,232,1
average,14845,WR,18.7,3.7400,TRUE,0.500000000000004,18.7,18.7,-169.4,-156.4,-186.46,456,440,465,141,16,-158.92,348,Gabriel,Davis,BUF,WR,27,0,801,242.2,45.93,,,NA,,,NA,NA,NA,NA,,,,,
average,17508,WR,18.2,14.2835569799683,FALSE,1.1,9.11,27.29,-169.9,-165.99,-177.87,457,480,447,142,16,-159.42,353,Skyler,Bell,BUF,WR,24,-6,289.36,105.63,10.74,282.33,ADP.tsv,NA,34.6308,ADP.tsv,NA,NA,2.784,2.784,22957,282.33,189,360,84
average,17086,WR,17.1,0.848528137423857,FALSE,0.149999999999999,16.56,17.64,-171,-158.54,-187.52,458,449,469,143,16,-160.52,359,Jalen,Royals,KCC,WR,23,-5,328.27,121.1,16.01,281.48,ADP.tsv,NA,19.2761,ADP.tsv,NA,NA,0,NA,22107,281.48,304,360,3
average,17234,WR,17.1,3.25269119345812,FALSE,0,15.03,19.17,-171,-160.07,-185.99,458,452,462,143,16,-160.52,359,Jimmy,Horn,CAR,WR,24,-5,421.57,151.6,13.32,281.4,ADP.tsv,NA,2.6337,ADP.tsv,NA,NA,0,NA,22291,281.4,346,353,2
average,15491,WR,16.95,3.3900,TRUE,0.06666666666667,16.95,16.95,-171.15,-158.15,-188.21,459,447,472,144,16,-160.67,360,Ben,Skowronek,PIT,WR,29,-1,555,186.29,17.65,,,NA,,,NA,NA,NA,NA,,,,,
average,17205,WR,16.8833333333333,8.72701743629136,FALSE,0.133333333333333,8.955,24.66,-171.216666666667,-166.145,-180.5,460,481,451,145,16,-160.736666666667,361,KeAndre,Lambert-Smith,LAC,WR,25,-5,495.4,163.82,11.41,281.46,ADP.tsv,NA,0.0000,ADP.tsv,NA,NA,0,NA,22336,281.46,359,359,2
average,17333,WR,16.75,3.3500,TRUE,0.550000000000001,16.75,16.75,-171.35,-158.35,-188.41,461,448,473,146,16,-160.87,363,Darius,Cooper,PHI,WR,25,-5,510.8,188.14,15.34,281.29,ADP.tsv,NA,15.4897,ADP.tsv,NA,NA,NA,NA,22809,281.29,291,336,3
average,16428,WR,16.2,13.8592929112563,FALSE,0.849999999999998,7.38,25.02,-171.9,-167.72,-180.14,465,485,450,147,16,-161.42,364,Xavier,Smith,LAR,WR,29,-3,490.6,158.75,14.18,,,NA,,,NA,NA,0,NA,,,,,
average,13377,WR,15.35,3.0700,TRUE,0.475,15.35,15.35,-172.75,-159.75,-189.81,467,450,476,148,16,-162.27,367,Tim,Patrick,NYJ,WR,33,3,425.67,161.09,31.97,,,NA,,,NA,NA,NA,NA,,,,,
average,16636,WR,14.875,7.88424061023001,FALSE,1.15,9.8575,19.8925,-173.225,-165.2425,-185.2675,468,477,461,149,16,-162.745,370,Malachi,Corley,CLE,WR,24,-4,570.5,209.86,35.38,,,NA,,,NA,NA,0,NA,,,,,
average,17542,WR,13.725,15.5209938470447,FALSE,0.450000000000001,3.8475,23.6025,-174.375,-171.2525,-181.5575,470,505,455,150,16,-163.895,372,Colbie,Young,CIN,WR,24,-6,344.1,124.3,14.08,283.23,ADP.tsv,NA,46.0502,ADP.tsv,NA,NA,0,NA,23080,283.23,169,360,23
average,11679,WR,13.275,12.0561706192306,FALSE,0.725,5.6025,20.9475,-174.825,-169.4975,-184.2125,471,499,459,151,16,-164.345,374,Odell,Beckham,NYG,WR,34,6,305.94,122.11,17.91,282.71,ADP.tsv,NA,38.2893,ADP.tsv,NA,NA,1.058,0.958,12688,282.71,185,360,46
average,14110,WR,12.55,2.5100,TRUE,0.100000000000001,12.55,12.55,-175.55,-162.55,-192.61,473,462,481,152,16,-165.07,376,David,Sills,TBB,WR,30,1,554.6,190.88,17.76,,,NA,,,NA,NA,NA,NA,,,,,
average,17011,WR,12.45,2.4900,TRUE,0.449999999999999,12.45,12.45,-175.65,-162.65,-192.71,474,463,482,153,16,-165.17,377,Jared,Wayne,HOU,WR,26,-3,427.8,173,19.15,,,NA,,,NA,NA,NA,NA,,,,,
average,16364,WR,12,2.4000,TRUE,0.175000000000001,12,12,-176.1,-163.1,-193.16,475,466,485,154,16,-165.62,378,Jalen,Brooks,ARI,WR,26,-3,491.4,165.29,17.05,,,NA,,,NA,NA,NA,NA,,,,,
average,17505,WR,11.825,14.9553084220955,FALSE,0.725,2.3075,21.3425,-176.275,-172.7925,-183.8175,476,508,458,155,16,-165.795,380,Elijah,Sarratt,BAL,WR,23,-6,269.2,99.09,10.7,287.26,ADP.tsv,NA,33.7365,ADP.tsv,NA,NA,3.552,3.552,22949,287.26,200,360,61
average,16197,WR,11.1,2.2200,TRUE,0.129999999999999,11.1,11.1,-177,-164,-194.06,477,470,487,156,16,-166.52,383,Jonathan,Mingo,DAL,WR,25,-3,413.4,158.78,17.2,,,NA,,,NA,NA,NA,NA,,,,,
average,16299,WR,10.97,6.46295598004504,FALSE,0.244999999999999,6.857,15.083,-177.13,-168.243,-190.077,479,488,478,157,16,-166.65,384,Derius,Davis,LAC,WR,26,-3,509.67,179,16.5,,,NA,,,NA,NA,0,NA,,,,,
average,17097,WR,10.725,2.22738636073763,FALSE,0.0750000000000011,9.3075,12.1425,-177.375,-165.7925,-193.0175,480,479,483,158,16,-166.895,385,Tai,Felton,MIN,WR,23,-5,400.4,139.74,17.72,282.26,ADP.tsv,NA,9.3512,ADP.tsv,NA,NA,NA,NA,22214,282.26,324,356,7
average,16422,WR,10.65,2.1300,TRUE,0.199999999999999,10.65,10.65,-177.45,-164.45,-194.51,481,472,488,159,16,-166.97,386,Nikko,Remigio,KCC,WR,27,-3,596.2,205.43,17.81,,,NA,,,NA,NA,NA,NA,,,,,
average,16858,WR,10.45,2.0900,TRUE,0.550000000000001,10.45,10.45,-177.65,-164.65,-194.71,483,474,489,160,16,-167.17,388,Mason,Tipton,NOS,WR,26,-4,535.6,186.57,9.45,,,NA,,,NA,NA,NA,NA,,,,,
average,16949,WR,9.9,1.9800,TRUE,0.0499999999999989,9.9,9.9,-178.2,-165.2,-195.26,484,476,491,161,16,-167.72,390,Brycen,Tremayne,CAR,WR,27,-3,498.6,167.5,18.17,,,NA,,,NA,NA,NA,NA,,,,,
average,16883,WR,9.85,1.9700,TRUE,0.525000000000002,9.85,9.85,-178.25,-165.25,-195.31,485,478,492,162,16,-167.77,391,Kameron,Johnson,TBB,WR,24,-4,550.4,191.71,11.34,,,NA,,,NA,NA,NA,NA,,,,,
average,17541,WR,9.325,4.34870670429727,FALSE,0.874999999999998,6.5575,12.0925,-178.775,-168.5425,-193.0675,486,491,484,163,16,-168.295,393,Barion,Brown,NOS,WR,23,-6,340.83,124.65,23.99,282.59,ADP.tsv,NA,25.0029,ADP.tsv,NA,NA,2.316,2.316,23192,282.59,269,360,10
average,17087,WR,8.45,1.6900,TRUE,0.0999999999999996,8.45,8.45,-179.65,-166.65,-196.71,488,482,495,164,16,-169.17,395,Dont'e,Thornton,LVR,WR,24,-5,366.33,130.06,18.05,,,NA,,,NA,NA,NA,NA,,,,,
average,15288,WR,8.35,1.6700,TRUE,1.15,8.35,8.35,-179.75,-166.75,-196.81,489,483,496,165,16,-169.27,396,Elijah,Moore,PHI,WR,26,-1,388.33,147.92,14.13,281.21,ADP.tsv,NA,0.0000,ADP.tsv,NA,NA,NA,NA,18795,281.21,354,354,1
average,14848,WR,7.2,1.4400,TRUE,0.300000000000001,7.2,7.2,-180.9,-167.9,-197.96,494,486,499,166,16,-170.42,398,James,Proche,TEN,WR,30,0,756.67,264.75,21.36,,,NA,,,NA,NA,NA,NA,,,,,
average,15771,WR,6.9,1.83847763108502,FALSE,0.25,5.73,8.07,-181.2,-169.37,-197.09,495,498,498,167,16,-170.72,399,Tay,Martin,DET,WR,29,-2,428.4,161.57,17.14,,,NA,,,NA,NA,0,NA,,,,,
average,17175,WR,6.9,1.3800,TRUE,0,6.9,6.9,-181.2,-168.2,-198.26,495,487,500,167,16,-170.72,399,Arian,Smith,NYJ,WR,25,-5,533.2,187.13,12.24,,,NA,,,NA,NA,NA,NA,,,,,
average,12645,WR,6.65,7.99030662740799,FALSE,0.15,1.565,11.735,-181.45,-173.535,-193.425,496,512,486,168,16,-170.97,401,Laquon,Treadwell,IND,WR,31,4,496.8,198.75,33.43,,,NA,,,NA,NA,0,NA,,,,,
average,15766,WR,6.5,1.3000,TRUE,0.2,6.5,6.5,-181.6,-168.6,-198.66,497,494,501,169,16,-171.12,402,Skyy,Moore,GBP,WR,26,-2,562,195.29,17.82,,,NA,,,NA,NA,NA,NA,,,,,
average,17752,WR,6.3,1.2600,TRUE,0.5,6.3,6.3,-181.8,-168.8,-198.86,501,496,503,170,16,-171.32,404,Dohnte,Meyers,CIN,WR,26,-5,377.67,142.6,27.81,,,NA,,,NA,NA,0,NA,,,,,
average,17269,WR,5.8,1.1600,TRUE,0.499999999999999,5.8,5.8,-182.3,-169.3,-199.36,503,497,504,171,16,-171.82,405,Efton,Chism,NEP,WR,25,-5,496.4,163.9,7.65,281.18,ADP.tsv,NA,0.0000,ADP.tsv,NA,NA,0,NA,22673,281.18,342,342,1
average,17527,WR,5.3,1.0600,TRUE,1.2,5.3,5.3,-182.8,-169.8,-199.86,504,500,506,172,16,-172.32,407,Josh,Cameron,JAC,WR,23,-6,444.83,148,16.54,281.22,ADP.tsv,NA,0.0000,ADP.tsv,NA,NA,NA,NA,23159,281.22,357,357,1
average,17192,WR,4.1,0.8200,TRUE,1.025,4.1,4.1,-184,-171,-201.06,506,502,508,173,16,-173.52,412,Jordan,Watkins,SFO,WR,24,-5,426,158.22,15.77,281.35,ADP.tsv,NA,9.4062,ADP.tsv,NA,NA,NA,NA,22267,281.35,328,353,2
average,16640,WR,3.075,3.99515331370399,FALSE,1.275,0.5325,5.6175,-185.025,-174.5675,-199.5425,508,517,505,174,17,-174.545,415,Jacob,Cowing,SFO,WR,25,-4,452.2,167,39.11,,,NA,,,NA,NA,0,NA,,,,,
average,16958,WR,1.8,0.3600,TRUE,0.9,1.8,1.8,-186.3,-173.3,-203.36,511,510,510,175,17,-175.82,420,Ryan,Miller,MIA,WR,26,-3,606.5,222,34.89,,,NA,,,NA,NA,NA,NA,,,,,
average,17707,WR,0.9,0.1800,TRUE,0.45,0.9,0.9,-187.2,-174.2,-204.26,513,515,511,176,17,-176.72,421,J Michael,Sturdivant,GBP,WR,24,-6,531.5,183.5,14.91,280.75,ADP.tsv,NA,1.8812,ADP.tsv,NA,NA,NA,NA,23409,280.75,236,241,2
average,17396,WR,0.45,0.0900,TRUE,0.15,0.45,0.45,-187.65,-174.65,-204.71,514,518,512,177,17,-177.17,424,Ke'Shawn,Williams,CIN,WR,25,-5,584.8,210.5,15.9,282.7,ADP.tsv,NA,32.2006,ADP.tsv,NA,NA,NA,NA,22128,282.7,201,360,84
average,17754,WR,0.3,0.0600,TRUE,0.1,0.3,0.3,-187.8,-174.8,-204.86,515,519,513,178,17,-177.32,425,Montorie,Foster,SEA,WR,25,-6,533.5,187,12.79,,,NA,,,NA,NA,NA,NA,,,,,
average,17620,WR,0.2,0.0400,TRUE,0.05,0.2,0.2,-187.9,-174.9,-204.96,516,520,515,179,17,-177.42,426,Kaden,Wetjen,PIT,WR,24,-6,447.6,153,16.94,280.83,ADP.tsv,NA,5.6437,ADP.tsv,NA,NA,NA,NA,23106,280.83,245,260,2
average,15285,WR,0.15,0.0300,TRUE,0,0.15,0.15,-187.95,-174.95,-205.01,517,521,516,180,17,-177.47,427,Tylan,Wallace,CLE,WR,27,-1,585.2,206.5,18.97,,,NA,,,NA,NA,NA,NA,,,,,
average,17360,WR,0.15,0.0300,TRUE,0,0.15,0.15,-187.95,-174.95,-205.01,517,521,516,180,17,-177.47,427,Myles,Price,MIN,WR,25,-5,489.4,172.33,15.56,,,NA,,,NA,NA,NA,NA,,,,,
average,15794,TE,204.632857142857,14.3722773819203,FALSE,5.34238095238095,188.685,225.045,61.23,58.8583333333334,66.17,10,11,8,1,1,27.0128571428571,33,Trey,McBride,ARI,TE,27,-2,23.8,1.87,0.5,28.33,ADP.tsv,33.202,6.9077,ADP.tsv,9.03062434164992,-23.202,30.5175,2.97563753673057,19439,28.33,10,50,340
average,16641,TE,199.290476190476,4.92517020896756,FALSE,32.0983333333333,193.76,205.37,55.8876190476191,63.9333333333334,46.495,11,9,16,2,2,21.6704761904762,35,Brock,Bowers,LVR,TE,24,-4,19.22,1.22,0.47,21.07,ADP.tsv,29.59,5.8715,ADP.tsv,9.16735512566193,-18.59,32.3335,2.59744234777213,21123,21.07,6,40,340
average,17104,TE,167.192142857143,15.4648509684442,FALSE,5.9686507936508,147.1735,187.109,23.7892857142857,17.3468333333334,28.234,26,32,25,3,3,-10.4278571428571,60,Colston,Loveland,CHI,TE,22,-5,39.06,3.1,0.54,42.74,ADP.tsv,48.566,6.2169,ADP.tsv,9.88625227272701,-22.566,18.6175,0.644917630399418,22075,42.74,23,59,340
average,17103,TE,161.223492063492,19.8443128695046,FALSE,2.07444444444445,136.27,187.030777777778,17.8206349206349,6.44333333333336,28.1557777777778,31,46,26,4,3,-16.3965079365079,66,Harold,Fannin,CLE,TE,22,-5,80.98,7.02,1.57,93.73,ADP.tsv,78.622,10.3615,ADP.tsv,10.552399537546,-47.622,6.036,1.72636265019839,22095,93.73,67,127,340
average,17102,TE,159.149047619048,10.1904522696649,FALSE,9.6990476190476,143.605,168.25,15.7461904761905,13.7783333333334,9.375,34,39,41,5,4,-18.4709523809524,69,Tyler,Warren,IND,TE,24,-5,53.69,4.02,0.54,56.9,ADP.tsv,62.17,10.5342,ADP.tsv,10.5112568230445,-28.17,13.6045,0.927491644167213,22067,56.9,32,93,340
average,13299,TE,149.45,16.3042008901592,FALSE,0.902857142857158,128.521,170.94,6.04714285714289,-1.30566666666664,12.065,46,64,38,6,4,-28.17,77,George,Kittle,SFO,TE,33,3,95.65,9.52,2.24,106.05,ADP.tsv,90.694,12.6065,ADP.tsv,7.87039922748522,-44.694,8.5865,5.64675895979278,15360,106.05,65,138,340
average,15329,TE,148.547142857143,3.49888417587528,FALSE,3.15714285714287,144.555,153.367,5.14428571428573,14.7283333333334,-5.50800000000001,48,37,67,7,4,-29.0728571428571,79,Kyle,Pitts,ATL,TE,26,-1,83.55,7.34,1.55,81.81,ADP.tsv,87.984,15.0242,ADP.tsv,17.8892387764265,-39.984,7.2585,3.21685665673807,18789,81.81,32,119,340
average,16222,TE,145.39,15.4346363740776,FALSE,0.147142857142853,132.33,164.56,1.98714285714286,2.50333333333333,5.685,54,54,55,8,4,-32.23,81,Tucker,Kraft,GBP,TE,26,-3,71.19,5.68,1.57,78.67,ADP.tsv,74.932,9.3254,ADP.tsv,9.82580765128241,-20.932,7.942,2.84316232389218,20312,78.67,54,108,340
average,16214,TE,145.242857142857,10.3509431362327,FALSE,1.84,133.4,158.875,1.84,3.57333333333338,0,55,51,61,9,4,-32.3771428571429,82,Sam,LaPorta,DET,TE,25,-3,83.28,7.59,2.01,96.92,ADP.tsv,88.44,11.5704,ADP.tsv,20.3808115638215,-33.44,7.2095,2.69556501498295,20339,96.92,68,135,340
average,13674,TE,143.402857142857,19.5795137105817,FALSE,1.03714285714284,117.155,167.538,0,-12.6716666666667,8.66299999999998,61,96,46,10,4,-34.2171428571429,85,Dallas,Goedert,PHI,TE,31,2,117.91,12.8,2.17,125.14,ADP.tsv,104.828,14.8515,ADP.tsv,22.0515708284013,-43.828,4.023,3.35987901567899,16151,125.14,76,162,340
average,11244,TE,142.365714285714,8.17137862122596,FALSE,1.60238095238094,132.74,153.335,-1.03714285714284,2.91333333333336,-5.53999999999999,63,53,68,11,4,-35.2542857142857,86,Travis,Kelce,KCC,TE,37,7,104.83,10.93,2.19,124.88,ADP.tsv,108.772,19.3415,ADP.tsv,16.2902785734315,-45.772,5.404,4.64209521660209,11842,124.88,61,173,340
average,13671,TE,140.763333333333,9.76227432517649,FALSE,5.92333333333335,129.826666666667,152.426666666667,-2.63952380952378,0,-6.44833333333332,66,61,69,12,5,-36.8566666666667,89,Mark,Andrews,BAL,TE,31,2,129.5,14.5,2.96,142.07,ADP.tsv,119.938,16.0804,ADP.tsv,8.99800066681482,-53.938,3.559,3.41929861228878,16075,142.07,85,178,336
average,15798,TE,134.84,20.6951201977664,FALSE,3.00999999999999,115.92,160.66,-8.56285714285713,-13.9066666666667,1.78500000000003,79,97,58,13,5,-42.78,96,Isaiah,Likely,NYG,TE,26,-2,114.65,12.32,3.12,117.48,ADP.tsv,109.342,11.5740,ADP.tsv,15.0097267130351,-30.342,4.272,3.02105147258368,19464,117.48,79,146,339
average,16213,TE,131.83,12.4554004351526,FALSE,3.40000000000001,121.06,147.44,-11.5728571428571,-8.76666666666665,-11.435,86,81,83,14,5,-45.79,101,Dalton,Kincaid,BUF,TE,27,-3,109.24,11.44,2.16,113.49,ADP.tsv,119.788,13.4700,ADP.tsv,14.2853566983817,-33.788,3.547,2.77231076901562,20300,113.49,73,151,340
average,15799,TE,128.43,8.72142476892395,FALSE,1.65000000000001,120.08,138.98,-14.9728571428571,-9.74666666666666,-19.895,93,87,113,15,5,-49.19,105,Jake,Ferguson,DAL,TE,27,-2,126.37,14.5,2.42,129.12,ADP.tsv,128.792,16.0653,ADP.tsv,12.3242969779213,-35.792,3.1255,2.35523900061119,19476,129.12,81,174,339
average,12676,TE,126.78,8.43131069288754,FALSE,0.0799999999999983,120.1,136.7,-16.6228571428571,-9.72666666666665,-22.175,102,86,121,16,5,-50.84,108,Hunter,Henry,NEP,TE,32,4,158.8,18.73,2.29,177.9,ADP.tsv,140.46,20.3214,ADP.tsv,12.2312108967183,-38.46,2.3185,2.22012764272688,14968,177.9,120,237,322
average,14861,TE,126.7,14.9090576496303,FALSE,6.2,112.6,143.22,-16.7028571428571,-17.2266666666666,-15.655,103,108,100,17,6,-50.92,109,Juwan,Johnson,NOS,TE,30,0,129.89,14.61,2.46,143.6,ADP.tsv,135.766,15.3888,ADP.tsv,11.2194752105435,-32.766,2.8545,2.98030380162828,18582,143.6,103,192,336
average,16269,TE,120.5,16.2024689476635,FALSE,4.78999999999999,107.24,142.3,-22.9028571428571,-22.5866666666667,-16.575,126,121,104,18,6,-57.12,115,Brenton,Strange,JAC,TE,26,-3,156.2,18.68,2.26,164.35,ADP.tsv,159.5525,25.1599,ADP.tsv,11.6749205029413,-33.5525,2.35133333333333,2.21301985731915,20425,164.35,84,229,325
average,14138,TE,115.71,12.7513920808671,FALSE,2.42999999999999,103.5,131.48,-27.6928571428571,-26.3266666666666,-27.395,137,131,139,19,6,-61.91,120,T.J.,Hockenson,MIN,TE,29,1,194.03,23.26,3.49,207.97,ADP.tsv,148.983333333333,18.1379,ADP.tsv,15.3298452554341,-11.9833333333333,2.5415,2.54804371037861,17014,207.97,141,244,283
average,13772,TE,113.28,12.3873726027758,FALSE,5.11,99.46,126.92,-30.1228571428571,-30.3666666666666,-31.955,145,136,150,20,7,-64.34,122,Dalton,Schultz,HOU,TE,30,2,167.64,19.63,2.67,180.08,ADP.tsv,162.046666666667,22.5208,ADP.tsv,10.3018067455288,-17.0466666666667,2.386,2.46484455223178,16255,180.08,109,239,330
average,15889,TE,108.17,14.5915043775479,FALSE,0.530000000000015,94.1,126.71,-35.2328571428571,-35.7266666666666,-32.165,153,150,154,21,7,-69.45,124,Chigoziem,Okonkwo,WAS,TE,27,-2,163.1,19.39,2.35,174.44,ADP.tsv,164.153333333333,18.4353,ADP.tsv,6.35556099455866,-11.1533333333333,2.12666666666667,2.25981316828528,19633,174.44,124,230,318
average,15331,TE,107.64,13.1341349163163,FALSE,1.075,91.49,121.97,-35.7628571428571,-38.3366666666666,-36.905,155,159,163,22,7,-69.98,125,Pat,Freiermuth,PIT,TE,28,-1,223.19,27.29,4.28,259.1,ADP.tsv,146.305,27.6700,ADP.tsv,22.305,8.69499999999999,1.756,1.51846589249369,18792,259.1,149,293,130
average,15797,TE,106.565,8.89161894707595,FALSE,1.72499999999999,95.195,115.004,-36.8378571428571,-34.6316666666667,-43.871,157,147,175,23,7,-71.055,128,Greg,Dulcich,MIA,TE,26,-2,211.25,25.33,4.95,225.38,ADP.tsv,166.3675,21.1346,ADP.tsv,22.8582297816344,-9.36750000000001,2.64933333333333,2.87686187054961,19477,225.38,137,255,242
average,15802,TE,104.84,19.959534062698,FALSE,4.22037037037038,82.2,126.72,-38.5628571428571,-47.6266666666667,-32.155,161,171,153,24,8,-72.78,131,Cade,Otton,TBB,TE,27,-2,233.81,28.36,3.02,256.08,ADP.tsv,170.415,26.3106,ADP.tsv,10.205,-9.41500000000002,1.896,1.896,19632,256.08,165,303,139
average,16723,TE,100.61962962963,12.6798001275935,FALSE,1.64962962962962,85.36,113.529259259259,-42.7832275132275,-44.4666666666667,-45.3457407407407,169,165,179,25,8,-77.0003703703704,138,AJ,Barner,SEA,TE,24,-4,196.62,23.5,2.64,215.15,ADP.tsv,148.86,15.4673,ADP.tsv,17.3763766840693,20.14,1.752,1.67954597039398,21315,215.15,152,240,288
average,13192,TE,98.97,23.003521469549,FALSE,1.07000000000001,79.06,129.3,-44.4328571428571,-50.7666666666667,-29.575,173,177,146,26,8,-78.65,139,David,Njoku,LAC,TE,30,3,244.24,30.76,4.51,263.67,ADP.tsv,160.326666666667,28.9557,ADP.tsv,26.3097058558666,12.6733333333333,1.7355,1.66111430973308,15227,263.67,177,329,140
average,17543,TE,97.9,37.0068912501442,FALSE,6.12,48.36,130.56,-45.5028571428571,-81.4666666666667,-28.315,175,221,142,27,8,-79.72,140,Kenyon,Sadiq,NYJ,TE,21,-6,212.03,25.44,3.61,216.72,ADP.tsv,162.416666666667,20.6832,ADP.tsv,9.68707156758716,12.5833333333333,3.11466666666667,3.42362822488398,22935,216.72,149,266,273
average,17105,TE,91.78,12.4433516385257,FALSE,4.70999999999999,79.41,107.71,-51.6228571428571,-50.4166666666667,-51.165,185,175,191,28,9,-85.84,144,Gunnar,Helm,TEN,TE,24,-5,223.04,26.72,3.65,245.56,ADP.tsv,NA,18.3357,ADP.tsv,NA,NA,1.464,1.464,22123,245.56,166,265,179
average,13672,TE,87.07,7.30681189028429,FALSE,2.62,78.23,95.24,-56.3328571428571,-51.5966666666666,-63.635,193,180,212,29,9,-90.55,149,Mike,Gesicki,CIN,TE,31,2,267.92,35.04,3.96,280.89,ADP.tsv,NA,45.4478,ADP.tsv,NA,NA,1.5,1.5,16149,280.89,126,348,77
average,17099,TE,84.45,19.9761733072178,FALSE,0.0600000000000023,63.44,104.34,-58.9528571428571,-66.3866666666667,-54.535,195,198,197,30,9,-93.17,154,Oronde,Gadsden,LAC,TE,23,-5,207.82,25.98,4.74,210.15,ADP.tsv,164.65,27.3227,ADP.tsv,NA,30.35,1.308,1.308,22101,210.15,124,278,264
average,13189,TE,84.39,10.4424254845318,FALSE,1.70999999999999,72.16,94.95,-59.0128571428571,-57.6666666666667,-63.925,196,188,213,31,9,-93.23,155,Evan,Engram,DEN,TE,32,3,251.22,31.69,3.63,268.87,ADP.tsv,NA,27.3797,ADP.tsv,NA,NA,1.884,1.884,15238,268.87,180,320,112
average,14871,TE,82.68,29.2338331390189,FALSE,0.379999999999995,60.6,121.34,-60.7228571428571,-69.2266666666667,-37.535,199,203,166,32,9,-94.94,156,Colby,Parkinson,LAR,TE,27,0,254.26,32.22,3.53,258.72,ADP.tsv,143.75,27.4272,ADP.tsv,NA,55.25,1.836,1.836,18018,258.72,160,306,158
average,12263,TE,82.3,26.1680466727394,FALSE,1.51000000000001,51.265,104.235,-61.1028571428571,-78.5616666666667,-54.64,200,217,199,33,9,-95.32,158,Darren,Waller,CAR,TE,34,5,256.62,32.73,5.57,279.58,ADP.tsv,156.6,39.5482,ADP.tsv,NA,43.4,1.26,1.26,13738,279.58,152,351,98
average,17107,TE,80.79,34.1169752469354,FALSE,6.53,34.88,108.72,-62.6128571428571,-94.9466666666667,-50.155,203,241,188,34,10,-96.83,160,Terrance,Ferguson,LAR,TE,23,-5,185.53,22.25,5.35,164.3,ADP.tsv,169.715,19.8134,ADP.tsv,3.065,33.285,2.00066666666667,1.65034164813094,22206,164.3,112,226,320
average,17106,TE,74.26,16.6644231823367,FALSE,3.76000000000001,55.5,93.48,-69.1428571428571,-74.3266666666667,-65.395,213,213,215,35,10,-103.36,176,Mason,Taylor,NYJ,TE,22,-5,272.04,35.45,4.06,279.86,ADP.tsv,NA,37.7077,ADP.tsv,NA,NA,1.02,1.02,22120,279.86,148,335,87
average,11247,TE,70.5,14.1000,TRUE,5.09999999999999,70.5,70.5,-72.9028571428571,-59.3266666666667,-88.375,216,189,247,36,10,-107.12,182,Zach,Ertz,FA,TE,36,7,331.67,59.17,11.19,282.95,ADP.tsv,NA,23.7283,ADP.tsv,NA,NA,NA,NA,11816,282.95,270,359,12
average,16649,TE,65.4,18.629546424967,FALSE,0.370000000000005,51.48,86.16,-78.0028571428571,-78.3466666666666,-72.715,224,216,224,37,10,-112.22,194,Theo,Johnson,NYG,TE,25,-4,274.54,36.38,4.59,287.95,ADP.tsv,NA,31.4339,ADP.tsv,NA,NA,1.116,1.116,21181,287.95,210,360,64
average,14143,TE,65.03,6.65240557993873,FALSE,0.379999999999995,58.35,73.4,-78.3728571428571,-71.4766666666667,-85.475,225,209,242,38,10,-112.59,196,Dawson,Knox,BUF,TE,30,1,314.08,44.61,5.36,288.03,ADP.tsv,NA,34.8297,ADP.tsv,NA,NA,0.948,0.948,17088,288.03,187,356,73
average,16212,TE,64.65,10.2260696262054,FALSE,5.94,56.36,78.52,-78.7528571428571,-73.4666666666666,-80.355,227,211,234,39,11,-112.97,197,Michael,Mayer,LVR,TE,25,-3,286.44,38.32,5.06,280.76,ADP.tsv,NA,34.2917,ADP.tsv,NA,NA,0.732,0.732,20282,280.76,188,359,91
average,12678,TE,58.71,24.2052267082959,FALSE,0.619999999999997,32.24,88.18,-84.6928571428571,-97.5866666666667,-70.695,235,250,222,40,11,-118.91,210,Tyler,Higbee,LAR,TE,33,4,316.33,44.92,6.13,285.46,ADP.tsv,NA,17.5254,ADP.tsv,NA,NA,0,NA,14743,285.46,286,360,26
average,14867,TE,58.09,12.3038307042969,FALSE,1.69,45.23,71.54,-85.3128571428571,-84.5966666666667,-87.335,236,228,245,41,11,-119.53,212,Cole,Kmet,CHI,TE,27,0,311.62,43.9,4.17,288.72,ADP.tsv,NA,25.6178,ADP.tsv,NA,NA,0.888,0.888,18010,288.72,235,357,63
average,16216,TE,56.4,9.33595201358705,FALSE,0.830000000000005,44.53,65.5,-87.0028571428571,-85.2966666666667,-93.375,240,229,258,42,11,-121.22,216,Darnell,Washington,PIT,TE,25,-3,285.17,38.33,4.99,287.36,ADP.tsv,NA,23.4547,ADP.tsv,NA,NA,0,NA,20301,287.36,241,354,69
average,16036,TE,55.57,38.8838591191769,FALSE,1.71999999999999,17.8,102.26,-87.8328571428571,-112.026666666667,-56.615,242,315,203,43,11,-122.05,218,Jake,Tonges,SFO,TE,27,-2,278.71,37.88,5.44,259.66,ADP.tsv,NA,25.5741,ADP.tsv,NA,NA,1.44,1.44,19960,259.66,186,323,167
average,17593,TE,53.85,12.6572113832392,FALSE,1.56666666666668,45.795,61.905,-89.5528571428571,-84.0316666666667,-96.97,244,226,266,44,11,-123.77,220,Marlin,Klein,HOU,TE,24,-6,374.62,57.1,8.31,,,NA,,,NA,NA,NA,NA,,,,,
average,15873,TE,52.2833333333333,10.3201663423287,FALSE,1.89722222222222,46.305,62.415,-91.1195238095238,-83.5216666666666,-96.46,247,223,263,45,12,-125.336666666667,223,Daniel,Bellinger,TEN,TE,26,-2,372.13,56.19,5.51,281.96,ADP.tsv,NA,8.3935,ADP.tsv,NA,NA,NA,NA,19625,281.96,331,358,5
average,13193,TE,50.3861111111111,19.9712208062959,FALSE,0.406111111111109,31.98,71.4716666666667,-93.016746031746,-97.8466666666666,-87.4033333333333,248,252,246,46,12,-127.233888888889,226,Jonnu,Smith,GBP,TE,31,3,341.85,51.9,9.37,285.01,ADP.tsv,NA,24.0257,ADP.tsv,NA,NA,0,NA,15319,285.01,254,356,27
average,14137,TE,49.98,16.3464675083028,FALSE,0.99666666666667,31.7,69.68,-93.4228571428571,-98.1266666666667,-89.195,249,254,248,47,12,-127.64,227,Noah,Fant,NOS,TE,29,1,350.74,53.67,6.01,281.67,ADP.tsv,NA,1.0326,ADP.tsv,NA,NA,0,NA,17021,281.67,356,359,3
average,15626,TE,48.9833333333333,19.3369034060093,FALSE,0.383333333333333,37.325,68.015,-94.4195238095238,-92.5016666666667,-90.86,251,237,250,48,12,-128.636666666667,230,Brock,Wright,DET,TE,28,-1,409,68.11,6.94,281.35,ADP.tsv,NA,4.8912,ADP.tsv,NA,NA,NA,NA,19101,281.35,334,347,2
average,15795,TE,48.6,15.1555270446131,FALSE,2.01,31.1,66.44,-94.8028571428571,-98.7266666666667,-92.435,252,256,253,49,12,-129.02,231,Charlie,Kolar,LAC,TE,27,-2,271.58,36.22,7.9,283.58,ADP.tsv,NA,34.6220,ADP.tsv,NA,NA,0,NA,19482,283.58,199,359,50
average,15337,TE,46.59,12.3215684878184,FALSE,0.100000000000001,30.77,58.024,-96.8128571428571,-99.0566666666666,-100.851,254,257,273,50,12,-131.03,240,Noah,Gray,KCC,TE,27,-1,324.18,46.02,5.5,287.94,ADP.tsv,NA,28.3931,ADP.tsv,NA,NA,0,NA,19128,287.94,231,360,44
average,15332,TE,46.49,12.5149111063563,FALSE,0.710833333333333,34.82,62.5,-96.9128571428571,-95.0066666666667,-96.375,255,242,262,51,12,-131.13,241,Tommy,Tremble,CAR,TE,26,-1,350.17,53.68,7.65,281.49,ADP.tsv,NA,18.5877,ADP.tsv,NA,NA,0.684,0.684,18807,281.49,304,358,3
average,17544,TE,45.7791666666667,44.1035720712557,FALSE,1.16916666666667,3.6075,94.875,-97.6236904761905,-126.219166666667,-64,256,352,214,52,12,-131.840833333333,242,Eli,Stowers,PHI,TE,23,-6,275.38,37.68,6.42,285.31,ADP.tsv,NA,34.0869,ADP.tsv,NA,NA,4.824,4.824,22942,285.31,198,360,62
average,14209,TE,44.61,11.0554511441189,FALSE,0.559999999999995,31.54,57.16,-98.7928571428571,-98.2866666666667,-101.715,257,255,275,53,12,-133.01,244,Josh,Oliver,MIN,TE,29,1,380.71,60.5,8.03,,,NA,,,NA,NA,0,NA,,,,,
average,17591,TE,44.05,17.64419167885,FALSE,1.0375,27.855,59.58,-99.3528571428571,-101.971666666667,-99.295,258,269,269,54,12,-133.57,246,Nate,Boerkircher,JAC,TE,25,-6,408.2,66.57,8.98,,,NA,,,NA,NA,NA,NA,,,,,
average,16643,TE,43.0125,13.7674964439194,FALSE,0.429166666666667,32.77,59.5375,-100.390357142857,-97.0566666666666,-99.3375,261,248,270,55,12,-134.6075,249,Ja'Tavion,Sanders,CAR,TE,23,-4,332,49,7.14,282.29,ADP.tsv,NA,19.4094,ADP.tsv,NA,NA,0,NA,21143,282.29,291,359,8
average,16219,TE,42.5833333333333,10.8986619973891,FALSE,0.433333333333337,34.955,53.315,-100.819523809524,-94.8716666666667,-105.56,262,240,280,56,12,-135.036666666667,252,Davis,Allen,LAR,TE,25,-3,467,101,15.34,,,NA,,,NA,NA,NA,NA,,,,,
average,17108,TE,41.79,20.9878655417839,FALSE,0.260000000000005,21.42,67.32,-101.612857142857,-108.406666666667,-91.555,266,293,251,58,12,-135.83,256,Elijah,Arroyo,SEA,TE,23,-5,303.45,40.9,5.47,286.65,ADP.tsv,NA,25.1004,ADP.tsv,NA,NA,0,NA,22121,286.65,231,353,74
average,14870,TE,41.53,10.3875333934481,FALSE,0.592500000000001,30.50075,52.38425,-101.872857142857,-99.3259166666667,-106.49075,267,259,282,59,12,-136.09,258,Adam,Trautman,DEN,TE,29,0,373.13,63.36,6.69,,,NA,,,NA,NA,0,NA,,,,,
average,17607,TE,40.9375,5.73721404516164,FALSE,0.327500000000001,34.3225,45.61,-102.465357142857,-95.5041666666666,-113.265,269,245,296,60,12,-136.6825,260,Eli,Raridon,NEP,TE,22,-6,304.11,42.57,7.58,285.41,ADP.tsv,NA,62.4863,ADP.tsv,NA,NA,3.588,3.588,23050,285.41,69,357,49
average,12677,TE,40.61,8.27823954715011,FALSE,1.17666666666666,30.61,48.47,-102.792857142857,-99.2166666666667,-110.405,270,258,288,61,12,-137.01,261,Austin,Hooper,ATL,TE,32,4,368.09,63.06,21.63,,,NA,,,NA,NA,0,NA,,,,,
average,17605,TE,39.4333333333333,24.0840888001463,FALSE,0.233333333333334,21.73,63.04,-103.969523809524,-108.096666666667,-95.835,271,290,261,62,13,-138.186666666667,265,Will,Kacmarek,MIA,TE,23,-6,396,67.85,4.04,,,NA,,,NA,NA,0,NA,,,,,
average,16645,TE,39.2,21.2061311888803,FALSE,1.8,20.565,59.445,-104.202857142857,-109.261666666667,-99.43,272,297,271,63,13,-138.42,267,Erick,All,CIN,TE,26,-4,306.19,42.76,7.38,284.72,ADP.tsv,NA,30.4293,ADP.tsv,NA,NA,0,NA,21295,284.72,232,359,24
average,16940,TE,37.4,7.4800,TRUE,0.383333333333333,37.4,37.4,-106.002857142857,-92.4266666666666,-121.475,274,236,316,64,13,-140.22,273,Blake,Whiteheart,CLE,TE,26,-3,496.4,111.17,9.12,,,NA,,,NA,NA,NA,NA,,,,,
average,17109,TE,37.0166666666667,4.49063841044159,FALSE,1.00416666666666,34.325,41.435,-106.38619047619,-95.5016666666667,-117.44,275,244,303,65,13,-140.603333333333,274,Mitchell,Evans,CAR,TE,23,-5,367.88,55.33,6.35,,,NA,,,NA,NA,NA,NA,,,,,
average,16333,TE,36.0125,3.43229150859888,FALSE,0.5625,33.1225,39.725,-107.390357142857,-96.7041666666667,-119.15,277,247,306,66,13,-141.6075,275,Elijah,Higgins,ARI,TE,26,-3,380.91,56.42,5.23,,,NA,,,NA,NA,0,NA,,,,,
average,15796,TE,35.45,8.56489929888262,FALSE,0.650000000000006,29.125,43.84,-107.952857142857,-100.701666666667,-115.035,280,263,299,67,13,-142.17,276,Jeremy,Ruckert,NYJ,TE,26,-2,445.6,83.7,11.54,,,NA,,,NA,NA,NA,NA,,,,,
average,15330,TE,34.8,6.9600,TRUE,1.24999999999999,34.8,34.8,-108.602857142857,-95.0266666666667,-124.075,282,243,326,68,13,-142.82,277,Brevin,Jordan,HOU,TE,26,-1,545.75,130.33,13.89,,,NA,,,NA,NA,NA,NA,,,,,
average,16215,TE,33.55,7.93536388579629,FALSE,0.583333333333336,24.13,39.4,-109.852857142857,-105.696666666667,-119.475,284,275,308,69,13,-144.07,282,Luke,Musgrave,GBP,TE,26,-3,375.82,60.42,11.18,281.37,ADP.tsv,NA,5.6437,ADP.tsv,NA,NA,NA,NA,20303,281.37,337,352,2
average,17213,TE,32.9666666666667,4.10649891432268,FALSE,0.466666666666669,29.37,36.75,-110.43619047619,-100.456666666667,-122.125,287,261,319,70,13,-144.653333333333,284,Jackson,Hawes,BUF,TE,26,-5,379,61.72,5.16,281.23,ADP.tsv,NA,0.0000,ADP.tsv,NA,NA,NA,NA,22287,281.23,358,358,1
average,13763,TE,32.5,6.5000,TRUE,0.399999999999999,32.5,32.5,-110.902857142857,-97.3266666666667,-126.375,289,249,332,71,13,-145.12,287,Will,Dissly,FA,TE,30,2,465.75,104,15.91,,,NA,,,NA,NA,NA,NA,,,,,
average,14370,TE,32.1,6.4200,TRUE,0.18073476702509,32.1,32.1,-111.302857142857,-97.7266666666667,-126.775,290,251,334,72,13,-145.52,288,Tanner,Hudson,CIN,TE,32,2,419.17,78.11,13.52,281.13,ADP.tsv,NA,0.0000,ADP.tsv,NA,NA,NA,NA,16740,281.13,325,325,1
average,15800,TE,31.9192652329749,6.43119689911074,FALSE,0.335931899641576,26.685,38.0770161290323,-111.483591909882,-103.141666666667,-120.797983870968,291,273,312,73,13,-145.700734767025,290,Connor,Heyward,LVR,TE,27,-2,513.5,113.8,8.77,,,NA,,,NA,NA,NA,NA,,,,,
average,14239,TE,31.5833333333333,10.1477008890356,FALSE,0.666666666666668,22.745,40.97,-111.819523809524,-107.081666666667,-117.905,292,285,304,74,13,-146.036666666667,291,Foster,Moreau,HOU,TE,29,1,431.2,79.4,10.99,,,NA,,,NA,NA,NA,NA,,,,,
average,16644,TE,30.9166666666667,3.44032459708867,FALSE,0.666666666666668,28.395,34.29,-112.48619047619,-101.431666666667,-124.585,294,266,328,75,13,-146.703333333333,293,Ben,Sinnott,WAS,TE,24,-4,353.53,54.83,6.2,281.43,ADP.tsv,NA,4.8190,ADP.tsv,NA,NA,NA,NA,21164,281.43,322,336,3
average,14146,TE,30.25,6.20067200659197,FALSE,0.875,23.3525,35.3625,-113.152857142857,-106.474166666667,-123.5125,299,279,325,76,13,-147.37,295,Drew,Sample,CIN,TE,30,1,405.33,72,10.28,,,NA,,,NA,NA,0,NA,,,,,
average,13246,TE,29.375,1.02530483272049,FALSE,0.475000000000001,28.7225,30.0275,-114.027857142857,-101.104166666667,-128.8475,300,265,340,77,13,-148.245,297,Mo,Alie-Cox,IND,TE,33,3,419.2,76.5,5.92,,,NA,,,NA,NA,NA,NA,,,,,
average,14341,TE,28.9,5.7800,TRUE,0.583333333333332,28.9,28.9,-114.502857142857,-100.926666666667,-129.975,301,264,345,78,13,-148.72,298,Donald,Parham,PIT,TE,29,1,NA,NA,NA,,,NA,,,NA,NA,NA,NA,,,,,
average,15344,TE,28.3166666666667,10.7424779884966,FALSE,0.333333333333332,20.105,38.78,-115.08619047619,-109.721666666667,-120.095,302,300,310,79,13,-149.303333333333,299,John,Bates,WAS,TE,29,-1,400.86,64.6,13.28,,,NA,,,NA,NA,NA,NA,,,,,
average,17627,TE,27.9833333333333,17.6943729285141,FALSE,0.445833333333333,16.325,45.44,-115.419523809524,-113.501666666667,-113.435,304,319,297,80,13,-149.636666666667,300,Matthew,Hibner,BAL,TE,24,-6,351.36,54.4,10.23,282.08,ADP.tsv,NA,28.0537,ADP.tsv,NA,NA,NA,NA,23074,282.08,264,360,7
average,16642,TE,27.5375,4.18874981348851,FALSE,0.487500000000001,23.1025,31.955,-115.865357142857,-106.724166666667,-126.92,305,280,335,81,13,-150.0825,303,Cade,Stover,HOU,TE,26,-4,440.2,84.11,11.22,,,NA,,,NA,NA,0,NA,,,,,
average,17547,TE,27.05,30.8900739181159,FALSE,0.500000000000004,5.92,64.49,-116.352857142857,-123.906666666667,-94.385,306,347,260,82,14,-150.57,306,Max,Klare,LAR,TE,23,-6,328.23,48.2,8.33,281.81,ADP.tsv,NA,4.8691,ADP.tsv,NA,NA,0,NA,22958,281.81,343,358,4
average,16474,TE,26.55,9.285607142239,FALSE,0.549999999999997,19.245,35.535,-116.852857142857,-110.581666666667,-123.34,307,307,323,83,14,-151.07,307,Nate,Adkins,DEN,TE,27,-3,453.6,89.11,20.38,,,NA,,,NA,NA,NA,NA,,,,,
average,16221,TE,26,5.44426303552648,FALSE,0.0666666666666629,20.86,30.58,-117.402857142857,-108.966666666667,-128.295,309,295,338,84,14,-151.62,310,Luke,Schoonmaker,DAL,TE,28,-3,415.8,69.73,5.77,,,NA,,,NA,NA,NA,NA,,,,,
average,15804,TE,25.9333333333333,16.3662253844108,FALSE,0.508333333333336,9.86,37.76,-117.469523809524,-119.966666666667,-121.115,310,335,314,85,14,-151.686666666667,311,Grant,Calcaterra,PHI,TE,28,-2,456.6,103.13,15.57,,,NA,,,NA,NA,NA,NA,,,,,
average,14984,TE,25.425,16.6523646969432,FALSE,1.575,14.8275,36.0225,-117.977857142857,-114.999166666667,-122.8525,313,323,322,86,14,-152.195,313,Charlie,Woerner,ATL,TE,29,0,469.6,94,9.53,,,NA,,,NA,NA,NA,NA,,,,,
average,17548,TE,23.85,6.43467170879758,FALSE,0.0500000000000007,19.755,27.945,-119.552857142857,-110.071666666667,-130.93,317,303,347,87,14,-153.77,320,Justin,Joly,MIA,TE,22,-6,356.09,58,20.1,281.49,ADP.tsv,NA,39.6022,ADP.tsv,NA,NA,NA,NA,23141,281.49,236,358,4
average,13675,TE,23.8,4.7600,TRUE,0.283333333333335,23.8,23.8,-119.602857142857,-106.026666666667,-135.075,318,277,360,88,14,-153.82,321,Tyler,Conklin,DET,TE,31,2,456.4,85.33,11.94,,,NA,,,NA,NA,NA,NA,,,,,
average,16647,TE,23.5166666666667,2.19905282640807,FALSE,0.0166666666666657,22.13,25.685,-119.88619047619,-107.696666666667,-133.19,320,288,355,89,14,-154.103333333333,326,Brevyn,Spann-Ford,DAL,TE,27,-4,462.4,95.75,9.43,,,NA,,,NA,NA,NA,NA,,,,,
average,17660,TE,23.5,0.989949493661168,FALSE,0.5,22.87,24.13,-119.902857142857,-106.956666666667,-134.745,321,283,359,90,14,-154.12,327,Bauer,Sharp,TBB,TE,23,-6,463.2,85.3,12.37,,,NA,,,NA,NA,NA,NA,,,,,
average,15909,TE,23,4.6000,TRUE,0.0249999999999986,23,23,-120.402857142857,-106.826666666667,-135.875,323,281,362,91,14,-154.62,329,James,Mitchell,CAR,TE,27,-2,553,144.6,10.25,,,NA,,,NA,NA,NA,NA,,,,,
average,16218,TE,22.975,5.48007755419574,FALSE,0.0750000000000028,19.4875,26.4625,-120.427857142857,-110.339166666667,-132.4125,324,306,352,92,14,-154.645,330,Payne,Durham,TBB,TE,26,-3,475.4,101.88,6.6,,,NA,,,NA,NA,NA,NA,,,,,
average,16113,TE,22.9,4.5800,TRUE,0.199999999999996,22.9,22.9,-120.502857142857,-106.926666666667,-135.975,325,282,363,93,14,-154.72,332,Stone,Smartt,NOS,TE,28,-2,503.75,126.4,8.69,,,NA,,,NA,NA,NA,NA,,,,,
average,15335,TE,22.7,6.92964645562817,FALSE,0.300000000000004,18.29,27.11,-120.702857142857,-111.536666666667,-131.765,326,310,348,94,14,-154.92,333,Luke,Farrell,SFO,TE,29,-1,449.2,87.5,6.58,,,NA,,,NA,NA,NA,NA,,,,,
average,17699,TE,22.4,4.4800,TRUE,0.524999999999999,22.4,22.4,-121.002857142857,-107.426666666667,-136.475,327,286,365,95,14,-155.22,334,Dallen,Bentley,DEN,TE,26,-6,501.4,114.6,9.6,,,NA,,,NA,NA,NA,NA,,,,,
average,15916,TE,21.875,6.18718433538229,FALSE,0.424999999999997,17.9375,25.8125,-121.527857142857,-111.889166666667,-133.0625,329,314,354,96,14,-155.745,337,Drew,Ogletree,IND,TE,28,-2,473.8,101.5,5.74,,,NA,,,NA,NA,NA,NA,,,,,
average,13315,TE,21.45,4.2900,TRUE,0.350000000000001,21.45,21.45,-121.952857142857,-108.376666666667,-137.425,332,292,370,97,14,-156.17,338,Eric,Saubert,SEA,TE,32,3,475.2,100.38,3.77,,,NA,,,NA,NA,NA,NA,,,,,
average,17243,TE,21.1,4.2200,TRUE,0.0500000000000007,21.1,21.1,-122.302857142857,-108.726666666667,-137.775,334,294,372,98,14,-156.52,339,Thomas,Fidone,NYG,TE,24,-5,584.75,131.5,16.83,,,NA,,,NA,NA,NA,NA,,,,,
average,16312,TE,21.05,1.31053424220811,FALSE,0.766666666666666,19.78,22.075,-122.352857142857,-110.046666666667,-136.8,335,302,366,99,14,-156.57,340,Josh,Whyle,GBP,TE,27,-3,469.6,92.89,19.15,,,NA,,,NA,NA,NA,NA,,,,,
average,13676,TE,20.2833333333333,2.42607364548839,FALSE,0.183333333333334,18.13,22.495,-123.119523809524,-111.696666666667,-136.38,337,311,364,100,14,-157.336666666667,342,Durham,Smythe,BAL,TE,31,2,447,84.5,13.44,,,NA,,,NA,NA,NA,NA,,,,,
average,15970,TE,20.1,4.0200,TRUE,0.350000000000001,20.1,20.1,-123.302857142857,-109.726666666667,-138.775,338,301,376,101,14,-157.52,343,Lucas,Krull,DEN,TE,28,-2,523.33,133.8,16.23,,,NA,,,NA,NA,NA,NA,,,,,
average,17567,TE,19.75,13.6070753654119,FALSE,0.0499999999999972,6.595,30.49,-123.652857142857,-123.231666666667,-128.385,339,344,339,102,14,-157.87,344,Oscar,Delp,NOS,TE,23,-6,298.87,42.48,6.74,283.14,ADP.tsv,NA,20.2624,ADP.tsv,NA,NA,4.752,NA,22970,283.14,284,360,12
average,17651,TE,19.7,3.9400,TRUE,0.650000000000002,19.7,19.7,-123.702857142857,-110.126666666667,-139.175,340,305,377,103,14,-157.92,345,Josh,Cuevas,BAL,TE,23,-6,426.4,79.38,7.94,,,NA,,,NA,NA,NA,NA,,,,,
average,17655,TE,19.05,11.7769902776558,FALSE,0.483333333333334,8.365,29.56,-124.352857142857,-121.461666666667,-129.315,342,337,342,104,14,-158.57,347,Seydou,Traore,MIA,TE,24,-6,441,84,6.6,,,NA,,,NA,NA,NA,NA,,,,,
average,17549,TE,18.5666666666667,12.5508299858349,FALSE,0.0666666666666664,6.36,28.23,-124.83619047619,-123.466666666667,-130.645,344,346,346,105,14,-159.053333333333,350,Sam,Roush,CHI,TE,23,-6,433.8,75.91,12.76,,,NA,,,NA,NA,NA,NA,,,,,
average,13678,TE,18.5,1.69705627484772,FALSE,0.183333333333334,17.42,19.58,-124.902857142857,-112.406666666667,-139.295,346,316,378,106,14,-159.12,351,Ian,Thomas,LVR,TE,30,2,477.2,104.13,15.57,,,NA,,,NA,NA,NA,NA,,,,,
average,17545,TE,18.3166666666667,11.6651546639268,FALSE,0.216666666666665,6.845,25.25,-125.08619047619,-122.981666666667,-133.625,348,342,356,107,14,-159.303333333333,352,Jack,Endries,CIN,TE,22,-6,501,85.36,23.73,,,NA,,,NA,NA,NA,NA,,,,,
average,15929,TE,18.1,3.6200,TRUE,0.0500000000000007,18.1,18.1,-125.302857142857,-111.726666666667,-140.775,349,312,382,108,14,-159.52,354,Ko,Kieft,TBB,TE,28,-2,629.75,157.6,10.76,,,NA,,,NA,NA,NA,NA,,,,,
average,15419,TE,18.05,6.26917059905056,FALSE,0.25,12.055,23.17,-125.352857142857,-117.771666666667,-135.705,350,328,361,109,14,-159.57,355,Kylen,Granson,TEN,TE,28,-1,499.2,111.5,10.22,,,NA,,,NA,NA,NA,NA,,,,,
average,16425,TE,17.8,3.5600,TRUE,0.949999999999999,17.8,17.8,-125.602857142857,-112.026666666667,-141.075,352,315,383,110,14,-159.82,356,Julian,Hill,NEP,TE,26,-3,538.25,135.4,13.65,,,NA,,,NA,NA,NA,NA,,,,,
average,13940,TE,16.85,3.3700,TRUE,0.850000000000001,16.85,16.85,-126.552857142857,-112.976666666667,-142.025,354,318,384,111,14,-160.77,362,Johnny,Mundt,PHI,TE,32,3,482.6,100.67,11.21,,,NA,,,NA,NA,NA,NA,,,,,
average,15334,TE,16,6.78822509939086,FALSE,0.216666666666667,11.68,20.32,-127.402857142857,-118.146666666667,-138.555,356,330,374,112,14,-161.62,365,Hunter,Long,ARI,TE,28,-1,492.2,114,9.66,,,NA,,,NA,NA,NA,NA,,,,,
average,17644,TE,15.7833333333333,9.10224331323511,FALSE,0.833333333333334,6.805,21.88,-127.619523809524,-123.021666666667,-136.995,357,343,369,113,14,-161.836666666667,366,Tanner,Koziol,JAC,TE,23,-6,388,64.11,13.84,,,NA,,,NA,NA,NA,NA,,,,,
average,15925,TE,14.95,2.9900,TRUE,0.0749999999999993,14.95,14.95,-128.452857142857,-114.876666666667,-143.925,361,322,390,114,14,-162.67,368,John,FitzPatrick,GBP,TE,26,-2,NA,NA,NA,,,NA,,,NA,NA,NA,NA,,,,,
average,12955,TE,14.875,5.83363094478902,FALSE,3.2,11.1625,18.5875,-128.527857142857,-118.664166666667,-140.2875,362,332,381,115,15,-162.745,370,Chris,Manhertz,NYG,TE,34,4,493.5,127.5,19.75,,,NA,,,NA,NA,NA,NA,,,,,
average,15840,TE,11.675,16.2988113063499,FALSE,0.300000000000001,1.3025,22.0475,-131.727857142857,-128.524166666667,-136.8275,369,364,367,116,15,-165.945,381,Jelani,Woods,NYJ,TE,28,-2,464,91.1,25.8,,,NA,,,NA,NA,NA,NA,,,,,
average,16648,TE,11.375,13.7532268940784,FALSE,0.849999999999998,2.6225,20.1275,-132.027857142857,-127.204166666667,-138.7475,371,358,375,117,15,-166.245,382,Jared,Wiley,KCC,TE,26,-4,473.2,97.67,12.36,,,NA,,,NA,NA,NA,NA,,,,,
average,16220,TE,10.525,12.9754094347731,FALSE,3.225,2.2675,18.7825,-132.877857142857,-127.559166666667,-140.0925,372,361,380,118,15,-167.095,387,Will,Mallory,IND,TE,27,-3,500.6,111.2,5.46,,,NA,,,NA,NA,NA,NA,,,,,
average,16831,TE,7.3,1.4600,TRUE,0.85,7.3,7.3,-136.102857142857,-122.526666666667,-151.575,380,341,403,119,15,-170.32,397,David,Martin-Robinson,TEN,TE,27,-4,625,148.25,17.98,,,NA,,,NA,NA,NA,NA,,,,,
average,16706,TE,6.45,1.2900,TRUE,3.15,6.45,6.45,-136.952857142857,-123.376666666667,-152.425,382,345,406,120,15,-171.17,403,Tip,Reiman,ARI,TE,25,-4,561.25,128.83,11.19,,,NA,,,NA,NA,NA,NA,,,,,
average,17696,TE,3.3,0.6600,TRUE,0.35,3.3,3.3,-140.102857142857,-126.526666666667,-155.575,387,355,409,121,15,-174.32,414,Carsen,Ryan,CLE,TE,23,-6,482.5,103,5.29,,,NA,,,NA,NA,NA,NA,,,,,
average,17641,TE,2.95,0.5900,TRUE,0.1,2.95,2.95,-140.452857142857,-126.876666666667,-155.925,389,356,410,122,15,-174.67,416,Max,Bredeson,MIN,TE,24,-6,451.88,121,18.2,,,NA,,,NA,NA,NA,NA,,,,,
average,13427,TE,2.85,0.5700,TRUE,0.45,2.85,2.85,-140.552857142857,-126.976666666667,-156.025,390,357,411,123,16,-174.77,417,Robert,Tonyan,PIT,TE,32,3,NA,137,18.99,,,NA,,,NA,NA,NA,NA,,,,,
average,17419,TE,2.4,0.4800,TRUE,0.55,2.4,2.4,-141.002857142857,-127.426666666667,-156.475,391,360,412,124,16,-175.22,418,Keleki,Latu,BUF,TE,24,-5,535.25,134.8,15.64,,,NA,,,NA,NA,NA,NA,,,,,
average,14060,TE,1.85,0.3700,TRUE,1.05,1.85,1.85,-141.552857142857,-127.976666666667,-157.025,394,363,413,125,16,-175.77,419,Tyree,Jackson,WAS,TE,29,1,NA,NA,NA,,,NA,,,NA,NA,NA,NA,,,,,
average,16898,TE,0.8,0.1600,TRUE,0.0499999999999999,0.8,0.8,-142.602857142857,-129.026666666667,-158.075,396,365,415,126,16,-176.82,422,Colson,Yankoff,WAS,TE,26,-4,545.4,129.17,7.22,,,NA,,,NA,NA,NA,NA,,,,,
average,16919,TE,0.75,0.1500,TRUE,0.6,0.75,0.75,-142.652857142857,-129.076666666667,-158.125,397,366,416,127,16,-176.87,423,E.J.,Jenkins,PHI,TE,28,-3,634.75,153.5,21.74,,,NA,,,NA,NA,NA,NA,,,,,
average,17285,TE,0.15,0.0300,TRUE,0,0.15,0.15,-143.252857142857,-129.676666666667,-158.725,399,369,418,128,16,-177.47,427,Ben,Yurosek,MIN,TE,24,-5,543,118.67,9.64,,,NA,,,NA,NA,NA,NA,,,,,
average,16414,K,175.524254088767,6.42466054071509,FALSE,10.9335480188975,167.812388621669,184.376308812265,11.1182838238413,21.5648886216685,7.5082463630666,41,26,51,1,1,NA,NA,Brandon,Aubrey,DAL,K,31,-3,184.1,1.07,0.31,151.94,ADP.tsv,104.936,17.0496,ADP.tsv,16.5042898665771,-63.936,5.842,1.63054960059484,2964,151.94,92,190,317
average,12437,K,164.590706069869,16.0020874264456,FALSE,0.184735804943784,143.921667884154,184.68340861188,0.184735804943784,-2.3258321158458,7.81534616268146,60,69,49,2,1,NA,NA,Jason,Myers,SEA,K,35,6,200.71,4.96,1.37,202.36,ADP.tsv,132.554,22.0949,ADP.tsv,18.3360143979001,-72.554,2.084,0.799704945589309,2982,202.36,127,254,317
average,12860,K,164.405970264926,8.89177252663541,FALSE,2.64584874965283,155.248458213256,176.868062449198,0,9.0009582132565,0,61,43,61,3,1,NA,NA,Ka'imi,Fairbairn,HOU,K,32,4,192.02,3.06,2.38,185.81,ADP.tsv,129.186,20.5291,ADP.tsv,13.4331881547159,-68.186,2.267,0.879014789409143,4345,185.81,119,237,317
average,15979,K,161.760121515273,10.2189487247264,FALSE,12.4645290112855,146.2475,168.766367108382,-2.64584874965283,0,-8.10169534081643,67,61,77,4,2,NA,NA,Cameron,Dicker,LAC,K,26,-2,194.41,3.12,1.34,199.49,ADP.tsv,136.874,21.9209,ADP.tsv,10.1399084808493,-69.874,2.4385,0.853444052061997,2980,199.49,123,249,317
average,16681,K,149.295592503987,7.83269229197421,FALSE,1.19013947490711,141.146607256778,158.998290271132,-15.1103777609383,-5.10089274322169,-17.8697721780659,94,75,106,5,2,NA,NA,Will,Reichard,MIN,K,25,-4,252.18,14.55,4.45,230.38,ADP.tsv,168.905,24.7554,ADP.tsv,14.8738201212735,-74.905,1.42133333333333,0.893743189562242,2972,230.38,140,281,291
average,14717,K,148.10545302908,12.9406668548549,FALSE,0.190879159014315,128.199114483821,158.209670493066,-16.3005172358455,-18.0483855161787,-18.658391956132,98,109,110,6,2,NA,NA,Chase,McLaughlin,TBB,K,30,1,230.93,11.49,3.19,256.73,ADP.tsv,162.102,22.8748,ADP.tsv,18.0303692696517,-64.102,1.087,0.643977484078442,2984,256.73,164,290,214
average,16843,K,147.914573870066,14.1484363364237,FALSE,0.825294617585143,125.67982920712,159.164273300971,-16.4913963948598,-20.5676707928803,-17.7037891482274,100,117,105,7,2,NA,NA,Harrison,Mevis,LAR,K,24,-4,233.75,11.19,3.84,224.33,ADP.tsv,151.614,23.8749,ADP.tsv,15.7644087741976,-51.614,1.9525,1.0937864279648,2983,224.33,148,285,312
average,16846,K,147.089279252481,13.571559479783,FALSE,0.0781673246921457,127.402802275755,161.691987066198,-17.3166910124449,-18.8446977242449,-15.1760753830004,104,111,99,8,2,NA,NA,Jake,Bates,DET,K,27,-3,224.18,10.13,3.05,236.74,ADP.tsv,149.986,26.1021,ADP.tsv,12.7014795988499,-45.986,1.687,0.805671769394957,2966,236.74,145,293,279
average,13354,K,147.011111927789,11.4511859531532,FALSE,0.187000482615247,131.899683881367,156.982400386847,-17.3948583371371,-14.3478161186331,-19.885662062351,105,99,112,9,2,NA,NA,Harrison,Butker,KCC,K,31,3,247.68,14.07,2.59,263.53,ADP.tsv,156.534,28.8565,ADP.tsv,17.816811836016,-51.534,1.686,0.773400284458184,2970,263.53,145,300,171
average,11945,K,146.824111445173,12.0736839448193,FALSE,1.98018996970328,129.935907738095,160.719901147959,-17.5818588197523,-16.3115922619048,-16.1481613012391,107,106,101,10,2,NA,NA,Cairo,Santos,CHI,K,35,6,223.29,11.42,2.79,267.53,ADP.tsv,175.8,25.8708,ADP.tsv,16.3764480275791,-68.8,1.1,0.7,2961,267.53,163,300,151
average,13719,K,144.84392147547,12.9592966803078,FALSE,0.197683161293753,125.136117470739,151.201558093063,-19.5620487894556,-21.1113825292606,-25.6665043561352,113,118,131,11,2,NA,NA,Eddy,Pineiro,SFO,K,31,2,211.79,8,2.95,227.02,ADP.tsv,162.8575,21.8061,ADP.tsv,12.8196302111254,-49.8575,1.40266666666667,0.400084435532746,2981,227.02,148,273,309
average,16680,K,144.646238314176,16.5572860795285,FALSE,0.979864100339768,123.071359386973,160.327391570881,-19.7597319507493,-23.1761406130268,-16.540670878317,116,124,103,12,2,NA,NA,Cam,Little,JAC,K,23,-4,198.53,4.81,2.18,205.2,ADP.tsv,143.978,23.3127,ADP.tsv,10.5372603650095,-27.978,1.9835,0.82110702712862,2969,205.2,128,262,317
average,17222,K,143.666374213836,21.5898204941271,FALSE,2.13896161891307,115.449966363045,163.930236152678,-20.7395960510891,-30.7975336369551,-12.9378262965199,120,138,91,13,2,NA,NA,Tyler,Loop,BAL,K,25,-5,213.7,8.91,3.65,254.84,ADP.tsv,164.765,25.5999,ADP.tsv,9.58084677886042,-44.765,1.366,0.471528012600171,2958,254.84,158,300,228
average,12956,K,141.527412594923,15.6953572476941,FALSE,4.52557314631892,120.055977165233,150.832895198937,-22.8785576700022,-26.1915228347668,-26.0351672502611,125,130,134,14,2,NA,NA,Wil,Lutz,DEN,K,32,4,265.48,15.82,2.44,271.47,ADP.tsv,170.88,28.0032,ADP.tsv,13.5594524225722,-45.88,1.358,1.258,2965,271.47,162,309,140
average,17220,K,137.001839448604,9.29208834789039,FALSE,1.89187735710124,125.9642,147.504514431586,-27.4041308163211,-20.2833,-29.3635480176121,136,116,145,15,3,NA,NA,Andres,Borregales,NEP,K,24,-5,227.85,12.26,3.5,258.79,ADP.tsv,176.393333333333,24.6985,ADP.tsv,10.7727103780288,-40.3933333333333,1.18933333333333,1.05689524341609,2973,258.79,167,304,228
average,17668,K,135.109962091503,25.7405562449134,FALSE,0.128545624925522,101.7722,158.229684520663,-29.2960081734223,-44.4753,-18.6383779285352,141,166,109,16,3,NA,NA,Trey,Smack,GBP,K,23,-6,282.55,19.96,5.03,275.61,ADP.tsv,166.315,33.3633,ADP.tsv,22.0738867216447,-25.315,1.242,0.852110321495991,2967,275.61,145,317,120
average,14983,K,134.981416466578,17.0033784819645,FALSE,0.653888000969289,111.7384,144.900574507188,-29.4245537983479,-34.5091,-31.9674879420099,142,146,151,17,3,NA,NA,Tyler,Bass,BUF,K,29,0,283.68,18.3,3.93,282.1,ADP.tsv,179.47,20.9711,ADP.tsv,12.9,-37.47,1.334,1.234,2959,282.1,225,329,87
average,11936,K,134.327528465608,5.96532662120731,FALSE,0.194760767595511,127.424,139.476358095238,-30.0784417993171,-18.8235,-37.3917043539602,144,110,165,18,3,NA,NA,Chris,Boswell,PIT,K,35,6,245.11,13.88,3.79,258.91,ADP.tsv,161.742,30.4093,ADP.tsv,20.3173348645928,-17.742,1.161,0.55620409922977,2979,258.91,153,318,187
average,15368,K,134.132767698013,18.0168307586264,FALSE,1.22992781366025,111.009606442686,150.950169701666,-30.2732025669127,-35.2378935573145,-25.9178927475322,146,149,133,19,3,NA,NA,Evan,McPherson,CIN,K,27,-1,218.02,10.72,3.66,261.31,ADP.tsv,170.985,29.2446,ADP.tsv,14.2351194234541,-24.985,1.184,0.888132122303133,2962,261.31,155,313,180
average,16896,K,132.902839884353,44.2738930423568,FALSE,0.0263898843526817,62.6724002483146,162.904667600741,-31.5031303805729,-83.5750997516855,-13.9633948484572,148,224,95,20,3,NA,NA,Spencer,Shrader,IND,K,27,-4,275.6,23.53,6.91,257.64,ADP.tsv,150.04,27.1797,ADP.tsv,NA,-2.03999999999999,0,NA,2968,257.64,156,304,193
average,8851,K,132.87645,14.8549948118096,FALSE,1.58888021397055,114.814106666667,148.89551,-31.5295202649256,-31.4333933333333,-27.9725524491982,149,140,140,21,3,NA,NA,Nick,Folk,ATL,K,42,13,296,24.14,2.74,280.61,ADP.tsv,183.505,25.2676,ADP.tsv,19.295,-34.505,0,NA,2957,280.61,210,336,91
average,13303,K,131.287569786029,14.6135079866565,FALSE,0.396539406625664,111.4794,141.952184805091,-33.1184004788961,-34.7681,-34.9158776441073,151,148,161,22,3,NA,NA,Jake,Elliott,PHI,K,31,3,306.18,19.96,2.7,284.14,ADP.tsv,155.215,35.7989,ADP.tsv,26.915,-4.215,1.12933333333333,0.813134401901405,2978,284.14,160,334,74
average,13718,K,130.891030379404,18.5991720230046,FALSE,3.72972332970593,105.453788726287,142.809211707317,-33.5149398855218,-40.7937112737127,-34.0588507418812,152,162,158,23,3,NA,NA,Daniel,Carlson,NOS,K,31,2,277.1,24.07,5.08,278.12,ADP.tsv,NA,30.8381,ADP.tsv,NA,NA,0,NA,2974,278.12,159,316,108
average,16444,K,127.161307049698,15.1743593187096,FALSE,0.679671363697395,108.210258579224,141.478002659324,-37.2446632152277,-38.0372414207759,-35.3900597898738,159,157,162,24,3,NA,NA,Blake,Grupe,NYJ,K,28,-3,322,23.63,4.02,289.07,ADP.tsv,167.68,25.3696,ADP.tsv,14.7991418670138,-8.68000000000001,0.84,0.84,2975,289.07,237,359,68
average,15369,K,126.481635686,13.2069042434927,FALSE,0.766201113279834,108.340111949686,135.804806894945,-37.9243345789251,-37.9073880503145,-41.063255554253,160,156,172,25,3,NA,NA,Riley,Patterson,MIA,K,27,-1,423.5,30.81,2.86,289.29,ADP.tsv,NA,16.6358,ADP.tsv,NA,NA,0,NA,2971,289.29,279,359,68
average,14600,K,125.715434572721,14.3899523653909,FALSE,0.317702083684992,108.392881847755,139.583514838109,-38.690535692205,-37.8546181522446,-37.2845476110897,163,155,164,26,3,NA,NA,Joey,Slye,TEN,K,30,1,301.6,23.58,3.17,285.13,ADP.tsv,NA,21.7003,ADP.tsv,NA,NA,0,NA,2985,285.13,236,342,77
average,16292,K,125.397732489036,8.18317508414794,FALSE,0.0783165346196739,114.224005657123,131.460188984707,-39.00823777589,-32.0234943428768,-45.4078734644909,164,141,180,27,3,NA,NA,Chad,Ryland,ARI,K,27,-3,274.6,23.54,3.47,287.07,ADP.tsv,NA,29.5225,ADP.tsv,NA,NA,0,NA,2956,287.07,204,347,72
average,17726,K,125.319415954416,14.7119706008335,FALSE,8.14962547822549,106.063373219373,138.688034188034,-39.0865543105096,-40.1841267806268,-38.1800282611641,165,161,167,28,4,NA,NA,Drew,Stevens,WAS,K,23,-6,359.75,26.92,4.71,287.49,ADP.tsv,NA,15.5111,ADP.tsv,NA,NA,0,NA,2986,287.49,283,358,71
average,17277,K,117.16979047619,20.4369579698897,FALSE,1.23730285863562,89.1776,130.992514285714,-47.2361797887351,-57.0699,-45.875548163484,180,187,182,29,4,NA,NA,Ryan,Fitzgerald,CAR,K,NA,-5,289.4,25.33,2.04,289.11,ADP.tsv,NA,16.1899,ADP.tsv,NA,NA,0,NA,2960,289.11,281,359,69
average,14244,K,115.932487617555,16.9951313260221,FALSE,2.4375139159558,92.6474,128.676963375131,-48.4734826473707,-53.6001,-48.1910990740676,182,185,183,30,4,NA,NA,Matt,Gay,LVR,K,32,1,400.5,29.47,2.33,287.72,ADP.tsv,NA,25.1400,ADP.tsv,NA,NA,0,NA,2977,287.72,235,358,78
average,16419,K,113.494973701599,15.5761777096224,FALSE,2.79097370159904,92.952,126.560552927184,-50.9109965633265,-53.2955,-50.3075095220144,184,183,189,31,4,NA,NA,Andre,Szmyt,CLE,K,28,-3,320,30.68,1.87,288.93,ADP.tsv,NA,27.1654,ADP.tsv,NA,NA,0,NA,2963,288.93,231,359,58
average,17434,K,110.704,23.73616043087,FALSE,12.9408690476191,95.5984,125.8096,-53.7019702649256,-50.6491,-51.0584624491983,190,176,190,32,5,NA,NA,Ben,Sauls,FA,K,25,-5,298,28.45,2.61,281.84,ADP.tsv,NA,2.5969,ADP.tsv,NA,NA,NA,NA,20265,281.84,349,357,4
average,17736,K,97.7631309523809,54.1326132387088,FALSE,57.7631309523809,38.74855,147.785446292948,-66.6428393125447,-107.49895,-29.0826161562507,206,287,143,33,6,NA,NA,Dominic,Zvada,NYG,K,23,-6,349,29.39,5.24,284.99,ADP.tsv,NA,26.8532,ADP.tsv,NA,NA,0,NA,2976,284.99,226,358,81
average,16286,K,40,4.0000,TRUE,10,40,40,-124.405970264926,-106.2475,-136.868062449198,343,278,368,34,7,NA,NA,Jake,Moody,BAL,K,27,-3,319,31.38,5.12,254.84,ADP.tsv,NA,25.5999,ADP.tsv,NA,NA,NA,NA,2958,254.84,158,300,228
average,17424,K,30,3.0000,TRUE,1,30,30,-134.405970264926,-116.2475,-146.868062449198,375,325,394,35,7,NA,NA,Charlie,Smyth,NOS,K,25,-4,284.54,20.36,5.3,278.12,ADP.tsv,NA,30.8381,ADP.tsv,NA,NA,NA,NA,2974,278.12,159,316,108
average,11947,K,29,2.9000,TRUE,1,29,29,-135.405970264926,-117.2475,-147.868062449198,377,327,395,36,7,NA,NA,Brandon,McManus,FA,K,35,6,304.6,29.82,5.84,281.84,ADP.tsv,NA,2.5969,ADP.tsv,NA,NA,NA,NA,20265,281.84,349,357,4
average,13347,K,29,2.9000,TRUE,0,29,29,-135.405970264926,-117.2475,-147.868062449198,377,327,395,36,7,NA,NA,Zane,Gonzalez,FA,K,31,3,292.89,25.18,5.01,281.84,ADP.tsv,NA,2.5969,ADP.tsv,NA,NA,NA,NA,20265,281.84,349,357,4
average,15882,K,28,2.8000,TRUE,1,28,28,-136.405970264926,-118.2475,-148.868062449198,381,331,397,37,7,NA,NA,Cade,York,FA,K,25,-2,NA,36.86,2.9,281.84,ADP.tsv,NA,2.5969,ADP.tsv,NA,NA,NA,NA,20265,281.84,349,357,4
average,13832,K,27,2.7000,TRUE,10,27,27,-137.405970264926,-119.2475,-149.868062449198,383,333,398,38,8,NA,NA,Jason,Sanders,NYJ,K,31,2,355.5,29.7,4.01,289.07,ADP.tsv,NA,25.3696,ADP.tsv,NA,NA,NA,NA,2975,289.07,237,359,68
average,13980,K,17,1.7000,TRUE,6,17,17,-147.405970264926,-129.2475,-159.868062449198,408,367,420,39,8,NA,NA,Mike,Badgley,FA,K,31,2,NA,NA,NA,281.84,ADP.tsv,NA,2.5969,ADP.tsv,NA,NA,NA,NA,20265,281.84,349,357,4
average,13403,K,11,1.1000,TRUE,2,11,11,-153.405970264926,-135.2475,-165.868062449198,418,379,427,40,8,NA,NA,Younghoe,Koo,FA,K,32,3,NA,NA,NA,281.84,ADP.tsv,NA,2.5969,ADP.tsv,NA,NA,NA,NA,20265,281.84,349,357,4
average,16405,K,9,0.9000,TRUE,2,9,9,-155.405970264926,-137.2475,-167.868062449198,423,386,430,41,8,NA,NA,John Parker,Romo,FA,K,29,-2,NA,NA,NA,281.84,ADP.tsv,NA,2.5969,ADP.tsv,NA,NA,NA,NA,20265,281.84,349,357,4
average,16775,K,9,0.9000,TRUE,0,9,9,-155.405970264926,-137.2475,-167.868062449198,423,386,430,41,8,NA,NA,Joshua,Karty,FA,K,24,-4,NA,NA,NA,281.84,ADP.tsv,NA,2.5969,ADP.tsv,NA,NA,NA,NA,20265,281.84,349,357,4
average,9694,K,7,0.7000,TRUE,1,7,7,-157.405970264926,-139.2475,-169.868062449198,427,389,433,42,8,NA,NA,Graham,Gano,FA,K,39,11,NA,NA,NA,281.84,ADP.tsv,NA,2.5969,ADP.tsv,NA,NA,NA,NA,20265,281.84,349,357,4
average,14426,K,6,0.6000,TRUE,1,6,6,-158.405970264926,-140.2475,-170.868062449198,432,395,435,43,8,NA,NA,Matthew,Wright,BUF,K,30,1,NA,NA,NA,282.1,ADP.tsv,NA,20.9711,ADP.tsv,NA,NA,NA,NA,2959,282.1,225,329,87
average,8930,K,5,0.5000,TRUE,0,5,5,-159.405970264926,-141.2475,-171.868062449198,434,399,438,44,8,NA,NA,Matt,Prater,FA,K,42,14,NA,NA,NA,281.84,ADP.tsv,NA,2.5969,ADP.tsv,NA,NA,NA,NA,20265,281.84,349,357,4
average,0532,DST,128.823333333333,15.2016073711521,FALSE,7.77666666666666,111.375,147.075,9.04666666666665,5.8125,8.89249999999998,43,49,44,1,1,NA,NA,Houston,Texans,HOU,DST,NA,50,156.72,1.36,0.64,145.17,ADP.tsv,104.925,17.4419,ADP.tsv,13.1598584718834,-61.925,3.73333333333333,0.309120616516524,4343,145.17,87,188,340
average,0511,DST,121.046666666667,13.455767041186,FALSE,1.27,105.5625,138.1825,1.27,0,0,57,61,61,2,1,NA,NA,Denver,Broncos,DEN,DST,NA,50,166.35,3.23,1.19,165.88,ADP.tsv,106.7825,19.3415,ADP.tsv,22.3649931533636,-49.7825,2.81666666666667,0.28963578661638,1863,165.88,101,213,340
average,0515,DST,119.776666666667,18.4667232249435,FALSE,3.65000000000001,102.0625,145.3,0,-3.5,7.11749999999998,61,71,52,3,2,NA,NA,Seattle,Seahawks,SEA,DST,NA,50,169.46,3.61,1.99,164.44,ADP.tsv,110.9775,16.2330,ADP.tsv,24.0774691101453,-49.9775,2.64333333333333,0.51227162933567,1989,164.44,112,206,340
average,0510,DST,116.126666666667,7.57666593342129,FALSE,2.26333333333334,106.975,125.065,-3.65000000000001,1.41249999999999,-13.1175,68,58,92,4,3,NA,NA,Pittsburgh,Steelers,PIT,DST,NA,50,190.04,8.44,1.97,197.52,ADP.tsv,148.593333333333,17.9600,ADP.tsv,15.744479102918,-80.5933333333333,1.5,0.1,1968,197.52,135,239,340
average,0524,DST,113.863333333333,11.8409149421262,FALSE,1.09,104.625,130.9,-5.91333333333334,-0.9375,-7.28250000000003,71,63,74,5,4,NA,NA,Minnesota,Vikings,MIN,DST,NA,50,188.23,8.26,2.97,206.64,ADP.tsv,137.9,18.0457,ADP.tsv,24.6751102665554,-66.9,0.65,0.35,1919,206.64,142,246,325
average,0528,DST,112.773333333333,10.4148387729559,FALSE,0.763333333333321,100.9375,125.8975,-7.00333333333334,-4.625,-12.285,73,74,87,6,4,NA,NA,Los Angeles,Rams,LAR,DST,NA,50,166.34,2.71,1.68,147.68,ADP.tsv,105.4575,17.2692,ADP.tsv,15.0394587252999,-32.4575,4.06,0.12328828005938,1996,147.68,92,192,340
average,0518,DST,112.01,18.4802732663779,FALSE,0.433333333333337,95.6,136.08,-7.76666666666667,-9.96250000000001,-2.10250000000002,75,88,65,7,4,NA,NA,Philadelphia,Eagles,PHI,DST,NA,50,176.62,5.88,2.52,187.27,ADP.tsv,133.6875,18.1383,ADP.tsv,12.6895495881454,-58.6875,1.48333333333333,0.192930615046504,1961,187.27,130,235,339
average,0514,DST,111.576666666667,8.36928113201287,FALSE,0.306666666666672,105.3,123.965,-8.2,-0.262500000000003,-14.2175,76,62,96,8,5,NA,NA,Los Angeles,Chargers,LAC,DST,NA,50,194.69,10.14,2.72,197.83,ADP.tsv,152.225,17.6255,ADP.tsv,13.8665722152232,-76.225,1.07333333333333,0.346538437823121,1975,197.83,136,238,338
average,0501,DST,111.27,13.7659434838299,FALSE,2.80666666666666,96.5875,130.3275,-8.50666666666667,-8.97499999999999,-7.85500000000002,77,83,76,9,6,NA,NA,Buffalo,Bills,BUF,DST,NA,50,230.78,15.18,2.45,253.61,ADP.tsv,159.0675,15.6177,ADP.tsv,20.3357337893178,-82.0675,0.933333333333333,0.590668171555645,1828,253.61,187,271,173
average,0522,DST,108.463333333333,11.0530659396688,FALSE,0.363333333333344,98.0625,124.3575,-11.3133333333333,-7.5,-13.825,84,78,94,10,6,NA,NA,Detroit,Lions,DET,DST,NA,50,221.84,14.85,3.36,245.84,ADP.tsv,153.0325,20.6023,ADP.tsv,25.1588387798404,-69.0325,1.1,0.141421356237309,1870,245.84,167,281,223
average,0507,DST,108.1,11.5286599394726,FALSE,1.97,95.4,119.88,-11.6766666666667,-10.1625,-18.3025,87,89,107,11,7,NA,NA,Cleveland,Browns,CLE,DST,NA,50,222.64,15.18,4.47,252.9,ADP.tsv,162.7525,23.2868,ADP.tsv,22.1137122335894,-75.7525,1,0.2,2871,252.9,154,279,170
average,0531,DST,106.13,10.5191254389326,FALSE,0.599999999999994,94.78,117.76,-13.6466666666667,-10.7825,-20.4225,89,92,117,12,8,NA,NA,Baltimore,Ravens,BAL,DST,NA,50,198.41,10.26,3.02,206.39,ADP.tsv,155.6875,21.1147,ADP.tsv,17.2492889346199,-66.6875,1.2,0.163299316185545,1807,206.39,137,259,333
average,0521,DST,105.53,12.376873595541,FALSE,1.03333333333333,90.08,117.27,-14.2466666666667,-15.4825,-20.9125,90,103,119,13,9,NA,NA,Chicago,Bears,CHI,DST,NA,50,282.49,20,4.18,240.77,ADP.tsv,161.93,23.2788,ADP.tsv,NA,-71.93,0.1,NA,1842,240.77,149,278,226
average,0526,DST,104.496666666667,16.3579909116819,FALSE,0.469999999999999,91.325,128.425,-15.28,-14.2375,-9.75750000000002,95,98,80,14,9,NA,NA,Atlanta,Falcons,ATL,DST,NA,50,274.71,19.74,3.51,265.36,ADP.tsv,159.375,20.6748,ADP.tsv,8.32499999999999,-64.375,0,NA,1814,265.36,165,272,124
average,0504,DST,104.026666666667,13.7472300240206,FALSE,0.0800000000000125,89.2533333333333,118.38,-15.75,-16.3091666666667,-19.8025,96,105,111,15,9,NA,NA,New England,Patriots,NEP,DST,NA,50,187.91,7.96,2.99,190.22,ADP.tsv,141.9525,15.2063,ADP.tsv,19.4614713922149,-45.9525,1.15666666666667,0.114406682011537,1926,190.22,139,227,338
average,0509,DST,103.946666666667,2.7695366640168,FALSE,0.606666666666655,101.113333333333,107.173333333333,-15.83,-4.44916666666666,-31.0091666666667,97,73,148,16,10,NA,NA,Jacksonville,Jaguars,JAC,DST,NA,50,191.34,9.56,3.33,191.36,ADP.tsv,152.52,21.0684,ADP.tsv,12.0234915893845,-55.52,0.986666666666667,0.419947086613963,1898,191.36,112,234,340
average,0529,DST,103.34,9.55918406559891,FALSE,1.36,94.8,116,-16.4366666666667,-10.7625,-22.1825,99,91,122,17,11,NA,NA,New Orleans,Saints,NOS,DST,NA,50,263.36,18.78,3.46,261.36,ADP.tsv,157.04,26.1405,ADP.tsv,NA,-58.04,0,NA,1933,261.36,147,285,147
average,0523,DST,101.98,18.7655801935352,FALSE,0.290000000000006,83.32,125.62,-17.7966666666667,-22.2425,-12.5625,108,120,89,18,11,NA,NA,Green Bay,Packers,GBP,DST,NA,50,209.31,13.99,3.5,250.99,ADP.tsv,161.21,21.3154,ADP.tsv,19.9348288179257,-53.21,0.866666666666667,0.498887651569859,1877,250.99,166,282,192
average,0517,DST,101.69,18.5781592199012,FALSE,0.859999999999999,86.54,126.56,-18.0866666666667,-19.0225,-11.6225,109,112,86,19,11,NA,NA,New York,Giants,NYG,DST,NA,50,278.62,22.27,3.13,265,ADP.tsv,190.83,27.6839,ADP.tsv,NA,-81.83,0,NA,1940,265,156,299,122
average,0506,DST,100.83,10.9415264017412,FALSE,0.666666666666671,90.64,114.77,-18.9466666666667,-14.9225,-23.4125,111,101,126,20,12,NA,NA,Cincinnati,Bengals,CIN,DST,NA,50,274.25,24.63,4.74,278.28,ADP.tsv,NA,29.0032,ADP.tsv,NA,NA,0,NA,1849,278.28,196,339,83
average,0508,DST,100.163333333333,14.9324702131518,FALSE,1.20333333333333,80.92,113.796666666667,-19.6133333333333,-24.6425,-24.3858333333333,114,126,128,21,13,NA,NA,Tennessee,Titans,TEN,DST,NA,50,283.09,25.86,3.06,273.98,ADP.tsv,NA,30.2179,ADP.tsv,NA,NA,0,NA,1884,273.98,183,338,115
average,0520,DST,98.96,21.4742403823744,FALSE,0.149999999999991,75.12,122,-20.8166666666667,-30.4425,-16.1825,121,137,102,22,13,NA,NA,Washington,Commanders,WAS,DST,NA,50,307.6,27.36,2.83,283.31,ADP.tsv,NA,31.0779,ADP.tsv,NA,NA,0,NA,2010,283.31,205,355,70
average,0525,DST,98.81,8.4803007022157,FALSE,2.40000000000001,88.36,106.61,-20.9666666666667,-17.2025,-31.5725,122,107,149,23,14,NA,NA,Tampa Bay,Buccaneers,TBB,DST,NA,50,293.32,23.1,3.42,269.44,ADP.tsv,170.3,30.3816,ADP.tsv,NA,-48.3,0.1,NA,2003,269.44,158,314,116
average,0502,DST,96.41,9.38592030650165,FALSE,0.809999999999988,84.32,105.24,-23.3666666666667,-21.2425,-32.9425,127,119,155,24,14,NA,NA,Indianapolis,Colts,IND,DST,NA,50,277.23,19.54,2.35,272.31,ADP.tsv,NA,23.5633,ADP.tsv,NA,NA,0,NA,1891,272.31,181,300,101
average,0516,DST,95.6,23.655971761904,FALSE,0.600000000000009,68.44,123.2,-24.1766666666667,-37.1225,-14.9825,128,153,98,25,15,NA,NA,Dallas,Cowboys,DAL,DST,NA,50,262.56,20.26,5.53,262.1,ADP.tsv,169.915,25.8025,ADP.tsv,13.585,-41.915,0.2,NA,1856,262.1,151,287,145
average,0512,DST,95,13.0589050076949,FALSE,0.0266666666666708,80.84,108.88,-24.7766666666667,-24.7225,-29.3025,129,127,144,26,15,NA,NA,Kansas City,Chiefs,KCC,DST,NA,50,212.79,13.37,2.33,254.24,ADP.tsv,146.285,20.2526,ADP.tsv,13.985,-17.285,0.95,0.45,1905,254.24,167,276,174
average,0519,DST,94.9733333333333,15.1065548686655,FALSE,1.21333333333332,78.32,110.853333333333,-24.8033333333333,-27.2425,-27.3291666666667,130,132,138,27,16,NA,NA,Arizona,Cardinals,ARI,DST,NA,50,299.6,31.43,1.01,286.43,ADP.tsv,NA,24.2652,ADP.tsv,NA,NA,0,NA,1821,286.43,244,357,53
average,0503,DST,93.76,17.05324016133,FALSE,1.12666666666668,73.44,112.36,-26.0166666666667,-32.1225,-25.8225,132,142,132,28,16,NA,NA,Miami,Dolphins,MIA,DST,NA,50,308.38,27.53,3.02,284.51,ADP.tsv,NA,23.8425,ADP.tsv,NA,NA,0,NA,1912,284.51,240,354,65
average,0513,DST,92.6333333333333,14.2480992884431,FALSE,1.02333333333333,75.98,106.046666666667,-27.1433333333333,-29.5825,-32.1358333333334,135,135,152,29,17,NA,NA,Las Vegas,Raiders,LVR,DST,NA,50,287,28.44,3.46,277.73,ADP.tsv,NA,33.8221,ADP.tsv,NA,NA,0,NA,1954,277.73,188,360,107
average,0527,DST,91.61,8.77598997264696,FALSE,1.73666666666666,80.16,99.47,-28.1666666666667,-25.4025,-38.7125,138,128,169,30,18,NA,NA,Carolina,Panthers,CAR,DST,NA,50,299.43,23.44,3.7,275.19,ADP.tsv,NA,33.3143,ADP.tsv,NA,NA,0.1,NA,1835,275.19,166,333,95
average,0505,DST,89.8733333333333,21.9988181500734,FALSE,0.913333333333327,67.24,114.813333333333,-29.9033333333333,-38.3225,-23.3691666666667,143,158,125,31,19,NA,NA,New York,Jets,NYJ,DST,NA,50,293.2,29.41,2.62,282.85,ADP.tsv,NA,27.6249,ADP.tsv,NA,NA,0,NA,1947,282.85,219,355,82
average,0530,DST,88.96,22.7420975285922,FALSE,0,60.04,111.64,-30.8166666666667,-45.5225,-26.5425,147,168,135,32,19,NA,NA,San Francisco,49ers,SFO,DST,NA,50,266.17,19.23,3.33,259.17,ADP.tsv,126.5,24.5866,ADP.tsv,NA,20.5,0.65,0.55,1982,259.17,171,304,182
robust,13589,QB,372.029,3.81917760000003,FALSE,40.984,367.754,395.58,57.4865,71.086,57.9520000000001,11,6,10,1,1,NA,NA,Josh,Allen,BUF,QB,30,2,28.72,1.01,0.1,32.45,ADP.tsv,18.804,9.1527,ADP.tsv,8.50155891586949,-7.804,38.215,11.6786418302815,16074,32.45,10,63,340
robust,13593,QB,331.045,10.052028,FALSE,3.18000000000001,320.6166,360.522,16.5025,23.9486,22.8939999999999,35,23,29,2,1,NA,NA,Lamar,Jackson,BAL,QB,29,2,38.18,2.46,0.93,64.42,ADP.tsv,41.516,18.8234,ADP.tsv,11.2351886499515,-6.516,25.535,10.5414740430359,16081,64.42,5,114,340
robust,16581,QB,327.865,8.1543,FALSE,3.29500000000002,317.2398,352.258,13.3225,20.5718,14.6300000000001,37,27,36,3,1,NA,NA,Jayden,Daniels,WAS,QB,26,-4,61.59,6.15,2.34,90.82,ADP.tsv,63.814,26.5946,ADP.tsv,9.05596952291691,-26.814,11.924,4.85648926694994,21126,90.82,10,164,340
robust,16580,QB,324.57,8.65838399999996,FALSE,0.939999999999998,316.086,356.354,10.0275,19.418,18.726,42,29,32,4,1,NA,NA,Drake,Maye,NEP,QB,24,-4,43.17,3.26,1.07,65.89,ADP.tsv,49.336,16.2330,ADP.tsv,11.3171950588474,-7.336,16.3745,6.65413035264564,21125,65.89,7,101,340
robust,14783,QB,323.63,3.85476000000003,FALSE,7.33999999999997,315.509,346.75,9.08749999999998,18.841,9.12200000000001,44,30,43,5,2,NA,NA,Jalen,Hurts,PHI,QB,28,0,60.14,5.82,1.67,97.58,ADP.tsv,64.948,25.5584,ADP.tsv,11.4598593359605,-20.948,14.2755,7.73959822923645,17999,97.58,8,156,340
robust,16579,QB,316.29,37.1243039999999,FALSE,0.267500000000041,292.372,342.648,1.7475,-4.29599999999999,5.02000000000004,54,72,56,6,2,NA,NA,Caleb,Williams,CHI,QB,25,-4,67.54,7.04,1.71,81.56,ADP.tsv,73.936,21.2411,ADP.tsv,14.3032871746323,-19.936,9.893,6.27882369556592,21124,81.56,19,142,340
robust,15237,QB,316.0225,16.649598,FALSE,0.0624999999999432,297.266,340.227,1.47999999999996,0.597999999999956,2.59899999999999,55,60,57,7,2,NA,NA,Trevor,Lawrence,JAC,QB,27,-1,77.14,8.99,2.02,91.97,ADP.tsv,82.202,21.0684,ADP.tsv,9.86450282578904,-27.202,8.4075,5.67389361461775,18779,91.97,14,136,340
robust,14779,QB,315.96,21.616308,FALSE,0.288499999999999,295.304,336.728,1.41750000000002,-1.36399999999998,-0.89999999999992,56,66,63,8,2,NA,NA,Justin,Herbert,LAC,QB,28,0,73.21,8.22,2.16,90.85,ADP.tsv,84.478,22.6226,ADP.tsv,17.1541381596395,-28.478,9.7215,6.92113767743425,17976,90.85,13,144,340
robust,17032,QB,315.6715,12.9964716,FALSE,1.12900000000002,302.878,339.266,1.12900000000002,6.20999999999998,1.63799999999998,57,48,59,9,3,NA,NA,Jaxson,Dart,NYG,QB,23,-5,99.71,13.32,2.88,123.84,ADP.tsv,104.216,28.8396,ADP.tsv,13.6040708613268,-47.216,6.534,3.19131132921876,22087,123.84,22,189,340
robust,12620,QB,314.5425,10.244766,FALSE,0.970000000000027,298.542,333.014,0,1.87400000000002,-4.61399999999998,61,57,66,10,3,NA,NA,Dak,Prescott,DAL,QB,33,4,79,9.27,2.04,91.12,ADP.tsv,69.506,21.0684,ADP.tsv,14.1156956612134,-8.506,10.8345,7.62190860283696,14553,91.12,15,137,340
robust,14777,QB,313.5725,3.13421640000005,FALSE,1.91250000000002,308.8408,346.299,-0.970000000000027,12.1728,8.67099999999999,62,41,45,11,3,NA,NA,Joe,Burrow,CIN,QB,30,0,50.19,4.54,1.36,62.41,ADP.tsv,50.276,17.6146,ADP.tsv,11.57095778231,11.724,16.6755,8.58697739312268,17968,62.41,6,108,340
robust,16582,QB,311.66,33.773628,FALSE,0.71999999999997,288.956,337.628,-2.88250000000005,-7.71199999999999,0,67,80,61,12,3,NA,NA,Bo,Nix,DEN,QB,26,-4,99.2,12.7,1.99,120.87,ADP.tsv,104.464,25.3857,ADP.tsv,16.9150496304327,-37.464,6.619,5.18172201106929,20299,120.87,26,173,340
robust,13116,QB,310.94,14.826,FALSE,3.26999999999998,295.34,328.332,-3.60250000000002,-1.32799999999997,-9.29599999999999,69,65,78,13,3,NA,NA,Patrick,Mahomes,KCC,QB,31,3,104.44,14.13,2.41,125.26,ADP.tsv,102.016,24.8676,ADP.tsv,16.5771536760688,-33.016,8.8555,8.95422027593693,15234,125.26,35,179,340
robust,15698,QB,307.67,10.363374,FALSE,2.84000000000003,296.668,326.078,-6.8725,0,-11.55,74,61,84,14,4,NA,NA,Brock,Purdy,SFO,QB,27,-2,97.17,12.37,2.15,115.37,ADP.tsv,96.854,24.1769,ADP.tsv,16.2051826277892,-22.854,5.566,4.44829270619639,19742,115.37,23,163,340
robust,12611,QB,304.83,23.12856,FALSE,0.629999999999995,282.088,328.052,-9.71250000000003,-14.58,-9.57600000000002,82,100,79,15,4,NA,NA,Jared,Goff,DET,QB,32,4,107.08,14.7,2.48,113.84,ADP.tsv,104.744,24.8676,ADP.tsv,14.7466723025908,-22.744,5.928,5.82166230556188,14748,113.84,18,162,340
robust,9431,QB,304.2,19.1551919999999,FALSE,7.97999999999996,287.44,331.156,-10.3425,-9.22800000000001,-6.47199999999992,85,84,70,16,5,NA,NA,Matthew,Stafford,LAR,QB,38,11,108.78,15.18,2.45,107.61,ADP.tsv,89.128,25.2130,ADP.tsv,25.005051009746,-4.128,8.1635,6.88075553627652,7697,107.61,20,166,340
robust,14056,QB,296.22,11.920104,FALSE,0.160000000000025,287.78,324.344,-18.3225,-8.88800000000003,-13.284,114,82,93,17,5,NA,NA,Kyler,Murray,MIN,QB,29,1,118.44,16.82,2.44,138.79,ADP.tsv,126.354,27.2853,ADP.tsv,17.3364432338355,-12.354,5.333,5.24816034434925,17009,138.79,45,203,340
robust,13590,QB,296.06,21.3790919999999,FALSE,0.71999999999997,271.232,319.048,-18.4825,-25.436,-18.58,116,129,108,18,5,NA,NA,Baker,Mayfield,TBB,QB,31,2,124.4,18.6,1.89,136.19,ADP.tsv,127.662,28.6669,ADP.tsv,15.4383138975731,-11.662,4.3575,4.63970028665646,16069,136.19,36,202,340
robust,17039,QB,295.34,14.173656,FALSE,13.1900000000001,274.036,316.744,-19.2025,-22.632,-20.884,119,122,118,19,6,NA,NA,Tyler,Shough,NOS,QB,27,-5,131.18,19.62,1.88,146.06,ADP.tsv,138.36,29.5303,ADP.tsv,14.4729913977726,-19.36,3.005,2.50760343754749,22220,146.06,41,212,340
robust,14782,QB,282.15,3.58789200000002,FALSE,2.98000000000002,277.408,304.684,-32.3925,-19.26,-32.944,149,113,156,20,7,NA,NA,Jordan,Love,GBP,QB,28,0,121.61,17.8,2.24,140.26,ADP.tsv,132.85,29.3576,ADP.tsv,18.1987450116759,16.15,4.8235,4.64912429926325,17997,140.26,48,218,340
robust,15694,QB,279.17,21.527352,FALSE,1.71999999999997,253.316,299.136,-35.3725000000001,-43.352,-38.492,155,164,168,21,7,NA,NA,Malik,Willis,MIA,QB,27,-2,139.55,20.15,2.75,159.74,ADP.tsv,145.996,29.9036,ADP.tsv,18.4941099812886,9.00399999999999,4.207,5.09276614424813,19458,159.74,52,225,337
robust,16150,QB,277.45,36.501612,FALSE,1.98000000000002,248.192,303.076,-37.0925,-48.476,-34.552,161,172,160,22,7,NA,NA,C.J.,Stroud,HOU,QB,25,-3,154.76,23.22,1.41,202.54,ADP.tsv,146.094,31.7960,ADP.tsv,22.0244950906939,14.906,3.031,3.46174565790152,20280,202.54,62,240,248
robust,13592,QB,275.47,14.588784,FALSE,7.06,256.604,293.648,-39.0725,-40.064,-43.98,165,160,176,23,8,NA,NA,Sam,Darnold,SEA,QB,29,2,148.42,22.49,1.55,169.52,ADP.tsv,141.596,31.3659,ADP.tsv,19.508577190559,23.404,3.78,4.26337894163772,16077,169.52,56,237,329
robust,14059,QB,268.41,20.548836,FALSE,7.5,139.376,284.884,-46.1325000000001,-157.292,-52.744,179,443,193,24,9,NA,NA,Daniel,Jones,IND,QB,29,1,157.68,23.37,1.82,181.52,ADP.tsv,148.918,31.3579,ADP.tsv,22.1555125420289,30.082,3.5905,4.06637316905372,17008,181.52,60,240,313
robust,16148,QB,260.91,3.02450400000003,FALSE,18.6,248.144,275.26,-53.6325000000001,-48.524,-62.368,190,173,211,25,10,NA,NA,Bryce,Young,CAR,QB,25,-3,189.08,26.05,1.29,236.33,ADP.tsv,123.085,37.9855,ADP.tsv,1.685,66.915,3.00933333333333,2.93542289211547,20281,236.33,66,267,150
robust,12616,QB,242.31,27.309492,FALSE,6.87,206.884,292.6,-72.2325,-89.784,-45.028,217,234,178,26,11,NA,NA,Jacoby,Brissett,ARI,QB,34,4,217.02,27.2,1.8,229.82,ADP.tsv,157.83,34.8413,ADP.tsv,28.27,59.17,3.48933333333333,4.02557998581847,14802,229.82,67,255,178
robust,11150,QB,235.44,21.4977,FALSE,0.20999999999998,219.036,252.776,-79.1025,-77.632,-84.852,225,215,241,27,11,NA,NA,Geno,Smith,NYJ,QB,36,7,243.75,28.68,1.35,247.99,ADP.tsv,143.46,37.3455,ADP.tsv,NA,81.54,3.904,3.704,11818,247.99,71,265,128
robust,17030,QB,235.23,6.76065600000005,FALSE,1.47,228.42,258.328,-79.3125,-68.248,-79.3,226,201,231,28,11,NA,NA,Cam,Ward,TEN,QB,24,-5,172.67,25.06,1.61,218.16,ADP.tsv,125.85,32.8769,ADP.tsv,1.75,100.15,1.875,1.71955662890176,20310,218.16,70,251,213
robust,7836,QB,233.76,12.275928,FALSE,40.57,216.752,243.496,-80.7825,-79.916,-94.132,229,219,259,29,12,NA,NA,Aaron,Rodgers,PIT,QB,43,15,229.48,27.95,1.86,244.67,ADP.tsv,128.075,37.1457,ADP.tsv,12.175,100.925,3.304,3.43488456865729,5712,244.67,68,262,134
robust,17462,QB,193.19,8.00604000000001,FALSE,44.33,157.672,224.5,-121.3525,-138.996,-113.128,325,388,294,30,13,NA,NA,Fernando,Mendoza,LVR,QB,23,-6,270.08,30.7,2.38,255.8,ADP.tsv,129.365,29.0703,ADP.tsv,10.765,195.635,4.61333333333333,5.40829815088711,22928,255.8,124,272,108
robust,14778,QB,148.86,40.979064,FALSE,14.9,111.412,207.732,-165.6825,-185.256,-129.896,453,535,344,31,14,NA,NA,Tua,Tagovailoa,ATL,QB,28,0,288.81,32.28,2.15,268.92,ADP.tsv,170.36,53.7472,ADP.tsv,NA,282.64,3.614,3.514,17975,268.92,87,352,83
robust,13113,QB,133.96,89.460084,FALSE,15.26,69.256,216.28,-180.5825,-227.412,-121.348,494,536,315,32,15,NA,NA,Deshaun,Watson,CLE,QB,31,3,297.29,33.32,2.26,275.42,ADP.tsv,168.07,50.5779,ADP.tsv,NA,325.93,3.242,3.142,15231,275.42,104,353,82
robust,17031,QB,118.7,37.776648,FALSE,16,54.192,150.296,-195.8425,-242.476,-187.332,529,538,468,33,16,NA,NA,Shedeur,Sanders,CLE,QB,24,-5,302.56,33.64,1.67,276.36,ADP.tsv,173.75,38.2826,ADP.tsv,NA,355.25,1.142,1.042,22056,276.36,159,346,77
robust,16583,QB,102.7,37.391172,FALSE,54.445,68.152,157.488,-211.8425,-228.516,-180.14,536,537,450,34,17,NA,NA,Michael,Penix Jr.,ATL,QB,26,-4,289.08,32.03,2.09,269.41,ADP.tsv,173.7,46.0406,ADP.tsv,NA,362.3,2.22,2.22,20298,269.41,105,333,86
robust,12141,QB,48.255,5.129796,FALSE,0.194999999999993,28.228,57.874,-266.2875,-268.44,-279.754,537,541,543,35,17,NA,NA,Marcus,Mariota,WAS,QB,33,5,407.62,43.41,4.19,284.86,ADP.tsv,NA,18.0834,ADP.tsv,NA,NA,NA,NA,13530,284.86,286,360,21
robust,10700,QB,48.06,5.871096,FALSE,3.745,42.188,109.644,-266.4825,-254.48,-227.984,538,539,537,36,17,NA,NA,Kirk,Cousins,LVR,QB,38,8,296.53,32.73,2.03,267.77,ADP.tsv,170.64,36.8493,ADP.tsv,NA,367.36,3.242,3.142,10974,267.77,148,331,88
robust,17035,QB,44.315,37.598736,FALSE,5.215,20.796,68.946,-270.2275,-275.872,-268.682,539,543,541,37,18,NA,NA,Riley,Leonard,IND,QB,24,-5,510.83,54.8,11.57,281.29,ADP.tsv,NA,19.5649,ADP.tsv,NA,NA,NA,NA,22084,281.29,305,357,2
robust,16586,QB,39.1,22.179696,FALSE,0.990000000000002,12.596,86.468,-275.4425,-284.072,-251.16,540,546,539,38,18,NA,NA,Spencer,Rattler,NOS,QB,26,-4,573.75,55.8,6.45,282.36,ADP.tsv,NA,13.7007,ADP.tsv,NA,NA,NA,NA,21413,282.36,310,358,8
robust,16584,QB,38.11,8.954904,FALSE,7.46,9.516,84.784,-276.4325,-287.152,-252.844,541,562,540,39,19,NA,NA,J.J.,McCarthy,MIN,QB,23,-4,346.24,38.67,4.38,284.86,ADP.tsv,NA,54.7598,ADP.tsv,NA,NA,0,NA,21150,284.86,123,359,30
robust,17466,QB,30.65,0.429953999999999,FALSE,2.13,30.389,30.911,-283.8925,-266.279,-306.717,542,540,554,40,19,NA,NA,Carson,Beck,ARI,QB,25,-6,334.77,37,4.03,286.1,ADP.tsv,NA,26.0424,ADP.tsv,NA,NA,4.44,4.44,23003,286.1,232,357,67
robust,15241,QB,28.52,5.248404,FALSE,0.210000000000001,8.376,51.368,-286.0225,-288.292,-286.26,543,568,546,41,19,NA,NA,Mac,Jones,SFO,QB,28,-1,357.64,38.96,3.32,287.65,ADP.tsv,NA,30.9842,ADP.tsv,NA,NA,2.58,2.58,18800,287.65,211,360,68
robust,17037,QB,28.31,36.931566,FALSE,0.529999999999998,5.891,50.729,-286.2325,-290.777,-286.899,544,573,547,42,19,NA,NA,Dillon,Gabriel,CLE,QB,26,-5,589.5,60.56,11.78,,,NA,,,NA,NA,NA,NA,,,,,
robust,13595,QB,27.78,12.364884,FALSE,0.855000000000004,11.934,56.97,-286.7625,-284.734,-280.658,545,551,544,43,20,NA,NA,Mason,Rudolph,PIT,QB,31,2,583.5,63.6,9.29,281.68,ADP.tsv,NA,14.6074,ADP.tsv,NA,NA,NA,NA,16080,281.68,315,360,4
robust,9064,QB,26.925,26.301324,FALSE,1.315,8.574,45.563,-287.6175,-288.094,-292.065,546,567,550,44,20,NA,NA,Joe,Flacco,CIN,QB,41,12,391.11,40.91,2.47,286.77,ADP.tsv,NA,37.5352,ADP.tsv,NA,NA,3.624,3.624,7090,286.77,187,360,49
robust,15238,QB,25.61,4.803624,FALSE,2.355,10.556,62.616,-288.9325,-286.112,-275.012,547,558,542,45,20,NA,NA,Justin,Fields,KCC,QB,27,-1,348.3,39.54,3.16,287.3,ADP.tsv,NA,22.8190,ADP.tsv,NA,NA,1.428,1.428,18783,287.3,253,359,52
robust,10413,QB,23.255,8.213604,FALSE,0.465000000000003,12.654,42.84,-291.2875,-284.014,-294.788,548,545,551,46,20,NA,NA,Tyrod,Taylor,GBP,QB,37,9,517.4,47.25,3.53,282.54,ADP.tsv,NA,22.6554,ADP.tsv,NA,NA,NA,NA,10144,282.54,275,356,9
robust,14067,QB,22.79,7.11648,FALSE,0.849999999999998,12.984,29.22,-291.7525,-283.684,-308.408,549,544,556,47,20,NA,NA,Gardner,Minshew,ARI,QB,30,1,540.4,52.71,10.37,282.66,ADP.tsv,NA,11.1879,ADP.tsv,NA,NA,NA,NA,17025,282.66,316,356,9
robust,14358,QB,21.94,2.1940,TRUE,0.835000000000001,21.94,21.94,-292.6025,-274.728,-315.688,550,542,558,48,20,NA,NA,Jake,Browning,FA,QB,30,1,472.4,60.8,17.45,281.44,ADP.tsv,NA,0.0000,ADP.tsv,NA,NA,NA,NA,17450,281.44,355,355,2
robust,17034,QB,21.105,0.889560000000002,FALSE,3.525,11.24,45.89,-293.4375,-285.428,-291.738,551,553,549,49,21,NA,NA,Quinn,Ewers,JAC,QB,23,-5,530,52.94,6.08,281.43,ADP.tsv,NA,2.6337,ADP.tsv,NA,NA,NA,NA,22070,281.43,350,357,2
robust,14789,QB,17.58,6.81996,FALSE,0.834999999999997,12.58,23.956,-296.9625,-284.088,-313.672,552,547,557,50,21,NA,NA,Tyler,Huntley,BAL,QB,28,0,537,55.46,3,283.73,ADP.tsv,NA,22.5105,ADP.tsv,NA,NA,NA,NA,18624,283.73,270,360,18
robust,15692,QB,16.745,0.593039999999998,FALSE,0.205000000000002,10.64,32.042,-297.7975,-286.028,-305.586,553,557,553,51,21,NA,NA,Kenny,Pickett,CAR,QB,28,-2,557.33,64.4,5.59,281.92,ADP.tsv,NA,19.8319,ADP.tsv,NA,NA,NA,NA,19442,281.92,284,350,6
robust,12140,QB,16.54,11.949756,FALSE,0.274999999999999,7.96,55.664,-298.0025,-288.708,-281.964,554,569,545,52,21,NA,NA,Jameis,Winston,NYG,QB,32,5,405.33,41.94,4.29,289.91,ADP.tsv,NA,20.1618,ADP.tsv,NA,NA,1.392,1.392,13529,289.91,265,360,58
robust,17463,QB,16.265,0.652344000000002,FALSE,0.134999999999998,9.384,33.522,-298.2775,-287.284,-304.106,555,563,552,53,21,NA,NA,Ty,Simpson,LAR,QB,24,-6,376.41,41.19,3.65,286.69,ADP.tsv,NA,30.4681,ADP.tsv,NA,NA,4.764,4.764,22936,286.69,222,360,43
robust,16152,QB,16.13,6.019356,FALSE,0.800000000000001,8.786,29.378,-298.4125,-287.882,-308.25,556,565,555,54,21,NA,NA,Anthony,Richardson,IND,QB,24,-3,382.35,42.28,6.99,284.46,ADP.tsv,NA,25.7248,ADP.tsv,NA,NA,2.208,NA,20294,284.46,254,360,22
robust,12610,QB,15.33,4.848102,FALSE,0.955000000000002,12.387,18.273,-299.2125,-284.281,-319.355,557,548,561,55,21,NA,NA,Carson,Wentz,MIN,QB,34,4,572.33,61.27,11.79,281.62,ADP.tsv,NA,7.5727,ADP.tsv,NA,NA,NA,NA,14911,281.62,337,359,3
robust,10313,QB,14.375,2.787288,FALSE,0.859999999999999,10.434,16.932,-300.1675,-286.234,-320.696,558,559,562,56,21,NA,NA,Andy,Dalton,PHI,QB,39,9,580.75,64.82,6.64,281.64,ADP.tsv,NA,3.7864,ADP.tsv,NA,NA,NA,NA,9994,281.64,347,358,3
robust,15252,QB,13.515,1.245384,FALSE,0.360000000000001,12.249,48.583,-301.0275,-284.419,-289.045,559,550,548,57,21,NA,NA,Davis,Mills,HOU,QB,28,-1,520,50.95,6.69,284.44,ADP.tsv,NA,15.7574,ADP.tsv,NA,NA,NA,NA,18922,284.44,297,360,18
robust,15240,QB,13.155,2.9652,FALSE,0.874999999999998,11.06,15.722,-301.3875,-285.608,-321.906,560,556,563,58,21,NA,NA,Trey,Lance,LAC,QB,26,-1,532.4,53.93,10.66,282.96,ADP.tsv,NA,6.5942,ADP.tsv,NA,NA,NA,NA,18799,282.96,333,357,10
robust,16585,QB,12.28,1.2280,TRUE,0.25,12.28,12.28,-302.2625,-284.388,-325.348,561,549,566,59,21,NA,NA,Joe,Milton,DAL,QB,26,-4,465,50.83,9.88,283.1,ADP.tsv,NA,13.6856,ADP.tsv,NA,NA,NA,NA,21408,283.1,305,357,13
robust,17467,QB,12.03,1.156428,FALSE,0.370000000000001,8.578,19.882,-302.5125,-288.09,-317.746,562,566,560,60,21,NA,NA,Cade,Klubnik,NYJ,QB,23,-6,406.31,43.72,6.2,282.36,ADP.tsv,NA,21.9783,ADP.tsv,NA,NA,4.656,NA,23104,282.36,282,359,8
robust,14063,QB,11.66,1.1660,TRUE,0.420000000000002,11.66,11.66,-302.8825,-285.008,-325.968,563,552,569,61,21,NA,NA,Jarrett,Stidham,DEN,QB,30,1,569.25,58.08,4.87,282.16,ADP.tsv,NA,4.8077,ADP.tsv,NA,NA,NA,NA,17022,282.16,339,355,6
robust,15702,QB,11.24,12.631752,FALSE,0.0999999999999979,3.092,20.156,-303.3025,-293.576,-317.472,564,576,559,62,21,NA,NA,Tanner,McKee,PHI,QB,26,-3,575,67.4,7,,,NA,,,NA,NA,NA,NA,,,,,
robust,17036,QB,11.14,1.1140,TRUE,0.0600000000000005,11.14,11.14,-303.4025,-285.528,-326.488,565,554,571,63,21,NA,NA,Will,Howard,PIT,QB,25,-5,585.33,75.57,7.89,281.18,ADP.tsv,NA,0.0000,ADP.tsv,NA,NA,NA,NA,22376,281.18,342,342,1
robust,11760,QB,11.08,1.1080,TRUE,0.68,11.08,11.08,-303.4625,-285.588,-326.548,566,555,572,64,22,NA,NA,Jimmy,Garoppolo,LAR,QB,35,6,565.5,67.6,9.46,,,NA,,,NA,NA,NA,NA,,,,,
robust,16153,QB,10.4,1.0400,TRUE,0.0549999999999997,10.4,10.4,-304.1425,-286.268,-327.228,567,560,574,65,22,NA,NA,Stetson,Bennett,LAR,QB,29,-3,558,68,14.23,282.47,ADP.tsv,NA,8.1823,ADP.tsv,NA,NA,NA,NA,20479,282.47,332,360,7
robust,16384,QB,10.345,1.008168,FALSE,0.705,6.158,12.332,-304.1975,-290.51,-325.296,568,572,565,66,22,NA,NA,Tyson,Bagent,CHI,QB,26,-3,532.2,52.63,9.51,284.25,ADP.tsv,NA,39.3435,ADP.tsv,NA,NA,NA,NA,20814,284.25,198,359,21
robust,16159,QB,9.64,0.9640,TRUE,0.23,9.64,9.64,-304.9025,-287.028,-327.988,569,561,575,67,22,NA,NA,Aidan,O'Connell,LVR,QB,28,-3,618.25,85.86,6.6,,,NA,,,NA,NA,NA,NA,,,,,
robust,14057,QB,9.41,3.03933,FALSE,0.135,7.565,11.255,-305.1325,-289.103,-326.373,570,570,570,68,22,NA,NA,Drew,Lock,SEA,QB,30,1,563.67,67.43,8.21,281.72,ADP.tsv,NA,11.3613,ADP.tsv,NA,NA,NA,NA,17012,281.72,324,359,4
robust,13115,QB,9.275,2.861418,FALSE,0.0750000000000011,2.462,12.51,-305.2675,-294.206,-325.118,571,577,564,69,22,NA,NA,Mitchell,Trubisky,TEN,QB,32,3,556.25,61,5.87,281.44,ADP.tsv,NA,1.1287,ADP.tsv,NA,NA,NA,NA,15223,281.44,354,357,2
robust,17654,QB,9.2,0.9200,TRUE,0.51,9.2,9.2,-305.3425,-287.468,-328.428,572,564,578,70,22,NA,NA,Cole,Payton,PHI,QB,24,-6,617.5,86.2,6.55,,,NA,,,NA,NA,NA,NA,,,,,
robust,13119,QB,8.69,1.897728,FALSE,0.479999999999999,2,11.972,-305.8525,-294.668,-325.656,573,578,568,71,22,NA,NA,Joshua,Dobbs,DET,QB,31,3,534.4,65.88,9.53,282.18,ADP.tsv,NA,29.5149,ADP.tsv,NA,NA,NA,NA,15357,282.18,259,360,7
robust,16441,QB,8.21,6.241746,FALSE,0.870000000000001,4.421,11.999,-306.3325,-292.247,-325.629,574,574,567,72,22,NA,NA,Tommy,DeVito,NEP,QB,28,-3,577.75,65.5,11.47,283.78,ADP.tsv,NA,7.0224,ADP.tsv,NA,NA,NA,NA,20845,283.78,333,360,14
robust,15693,QB,7.34,0.7340,TRUE,0.475000000000001,7.34,7.34,-307.2025,-289.328,-330.288,575,571,580,73,22,NA,NA,Sam,Howell,DAL,QB,26,-2,574.75,62.91,6.44,281.81,ADP.tsv,NA,6.8168,ADP.tsv,NA,NA,NA,NA,19449,281.81,335,356,4
robust,13879,QB,6.865,4.15128,FALSE,1.645,1.29,10.56,-307.6775,-295.378,-327.068,576,580,573,74,22,NA,NA,Kyle,Allen,BUF,QB,30,2,564,64,13.5,283.14,ADP.tsv,NA,10.5274,ADP.tsv,NA,NA,NA,NA,16562,283.14,313,353,13
robust,17469,QB,5.22,6.790308,FALSE,0.19,1.098,9.342,-309.3225,-295.57,-328.286,577,581,577,75,22,NA,NA,Jalon,Daniels,TBB,QB,24,-6,548.33,58.43,7.09,90.82,ADP.tsv,NA,26.5946,ADP.tsv,NA,NA,NA,NA,21126,90.82,10,164,340
robust,17033,QB,5.03,5.826618,FALSE,0.0200000000000005,1.493,8.567,-309.5125,-295.175,-329.061,578,579,579,76,22,NA,NA,Jalen,Milroe,SEA,QB,24,-5,514.4,55,7.77,281.19,ADP.tsv,NA,0.0000,ADP.tsv,NA,NA,NA,NA,22064,281.19,344,344,1
robust,17040,QB,5.01,7.19061,FALSE,0.79,0.645,9.375,-309.5325,-296.023,-328.253,579,584,576,77,22,NA,NA,Brady,Cook,MIA,QB,25,-5,583,77,6.41,,,NA,,,NA,NA,NA,NA,,,,,
robust,13124,QB,4.22,0.4220,TRUE,0.225,4.22,4.22,-310.3225,-292.448,-333.408,580,575,582,78,22,NA,NA,Cooper,Rush,ATL,QB,33,3,493,70.17,10.82,281.16,ADP.tsv,NA,0.0000,ADP.tsv,NA,NA,NA,NA,15479,281.16,337,337,1
robust,17038,QB,3.995,5.226165,FALSE,3.235,0.8225,7.1675,-310.5475,-295.8455,-330.4605,581,582,581,79,23,NA,NA,Kyle,McCord,MIA,QB,24,-5,565.67,61.6,8.14,,,NA,,,NA,NA,NA,NA,,,,,
robust,17657,QB,0.76,0.0760,TRUE,0.12,0.76,0.76,-313.7825,-295.908,-336.868,582,583,583,80,23,NA,NA,Taylen,Green,CLE,QB,24,-6,491.17,49.67,9.81,,,NA,,,NA,NA,NA,NA,,,,,
robust,15239,QB,0.64,0.0640,TRUE,0,0.64,0.64,-313.9025,-296.028,-336.988,583,585,584,81,23,NA,NA,Zach,Wilson,NOS,QB,27,-1,613.5,80.75,6.85,,,NA,,,NA,NA,NA,NA,,,,,
robust,16162,RB,336.09,19.8371879999999,FALSE,17.77,302.825,360.74,135.04,122.865,132.16,1,1,1,1,1,162.39,1,Jahmyr,Gibbs,DET,RB,24,-3,1.48,1.17,0.4,1.12,ADP.tsv,1.382,0.3454,ADP.tsv,0.24481829996959,-0.382,69.42,2.89837885722346,20272,1.12,1,3,340
robust,16161,RB,318.32,4.49227799999996,FALSE,22.76,291.3,341.16,117.27,111.34,112.58,2,2,2,2,2,144.62,2,Bijan,Robinson,ATL,RB,24,-3,2.27,1.86,0.39,1.99,ADP.tsv,2.168,0.5181,ADP.tsv,0.228333090024201,-0.168,67.556,4.2645243580029,20271,1.99,1,4,340
robust,13130,RB,295.56,11.030544,FALSE,5.89499999999998,275.12,304.68,94.51,95.16,76.1,4,3,7,3,3,121.86,3,Christian,McCaffrey,SFO,RB,30,3,8.5,4.25,1.7,7.69,ADP.tsv,6.984,3.1085,ADP.tsv,1.18349651457028,-2.984,58.213,7.47608099207065,15222,7.69,3,21,340
robust,14802,RB,289.665,13.298922,FALSE,29.6125,260.38,307.925,88.615,80.42,79.345,5,5,6,4,4,115.965,4,Jonathan,Taylor,IND,RB,27,0,8.37,4.21,1.33,8.04,ADP.tsv,5.496,2.4177,ADP.tsv,1.46850400067552,-0.496,57.084,4.48664774636922,17962,8.04,2,16,340
robust,16167,RB,260.0525,32.646852,FALSE,3.34750000000003,230.705,289.35,59.0025,50.745,60.77,9,14,9,5,5,86.3525,8,De'Von,Achane,MIA,RB,25,-3,17.96,8.74,2.33,15.73,ADP.tsv,13.23,3.4538,ADP.tsv,2.16650871219111,-4.23,44.65,2.68188366638078,20284,15.73,7,27,340
robust,12626,RB,256.705,21.34944,FALSE,2.67499999999995,241.805,277.893,55.655,61.845,49.313,12,10,14,6,5,83.005,10,Derrick,Henry,BAL,RB,32,4,20.7,9.99,1.9,21.04,ADP.tsv,14.03,4.4900,ADP.tsv,5.53432200002855,-2.03,44.64,8.80326075951406,15055,21.04,8,34,340
robust,15715,RB,254.03,10.615416,FALSE,7.55000000000004,245.75,277.07,52.98,65.79,48.49,14,8,15,7,6,80.33,11,James,Cook,BUF,RB,27,-2,9.93,4.79,1.3,8.74,ADP.tsv,8.586,2.5904,ADP.tsv,1.06496197115202,5.414,52.7795,2.66846037070068,19467,8.74,2,17,340
robust,16181,RB,246.48,15.537648,FALSE,3.37249999999997,231.31,269.72,45.43,51.35,41.14,15,13,17,8,6,72.78,12,Chase,Brown,CIN,RB,26,-3,15.04,7.36,2.15,11.95,ADP.tsv,14.276,4.3173,ADP.tsv,2.06613261917042,0.724,45.477,0.953995283007206,20292,11.95,3,28,340
robust,13604,RB,243.1075,6.46413599999998,FALSE,6.94000000000003,227.415,257.42,42.0575,47.455,28.84,16,16,24,9,6,69.4075,13,Saquon,Barkley,PHI,RB,29,2,15.77,7.82,1.98,15.78,ADP.tsv,13.148,3.9719,ADP.tsv,1.83607625113991,2.852,51.548,8.88260277171056,16062,15.78,6,29,340
robust,15711,RB,236.1675,15.478344,FALSE,0.367499999999978,213.365,251.91,35.1175,33.405,23.33,19,19,28,10,6,62.4675,14,Kenneth,Walker III,KCC,RB,26,-2,18.91,9.02,2.31,15.86,ADP.tsv,17.286,4.3173,ADP.tsv,2.38776548262177,1.714,42.036,3.38054551810799,19430,15.86,8,33,340
robust,17044,RB,235.8,27.20571,FALSE,1.375,213.41,258.82,34.75,33.45,30.24,21,18,23,11,7,62.1,15,Omarion,Hampton,LAC,RB,23,-5,19.16,9.27,2.3,15.06,ADP.tsv,18.81,5.0081,ADP.tsv,2.79608297444836,2.19,42.597,1.20579724663809,22069,15.06,5,34,340
robust,17042,RB,234.425,20.16336,FALSE,8.375,218.83,284.46,33.375,38.87,55.88,22,17,12,12,7,60.725,16,Ashton,Jeanty,LVR,RB,23,-5,23.5,10.98,2.63,18.47,ADP.tsv,21.246,8.6373,ADP.tsv,2.94645278258451,0.754000000000001,39.238,2.35830701987676,22055,18.47,10,60,339
robust,15256,RB,226.05,25.9455,FALSE,3.25,203.04,249.48,25,23.08,20.9,26,25,31,13,8,52.35,17,Javonte,Williams,DAL,RB,26,-1,34.68,14.33,2.08,33.24,ADP.tsv,28.578,5.8715,ADP.tsv,4.34187701345858,-2.578,30.0045,4.26532305341577,18771,33.24,18,52,340
robust,17472,RB,222.8,22.83204,FALSE,2.65000000000001,197.82,243.54,21.75,17.86,14.96,29,31,34,14,8,49.1,21,Jeremiyah,Love,ARI,RB,21,-6,38.92,15.83,2.4,36,ADP.tsv,31.296,10.7069,ADP.tsv,2.52631431140308,-2.296,32.816,5.86565665548198,22930,36,10,72,340
robust,15710,RB,220.15,4.4478,FALSE,0.200000000000017,211.56,236.26,19.1,31.6,7.68000000000001,31,20,50,15,8,46.45,22,Kyren,Williams,LAR,RB,26,-2,33.65,14.09,2.26,35.63,ADP.tsv,25.646,7.4258,ADP.tsv,3.64717753886481,5.354,31.752,7.16659137944951,19450,35.63,14,57,340
robust,15708,RB,219.95,28.1694,FALSE,2.54999999999998,194.64,246.54,18.9,14.68,17.96,32,38,33,16,8,46.25,23,Breece,Hall,NYJ,RB,25,-2,36.67,15.06,1.72,37.83,ADP.tsv,36.04,8.6346,ADP.tsv,4.72123288982867,-4.04,27.4035,5.02484594291208,19427,37.83,19,69,340
robust,15253,RB,217.4,20.45988,FALSE,6.09999999999999,200.12,237.88,16.35,20.16,9.30000000000001,36,28,42,17,9,43.7,24,Travis,Etienne,NOS,RB,27,-1,42.52,16.9,2.01,41.15,ADP.tsv,36.898,7.0804,ADP.tsv,3.17370067901811,-0.898000000000003,24.398,5.05737204484701,18770,41.15,19,60,340
robust,17045,RB,211.3,14.38122,FALSE,8,196.5,221.46,10.25,16.54,-7.11999999999998,41,33,73,18,9,37.6,29,Cam,Skattebo,NYG,RB,24,-5,53.17,20.59,2.69,50.63,ADP.tsv,39.534,8.9800,ADP.tsv,3.68108462277085,1.466,18.6585,1.33443124588718,22077,50.63,28,80,340
robust,16598,RB,203.3,11.8608,FALSE,2.25,187.64,238.4,2.25,7.68000000000004,9.82000000000002,52,45,40,19,9,29.6,31,Bucky,Irving,TBB,RB,24,-4,52.48,20.44,2.8,58.19,ADP.tsv,46.81,9.6708,ADP.tsv,5.41885227700479,5.19,15.8565,3.27768466299002,21136,58.19,35,91,340
robust,17051,RB,201.05,17.34642,FALSE,3.75,178.42,243.4,0,-1.53999999999999,14.82,61,67,35,20,10,27.35,33,Quinshon,Judkins,CLE,RB,23,-5,54.92,21.35,2.61,56.92,ADP.tsv,48.898,7.2531,ADP.tsv,7.28790889075872,12.102,16.6215,3.5632747227796,22062,56.92,37,79,340
robust,14797,RB,197.3,11.71254,FALSE,4.44999999999999,177.78,216.96,-3.75,-2.18000000000001,-11.6199999999999,70,68,85,21,10,23.6,37,D'Andre,Swift,CHI,RB,27,0,47.23,18.51,2.32,47.25,ADP.tsv,40.402,7.4258,ADP.tsv,5.83678130479462,29.598,22.656,7.83352845147064,17961,47.25,27,70,340
robust,17052,RB,192.85,11.1195,FALSE,9.15000000000001,179.96,203.06,-8.19999999999999,0,-25.52,78,61,130,22,11,19.15,41,Bhayshul,Tuten,JAC,RB,23,-5,60.02,23.25,3.13,57.31,ADP.tsv,53.86,8.8073,ADP.tsv,5.98447324331892,24.14,15.44,4.03754876131546,22106,57.31,30,81,340
robust,17473,RB,183.7,16.60512,FALSE,0.450000000000017,168.94,200.32,-17.35,-11.02,-28.26,108,93,141,23,11,10,46,Jadarian,Price,SEA,RB,23,-6,60.63,23.58,3.08,60.08,ADP.tsv,57.63,8.8073,ADP.tsv,8.04108450397084,50.37,18.108,6.75644225905913,22938,60.08,39,90,340
robust,14071,RB,183.25,5.18910000000004,FALSE,5,173.66,203.8,-17.8,-6.30000000000001,-24.78,111,77,129,24,11,9.54999999999998,47,David,Montgomery,HOU,RB,29,1,54.51,21.21,2.62,50.28,ADP.tsv,50.692,9.6708,ADP.tsv,4.53412571506349,60.308,19.4425,8.21668538706455,17016,50.28,26,82,340
robust,17043,RB,178.25,6.52344000000001,FALSE,7.94999999999999,172.38,218.6,-22.8,-7.58000000000001,-9.97999999999996,129,79,81,25,12,4.54999999999998,50,TreVeyon,Henderson,NEP,RB,24,-5,66.35,25.71,3.22,63.99,ADP.tsv,64.264,10.7069,ADP.tsv,6.83982046548007,64.736,9.848,2.44610547605781,22072,63.99,32,94,340
robust,15259,RB,170.3,13.3434,FALSE,3.10000000000002,146.56,188.78,-30.75,-33.4,-39.8,147,143,171,26,12,-3.40000000000001,55,Rhamondre,Stevenson,NEP,RB,28,-1,68.94,26.54,3.07,69.11,ADP.tsv,67.754,10.8796,ADP.tsv,6.55377021263334,79.246,11.0235,6.28906962515124,18791,69.11,48,111,340
robust,15742,RB,167.2,13.19514,FALSE,5.14999999999998,150.92,178.88,-33.85,-29.04,-49.7,152,134,186,27,13,-6.50000000000003,61,Jaylen,Warren,PIT,RB,28,-2,72.88,27.76,2.8,72.92,ADP.tsv,73.748,7.9438,ADP.tsv,7.66244451855933,78.252,9.891,6.34749423000919,19833,72.92,53,99,340
robust,14823,RB,162.05,11.2677599999999,FALSE,2.94999999999999,134.54,179.12,-39,-45.42,-49.46,164,167,185,28,13,-11.65,63,Rico,Dowdle,PIT,RB,28,0,81.3,30.4,3.14,89.97,ADP.tsv,80.026,9.6708,ADP.tsv,10.8058254659235,83.974,7.888,4.60652059585106,18036,89.97,67,123,340
robust,14800,RB,159.1,12.00906,FALSE,0.550000000000011,143.58,170.74,-41.95,-36.38,-57.84,171,152,205,29,13,-14.6,68,J.K.,Dobbins,DEN,RB,28,0,92.09,33.33,3.74,97.21,ADP.tsv,83.894,16.5836,ADP.tsv,9.91828130272579,87.106,7.905,6.46398290529918,17963,97.21,51,147,339
robust,14085,RB,158.55,20.31162,FALSE,1.15000000000001,142.26,174.6,-42.5,-37.7,-53.98,172,154,196,30,13,-15.15,69,Tony,Pollard,TEN,RB,29,1,78.91,29.67,2.98,80.94,ADP.tsv,77.21,11.7431,ADP.tsv,7.29494619582626,94.79,9.922,6.91112523399772,17067,80.94,47,115,340
robust,17068,RB,157.4,45.14517,FALSE,0.450000000000017,126.58,184.06,-43.65,-53.38,-44.52,173,184,177,31,13,-16.3,70,RJ,Harvey,DEN,RB,25,-5,99.18,35.53,4.44,87.09,ADP.tsv,98.518,13.2973,ADP.tsv,17.5860926871207,74.482,5.27,3.18601632136435,22111,87.09,54,131,340
robust,15261,RB,156.95,5.93039999999996,FALSE,4.14999999999998,151.5,167.68,-44.1,-28.46,-60.9,175,133,209,32,13,-16.75,71,Chuba,Hubbard,CAR,RB,27,-1,96.43,34.8,4.7,106.43,ADP.tsv,93.258,20.5567,ADP.tsv,9.35071847506917,81.742,6.9635,5.02556034189224,18773,106.43,68,187,339
robust,14073,RB,152.8,51.29796,FALSE,6.15000000000001,110.36,228.58,-48.25,-69.6,0,184,205,61,33,14,-20.9,74,Josh,Jacobs,GBP,RB,28,1,140.14,48.04,16.16,76.19,ADP.tsv,63.784,30.7969,ADP.tsv,18.9722730319801,120.216,16.4075,10.2912374741816,16998,76.19,21,199,334
robust,17066,RB,146.65,13.41753,FALSE,8.12500000000003,130.52,156.66,-54.4,-49.44,-71.92,193,174,223,34,15,-27.05,79,Kyle,Monangai,CHI,RB,24,-5,111.54,38.9,4.32,120.31,ADP.tsv,104.146,15.5913,ADP.tsv,9.86854720817608,88.854,4.186,2.10079699162009,22119,120.31,78,168,330
robust,17256,RB,138.525,5.04084000000001,FALSE,1.37499999999997,132.71,147.74,-62.525,-47.25,-80.84,205,170,235,35,15,-35.175,90,Jacory,Croskey-Merritt,WAS,RB,25,-5,101.83,36.02,3.83,109.17,ADP.tsv,98.442,15.7346,ADP.tsv,9.33638988046236,106.558,4.917,3.37973179409254,22130,109.17,72,163,336
robust,15721,RB,137.15,9.48864000000001,FALSE,1.09999999999999,108.62,146.08,-63.9,-71.34,-82.5,206,208,238,36,15,-36.55,91,Rachaad,White,WAS,RB,27,-2,113.1,39.06,4.15,115.53,ADP.tsv,125.076,13.8326,ADP.tsv,12.8076954991911,80.924,3.859,3.0082225649044,19436,115.53,82,162,336
robust,15972,RB,136.05,13.19514,FALSE,1.30000000000001,116.96,153.26,-65,-63,-75.32,208,195,226,37,15,-37.65,93,Jordan,Mason,MIN,RB,27,-2,101.32,35.72,4.85,94.29,ADP.tsv,96.958,13.2973,ADP.tsv,13.533124399044,111.042,7.2465,5.42816237321619,19872,94.29,63,140,340
robust,13319,RB,134.75,13.41753,FALSE,0.149999999999977,109.2,149.1,-66.3,-70.76,-79.48,210,206,232,38,15,-38.95,97,Aaron,Jones,MIN,RB,32,3,118.78,40.95,3.61,134.74,ADP.tsv,117.972,15.0764,ADP.tsv,5.03519771210625,92.028,5.1565,5.26722097030303,15392,134.74,80,167,329
robust,16597,RB,134.6,29.05896,FALSE,5.75000000000003,107.84,161.96,-66.45,-72.12,-66.62,212,210,217,39,15,-39.1,98,Jonathon,Brooks,CAR,RB,23,-4,83.75,30.96,5.72,72.14,ADP.tsv,85.642,11.7431,ADP.tsv,8.31878933499341,126.358,9.1995,5.40865979240699,21133,72.14,48,116,340
robust,15255,RB,128.85,36.17544,FALSE,1.34999999999999,100.79,159.68,-72.2,-79.17,-68.9,216,218,220,40,16,-44.85,103,Kenneth,Gainwell,TBB,RB,27,-1,105.28,37.05,3.64,87.3,ADP.tsv,111.178,10.7069,ADP.tsv,10.5391506299132,104.822,7.271,5.05781800779743,18772,87.3,57,119,340
robust,16593,RB,127.5,3.85475999999999,FALSE,3.25,119.02,146.56,-73.55,-60.94,-82.02,218,191,237,41,16,-46.2,107,Blake,Corum,LAR,RB,26,-4,93.77,34.02,3.28,83.99,ADP.tsv,100.008,16.2330,ADP.tsv,6.9710355041414,117.992,5.736,2.78626775454191,20278,83.99,41,135,340
robust,16604,RB,124.25,49.14819,FALSE,6.09999999999999,86.82,167.64,-76.8,-93.14,-60.94,223,239,210,42,16,-49.45,112,MarShawn,Lloyd,GBP,RB,25,-4,95.22,33.75,12.21,109.68,ADP.tsv,96.64,25.0874,ADP.tsv,20.3592799479746,126.36,9.5525,5.03490503882645,21144,109.68,44,189,334
robust,17053,RB,118.15,4.44779999999998,FALSE,2.40000000000001,106.14,122.72,-82.9,-73.82,-105.86,232,212,281,43,17,-55.55,117,Woody,Marks,HOU,RB,26,-5,131.25,44.62,4.11,134.55,ADP.tsv,128.832,16.6468,ADP.tsv,12.4305275833329,103.168,2.961,2.08378573754597,22109,134.55,90,186,327
robust,16165,RB,115.75,11.8608,FALSE,14.775,98.94,129.84,-85.3,-81.02,-98.74,237,220,267,44,18,-57.95,119,Tyjae,Spears,TEN,RB,25,-3,141.8,47.98,5.28,151.88,ADP.tsv,141.11,11.6409,ADP.tsv,13.8021143307828,95.89,2.5195,2.26273302667372,20329,151.88,112,179,321
robust,16169,RB,100.975,3.63236999999998,FALSE,4.52499999999999,96.9,117.25,-100.075,-83.06,-111.33,259,222,290,45,18,-72.725,135,Zach,Charbonnet,SEA,RB,25,-3,147.74,49.9,6.84,159.43,ADP.tsv,132.094,19.9872,ADP.tsv,3.11689332509151,126.906,4.4645,4.1557094159722,19469,159.43,99,214,320
robust,16174,RB,96.45,11.19363,FALSE,5.45,70.56,115.38,-104.6,-109.4,-113.2,267,298,295,46,19,-77.25,141,Chris,Rodriguez,JAC,RB,26,-3,126.45,43.13,4.58,132.81,ADP.tsv,134.912,14.9224,ADP.tsv,11.8943707694018,132.088,3.436,2.90184217351668,20308,132.81,87,173,325
robust,13132,RB,91,6.07866000000001,FALSE,3.25,70.28,96.8,-110.05,-109.68,-131.78,285,299,349,47,19,-82.7,146,Alvin,Kamara,NOS,RB,31,3,170.88,56.29,7.75,199.67,ADP.tsv,155.184,27.1768,ADP.tsv,15.0159669685305,129.816,3.159,3.25770517389159,15293,199.67,137,293,313
robust,14086,RB,87.75,15.93795,FALSE,2.09999999999999,72.16,103.54,-113.3,-107.8,-125.04,295,289,329,48,19,-85.95,148,Justice,Hill,BAL,RB,29,1,230.53,70.05,9.56,232.45,ADP.tsv,181.58,28.1754,ADP.tsv,2.73,113.42,1.84666666666667,1.50610609040517,17020,232.45,150,309,267
robust,15712,RB,85.65,11.49015,FALSE,6.45,77.58,98.92,-115.4,-102.38,-129.66,303,270,343,49,20,-88.05,151,Tyler,Allgeier,ARI,RB,26,-2,130.34,44.48,4.1,127.86,ADP.tsv,138.778,16.7615,ADP.tsv,12.7067814965081,164.222,3.5665,3.14118874791057,19441,127.86,70,167,338
robust,15716,RB,79.2,13.19514,FALSE,1.5,69.86,88.66,-121.85,-110.1,-139.92,329,304,379,50,20,-94.5,162,Brian,Robinson,ATL,RB,27,-2,163.83,55.16,4.35,179.21,ADP.tsv,152.966,18.9444,ADP.tsv,18.5060115638135,176.034,8.3215,6.61861516859834,19468,179.21,120,229,320
robust,17047,RB,77.7,6.81996000000001,FALSE,0.650000000000006,63.72,107.76,-123.35,-116.24,-120.82,334,324,313,51,20,-96,166,Dylan,Sampson,CLE,RB,22,-5,154.02,51.78,5.22,161.61,ADP.tsv,164.756666666667,16.5112,ADP.tsv,6.84103468457481,169.243333333333,1.40133333333333,1.1003046042902,22099,161.61,104,199,320
robust,16747,RB,77.05,23.42508,FALSE,0.649999999999991,39.58,105.16,-124,-140.38,-123.42,338,397,324,52,20,-96.65,168,Tyrone,Tracy,NYG,RB,27,-4,172.13,56.19,9.48,172.07,ADP.tsv,142.018,34.2277,ADP.tsv,7.93212808772022,195.982,1.6915,1.56762774599074,21183,172.07,110,307,321
robust,16164,RB,76.4,24.90768,FALSE,1.75,58.8,94.08,-124.65,-121.16,-134.5,344,336,358,53,20,-97.3,170,Tank,Bigsby,PHI,RB,25,-3,154.79,52.36,5.3,159.59,ADP.tsv,149.208,19.6331,ADP.tsv,11.1057577859415,194.792,2.222,2.170348359135,20279,159.59,100,213,321
robust,14095,RB,74.65,5.04083999999999,FALSE,4,68.44,90.14,-126.4,-111.52,-138.44,351,309,373,54,20,-99.05,173,Ty,Johnson,BUF,RB,29,1,262.6,78.22,7.22,287.55,ADP.tsv,NA,30.8342,ADP.tsv,NA,NA,1.212,1.212,17046,287.55,212,360,67
robust,13133,RB,70.65,11.41602,FALSE,0.450000000000003,55.24,86.48,-130.4,-124.72,-142.1,362,349,385,55,20,-103.05,178,Samaje,Perine,CIN,RB,31,3,252.4,75.45,10.16,251.53,ADP.tsv,205.76,25.4944,ADP.tsv,NA,156.24,1.502,1.402,15362,251.53,170,311,222
robust,16178,RB,70.2,17.49468,FALSE,1.05,44.4,82.48,-130.85,-135.56,-146.1,363,381,391,56,21,-103.5,181,Keaton,Mitchell,LAC,RB,24,-3,144.21,48.94,6.17,140.44,ADP.tsv,150.234,19.4594,ADP.tsv,10.5054949431238,212.766,2.4975,2.36053357315671,20344,140.44,90,202,321
robust,15749,RB,69.15,26.61267,FALSE,2.84999999999999,48.74,96.64,-131.9,-131.22,-131.94,366,372,350,57,21,-104.55,183,Isiah,Pacheco,DET,RB,27,-2,188.08,60.34,9.39,196,ADP.tsv,148.942,38.1363,ADP.tsv,13.1717916776724,217.058,2.53,2.77393222700195,19486,196,112,330,301
robust,16596,RB,66.3,4.00302,FALSE,0.850000000000009,54.02,101.22,-134.75,-125.94,-127.36,374,350,336,58,21,-107.4,191,Braelon,Allen,NYJ,RB,22,-4,167.62,55.56,5.85,180.39,ADP.tsv,153.258,24.4980,ADP.tsv,16.5673116708777,220.742,2.0195,1.94721358612762,21132,180.39,110,251,321
robust,17477,RB,65.45,21.20118,FALSE,1.525,28.84,80.62,-135.6,-151.12,-147.96,376,419,396,59,21,-108.25,192,Jonah,Coleman,DEN,RB,23,-6,141.52,48.06,5.33,135.05,ADP.tsv,137.626,15.9687,ADP.tsv,8.31028663765577,238.374,3.3155,2.56309202917102,22941,135.05,89,181,324
robust,15738,RB,63.925,12.97275,FALSE,0.0250000000000057,50.24,86.025,-137.125,-129.72,-142.555,381,370,387,60,21,-109.775,195,Malik,Davis,DAL,RB,28,-2,215.13,66.5,10.89,231.86,ADP.tsv,200.94,40.7998,ADP.tsv,NA,180.06,2.30933333333333,2.59114663592952,20100,231.86,121,350,254
robust,17482,RB,63.9,10.3782,FALSE,0.0499999999999901,55.62,112.34,-137.15,-124.34,-116.24,382,348,300,61,21,-109.8,196,Mike,Washington Jr.,LVR,RB,23,-6,143.52,48.7,6.66,125.33,ADP.tsv,129.696,32.9361,ADP.tsv,13.9493664372257,252.304,4.78,3.14136912826239,22955,125.33,1,191,328
robust,14080,RB,63.85,0.889559999999991,FALSE,2.22500000000001,26.26,78.64,-137.2,-153.7,-149.94,383,430,399,62,21,-109.85,197,Devin,Singletary,NYG,RB,29,1,287.56,85.3,6.54,284.63,ADP.tsv,192.81,48.3139,ADP.tsv,11.47,190.19,2.04,0.84,17034,284.63,123,359,77
robust,16603,RB,61.625,11.1195,FALSE,0.0249999999999986,34.555,74.325,-139.425,-145.405,-154.255,386,406,408,63,21,-112.075,200,Ray,Davis,BUF,RB,27,-4,184.33,59.44,5.81,180.78,ADP.tsv,160.593333333333,21.5514,ADP.tsv,26.2469380224733,225.406666666667,1.732,1.77304032667055,21151,180.78,116,240,320
robust,15254,RB,61.6,6.22692000000001,FALSE,2.2,50.36,68.2,-139.45,-129.6,-160.38,387,368,422,64,21,-112.1,201,Najee,Harris,NYG,RB,28,-1,224.53,69.17,11.64,216.04,ADP.tsv,178.61,38.2574,ADP.tsv,1.33,208.39,2.26533333333333,2.32814737983278,18826,216.04,133,352,305
robust,16757,RB,59.4,21.4977,FALSE,3.2928571660247,34.6,85.06,-141.65,-145.36,-143.52,392,405,389,65,22,-114.3,204,Kimani,Vidal,LAC,RB,25,-4,195.57,62.22,6.93,195.11,ADP.tsv,179.89,23.4867,ADP.tsv,6.79000000000001,212.11,1.99733333333333,2.15654373683654,21169,195.11,119,254,317
robust,13146,RB,56.1071428339753,17.1875700343482,FALSE,0.832142833975304,33.96,78.34,-144.942857166025,-146,-150.24,401,408,400,66,22,-117.592857166025,212,James,Conner,ARI,RB,31,3,224.2,68.64,9.05,266.88,ADP.tsv,179.12,38.9561,ADP.tsv,NA,221.88,2.16533333333333,2.39025874935934,15306,266.88,147,352,143
robust,17485,RB,55.275,9.56277,FALSE,0.850000000000009,39.94,100.41,-145.775,-140.02,-128.17,403,393,337,67,22,-118.425,215,Kaelon,Black,SFO,RB,25,-6,207.92,65.62,12.51,175.56,ADP.tsv,148.604,38.9316,ADP.tsv,10.8314368391271,254.396,2.359,2.13691436421772,23064,175.56,85,309,320
robust,16610,RB,54.425,13.04688,FALSE,3.57499999999999,38.88,65.37,-146.625,-141.08,-163.21,405,398,425,68,22,-119.275,216,Jaylen,Wright,MIA,RB,23,-4,228.56,68.78,5.9,239.44,ADP.tsv,195.615,31.6243,ADP.tsv,11.115,209.385,1.692,1.692,21160,239.44,138,314,235
robust,16166,RB,50.85,28.61418,FALSE,0.400000000000006,28.6,70.6,-150.2,-151.36,-157.98,412,421,414,69,22,-122.85,222,Sean,Tucker,TBB,RB,25,-3,204.11,64.18,7.36,234.39,ADP.tsv,178.87,37.9008,ADP.tsv,NA,233.13,1.452,1.452,20285,234.39,115,328,257
robust,17474,RB,50.45,4.15128,FALSE,0.425000000000004,27.06,58.72,-150.6,-152.9,-169.86,413,429,432,70,22,-123.25,224,Emmett,Johnson,KCC,RB,23,-6,174.73,57.52,8.22,162.76,ADP.tsv,153.052,20.5018,ADP.tsv,13.9861065347008,259.948,2.364,2.11770819519593,22939,162.76,97,215,321
robust,16608,RB,50.025,37.21326,FALSE,0.424999999999997,25.82,76.76,-151.025,-154.14,-151.82,416,431,404,71,22,-123.675,226,George,Holani,SEA,RB,27,-4,230.03,69.58,9.11,211.14,ADP.tsv,175.49,32.0135,ADP.tsv,NA,240.51,1.93866666666667,1.84262228600679,21709,211.14,117,300,301
robust,16387,RB,49.6,14.67774,FALSE,1.8,33.7,76.06,-151.45,-146.26,-152.52,417,410,407,72,22,-124.1,228,Chris,Brooks,GBP,RB,26,-3,243.13,73,10.03,255.66,ADP.tsv,NA,40.7300,ADP.tsv,NA,NA,1.92,1.92,20954,255.66,138,359,187
robust,17046,RB,47.8,9.5600,TRUE,0.699999999999996,47.8,47.8,-153.25,-132.16,-180.78,419,374,452,73,22,-125.9,230,Devin,Neal,FA,RB,23,-5,277.81,81.98,10.29,283.88,ADP.tsv,NA,24.4506,ADP.tsv,NA,NA,NA,NA,22104,283.88,264,360,16
robust,14805,RB,47.1,64.78962,FALSE,0.100000000000009,7.77,86.43,-153.95,-172.19,-142.15,421,506,386,74,22,-126.6,231,AJ,Dillon,CAR,RB,28,0,424.67,117.08,24.62,280.88,ADP.tsv,NA,0.0000,ADP.tsv,NA,NA,NA,NA,17996,280.88,239,239,1
robust,17049,RB,47,7.63539,FALSE,2.71292547393375,39.975,54.445,-154.05,-139.985,-174.135,422,392,443,75,23,-126.7,232,Brashard,Smith,KCC,RB,23,-5,287.58,84.49,6.64,286.12,ADP.tsv,NA,34.6890,ADP.tsv,NA,NA,0,NA,22117,286.12,201,360,47
robust,15727,RB,44.2870745260662,19.5081244615639,FALSE,0.387074526066243,21.97,67.5649149052132,-156.762925473934,-157.99,-161.015085094787,427,446,423,76,23,-129.412925473934,241,Bam,Knight,ARI,RB,25,-2,325.53,95.46,11.01,281.57,ADP.tsv,NA,39.7916,ADP.tsv,NA,NA,0.792,0.792,19451,281.57,232,360,5
robust,16390,RB,43.9,8.7800,TRUE,1.95,43.9,43.9,-157.15,-136.06,-184.68,429,383,460,77,23,-129.8,243,Jaleel,McLaughlin,CLE,RB,26,-3,309.64,96.11,13.63,280.69,ADP.tsv,NA,0.0000,ADP.tsv,NA,NA,NA,NA,21005,280.69,177,177,1
robust,16752,RB,41.95,8.59908,FALSE,0.195000000000007,33.8,52.9,-159.1,-146.16,-175.68,433,409,445,78,23,-131.75,248,Isaiah,Davis,NYJ,RB,24,-4,259.94,77.13,6.3,284.56,ADP.tsv,NA,31.6805,ADP.tsv,NA,NA,0.768,0.768,21161,284.56,203,358,78
robust,11367,RB,41.755,4.47745199999999,FALSE,1.24356272968474,36.695,49.981,-159.295,-143.265,-178.599,434,404,449,79,23,-131.945,249,Kyle,Juszczyk,SFO,RB,35,7,327.31,95.44,19.07,281.73,ADP.tsv,NA,10.3875,ADP.tsv,NA,NA,NA,NA,11911,281.73,326,358,4
robust,17652,RB,40.5114372703153,24.2539154020204,FALSE,0.0114372703152554,5.83728745406305,67.23,-160.538562729685,-174.122712545937,-161.35,438,514,424,80,23,-133.188562729685,255,Adam,Randall,BAL,RB,22,-6,285.27,84.59,7.27,279.48,ADP.tsv,NA,36.4976,ADP.tsv,NA,NA,1.98,1.98,22960,279.48,177,359,91
robust,15258,RB,40.5,8.1000,TRUE,0.799999999999997,40.5,40.5,-160.55,-139.46,-188.08,439,390,471,81,23,-133.2,256,Michael,Carter,TEN,RB,27,-1,344.38,107.29,26.25,280.76,ADP.tsv,NA,0.0000,ADP.tsv,NA,NA,2.304,NA,18828,280.76,199,199,1
robust,17069,RB,39.7,7.9400,TRUE,0.300000000000004,39.7,39.7,-161.35,-140.26,-188.88,441,396,475,82,23,-134,258,Jaydon,Blue,PHI,RB,22,-5,259.88,80.36,16.25,220.85,ADP.tsv,190.88,43.2436,ADP.tsv,NA,250.12,2.88,NA,22092,220.85,109,350,238
robust,17055,RB,39.4,12.30558,FALSE,0.350000000000001,24.42,99.42,-161.65,-155.54,-129.16,443,437,341,83,23,-134.3,259,Jordan,James,SFO,RB,22,-5,255.6,76.11,9.45,235.07,ADP.tsv,173.93,27.4889,ADP.tsv,4.97,269.07,2.208,2.208,22097,235.07,163,318,265
robust,16432,RB,39.05,45.36756,FALSE,1.55,6.06,81.96,-162,-173.9,-146.62,444,513,393,84,23,-134.65,263,Emanuel,Wilson,SEA,RB,27,-3,224.04,68.69,8.57,271.11,ADP.tsv,NA,40.7035,ADP.tsv,NA,NA,1.704,1.704,21001,271.11,139,348,116
robust,14079,RB,37.5,7.5000,TRUE,2.05,37.5,37.5,-163.55,-142.46,-191.08,447,402,480,85,23,-136.2,266,Miles,Sanders,FA,RB,29,1,410.6,141.5,35.31,,,NA,,,NA,NA,NA,NA,,,,,
robust,17061,RB,35.45,6.07865999999999,FALSE,0.549999999999997,19.96,42.42,-165.6,-160,-186.16,452,451,464,86,23,-138.25,274,LeQuint,Allen,JAC,RB,22,-5,273.52,80.73,7.43,279.99,ADP.tsv,NA,34.6477,ADP.tsv,NA,NA,0,NA,22090,279.99,177,353,106
robust,16595,RB,34.9,6.07865999999999,FALSE,1.40000000000001,23.67,41.49,-166.15,-156.29,-187.09,455,438,466,87,24,-138.8,275,Audric,Estime,NOS,RB,23,-4,313.7,94.15,8.5,282.76,ADP.tsv,NA,30.8728,ADP.tsv,NA,NA,NA,NA,21134,282.76,238,358,15
robust,17337,RB,33.5,6.7000,TRUE,0.649999999999999,33.5,33.5,-167.55,-146.46,-195.08,456,411,490,88,24,-140.2,280,Zavier,Scott,CHI,RB,27,-3,456,127.22,12.53,281.16,ADP.tsv,NA,0.0000,ADP.tsv,NA,NA,NA,NA,20829,281.16,337,337,1
robust,17475,RB,32.85,4.59606,FALSE,1.5,27.62,40.16,-168.2,-152.34,-188.42,457,426,474,89,24,-140.85,283,Seth,McGowan,IND,RB,25,-6,251.32,76.12,11.04,237.5,ADP.tsv,NA,34.6833,ADP.tsv,NA,NA,1.67733333333333,1.71432033827468,22945,237.5,160,355,258
robust,17059,RB,31.35,2.59455,FALSE,2.275,17.84,47.72,-169.7,-162.12,-180.86,459,461,453,90,24,-142.35,288,Ollie,Gordon,MIA,RB,22,-5,245.48,73.56,7.22,278.26,ADP.tsv,NA,32.9513,ADP.tsv,NA,NA,0,NA,22071,278.26,193,360,104
robust,16385,RB,29.075,6.81996,FALSE,0.75,22.66,42.49,-171.975,-157.3,-186.09,466,444,463,91,24,-144.625,294,Emari,Demercado,DAL,RB,27,-3,288.44,86.47,8.88,267.86,ADP.tsv,NA,38.7661,ADP.tsv,NA,NA,1.392,1.392,20719,267.86,154,358,143
robust,16850,RB,28.325,12.37971,FALSE,0.125000000000004,4.18,41.43,-172.725,-175.78,-187.15,468,527,467,92,24,-145.375,297,Jacob,Saylors,DET,RB,25,-3,297.16,86.94,17.27,274.19,ADP.tsv,NA,38.5056,ADP.tsv,NA,NA,0,NA,20790,274.19,166,349,62
robust,16171,RB,28.2,14.23296,FALSE,3.225,15.12,38.52,-172.85,-164.84,-190.06,469,475,477,93,24,-145.5,298,Kendre,Miller,NOS,RB,24,-3,266.09,79.36,7.98,276.02,ADP.tsv,NA,34.8486,ADP.tsv,NA,NA,1.14,1.14,20304,276.02,182,360,111
robust,16688,RB,24.975,3.521175,FALSE,0.425000000000001,22.8375,27.1125,-176.075,-157.1225,-201.4675,476,442,509,94,24,-148.725,311,Isaac,Guerendo,SFO,RB,26,-4,311.28,92.81,9.41,281.55,ADP.tsv,NA,39.0628,ADP.tsv,NA,NA,NA,NA,21178,281.55,222,352,6
robust,17478,RB,24.55,8.8956,FALSE,0.199999999999999,12.06,32.32,-176.5,-167.9,-196.26,478,486,493,95,24,-149.15,312,Kaytron,Allen,WAS,RB,23,-6,220.47,67.24,7.39,205.78,ADP.tsv,191.09,26.9024,ADP.tsv,NA,286.91,2.412,2.412,22940,205.78,121,275,305
robust,17062,RB,24.35,6.37518,FALSE,0.649999999999999,19.83,29.91,-176.7,-160.13,-198.67,479,453,502,96,24,-149.35,313,Raheim,Sanders,CLE,RB,24,-5,336.17,95.9,8.68,,,NA,,,NA,NA,NA,NA,,,,,
robust,15718,RB,23.7,8.1543,FALSE,0.0500000000000043,18.75,28.65,-177.35,-161.21,-199.93,484,457,507,97,24,-150,316,Tyler,Badie,DEN,RB,26,-2,463.5,120.08,13.96,,,NA,,,NA,NA,0,NA,,,,,
robust,16391,RB,23.65,4.7300,TRUE,0.0749999999999993,23.65,23.65,-177.4,-156.31,-204.93,485,439,514,98,24,-150.05,317,Hunter,Luepke,DAL,RB,26,-3,377.3,107.43,18.75,,,NA,,,NA,NA,NA,NA,,,,,
robust,16601,RB,23.575,8.52495,FALSE,1.075,16.27,32.175,-177.475,-163.69,-196.405,486,469,494,99,24,-150.125,318,Will,Shipley,PHI,RB,24,-4,320.66,96.04,7.33,283.19,ADP.tsv,NA,18.1597,ADP.tsv,NA,NA,0,NA,21141,283.19,289,358,13
robust,17481,RB,22.5,10.08168,FALSE,2.1,11.62,47.26,-178.55,-168.34,-181.32,490,489,454,100,25,-151.2,327,Demond,Claiborne,MIN,RB,23,-6,242.5,72.5,7.12,222.04,ADP.tsv,NA,30.0406,ADP.tsv,NA,NA,2.592,2.592,22944,222.04,140,310,274
robust,17048,RB,20.4,1.4826,FALSE,0.0749999999999957,3.9,61.86,-180.65,-176.06,-166.72,495,528,429,101,25,-153.3,335,Kaleb,Johnson,GBP,RB,23,-5,235.42,71.21,10.33,257.27,ADP.tsv,180.2,38.8305,ADP.tsv,NA,314.8,2.29866666666667,1.61555879565623,22098,257.27,148,355,160
robust,16175,RB,20.325,12.97275,FALSE,0.575000000000003,11.175,31.515,-180.725,-168.785,-197.065,496,495,497,102,25,-153.375,336,Roschon,Johnson,CHI,RB,25,-3,335.73,95.33,10.63,281.89,ADP.tsv,NA,34.4881,ADP.tsv,NA,NA,NA,NA,20334,281.89,198,359,54
robust,13143,RB,19.75,3.9500,TRUE,0.350000000000001,19.75,19.75,-181.3,-160.21,-208.83,499,454,521,103,25,-153.95,341,Jeremy,McNichols,WAS,RB,31,3,402.25,107.86,10.53,281.18,ADP.tsv,NA,0.0000,ADP.tsv,NA,NA,NA,NA,15441,281.18,341,341,1
robust,17476,RB,19.4,16.16034,FALSE,0.599999999999998,3.06,59.42,-181.65,-176.9,-169.16,502,530,431,104,25,-154.3,344,Nicholas,Singleton,TEN,RB,22,-6,207.58,64.89,8.28,220.54,ADP.tsv,173.31,35.8300,ADP.tsv,NA,328.69,2.832,2.832,22943,220.54,136,339,277
robust,17060,RB,18.8,5.04084,FALSE,0.125,11.5,40.58,-182.25,-168.46,-188,505,490,470,105,25,-154.9,346,DJ,Giddens,IND,RB,23,-5,274.75,81.13,7.33,284.84,ADP.tsv,NA,37.1149,ADP.tsv,NA,NA,0,NA,22096,284.84,179,360,76
robust,14319,RB,18.675,0.185325,FALSE,1.175,18.5625,18.7875,-182.375,-161.3975,-209.7925,506,458,525,106,25,-155.025,348,Andrew,Beck,NYJ,RB,30,1,645.33,145,5.72,,,NA,,,NA,NA,NA,NA,,,,,
robust,17056,RB,17.5,13.3434,FALSE,0.0749999999999993,4.6,38.08,-183.55,-175.36,-190.5,508,524,479,107,25,-156.2,354,Trevor,Etienne,CAR,RB,22,-5,307.77,90.79,6.61,283.69,ADP.tsv,NA,33.0536,ADP.tsv,NA,NA,NA,NA,22094,283.69,228,359,17
robust,17274,RB,17.425,9.896355,FALSE,0.275000000000002,11.4175,23.4325,-183.625,-168.5425,-205.1475,509,492,517,108,25,-156.275,355,Corey,Kiner,NEP,RB,24,-5,407.45,110,16.63,281.08,ADP.tsv,NA,31.6679,ADP.tsv,NA,NA,NA,NA,22722,281.08,235,327,3
robust,12447,RB,17.15,3.4300,TRUE,2.25,17.15,17.15,-183.9,-162.81,-211.43,510,464,527,109,25,-156.55,356,Raheem,Mostert,LVR,RB,34,5,618.67,152.8,14.72,,,NA,,,NA,NA,NA,NA,,,,,
robust,16746,RB,14.9,3.40998,FALSE,0.424999999999999,11.375,18.915,-186.15,-168.585,-209.665,512,493,524,110,25,-158.8,367,Rasheen,Ali,BAL,RB,25,-4,352.71,97.25,10.07,281.74,ADP.tsv,NA,11.3613,ADP.tsv,NA,NA,0,NA,21167,281.74,320,355,4
robust,17685,RB,14.475,9.377445,FALSE,0.725000000000001,8.7825,20.1675,-186.575,-171.1775,-208.4125,514,503,520,111,25,-159.225,369,Eli,Heidenreich,PIT,RB,23,-6,333.46,96,9.76,282.6,ADP.tsv,NA,37.8527,ADP.tsv,NA,NA,1.176,1.176,22968,282.6,201,358,23
robust,12155,RB,13.75,10.60059,FALSE,0.0749999999999993,2.635,21.985,-187.3,-177.325,-206.595,516,531,519,112,25,-159.95,370,Ameer,Abdullah,JAC,RB,33,5,432.5,114.64,16.2,281.22,ADP.tsv,NA,0.0000,ADP.tsv,NA,NA,0,NA,13582,281.22,355,355,1
robust,16678,RB,13.675,14.788935,FALSE,1.125,4.6975,22.6525,-187.375,-175.2625,-205.9275,517,523,518,113,25,-160.025,372,Sione,Vaki,DET,RB,25,-4,346.67,97.91,11.04,281.68,ADP.tsv,NA,43.8165,ADP.tsv,NA,NA,0,NA,21297,281.68,182,360,20
robust,16816,RB,12.55,2.5100,TRUE,1.275,12.55,12.55,-188.5,-167.41,-216.03,522,484,528,114,25,-161.15,374,British,Brooks,HOU,RB,27,-4,577.75,146.75,26.1,,,NA,,,NA,NA,NA,NA,,,,,
robust,17058,RB,11.275,4.74432,FALSE,1.175,6.52,19.03,-189.775,-173.44,-209.55,523,511,522,115,25,-162.425,380,Tahj,Brooks,CIN,RB,24,-5,308.22,91.78,5.53,285.26,ADP.tsv,NA,31.4171,ADP.tsv,NA,NA,0,NA,22300,285.26,207,356,61
robust,12325,RB,10.1,14.67774,FALSE,0.493181818181817,1.19,19.01,-190.95,-178.77,-209.57,524,533,523,116,26,-163.6,387,Michael,Burton,CLE,RB,34,5,514,164.4,14.99,,,NA,,,NA,NA,NA,NA,,,,,
robust,15414,RB,9.60681818181818,11.7327572727273,FALSE,0.856818181818182,1.79136363636364,18.5313636363636,-191.443181818182,-178.168636363636,-210.048636363636,525,532,526,117,26,-164.093181818182,390,Kene,Nwangwu,NYJ,RB,28,-1,488.5,127.78,13.22,,,NA,,,NA,NA,0,NA,,,,,
robust,15726,RB,8.75,1.7500,TRUE,1.95,8.75,8.75,-192.3,-171.21,-219.83,526,504,529,118,26,-164.95,392,Ronnie,Rivers,LAR,RB,27,-2,413.9,105.86,14.73,,,NA,,,NA,NA,NA,NA,,,,,
robust,14420,RB,6.8,1.3600,TRUE,1.4,6.8,6.8,-194.25,-173.16,-221.78,527,509,530,119,26,-166.9,398,Alec,Ingold,LAC,RB,30,1,474.8,128,15.55,,,NA,,,NA,NA,NA,NA,,,,,
robust,17348,RB,5.4,1.0800,TRUE,0.5,5.4,5.4,-195.65,-174.56,-223.18,528,516,531,120,26,-168.3,404,Nathan,Carter,ATL,RB,24,-5,460.6,121,15.19,,,NA,,,NA,NA,NA,NA,,,,,
robust,17648,RB,4.9,0.9800,TRUE,0.3,4.9,4.9,-196.15,-175.06,-223.68,530,522,532,121,26,-168.8,406,Riley,Nowakowski,PIT,TE,24,-6,450.25,90,21.48,,,NA,,,NA,NA,0,NA,,,,,
robust,15965,RB,4.6,0.9200,TRUE,0.2,4.6,4.6,-196.45,-175.36,-223.98,531,524,533,122,26,-169.1,407,Julius,Chestnut,TEN,RB,26,-2,480.71,125,14.68,,,NA,,,NA,NA,NA,NA,,,,,
robust,15103,RB,4.4,0.8800,TRUE,0.0500000000000007,4.4,4.4,-196.65,-175.56,-224.18,532,525,534,123,26,-169.3,408,Reggie,Gilliam,NEP,RB,29,0,397.5,113.5,19.34,,,NA,,,NA,NA,NA,NA,,,,,
robust,16613,RB,4.35,0,FALSE,0.599999999999999,4.35,4.35,-196.7,-175.61,-224.23,533,526,535,124,26,-169.35,409,Dylan,Laube,LVR,RB,27,-4,387.38,107.88,14.32,280.78,ADP.tsv,NA,0.0000,ADP.tsv,NA,NA,0,NA,21175,280.78,206,206,1
robust,16335,RB,3.75,0.7500,TRUE,3.45,3.75,3.75,-197.3,-176.21,-224.83,534,529,536,125,26,-169.95,411,Scott,Matlock,LAC,RB,26,-3,NA,NA,NA,,,NA,,,NA,NA,NA,NA,,,,,
robust,13455,RB,0.3,0.0600,TRUE,0,0.3,0.3,-200.75,-179.66,-228.28,535,534,538,126,26,-173.4,423,Patrick,Ricard,NYG,RB,32,3,478.8,131.25,12.16,,,NA,,,NA,NA,NA,NA,,,,,
robust,16211,WR,286.7875,18.9031500000001,FALSE,11.3175,243.08,305.755,98.7875,67.98,100.595,3,7,3,1,1,113.0875,5,Puka,Nacua,LAR,WR,25,-3,4.46,2.25,0.91,5.12,ADP.tsv,6.134,1.7269,ADP.tsv,1.55801925533672,-3.134,56.5565,5.47372238517812,20336,5.12,2,12,340
robust,15281,WR,275.47,6.09348599999994,FALSE,5.20500000000004,258.48,292.71,87.47,83.38,87.55,6,4,4,2,1,101.77,6,Ja'Marr,Chase,CIN,WR,26,-1,2.64,1.17,0.42,3.16,ADP.tsv,4.354,1.5542,ADP.tsv,0.879377052236411,1.646,61.5365,4.50765534951376,18775,3.16,1,10,340
robust,16185,WR,270.265,12.409362,FALSE,10.705,227.955,286.585,82.265,52.855,81.425,7,12,5,3,2,96.565,7,Jaxon,Smith-Njigba,SEA,WR,24,-3,5.86,3.19,0.9,5.64,ADP.tsv,7.474,1.7269,ADP.tsv,0.842747886381212,-0.474,54.6455,4.89837633813491,20273,5.64,1,11,340
robust,15287,WR,259.56,1.571556,FALSE,33.8929166666667,223.45,262,71.56,48.35,56.84,8,15,11,4,3,85.86,9,Amon-Ra,St. Brown,DET,WR,27,-1,6.53,3.63,0.75,6.21,ADP.tsv,9.456,2.2450,ADP.tsv,1.30240700243818,-1.456,55.6065,4.10612551561688,18827,6.21,3,16,340
robust,15751,WR,225.667083333333,16.026906,FALSE,2.32708333333335,200.8375,241.32,37.6670833333334,25.7375,36.16,17,21,19,5,4,51.9670833333333,18,Drake,London,ATL,WR,25,-2,16.82,8.41,1.74,20.99,ADP.tsv,21.708,5.3535,ADP.tsv,4.45760204594354,-4.708,36.305,3.2151943953671,19433,20.99,8,39,340
robust,14836,WR,223.34,11.623584,FALSE,0.430000000000007,198.385,256.67,35.34,23.285,51.51,18,24,13,6,4,49.64,19,Justin,Jefferson,MIN,WR,27,0,11.61,6.15,1.88,12.05,ADP.tsv,15.356,3.2811,ADP.tsv,2.37173860279753,2.644,48.309,4.60291244757056,17972,12.05,6,25,340
robust,14832,WR,222.91,14.203308,FALSE,6.71000000000001,199.95,240.72,34.91,24.85,35.56,20,22,21,7,4,49.21,20,CeeDee,Lamb,DAL,WR,27,0,10.3,5.67,1.22,11.24,ADP.tsv,14.282,3.2811,ADP.tsv,2.18216772957534,5.718,49.2245,4.43294267389057,17965,11.24,5,24,340
robust,15762,WR,216.2,15.27078,FALSE,2.51499999999999,189.9,243.78,28.2,14.8,38.62,23,36,18,8,4,42.5,25,George,Pickens,DAL,WR,25,-2,22.7,10.85,2.49,22.86,ADP.tsv,23.186,5.8715,ADP.tsv,3.33001861856657,-0.186,32.5435,1.89635881362152,19437,22.86,10,44,340
robust,15754,WR,213.685,16.486512,FALSE,0.00499999999999545,186.791,239.9,25.685,11.691,34.74,24,42,22,9,4,39.985,26,Chris,Olave,NOS,WR,26,-2,23.56,11.06,2.53,23.26,ADP.tsv,29.458,4.8354,ADP.tsv,5.33946214519777,-5.458,30.444,3.62364015873541,19432,23.26,13,41,340
robust,16194,WR,213.68,14.97426,FALSE,2.31999999999999,187.69,241.148,25.68,12.59,35.988,25,40,20,10,4,39.98,27,Rashee,Rice,KCC,WR,26,-3,32.64,15.33,4.07,29.32,ADP.tsv,31.428,6.3896,ADP.tsv,6.12977781000258,-6.428,25.7695,2.98405609029053,20287,29.32,14,51,340
robust,14104,WR,211.36,18.873498,FALSE,3.75999999999999,190.54,230.55,23.36,15.44,25.39,27,34,27,11,5,37.66,28,A.J.,Brown,NEP,WR,29,1,15.94,7.95,2.36,16.66,ADP.tsv,21.892,4.1446,ADP.tsv,2.17122453928653,5.108,38.3765,6.08162780429714,17004,16.66,7,31,340
robust,15290,WR,207.6,24.90768,FALSE,8,190.22,226.68,19.6,15.12,21.52,30,35,30,12,5,33.9,30,Nico,Collins,HOU,WR,27,-1,19.14,9.22,1.75,23.22,ADP.tsv,24.132,5.1808,ADP.tsv,2.98279332170367,5.868,34.223,1.98980074379321,18836,23.22,12,42,340
robust,16615,WR,199.6,14.826,FALSE,1.57499999999999,180.6,217.6,11.6,5.50000000000003,12.44,38,50,37,13,6,25.9,35,Malik,Nabers,NYG,WR,23,-4,28.31,13.17,3.51,25.27,ADP.tsv,32.118,6.0442,ADP.tsv,3.07902192262413,5.882,27.964,0.886751374399838,21122,25.27,11,46,340
robust,16190,WR,198.025,15.93795,FALSE,4.22500000000002,181.48,216.44,10.025,6.38000000000002,11.28,43,47,39,14,6,24.325,36,Zay,Flowers,BAL,WR,26,-3,32.71,15.27,3.12,31.04,ADP.tsv,36.622,6.2169,ADP.tsv,6.99216246950827,6.378,22.7985,3.16069719365839,20288,31.04,20,56,340
robust,15753,WR,193.8,4.74431999999998,FALSE,0.0250000000000057,177.1,205.16,5.80000000000001,2.00000000000003,0,45,56,61,15,6,20.1,38,Garrett,Wilson,NYJ,WR,26,-2,38.4,18.32,3.18,35.78,ADP.tsv,47.894,6.7350,ADP.tsv,6.43481654750157,-2.894,21.977,4.75722471615542,19431,35.78,24,63,340
robust,17071,WR,193.775,18.791955,FALSE,0.525000000000006,175.1,213.56,5.77500000000001,0,8.40000000000001,46,61,48,16,6,20.075,39,Tetairoa,McMillan,CAR,WR,23,-5,39.01,18.68,3.42,38.76,ADP.tsv,43.204,5.5261,ADP.tsv,5.69053459703041,2.796,18.9085,1.48583873620255,22059,38.76,25,57,340
robust,15282,WR,193.25,6.96822000000002,FALSE,2.04999999999998,175.78,203.2,5.25,0.680000000000007,-1.95999999999998,47,59,64,17,6,19.55,40,DeVonta,Smith,PHI,WR,28,-1,28.57,13.44,2.6,28.82,ADP.tsv,36.386,7.2531,ADP.tsv,3.68392508067143,10.614,27.262,3.13659241853321,18778,28.82,17,59,340
robust,17081,WR,191.2,8.74734000000001,FALSE,2.45000000000002,183.72,211.2,3.20000000000002,8.62,6.04000000000002,51,44,54,18,6,17.5,42,Emeka,Egbuka,TBB,WR,24,-5,41.07,19.85,3.83,38.42,ADP.tsv,44.662,9.1527,ADP.tsv,4.84066689620346,6.338,19.043,2.91957993553867,22063,38.42,22,75,340
robust,14835,WR,188.75,13.19514,FALSE,0.75,172.18,206.44,0.75,-2.91999999999999,1.28,58,70,60,19,6,15.05,43,Tee,Higgins,CIN,WR,27,0,36.62,17.38,3.03,37.77,ADP.tsv,38.936,6.2169,ADP.tsv,6.51866734846932,19.064,21.493,3.67391167558503,17971,37.77,24,60,340
robust,15756,WR,188,10.22994,FALSE,2.89999999999998,178.5,204.76,0,3.40000000000003,-0.399999999999977,61,52,62,20,7,14.3,44,Jameson,Williams,DET,WR,25,-2,50.93,24.59,3.83,49.07,ADP.tsv,54.376,8.9800,ADP.tsv,11.586141031422,6.624,12.3745,4.76635612916198,19435,49.07,34,86,340
robust,11675,WR,185.1,8.45082000000003,FALSE,5.20000000000002,177.28,198.38,-2.89999999999998,2.18000000000001,-6.78,68,55,71,21,7,11.4,45,Davante,Adams,LAR,WR,34,6,49.91,24.26,3.36,51.09,ADP.tsv,52.23,8.2892,ADP.tsv,8.85796816431398,15.77,18.813,8.29220037143339,12729,51.09,32,80,340
robust,16627,WR,179.9,15.27078,FALSE,0.450000000000017,169.6,198.2,-8.09999999999999,-5.49999999999997,-6.96000000000001,77,76,72,22,7,6.19999999999999,48,Ladd,McConkey,LAC,WR,25,-4,38.47,18.37,3.58,34.19,ADP.tsv,45.516,8.2892,ADP.tsv,1.88004893553333,31.484,20.6135,3.83705443667405,21139,34.19,21,69,340
robust,14109,WR,179.45,8.00604000000001,FALSE,4.32499999999999,164.62,190.6,-8.55000000000001,-10.48,-14.56,79,90,97,23,7,5.74999999999997,49,Terry,McLaurin,WAS,WR,31,1,50.07,24.22,3.07,50.24,ADP.tsv,55.992,9.3254,ADP.tsv,6.9512629068393,23.008,14.9635,5.17173440443339,17062,50.24,31,85,340
robust,16616,WR,175.125,14.01057,FALSE,1.42499999999998,162.94,197.39,-12.875,-12.16,-7.77000000000001,89,94,75,24,7,1.42499999999998,51,Rome,Odunze,CHI,WR,24,-4,58.35,27.47,3.13,54.38,ADP.tsv,62.698,9.6708,ADP.tsv,8.86781235705853,26.302,10.7485,2.77324660821933,20335,54.38,36,92,340
robust,17070,WR,173.7,20.90466,FALSE,0.275000000000006,155,213.68,-14.3,-20.1,8.51999999999998,94,115,47,25,7,0,52,Luther,Burden,CHI,WR,23,-5,49.62,23.68,4.22,43.76,ADP.tsv,60.31,8.4619,ADP.tsv,10.3910730918419,33.69,12.804,3.45326048829219,22060,43.76,27,76,340
robust,15284,WR,173.425,6.37518000000002,FALSE,0.375,162.5,184.24,-14.575,-12.6,-20.92,96,95,120,26,7,-0.275000000000006,53,Jaylen,Waddle,DEN,WR,28,-1,38.06,18,3.71,35.86,ADP.tsv,48.106,7.4258,ADP.tsv,4.87798974988673,47.894,20.5875,4.29123161225306,18781,35.86,21,64,340
robust,13635,WR,173.05,5.1891,FALSE,4.70000000000002,165.72,211.9,-14.95,-9.38,6.74000000000001,97,85,53,27,8,-0.650000000000006,54,D.J.,Moore,BUF,WR,29,2,54.01,25.66,5.04,43.69,ADP.tsv,52.176,10.0161,ADP.tsv,9.22576956139704,44.824,18.156,7.595420199041,16134,43.69,25,83,340
robust,15768,WR,168.35,16.67925,FALSE,0.249999999999972,151.98,185.16,-19.65,-23.12,-20,122,123,115,28,8,-5.35000000000002,56,Alec,Pierce,IND,WR,26,-2,95.61,40.97,6.13,89.64,ADP.tsv,83.202,16.5784,ADP.tsv,15.3933068572026,38.798,5.638,3.67608650605505,19463,89.64,58,154,340
robust,13630,WR,168.1,8.37669000000001,FALSE,0.0500000000000114,158.81,192.46,-19.9,-16.29,-12.7,123,104,90,29,8,-5.59999999999999,57,Courtland,Sutton,DEN,WR,31,2,87.09,37.89,5.05,73.06,ADP.tsv,82.936,11.2250,ADP.tsv,14.7179205052888,40.064,7.867,5.95279320991415,16066,73.06,42,107,340
robust,15789,WR,168.05,5.04084000000001,FALSE,0.575000000000017,159.9,174.76,-19.95,-15.2,-30.4,124,102,147,30,8,-5.65000000000001,58,Christian,Watson,GBP,WR,27,-2,55.66,26.24,3.71,49.79,ADP.tsv,63.798,8.6346,ADP.tsv,7.63858468566003,60.202,11.41,5.57932791651468,19445,49.79,36,86,340
robust,11671,WR,167.475,7.56125999999999,FALSE,3.06249999999997,155.07,182.24,-20.525,-20.03,-22.92,126,114,124,31,8,-6.22500000000002,59,Mike,Evans,SFO,WR,33,6,61.52,28.71,4.42,59.63,ADP.tsv,71.266,12.2611,ADP.tsv,8.97933984210421,54.734,10.94,6.59352712893486,12686,59.63,37,108,340
robust,14102,WR,164.4125,3.44704499999998,FALSE,3.26249999999999,151.08,182.285,-23.5875,-24.02,-22.875,131,125,123,32,8,-9.28749999999999,62,DK,Metcalf,PIT,WR,29,1,80.72,35.44,4.07,74.67,ADP.tsv,83.618,10.8796,ADP.tsv,11.1153342729762,47.382,8.111,6.29750450575464,17002,74.67,54,117,340
robust,16192,WR,161.15,21.4977,FALSE,0.250000000000028,143.88,178.32,-26.85,-31.22,-26.84,139,139,136,33,8,-12.55,65,Parker,Washington,JAC,WR,24,-3,62.13,28.5,4.67,51.32,ADP.tsv,72.03,12.0884,ADP.tsv,6.92541406704322,66.97,12.367,8.00082914453246,20291,51.32,27,97,340
robust,16614,WR,160.9,13.78818,FALSE,6.15000000000001,141.62,181.16,-27.1,-33.48,-24,140,144,127,34,9,-12.8,67,Marvin,Harrison Jr.,ARI,WR,24,-4,73.14,32.62,4.44,63.25,ADP.tsv,78.092,10.7069,ADP.tsv,6.05346314104579,61.908,8.409,3.9886943979202,21121,63.25,44,106,340
robust,16618,WR,160.9,20.90466,FALSE,0,140.72,184.98,-27.1,-34.38,-20.18,140,145,116,34,9,-12.8,67,Brian,Thomas Jr.,JAC,WR,24,-4,81.12,35.43,4.57,71.83,ADP.tsv,85.344,10.8796,ADP.tsv,8.02621355310211,54.656,5.8635,3.27553610115963,21131,71.83,49,112,340
robust,13163,WR,154.75,19.05141,FALSE,1.84999999999999,132.46,185.22,-33.25,-42.64,-19.94,151,163,114,35,9,-18.95,72,Chris,Godwin,TBB,WR,30,3,81.96,35.72,4.86,71.49,ADP.tsv,87.694,11.5704,ADP.tsv,9.24522492965963,63.306,7.2355,5.61782704877963,15316,71.49,46,113,340
robust,16206,WR,152.9,20.274555,FALSE,2.52500000000001,138.885,192.62,-35.1,-36.215,-12.54,154,151,88,36,9,-20.8,73,Michael,Wilson,ARI,WR,26,-3,93.56,40.01,5.35,77.2,ADP.tsv,91.078,13.6427,ADP.tsv,13.8557040961476,62.922,6.164,4.66382332426948,20340,77.2,52,131,340
robust,17497,WR,150.375,22.83204,FALSE,2.125,128.43,177.88,-37.625,-46.67,-27.28,162,169,137,37,9,-23.325,75,Carnell,Tate,TEN,WR,21,-6,74.88,33.12,5.22,66.45,ADP.tsv,84.88,13.4700,ADP.tsv,9.17918732786296,77.12,8.336,5.14401477447334,22929,66.45,41,119,340
robust,14842,WR,148.25,4.15127999999997,FALSE,4.75,122.96,155.42,-39.75,-52.14,-49.74,166,182,187,38,10,-25.45,78,Michael,Pittman,PIT,WR,29,0,92.21,39.63,4.53,85.89,ADP.tsv,113.006,11.5704,ADP.tsv,13.7550159578243,52.994,5.226,3.21217496410143,17995,85.89,54,121,340
robust,16184,WR,143.5,12.6021,FALSE,1,105.94,171.1,-44.5,-69.16,-34.06,176,202,159,39,10,-30.2,83,Jayden,Reed,GBP,WR,26,-3,105.25,43.59,5.56,93.54,ADP.tsv,112.95,15.0242,ADP.tsv,15.4605019323436,63.05,3.1995,2.40000432291277,20311,93.54,47,134,340
robust,16186,WR,142.5,14.67774,FALSE,1.39999999999998,123.14,172.14,-45.5,-51.96,-33.02,177,181,157,40,10,-31.2,84,Jordan,Addison,MIN,WR,24,-3,106.6,44.22,5.1,103.6,ADP.tsv,106.228,15.3696,ADP.tsv,12.257401682249,70.772,3.6485,2.58376793656087,20274,103.6,68,157,340
robust,15757,WR,141.1,14.97426,FALSE,1.05000000000001,123.52,193.96,-46.9,-51.58,-11.2,180,179,82,41,10,-32.6,87,Wan'Dale,Robinson,TEN,WR,25,-2,101.55,42.65,5.02,92.39,ADP.tsv,115.268,14.5061,ADP.tsv,23.3935558648103,64.732,5.338,3.61980828221606,19460,92.39,59,143,340
robust,14127,WR,140.05,12.15732,FALSE,0.150000000000006,109.8,161.74,-47.95,-65.3,-43.42,182,197,174,42,10,-33.65,88,Jakobi,Meyers,JAC,WR,30,1,114.85,47.41,6.03,111.25,ADP.tsv,123.056,15.0242,ADP.tsv,17.8412158778487,58.944,3.2245,2.47369778873653,17061,111.25,69,156,340
robust,16188,WR,139.9,27.13158,FALSE,2.80000000000001,120.82,159.72,-48.1,-54.28,-45.44,183,186,181,43,10,-33.8,89,Quentin,Johnston,LAC,WR,25,-3,90.51,38.6,4.9,76.25,ADP.tsv,99.818,11.5704,ADP.tsv,11.8753566683279,83.182,4.577,3.33291269012556,20276,76.25,50,117,340
robust,16620,WR,137.1,17.19816,FALSE,1.38749999999999,113.38,150.06,-50.9,-61.72,-55.1,186,194,202,44,10,-36.6,92,Xavier,Worthy,KCC,WR,23,-4,129.37,51.94,4.63,119.18,ADP.tsv,127.76,17.2799,ADP.tsv,19.2116308521687,58.24,2.3645,1.65320317868071,21128,119.18,73,173,338
robust,12186,WR,135.7125,6.81996000000003,FALSE,0.8125,114,148.005,-52.2875,-61.1,-57.155,187,192,204,45,10,-37.9875,94,Stefon,Diggs,WAS,WR,33,5,100.64,41.93,7.03,98.44,ADP.tsv,108.296,14.5061,ADP.tsv,6.56262325598537,78.704,5.78,4.80293660170525,13671,98.44,58,142,340
robust,15779,WR,134.9,18.97728,FALSE,1.20000000000002,111.18,156.26,-53.1,-63.92,-48.9,189,196,184,46,10,-38.8,96,Romeo,Doubs,NEP,WR,26,-2,128.13,51.46,4.72,110.56,ADP.tsv,124.928,12.0884,ADP.tsv,14.4714966744978,64.072,2.9345,2.9173088197858,19455,110.56,79,149,340
robust,16187,WR,133.7,12.350058,FALSE,2,123.7,150.58,-54.3,-51.4,-54.58,192,178,198,47,11,-40,99,Josh,Downs,IND,WR,25,-3,98.79,41.79,4.93,89.2,ADP.tsv,114.146,13.1246,ADP.tsv,11.6434077485932,77.854,3.7055,3.22097978106042,20283,89.2,61,137,340
robust,17075,WR,131.7,7.11647999999997,FALSE,1.09999999999999,113.98,150.48,-56.3,-61.12,-54.68,194,193,200,48,11,-42,101,Matthew,Golden,GBP,WR,23,-5,126.09,50.41,5.86,100.53,ADP.tsv,120.946,12.9519,ADP.tsv,13.5853915659432,73.054,3.112,1.74136498184614,22085,100.53,69,144,340
robust,17514,WR,130.6,24.944745,FALSE,2.99999999999997,48.78,150.38,-57.4,-126.32,-54.78,196,353,201,49,11,-43.1,102,De'Zhaun,Stribling,SFO,WR,24,-6,118.37,47.75,8.63,92.14,ADP.tsv,112.304,18.8234,ADP.tsv,9.8083833530302,83.696,6.212,4.26954704857553,23066,92.14,46,155,340
robust,15761,WR,127.6,5.48562000000002,FALSE,0.875000000000028,114.5,134.86,-60.4,-60.6,-70.3,200,190,221,50,11,-46.1,106,Khalil,Shakir,BUF,WR,26,-2,134,53.43,4.91,126.34,ADP.tsv,140.926,13.8196,ADP.tsv,18.8938398426577,59.074,2.5555,2.18306682215639,19462,126.34,88,168,339
robust,14833,WR,126.725,12.30558,FALSE,0.324999999999989,108.45,145.84,-61.275,-66.65,-59.32,201,200,206,51,11,-46.975,109,Jerry,Jeudy,CLE,WR,27,0,176.85,67.15,8.76,194.96,ADP.tsv,153.02,22.6397,ADP.tsv,20.5158036644924,47.98,2.54533333333333,2.69559706847213,17964,194.96,127,257,314
robust,14136,WR,126.4,28.76244,FALSE,0.375,105.56,153.98,-61.6,-69.54,-51.18,202,204,192,52,11,-47.3,110,Deebo,Samuel,SFO,WR,30,1,141.05,55,8.86,131.73,ADP.tsv,125.95,16.7615,ADP.tsv,17.9608039909131,76.05,3.5665,3.95650941487569,17019,131.73,85,182,338
robust,16080,WR,126.025,41.5128,FALSE,3.825,91.46,162.8,-61.975,-83.64,-42.36,204,225,173,53,11,-47.675,111,Rashid,Shaheed,SEA,WR,28,-2,145.69,56.97,4.86,130.44,ADP.tsv,131.238,18.1383,ADP.tsv,15.5027409189472,72.762,2.474,2.45833846327148,19934,130.44,94,199,339
robust,17501,WR,122.2,26.6868,FALSE,0.600000000000009,85.72,144.44,-65.8,-89.38,-60.72,209,233,207,54,11,-51.5,113,KC,Concepcion,CLE,WR,22,-6,115.46,47.08,5.76,99.94,ADP.tsv,122.18,18.1327,ADP.tsv,6.88985631199955,86.82,4.235,4.06020627554808,22933,99.94,60,165,340
robust,17499,WR,121.6,10.60059,FALSE,0.799999999999983,86.46,152.31,-66.4,-88.64,-52.85,211,232,194,55,11,-52.1,114,Makai,Lemon,PHI,WR,22,-6,111.98,46.03,6.48,105.46,ADP.tsv,125.78,14.8561,ADP.tsv,6.32231603132902,85.22,4.114,4.19999380951925,22932,105.46,69,155,339
robust,16809,WR,120.8,18.16185,FALSE,7.2,104,137.98,-67.2,-71.1,-67.18,214,207,218,56,12,-52.9,115,Jalen,Coker,CAR,WR,25,-4,131.47,52.34,4.83,121.87,ADP.tsv,136.412,13.4700,ADP.tsv,12.8952989883911,77.588,2.3235,1.78577063196817,21570,121.87,89,167,340
robust,16287,WR,113.6,6.07866000000001,FALSE,1.85000000000001,108.7,120.64,-74.4,-66.4,-84.52,220,199,240,57,12,-60.1,121,Tre,Tucker,LVR,WR,25,-3,162.85,62.19,8.42,152.38,ADP.tsv,146.37,21.6067,ADP.tsv,16.0044406337741,73.63,2.023,1.88569005936819,20357,152.38,105,230,337
robust,16193,WR,111.75,52.11339,FALSE,1.29999999999998,73.55,144.41,-76.25,-101.55,-60.75,222,267,208,58,12,-61.95,122,Kayshon,Boutte,HOU,WR,24,-3,170.38,64.8,7.9,175.31,ADP.tsv,160.905,27.3979,ADP.tsv,9.74760868110738,61.095,2.54266666666667,2.61459765334724,20326,175.31,99,257,327
robust,13629,WR,110.45,37.8063,FALSE,1.95000000000002,70.7,152.06,-77.55,-104.4,-53.1,224,274,195,59,12,-63.25,123,Calvin,Ridley,TEN,WR,32,2,209.62,77.55,9.46,243.34,ADP.tsv,162.725,33.2038,ADP.tsv,23.397959846961,61.275,1.52133333333333,1.26495463247589,16065,243.34,161,345,226
robust,16628,WR,108.5,4.52193,FALSE,1.52500000000001,100.1,112.15,-79.5,-75,-93.01,227,214,256,60,13,-65.2,124,Jalen,McMillan,TBB,WR,25,-4,177.63,67.02,8.09,165.31,ADP.tsv,160.89,33.5216,ADP.tsv,24.3608305824466,66.11,2.94,2.34,21153,165.31,54,247,322
robust,14860,WR,106.975,10.30407,FALSE,2.02499999999999,82.33,139.1,-81.025,-92.77,-66.06,230,238,216,61,13,-66.725,128,Jauan,Jennings,MIN,WR,29,0,179.1,68.22,9.65,184.04,ADP.tsv,164.2675,23.8188,ADP.tsv,15.1637089377896,65.7325,1.71866666666667,1.69309289631596,18033,184.04,110,247,319
robust,17500,WR,104.95,26.056695,FALSE,0.899999999999991,73.24,130.1,-83.05,-101.86,-75.06,233,268,225,62,13,-68.75,129,Denzel,Boston,CLE,WR,23,-6,160.31,61.01,8.42,151.16,ADP.tsv,154.502,18.7521,ADP.tsv,17.5671755271017,78.498,2.588,3.00343669818427,22934,151.16,98,206,323
robust,16684,WR,104.05,1.4826,FALSE,2.15000000000001,87.34,126.28,-83.95,-87.76,-78.88,234,231,230,63,13,-69.65,130,Malik,Washington,MIA,WR,25,-4,194.23,72.74,11.42,174.94,ADP.tsv,155.403333333333,21.8560,ADP.tsv,15.7543228635473,78.5966666666667,2.60666666666667,2.93168135300471,21154,174.94,103,229,326
robust,15786,WR,101.9,15.12252,FALSE,0.25,77.14,137.48,-86.1,-97.96,-67.68,238,253,219,64,13,-71.8,133,Jalen,Nailor,LVR,WR,27,-2,194.14,72.34,10.46,163.46,ADP.tsv,154.0775,19.4150,ADP.tsv,18.6997144028993,83.9225,1.7675,1.59970895790453,19715,163.46,104,216,328
robust,16788,WR,101.65,12.52797,FALSE,1.65000000000001,84.535,118.84,-86.35,-90.565,-86.32,239,235,243,65,13,-72.05,134,Devaughn,Vele,NOS,WR,29,-4,243.73,89.46,12.43,226.66,ADP.tsv,178.385,33.7595,ADP.tsv,11.585,60.615,1.502,1.402,21357,226.66,141,333,287
robust,15293,WR,100,32.98785,FALSE,0.599999999999994,75.15,121.9,-88,-99.95,-83.26,241,260,239,66,13,-73.7,137,Rashod,Bateman,BAL,WR,27,-1,223.39,81.63,8.76,264.43,ADP.tsv,159.146666666667,36.4181,ADP.tsv,22.7233467801046,81.8533333333333,1.396,1.196,18785,264.43,160,353,152
robust,11222,WR,99.4,8.74734000000001,FALSE,1.875,90.9,123.22,-88.6,-84.2,-81.94,242,227,236,67,13,-74.3,138,Keenan,Allen,IND,WR,34,7,197.96,73.34,15.94,185.74,ADP.tsv,152.414,28.5035,ADP.tsv,16.4428642273784,89.586,2.425,2.76981497577004,11857,185.74,98,262,320
robust,17498,WR,97.525,20.31162,FALSE,2.52500000000001,47.21,165.84,-90.475,-127.89,-39.32,244,362,170,68,13,-76.175,139,Jordyn,Tyson,NOS,WR,22,-6,141.32,56.32,9.39,131.57,ADP.tsv,141.554,23.0627,ADP.tsv,20.7243051511987,102.446,3.8045,4.43685482633814,22931,131.57,72,205,327
robust,16626,WR,95,26.98332,FALSE,1.575,72.26,118.7,-93,-102.84,-86.46,246,272,244,69,14,-78.7,142,Adonai,Mitchell,NYJ,WR,24,-4,171.88,64.98,7.42,173.57,ADP.tsv,172.616666666667,19.2666,ADP.tsv,11.8418251220925,73.3833333333333,1.272,1.00490530233782,21129,173.57,111,222,324
robust,17517,WR,93.425,40.734435,FALSE,1.78750000000001,31.84,127.38,-94.575,-143.26,-77.78,250,403,228,70,14,-80.275,143,Ja'Kobi,Lane,BAL,WR,22,-6,205.49,76.16,15.94,160.38,ADP.tsv,154.284,23.7259,ADP.tsv,15.3050966674504,95.716,3.4745,4.346933488104,22959,160.38,103,240,331
robust,17074,WR,91.6375,17.828265,FALSE,2.53749999999999,72.38,113.5725,-96.3625,-102.72,-91.5875,252,271,252,71,14,-82.0625,144,Travis,Hunter,JAC,WR,23,-5,200.06,75.21,12.4,225.48,ADP.tsv,166.59,36.9323,ADP.tsv,0.890000000000001,85.41,2.77,1.07,22058,225.48,111,320,274
robust,17503,WR,89.1,5.33736000000001,FALSE,5.39999999999999,27.2,103.58,-98.9,-147.9,-101.58,256,414,274,72,14,-84.6,147,Germie,Bernard,PIT,WR,23,-6,235.27,87.4,10.63,262.28,ADP.tsv,NA,36.7875,ADP.tsv,NA,NA,3.708,3.708,22947,262.28,154,353,182
robust,17599,WR,83.7,11.26776,FALSE,1.22500000000001,38.76,97.14,-104.3,-136.34,-108.02,266,384,285,73,14,-90,154,Caleb,Douglas,MIA,WR,23,-6,207.13,78.11,16.56,190.33,ADP.tsv,175.66,25.3751,ADP.tsv,12.3262348941867,90.34,2.48,2.67870615534192,23043,190.33,112,258,320
robust,17157,WR,82.475,12.30558,FALSE,0.674999999999997,63.28,96.35,-105.525,-111.82,-108.81,270,313,286,74,15,-91.225,156,Isaac,TeSlaa,DET,WR,24,-5,217.03,80.32,7.09,207.99,ADP.tsv,204.73,22.3920,ADP.tsv,NA,65.27,1.488,1.488,22134,207.99,139,267,301
robust,13164,WR,81.8,2.683506,FALSE,0.100000000000009,78.958,112.6845,-106.2,-96.142,-92.4755,271,246,254,75,15,-91.9,157,Cooper,Kupp,SEA,WR,33,3,230.59,84.21,9.46,238.19,ADP.tsv,159.55,26.3051,ADP.tsv,9.55,111.45,2.524,2.324,15283,238.19,149,296,244
robust,17502,WR,81.7,34.0998,FALSE,1.36249999999998,49.14,128.18,-106.3,-125.96,-76.98,272,351,227,76,15,-92,158,Omar,Cooper Jr.,NYJ,WR,23,-6,185.29,70.33,10.52,212.16,ADP.tsv,177.965,25.9844,ADP.tsv,10.065,94.035,2.05333333333333,2.2343579739056,22948,212.16,141,289,291
robust,16201,WR,80.3375,14.23296,FALSE,0.0125000000000171,65.92,92.3225,-107.6625,-109.18,-112.8375,275,296,292,77,15,-93.3625,159,Xavier,Hutchinson,HOU,WR,26,-3,286.33,106.37,16.8,283.8,ADP.tsv,186.09,42.0055,ADP.tsv,NA,88.91,1.98,1.98,20305,283.8,158,360,68
robust,16778,WR,80.325,11.41602,FALSE,1.69999999999999,69.23,93.135,-107.675,-105.87,-112.025,276,276,291,78,15,-93.375,160,Ryan,Flournoy,DAL,WR,27,-4,187.98,70.7,9.45,176.13,ADP.tsv,177.375,24.4980,ADP.tsv,8.97499999999999,98.625,2.172,2.172,21355,176.13,102,243,321
robust,16639,WR,78.625,4.37367000000001,FALSE,0.174999999999997,62.675,83.55,-109.375,-112.425,-121.61,279,317,317,79,15,-95.075,163,Xavier,Legette,CAR,WR,25,-4,272.46,99.66,9.32,288.47,ADP.tsv,NA,31.2728,ADP.tsv,NA,NA,0.912,0.912,21137,288.47,210,358,60
robust,16195,WR,78.45,1.26021000000001,FALSE,0.0833333333333286,74.4,88.04,-109.55,-100.7,-117.12,282,262,302,80,15,-95.25,164,Dontayvion,Wicks,PHI,WR,25,-3,184.54,68.66,10.1,170.54,ADP.tsv,163.536666666667,21.1553,ADP.tsv,8.73254576601551,118.463333333333,2.28,2.39822156329783,20314,170.54,103,225,327
robust,15788,WR,78.3666666666667,9.34038000000002,FALSE,1.14166666666668,68.07,124.875,-109.633333333333,-107.03,-80.285,283,284,233,81,15,-95.3333333333333,165,Jalen,Tolbert,MIA,WR,27,-2,285.62,109.06,14.2,280.63,ADP.tsv,NA,34.9773,ADP.tsv,NA,NA,1.248,1.248,19453,280.63,183,359,98
robust,17080,WR,77.225,21.05292,FALSE,0.349999999999994,60.71,100.74,-110.775,-114.39,-104.42,286,321,278,82,15,-96.475,167,Jaylin,Noel,HOU,WR,24,-5,203.66,75.78,8.19,243.39,ADP.tsv,NA,37.7576,ADP.tsv,NA,NA,1.202,1.102,22116,243.39,134,345,244
robust,17512,WR,76.875,34.02567,FALSE,1.34999999999999,47.8,108.2,-111.125,-127.3,-96.96,287,359,265,83,15,-96.825,169,Antonio,Williams,WAS,WR,22,-6,232.41,87.62,14.27,235.37,ADP.tsv,NA,37.1088,ADP.tsv,NA,NA,3.588,3.588,22956,235.37,104,311,240
robust,16619,WR,75.525,35.87892,FALSE,0.162500000000009,43.465,112.17,-112.475,-131.635,-92.99,291,373,255,84,15,-98.175,171,Troy,Franklin,DEN,WR,23,-4,223.93,82.88,10.99,254.63,ADP.tsv,187.73,39.7884,ADP.tsv,NA,103.27,1.224,1.224,21127,254.63,113,326,166
robust,14122,WR,75.3625,20.23749,FALSE,0.916666666666643,58.755,91.6025,-112.6375,-116.345,-113.5575,292,326,298,85,15,-98.3375,172,Darius,Slayton,NYG,WR,29,1,272.47,99.17,7.96,284.18,ADP.tsv,175.745,31.7934,ADP.tsv,11.545,116.255,1.356,1.356,17512,284.18,204,358,72
robust,15787,WR,74.4458333333334,9.82222500000002,FALSE,0.719903320023676,64.305,92.2525,-113.554166666667,-110.795,-112.9075,296,308,293,86,15,-99.2541666666667,174,Tyquan,Thornton,KCC,WR,26,-2,259.83,94.97,10.08,281.13,ADP.tsv,NA,32.6007,ADP.tsv,NA,NA,1.212,1.212,19491,281.13,192,355,93
robust,16204,WR,73.7259300133097,23.0901161622671,FALSE,0.638430013309673,35.19,104.66,-114.27406998669,-139.91,-100.5,299,391,272,87,15,-99.9740699866903,176,Tank,Dell,HOU,WR,27,-3,225.49,84.51,11.78,227.92,ADP.tsv,175.56,39.7261,ADP.tsv,16.16,123.44,2.588,2.188,20323,227.92,109,331,244
robust,13633,WR,73.0875,20.31162,FALSE,2.76250000000002,23.285,99.83,-114.9125,-151.815,-105.33,301,424,279,88,15,-100.6125,177,Christian,Kirk,SFO,WR,30,2,274.47,100.93,13.1,277.09,ADP.tsv,NA,39.8735,ADP.tsv,NA,NA,NA,NA,16132,277.09,157,360,108
robust,17072,WR,70.325,3.10110499999999,FALSE,0.562499999999986,66.9325,127.23,-117.675,-108.1675,-77.93,307,291,229,89,15,-103.375,180,Tre,Harris,LAC,WR,24,-5,184.79,69.87,9.35,166.32,ADP.tsv,183.675,20.6756,ADP.tsv,3.825,123.325,1.16933333333333,0.860860551360608,22074,166.32,106,225,321
robust,16342,WR,69.7625,7.56125999999999,FALSE,0.862499999999997,61.01,85.175,-118.2375,-114.09,-119.985,309,320,309,90,16,-103.9375,182,Demario,Douglas,NEP,WR,26,-3,262.05,100.95,17.99,277.1,ADP.tsv,NA,34.1057,ADP.tsv,NA,NA,1.296,1.296,20341,277.1,175,351,121
robust,16189,WR,68.9,19.42206,FALSE,0.924999999999997,57.11,80.69,-119.1,-117.99,-124.47,313,329,327,91,16,-104.8,184,Marvin,Mims,DEN,WR,24,-3,276.1,100.28,8.91,286.83,ADP.tsv,NA,19.9824,ADP.tsv,NA,NA,1.26,1.26,20293,286.83,271,360,38
robust,17073,WR,67.975,56.3388,FALSE,0.237500000000026,23.74,108.38,-120.025,-151.36,-96.78,314,420,264,92,16,-105.725,186,Elic,Ayomanor,TEN,WR,23,-5,255.27,92.96,9.93,288.07,ADP.tsv,NA,31.3107,ADP.tsv,NA,NA,1.272,1.272,22091,288.07,209,359,66
robust,16617,WR,67.7375,12.935685,FALSE,0.0374999999999659,53.59,85.8125,-120.2625,-121.51,-119.3475,315,338,307,93,16,-105.9625,187,Keon,Coleman,BUF,WR,23,-4,249.67,90.16,9.36,265.02,ADP.tsv,179.43,34.0432,ADP.tsv,8.63,135.57,2.736,2.736,21130,265.02,172,352,149
robust,15755,WR,67.7,24.648225,FALSE,0.850000000000009,42.0775,111.87,-120.3,-133.0225,-93.29,316,376,257,94,16,-106,188,Jahan,Dotson,ATL,WR,26,-2,280.55,104.95,15.95,279.04,ADP.tsv,NA,33.2467,ADP.tsv,NA,NA,0.876,0.876,19452,279.04,189,359,112
robust,17511,WR,66.85,49.88949,FALSE,0.512500000000003,10.925,124.805,-121.15,-164.175,-80.355,321,471,234,95,16,-106.85,189,Malachi,Fields,NYG,WR,23,-6,223.01,81.7,11.9,196.9,ADP.tsv,175.046666666667,39.8139,ADP.tsv,13.5688180112426,145.953333333333,2.15866666666667,2.30447757396094,22952,196.9,30,259,319
robust,16207,WR,66.3375,16.419795,FALSE,2.21250000000001,52.91,82.3725,-121.6625,-122.19,-122.7875,327,340,321,96,16,-107.3625,190,Andrei,Iosivas,CIN,WR,27,-3,278.47,104.43,11.33,283.83,ADP.tsv,NA,30.2899,ADP.tsv,NA,NA,1.056,1.056,20337,283.83,206,356,86
robust,17082,WR,64.125,8.37668999999999,FALSE,1.325,55.31,83.27,-123.875,-119.79,-121.89,336,334,318,97,16,-109.575,194,Pat,Bryant,DEN,WR,24,-5,190.24,70.93,8.56,192.84,ADP.tsv,190.24,31.1521,ADP.tsv,NA,145.76,2.244,2.244,22115,192.84,117,296,316
robust,17171,WR,62.8,41.66106,FALSE,2.09999999999999,26.06,97.78,-125.2,-149.04,-107.38,347,416,284,98,16,-110.9,198,Chimere,Dike,TEN,WR,25,-5,255.4,93.51,11.19,285.53,ADP.tsv,NA,36.8761,ADP.tsv,NA,NA,1.356,1.356,22269,285.53,181,358,67
robust,17506,WR,60.7,46.887225,FALSE,1.55,14.54,100.98,-127.3,-160.56,-104.18,353,456,277,99,16,-113,202,Chris,Bell,MIA,WR,22,-6,227.98,83.62,12.86,213.19,ADP.tsv,185.26,39.1583,ADP.tsv,5.42999999999999,167.74,3.428,3.83645252805245,22946,213.19,102,326,303
robust,14840,WR,59.15,57.00597,FALSE,1.05833333333333,23.505,94.155,-128.85,-151.595,-111.005,357,423,289,100,16,-114.55,205,Brandon,Aiyuk,SFO,WR,28,0,276.13,104.62,20.18,283.73,ADP.tsv,NA,34.9634,ADP.tsv,NA,NA,6.144,NA,17983,283.73,196,358,51
robust,17507,WR,58.0916666666667,44.89807,FALSE,0.116666666666667,10.53,115.045,-129.908333333333,-164.57,-90.115,360,473,249,101,16,-115.608333333333,207,Zachariah,Branch,ATL,WR,22,-6,229.65,85.15,11.44,236.18,ADP.tsv,NA,33.8974,ADP.tsv,NA,NA,2.268,2.268,22951,236.18,145,334,239
robust,17078,WR,57.975,16.23447,FALSE,1.525,40.21,84.58,-130.025,-134.89,-120.58,361,378,311,102,16,-115.725,208,Jack,Bech,LVR,WR,24,-5,249.25,91.03,9.38,275.8,ADP.tsv,NA,28.8832,ADP.tsv,NA,NA,0,NA,22112,275.8,205,353,114
robust,15981,WR,56.45,2.00150999999999,FALSE,0.299999999999997,53.335,62.605,-131.55,-121.765,-142.555,364,339,387,103,17,-117.25,210,KaVontae,Turpin,DAL,WR,30,-2,297.9,114.93,16.71,282.5,ADP.tsv,NA,30.3936,ADP.tsv,NA,NA,2.052,2.052,20247,282.5,245,359,12
robust,14974,WR,56.15,10.45233,FALSE,0.587500000000006,44.385,102.43,-131.85,-130.715,-102.73,365,371,276,104,17,-117.55,211,Darnell,Mooney,NYG,WR,29,0,227.07,83.68,8.25,260.23,ADP.tsv,NA,35.0445,ADP.tsv,NA,NA,1.032,1.032,18169,260.23,157,343,154
robust,13289,WR,55.5625,2.44629000000001,FALSE,0.162499999999994,48.715,70.99,-132.4375,-126.385,-134.17,367,354,357,105,17,-118.1375,213,Mack,Hollins,NEP,WR,33,3,288.64,105.32,11.3,288.49,ADP.tsv,NA,38.2230,ADP.tsv,NA,NA,0.852,0.852,15355,288.49,182,360,53
robust,17519,WR,55.4,6.44931,FALSE,1.81250000000001,33.535,105.985,-132.6,-141.565,-99.175,369,400,268,106,17,-118.3,214,Bryce,Lance,NOS,WR,24,-6,283.93,105.51,14.99,279.76,ADP.tsv,NA,32.6423,ADP.tsv,NA,NA,2.4,2.4,22969,279.76,193,359,107
robust,12785,WR,53.5875,35.21175,FALSE,1.1875,22.69,78.625,-134.4125,-152.41,-126.535,372,427,333,107,17,-120.1125,218,Demarcus,Robinson,SFO,WR,32,4,343.77,123.33,17.39,281.34,ADP.tsv,NA,35.6572,ADP.tsv,NA,NA,0,NA,14714,281.34,218,358,16
robust,17520,WR,52.4,39.2889,FALSE,1.35,25.34,79.04,-135.6,-149.76,-126.12,375,418,331,108,17,-121.3,219,Ted,Hurst,TBB,WR,22,-6,240.7,89.03,12.75,233.52,ADP.tsv,NA,30.3141,ADP.tsv,NA,NA,4.044,4.044,22967,233.52,159,330,266
robust,17098,WR,51.05,10.143455,FALSE,4.2,40.2925,96.13,-136.95,-134.8075,-109.03,380,377,287,109,17,-122.65,221,Tory,Horton,SEA,WR,24,-5,262.8,96.05,9.41,286.37,ADP.tsv,NA,35.6008,ADP.tsv,NA,NA,0,NA,21171,286.37,185,360,81
robust,17528,WR,46.85,11.63841,FALSE,0.6875,39.785,53.915,-141.15,-135.315,-151.245,389,380,401,110,17,-126.85,233,Kevin,Coleman,MIA,WR,23,-6,345.45,124.66,15.02,280.81,ADP.tsv,NA,11.2874,ADP.tsv,NA,NA,0,NA,23176,280.81,233,263,2
robust,13418,WR,46.1625,2.29803,FALSE,1.2,42.605,53.18,-141.8375,-132.495,-151.98,393,375,405,111,17,-127.5375,236,Kendrick,Bourne,ARI,WR,31,3,283.09,109.72,14.51,285.95,ADP.tsv,NA,34.8867,ADP.tsv,NA,NA,0,NA,15671,285.95,203,360,41
robust,14105,WR,44.9625,15.900885,FALSE,1.575,28.565,98.2125,-143.0375,-146.535,-106.9475,396,413,283,112,17,-128.7375,238,Marquise,Brown,PHI,WR,29,1,287.48,106.44,8.54,,,NA,,,NA,NA,0,NA,,,,,
robust,13066,WR,43.3875,1.85325,FALSE,0.987499999999997,37.81,46.225,-144.6125,-137.29,-158.935,400,387,419,113,18,-130.3125,244,Kalif,Raymond,CHI,WR,32,4,315.64,119.06,16.07,283.88,ADP.tsv,NA,33.5441,ADP.tsv,NA,NA,0,NA,14572,283.88,220,360,24
robust,17706,WR,42.4,27.119225,FALSE,0.350000000000001,12.1975,86.51,-145.6,-162.9025,-118.65,402,465,305,114,18,-131.3,245,Malik,Benson,LVR,WR,24,-6,314.1,115.88,14.49,283.23,ADP.tsv,NA,36.2740,ADP.tsv,NA,NA,1.812,1.812,23172,283.23,205,359,27
robust,15319,WR,42.05,6.52344,FALSE,1.2,35.03,72.185,-145.95,-140.07,-132.975,404,394,353,115,18,-131.65,247,Joshua,Palmer,BUF,WR,27,-1,311.97,114.93,11.74,284.74,ADP.tsv,NA,29.9143,ADP.tsv,NA,NA,0,NA,18862,284.74,233,360,27
robust,15292,WR,40.85,32.83959,FALSE,0.725000000000009,17.795,61.985,-147.15,-157.305,-143.175,406,445,388,116,18,-132.85,254,Dyami,Brown,WAS,WR,27,-1,375.88,142.29,17.9,281.44,ADP.tsv,NA,0.0000,ADP.tsv,NA,NA,0,NA,18786,281.44,356,356,2
robust,14592,WR,40.125,11.78667,FALSE,0.774999999999999,28.595,58.655,-147.875,-146.505,-146.505,408,412,392,117,18,-133.575,257,Olamide,Zaccheaus,ATL,WR,29,1,310.5,117.24,9.1,285.98,ADP.tsv,NA,21.5576,ADP.tsv,NA,NA,0,NA,17170,285.98,267,359,28
robust,14315,WR,39.35,10.82298,FALSE,0.199999999999996,19.63,80.11,-148.65,-155.47,-125.05,409,436,330,118,18,-134.35,260,Ashton,Dulin,IND,WR,29,1,383.92,133.12,15.52,281.12,ADP.tsv,NA,0.0000,ADP.tsv,NA,NA,0,NA,17366,281.12,322,322,1
robust,16451,WR,39.15,7.8300,TRUE,0.450000000000003,39.15,39.15,-148.85,-135.95,-166.01,410,382,428,119,18,-134.55,262,Tyrell,Shavers,BUF,WR,27,-3,523.2,180.17,17.73,,,NA,,,NA,NA,NA,NA,,,,,
robust,17134,WR,38.7,0.7413,FALSE,1.40000000000001,38.25,39.15,-149.3,-136.85,-166.01,411,385,428,120,18,-135,265,Kyle,Williams,NEP,WR,24,-5,272.54,99.78,12.04,282.7,ADP.tsv,NA,32.2006,ADP.tsv,NA,NA,0,NA,22128,282.7,201,360,84
robust,16635,WR,37.3,32.69133,FALSE,0.0249999999999915,13.505,67.415,-150.7,-161.595,-137.745,414,459,371,121,18,-136.4,269,Luke,McCaffrey,WAS,WR,25,-4,330.91,120.45,13.92,282.48,ADP.tsv,NA,11.9882,ADP.tsv,NA,NA,0,NA,21168,282.48,316,358,8
robust,17353,WR,37.275,12.89862,FALSE,1.625,14.87,83,-150.725,-160.23,-122.16,415,455,320,122,18,-136.425,270,Jahdae,Walker,CHI,WR,24,-5,436.5,146.6,12,281.94,ADP.tsv,NA,6.2174,ADP.tsv,NA,NA,NA,NA,22746,281.94,333,353,5
robust,17521,WR,35.65,22.38726,FALSE,1.90000000000001,13.01,72.77,-152.35,-162.09,-132.39,418,460,351,123,18,-138.05,273,Zavion,Thomas,CHI,WR,22,-6,328.88,119.26,13.39,281.09,ADP.tsv,NA,38.5338,ADP.tsv,NA,NA,4.608,4.608,23013,281.09,189,360,37
robust,17079,WR,33.75,21.12705,FALSE,0.400000000000006,20.925,46.575,-154.25,-154.175,-158.585,423,432,417,124,18,-139.95,279,Tez,Johnson,TBB,WR,24,-5,299.5,113.74,14.14,284.19,ADP.tsv,NA,31.1481,ADP.tsv,NA,NA,0,NA,22108,284.19,229,359,24
robust,17076,WR,33.35,2.29803,FALSE,0.449999999999989,29.255,41.765,-154.65,-145.845,-163.395,424,407,426,125,18,-140.35,281,Isaiah,Bond,CLE,WR,22,-5,294.73,108.88,10.17,283.51,ADP.tsv,NA,30.5304,ADP.tsv,NA,NA,0,NA,22061,283.51,238,359,17
robust,15759,WR,32.9,6.5800,TRUE,1.87916666666667,32.9,32.9,-155.1,-142.2,-172.26,425,401,439,126,18,-140.8,282,John,Metchie,CAR,WR,26,-2,327.88,129.03,27.3,281.9,ADP.tsv,NA,16.8271,ADP.tsv,NA,NA,NA,NA,19454,281.9,302,358,6
robust,17518,WR,31.0208333333333,25.57485,FALSE,0.970833333333331,4.8175,53.73,-156.979166666667,-170.2825,-151.43,428,501,402,127,19,-142.679166666667,289,Cyrus,Allen,KCC,WR,23,-6,211.53,81.24,18.32,176.92,ADP.tsv,176.545,33.2072,ADP.tsv,3.16500000000001,251.455,4.012,4.64359286185457,23165,176.92,85,276,319
robust,16621,WR,30.05,4.74432000000001,FALSE,1.7,25.48,33.58,-157.95,-149.62,-171.58,431,417,437,128,19,-143.65,292,Devontez,Walker,BAL,WR,25,-4,386.33,136.68,19.21,282.59,ADP.tsv,NA,13.4254,ADP.tsv,NA,NA,0,NA,21138,282.59,312,360,9
robust,16630,WR,28.35,6.74583,FALSE,0.674999999999997,19.835,34.145,-159.65,-155.265,-171.015,436,434,436,129,19,-145.35,296,Isaiah,Williams,NYJ,WR,25,-4,382.6,124.18,20.78,281.37,ADP.tsv,NA,17.5550,ADP.tsv,NA,NA,0,NA,21729,281.37,301,352,3
robust,16633,WR,27.675,6.37518,FALSE,0.475000000000005,20.62,32.77,-160.325,-154.48,-172.39,437,433,440,130,19,-146.025,299,Jordan,Whittington,LAR,WR,26,-4,373.92,132.67,12.35,281.8,ADP.tsv,NA,37.4400,ADP.tsv,NA,NA,0,NA,21389,281.8,212,359,16
robust,15301,WR,27.2,1.63086,FALSE,0.599999999999998,26.21,28.19,-160.8,-148.89,-176.97,440,415,446,131,19,-146.5,303,Tutu,Atwell,LAR,WR,27,-1,359.28,125.97,14.19,285.62,ADP.tsv,NA,39.0666,ADP.tsv,NA,NA,0,NA,18802,285.62,186,360,38
robust,17096,WR,26.6,5.33736,FALSE,0.646249999999998,19.72,31.24,-161.4,-155.38,-173.92,442,435,442,132,19,-147.1,304,Savion,Williams,GBP,WR,25,-5,357.05,128.35,12.68,281.95,ADP.tsv,NA,9.3262,ADP.tsv,NA,NA,0,NA,22073,281.95,326,356,5
robust,15752,WR,25.95375,8.606493,FALSE,0.828750000000003,11.769,34.6245,-162.04625,-163.331,-170.5355,445,467,434,133,19,-147.74625,306,Treylon,Burks,WAS,WR,26,-2,310.35,118.54,18.15,283.01,ADP.tsv,NA,24.9556,ADP.tsv,NA,NA,0,NA,19429,283.01,261,358,15
robust,17529,WR,25.125,2.409225,FALSE,0.774999999999999,23.6625,26.5875,-162.875,-151.4375,-178.5725,446,422,448,134,19,-148.575,310,Brenen,Thompson,LAC,WR,23,-6,315.09,115.07,12.42,281.51,ADP.tsv,NA,37.5908,ADP.tsv,NA,NA,1.716,1.716,23097,281.51,208,347,11
robust,16629,WR,24.35,32.17242,FALSE,1.4,2.35,44.83,-163.65,-172.75,-160.33,448,507,421,135,19,-149.35,313,Roman,Wilson,PIT,WR,25,-4,295.04,111.91,16.7,284.66,ADP.tsv,NA,25.3977,ADP.tsv,NA,NA,0,NA,21148,284.66,253,359,24
robust,14118,WR,22.95,4.5900,TRUE,0.325000000000003,22.95,22.95,-165.05,-152.15,-182.21,449,425,456,136,19,-150.75,323,Lil'Jordan,Humphrey,DEN,WR,28,1,492.83,165.09,18.45,281.08,ADP.tsv,NA,41.0111,ADP.tsv,NA,NA,NA,NA,17049,281.08,240,349,2
robust,17254,WR,22.625,4.22541,FALSE,0.225000000000001,18.185,30.065,-165.375,-156.915,-175.095,450,441,444,137,19,-151.075,326,Konata,Mumpfield,LAR,WR,24,-5,326.03,117.27,16.62,281.79,ADP.tsv,NA,3.8953,ADP.tsv,NA,NA,0,NA,22334,281.79,344,356,4
robust,17184,WR,22.4,4.4800,TRUE,0.375,22.4,22.4,-165.6,-152.7,-182.76,451,428,457,138,19,-151.3,328,Jaylin,Lane,WAS,WR,24,-5,369.41,131.59,12.48,281.06,ADP.tsv,NA,44.0210,ADP.tsv,NA,NA,0,NA,22272,281.06,232,349,2
robust,15785,WR,22.025,17.235225,FALSE,3.325,11.5625,32.4875,-165.975,-163.5375,-172.6725,454,468,441,139,19,-151.675,329,Bo,Melton,GBP,WR,27,-2,505.8,173.14,15.32,280.86,ADP.tsv,NA,0.0000,ADP.tsv,NA,NA,0,NA,19736,280.86,232,232,1
robust,14845,WR,18.7,3.7400,TRUE,0.500000000000004,18.7,18.7,-169.3,-156.4,-186.46,458,440,465,140,19,-155,347,Gabriel,Davis,BUF,WR,27,0,801,242.2,45.93,,,NA,,,NA,NA,NA,NA,,,,,
robust,17508,WR,18.2,14.97426,FALSE,1.1,9.11,27.29,-169.8,-165.99,-177.87,460,480,447,141,20,-155.5,351,Skyler,Bell,BUF,WR,24,-6,289.36,105.63,10.74,282.33,ADP.tsv,NA,34.6308,ADP.tsv,NA,NA,2.784,2.784,22957,282.33,189,360,84
robust,17086,WR,17.1,0.889559999999999,FALSE,0.149999999999999,16.56,17.64,-170.9,-158.54,-187.52,461,449,469,142,20,-156.6,357,Jalen,Royals,KCC,WR,23,-5,328.27,121.1,16.01,281.48,ADP.tsv,NA,19.2761,ADP.tsv,NA,NA,0,NA,22107,281.48,304,360,3
robust,17234,WR,17.1,3.40998,FALSE,0,15.03,19.17,-170.9,-160.07,-185.99,461,452,462,142,20,-156.6,357,Jimmy,Horn,CAR,WR,24,-5,421.57,151.6,13.32,281.4,ADP.tsv,NA,2.6337,ADP.tsv,NA,NA,0,NA,22291,281.4,346,353,2
robust,15491,WR,16.95,3.3900,TRUE,0.0125000000000028,16.95,16.95,-171.05,-158.15,-188.21,462,447,472,143,20,-156.75,358,Ben,Skowronek,PIT,WR,29,-1,555,186.29,17.65,,,NA,,,NA,NA,NA,NA,,,,,
robust,17205,WR,16.9375,12.45384,FALSE,0.1875,8.955,24.66,-171.0625,-166.145,-180.5,463,481,451,144,20,-156.7625,359,KeAndre,Lambert-Smith,LAC,WR,25,-5,495.4,163.82,11.41,281.46,ADP.tsv,NA,0.0000,ADP.tsv,NA,NA,0,NA,22336,281.46,359,359,2
robust,17333,WR,16.75,3.3500,TRUE,0.550000000000001,16.75,16.75,-171.25,-158.35,-188.41,464,448,473,145,20,-156.95,362,Darius,Cooper,PHI,WR,25,-5,510.8,188.14,15.34,281.29,ADP.tsv,NA,15.4897,ADP.tsv,NA,NA,NA,NA,22809,281.29,291,336,3
robust,16428,WR,16.2,14.52948,FALSE,0.849999999999998,7.38,25.02,-171.8,-167.72,-180.14,465,485,450,146,20,-157.5,363,Xavier,Smith,LAR,WR,29,-3,490.6,158.75,14.18,,,NA,,,NA,NA,0,NA,,,,,
robust,13377,WR,15.35,3.0700,TRUE,0.475,15.35,15.35,-172.65,-159.75,-189.81,467,450,476,147,20,-158.35,365,Tim,Patrick,NYJ,WR,33,3,425.67,161.09,31.97,,,NA,,,NA,NA,NA,NA,,,,,
robust,16636,WR,14.875,8.265495,FALSE,1.15,9.8575,19.8925,-173.125,-165.2425,-185.2675,470,477,461,148,20,-158.825,368,Malachi,Corley,CLE,WR,24,-4,570.5,209.86,35.38,,,NA,,,NA,NA,0,NA,,,,,
robust,17542,WR,13.725,16.271535,FALSE,0.450000000000001,3.8475,23.6025,-174.275,-171.2525,-181.5575,471,505,455,149,20,-159.975,371,Colbie,Young,CIN,WR,24,-6,344.1,124.3,14.08,283.23,ADP.tsv,NA,46.0502,ADP.tsv,NA,NA,0,NA,23080,283.23,169,360,23
robust,11679,WR,13.275,12.639165,FALSE,0.725,5.6025,20.9475,-174.725,-169.4975,-184.2125,472,499,459,150,20,-160.425,373,Odell,Beckham,NYG,WR,34,6,305.94,122.11,17.91,282.71,ADP.tsv,NA,38.2893,ADP.tsv,NA,NA,1.058,0.958,12688,282.71,185,360,46
robust,14110,WR,12.55,2.5100,TRUE,0.100000000000001,12.55,12.55,-175.45,-162.55,-192.61,473,462,481,151,20,-161.15,374,David,Sills,TBB,WR,30,1,554.6,190.88,17.76,,,NA,,,NA,NA,NA,NA,,,,,
robust,17011,WR,12.45,2.4900,TRUE,0.449999999999999,12.45,12.45,-175.55,-162.65,-192.71,474,463,482,152,20,-161.25,375,Jared,Wayne,HOU,WR,26,-3,427.8,173,19.15,,,NA,,,NA,NA,NA,NA,,,,,
robust,16364,WR,12,2.4000,TRUE,0.175000000000001,12,12,-176,-163.1,-193.16,475,466,485,153,20,-161.7,376,Jalen,Brooks,ARI,WR,26,-3,491.4,165.29,17.05,,,NA,,,NA,NA,NA,NA,,,,,
robust,17505,WR,11.825,15.678495,FALSE,0.725,2.3075,21.3425,-176.175,-172.7925,-183.8175,477,508,458,154,20,-161.875,377,Elijah,Sarratt,BAL,WR,23,-6,269.2,99.09,10.7,287.26,ADP.tsv,NA,33.7365,ADP.tsv,NA,NA,3.552,3.552,22949,287.26,200,360,61
robust,16197,WR,11.1,2.2200,TRUE,0.129999999999999,11.1,11.1,-176.9,-164,-194.06,480,470,487,155,20,-162.6,381,Jonathan,Mingo,DAL,WR,25,-3,413.4,158.78,17.2,,,NA,,,NA,NA,NA,NA,,,,,
robust,16299,WR,10.97,6.775482,FALSE,0.244999999999999,6.857,15.083,-177.03,-168.243,-190.077,481,488,478,156,20,-162.73,382,Derius,Davis,LAC,WR,26,-3,509.67,179,16.5,,,NA,,,NA,NA,0,NA,,,,,
robust,17097,WR,10.725,2.335095,FALSE,0.0750000000000011,9.3075,12.1425,-177.275,-165.7925,-193.0175,482,479,483,157,20,-162.975,383,Tai,Felton,MIN,WR,23,-5,400.4,139.74,17.72,282.26,ADP.tsv,NA,9.3512,ADP.tsv,NA,NA,NA,NA,22214,282.26,324,356,7
robust,16422,WR,10.65,2.1300,TRUE,0.199999999999999,10.65,10.65,-177.35,-164.45,-194.51,483,472,488,158,20,-163.05,384,Nikko,Remigio,KCC,WR,27,-3,596.2,205.43,17.81,,,NA,,,NA,NA,NA,NA,,,,,
robust,16858,WR,10.45,2.0900,TRUE,0.550000000000001,10.45,10.45,-177.55,-164.65,-194.71,487,474,489,159,20,-163.25,386,Mason,Tipton,NOS,WR,26,-4,535.6,186.57,9.45,,,NA,,,NA,NA,NA,NA,,,,,
robust,16949,WR,9.9,1.9800,TRUE,0.0499999999999989,9.9,9.9,-178.1,-165.2,-195.26,488,476,491,160,20,-163.8,388,Brycen,Tremayne,CAR,WR,27,-3,498.6,167.5,18.17,,,NA,,,NA,NA,NA,NA,,,,,
robust,16883,WR,9.85,1.9700,TRUE,0.525000000000002,9.85,9.85,-178.15,-165.25,-195.31,489,478,492,161,20,-163.85,389,Kameron,Johnson,TBB,WR,24,-4,550.4,191.71,11.34,,,NA,,,NA,NA,NA,NA,,,,,
robust,17541,WR,9.325,4.558995,FALSE,0.874999999999998,6.5575,12.0925,-178.675,-168.5425,-193.0675,491,491,484,162,20,-164.375,391,Barion,Brown,NOS,WR,23,-6,340.83,124.65,23.99,282.59,ADP.tsv,NA,25.0029,ADP.tsv,NA,NA,2.316,2.316,23192,282.59,269,360,10
robust,17087,WR,8.45,1.6900,TRUE,0.0999999999999996,8.45,8.45,-179.55,-166.65,-196.71,492,482,495,163,20,-165.25,393,Dont'e,Thornton,LVR,WR,24,-5,366.33,130.06,18.05,,,NA,,,NA,NA,NA,NA,,,,,
robust,15288,WR,8.35,1.6700,TRUE,1.15,8.35,8.35,-179.65,-166.75,-196.81,493,483,496,164,20,-165.35,394,Elijah,Moore,PHI,WR,26,-1,388.33,147.92,14.13,281.21,ADP.tsv,NA,0.0000,ADP.tsv,NA,NA,NA,NA,18795,281.21,354,354,1
robust,14848,WR,7.2,1.4400,TRUE,0.300000000000001,7.2,7.2,-180.8,-167.9,-197.96,497,486,499,165,20,-166.5,396,James,Proche,TEN,WR,30,0,756.67,264.75,21.36,,,NA,,,NA,NA,NA,NA,,,,,
robust,15771,WR,6.9,1.92738,FALSE,0.25,5.73,8.07,-181.1,-169.37,-197.09,498,498,498,166,20,-166.8,397,Tay,Martin,DET,WR,29,-2,428.4,161.57,17.14,,,NA,,,NA,NA,0,NA,,,,,
robust,17175,WR,6.9,1.3800,TRUE,0,6.9,6.9,-181.1,-168.2,-198.26,498,487,500,166,20,-166.8,397,Arian,Smith,NYJ,WR,25,-5,533.2,187.13,12.24,,,NA,,,NA,NA,NA,NA,,,,,
robust,12645,WR,6.65,8.37669,FALSE,0.15,1.565,11.735,-181.35,-173.535,-193.425,500,512,486,167,20,-167.05,399,Laquon,Treadwell,IND,WR,31,4,496.8,198.75,33.43,,,NA,,,NA,NA,0,NA,,,,,
robust,15766,WR,6.5,1.3000,TRUE,0.2,6.5,6.5,-181.5,-168.6,-198.66,501,494,501,168,20,-167.2,400,Skyy,Moore,GBP,WR,26,-2,562,195.29,17.82,,,NA,,,NA,NA,NA,NA,,,,,
robust,17752,WR,6.3,1.2600,TRUE,0.5,6.3,6.3,-181.7,-168.8,-198.86,503,496,503,169,20,-167.4,402,Dohnte,Meyers,CIN,WR,26,-5,377.67,142.6,27.81,,,NA,,,NA,NA,0,NA,,,,,
robust,17269,WR,5.8,1.1600,TRUE,0.499999999999999,5.8,5.8,-182.2,-169.3,-199.36,504,497,504,170,20,-167.9,403,Efton,Chism,NEP,WR,25,-5,496.4,163.9,7.65,281.18,ADP.tsv,NA,0.0000,ADP.tsv,NA,NA,0,NA,22673,281.18,342,342,1
robust,17527,WR,5.3,1.0600,TRUE,1.2,5.3,5.3,-182.7,-169.8,-199.86,507,500,506,171,21,-168.4,405,Josh,Cameron,JAC,WR,23,-6,444.83,148,16.54,281.22,ADP.tsv,NA,0.0000,ADP.tsv,NA,NA,NA,NA,23159,281.22,357,357,1
robust,17192,WR,4.1,0.8200,TRUE,1.025,4.1,4.1,-183.9,-171,-201.06,510,502,508,172,21,-169.6,410,Jordan,Watkins,SFO,WR,24,-5,426,158.22,15.77,281.35,ADP.tsv,NA,9.4062,ADP.tsv,NA,NA,NA,NA,22267,281.35,328,353,2
robust,16640,WR,3.075,4.188345,FALSE,1.275,0.5325,5.6175,-184.925,-174.5675,-199.5425,511,517,505,173,21,-170.625,413,Jacob,Cowing,SFO,WR,25,-4,452.2,167,39.11,,,NA,,,NA,NA,0,NA,,,,,
robust,16958,WR,1.8,0.3600,TRUE,0.9,1.8,1.8,-186.2,-173.3,-203.36,513,510,510,174,21,-171.9,418,Ryan,Miller,MIA,WR,26,-3,606.5,222,34.89,,,NA,,,NA,NA,NA,NA,,,,,
robust,17707,WR,0.9,0.1800,TRUE,0.45,0.9,0.9,-187.1,-174.2,-204.26,515,515,511,175,21,-172.8,419,J Michael,Sturdivant,GBP,WR,24,-6,531.5,183.5,14.91,280.75,ADP.tsv,NA,1.8812,ADP.tsv,NA,NA,NA,NA,23409,280.75,236,241,2
robust,17396,WR,0.45,0.0900,TRUE,0.15,0.45,0.45,-187.55,-174.65,-204.71,518,518,512,176,21,-173.25,422,Ke'Shawn,Williams,CIN,WR,25,-5,584.8,210.5,15.9,282.7,ADP.tsv,NA,32.2006,ADP.tsv,NA,NA,NA,NA,22128,282.7,201,360,84
robust,17754,WR,0.3,0.0600,TRUE,0.1,0.3,0.3,-187.7,-174.8,-204.86,519,519,513,177,21,-173.4,423,Montorie,Foster,SEA,WR,25,-6,533.5,187,12.79,,,NA,,,NA,NA,NA,NA,,,,,
robust,17620,WR,0.2,0.0400,TRUE,0.05,0.2,0.2,-187.8,-174.9,-204.96,520,520,515,178,21,-173.5,424,Kaden,Wetjen,PIT,WR,24,-6,447.6,153,16.94,280.83,ADP.tsv,NA,5.6437,ADP.tsv,NA,NA,NA,NA,23106,280.83,245,260,2
robust,15285,WR,0.15,0.0300,TRUE,0,0.15,0.15,-187.85,-174.95,-205.01,521,521,516,179,21,-173.55,425,Tylan,Wallace,CLE,WR,27,-1,585.2,206.5,18.97,,,NA,,,NA,NA,NA,NA,,,,,
robust,17360,WR,0.15,0.0300,TRUE,0,0.15,0.15,-187.85,-174.95,-205.01,521,521,516,179,21,-173.55,425,Myles,Price,MIN,WR,25,-5,489.4,172.33,15.56,,,NA,,,NA,NA,NA,NA,,,,,
robust,15794,TE,202.99,16.590294,FALSE,3.30666666666667,188.685,225.045,58.75,58.8583333333334,66.17,10,11,8,1,1,29.29,32,Trey,McBride,ARI,TE,27,-2,23.8,1.87,0.5,28.33,ADP.tsv,33.202,6.9077,ADP.tsv,9.03062434164992,-23.202,30.5175,2.97563753673057,19439,28.33,10,50,340
robust,16641,TE,199.683333333333,6.72112,FALSE,32.4145833333333,193.76,205.37,55.4433333333333,63.9333333333334,46.495,13,9,16,2,2,25.9833333333333,34,Brock,Bowers,LVR,TE,24,-4,19.22,1.22,0.47,21.07,ADP.tsv,29.59,5.8715,ADP.tsv,9.16735512566193,-16.59,32.3335,2.59744234777213,21123,21.07,6,40,340
robust,17104,TE,167.26875,8.71768799999999,FALSE,5.71847222222223,147.1735,187.109,23.02875,17.3468333333334,28.234,28,32,25,3,3,-6.43125000000001,60,Colston,Loveland,CHI,TE,22,-5,39.06,3.1,0.54,42.74,ADP.tsv,48.566,6.2169,ADP.tsv,9.88625227272701,-20.566,18.6175,0.644917630399418,22075,42.74,23,59,340
robust,17103,TE,161.550277777778,22.9341746666666,FALSE,0.617777777777775,136.27,187.030777777778,17.3102777777778,6.44333333333336,28.1557777777778,33,46,26,4,3,-12.1497222222222,64,Harold,Fannin,CLE,TE,22,-5,80.98,7.02,1.57,93.73,ADP.tsv,78.622,10.3615,ADP.tsv,10.552399537546,-45.622,6.036,1.72636265019839,22095,93.73,67,127,340
robust,17102,TE,160.9325,6.765598,FALSE,11.535,143.605,168.25,16.6925,13.7783333333334,9.375,34,39,41,5,4,-12.7675,66,Tyler,Warren,IND,TE,24,-5,53.69,4.02,0.54,56.9,ADP.tsv,62.17,10.5342,ADP.tsv,10.5112568230445,-28.17,13.6045,0.927491644167213,22067,56.9,32,93,340
robust,13299,TE,149.3975,8.58425400000003,FALSE,1.10249999999999,128.521,170.94,5.1575,-1.30566666666664,12.065,48,64,38,6,5,-24.3025,76,George,Kittle,SFO,TE,33,3,95.65,9.52,2.24,106.05,ADP.tsv,90.694,12.6065,ADP.tsv,7.87039922748522,-42.694,8.5865,5.64675895979278,15360,106.05,65,138,340
robust,15329,TE,148.295,1.77912000000003,FALSE,2.07000000000002,144.555,153.367,4.05500000000001,14.7283333333334,-5.50800000000001,50,37,67,7,5,-25.405,77,Kyle,Pitts,ATL,TE,26,-1,83.55,7.34,1.55,81.81,ADP.tsv,87.984,15.0242,ADP.tsv,17.8892387764265,-37.984,7.2585,3.21685665673807,18789,81.81,32,119,340
robust,16222,TE,146.225,7.26474000000001,FALSE,1.54999999999998,132.33,164.56,1.98499999999999,2.50333333333333,5.685,53,54,55,8,5,-27.475,80,Tucker,Kraft,GBP,TE,26,-3,71.19,5.68,1.57,78.67,ADP.tsv,74.932,9.3254,ADP.tsv,9.82580765128241,-21.932,7.942,2.84316232389218,20312,78.67,54,108,340
robust,16214,TE,144.675,10.97124,FALSE,0.435000000000002,133.4,158.875,0.435000000000002,3.57333333333338,0,59,51,61,9,5,-29.025,81,Sam,LaPorta,DET,TE,25,-3,83.28,7.59,2.01,96.92,ADP.tsv,88.44,11.5704,ADP.tsv,20.3808115638215,-29.44,7.2095,2.69556501498295,20339,96.92,68,135,340
robust,13674,TE,144.24,10.08168,FALSE,2.41499999999999,117.155,167.538,0,-12.6716666666667,8.66299999999998,61,96,46,10,5,-29.46,82,Dallas,Goedert,PHI,TE,31,2,117.91,12.8,2.17,125.14,ADP.tsv,104.828,14.8515,ADP.tsv,22.0515708284013,-43.828,4.023,3.35987901567899,16151,125.14,76,162,340
robust,11244,TE,141.825,9.82963799999999,FALSE,0.283333333333331,132.74,153.335,-2.41499999999999,2.91333333333336,-5.53999999999999,65,53,68,11,5,-31.875,85,Travis,Kelce,KCC,TE,37,7,104.83,10.93,2.19,124.88,ADP.tsv,108.772,19.3415,ADP.tsv,16.2902785734315,-43.772,5.404,4.64209521660209,11842,124.88,61,173,340
robust,13671,TE,141.541666666667,8.40140000000003,FALSE,6.49166666666667,129.826666666667,152.426666666667,-2.69833333333332,0,-6.44833333333332,66,61,69,12,6,-32.1583333333333,86,Mark,Andrews,BAL,TE,31,2,129.5,14.5,2.96,142.07,ADP.tsv,119.938,16.0804,ADP.tsv,8.99800066681482,-53.938,3.559,3.41929861228878,16075,142.07,85,178,336
robust,15798,TE,135.05,16.60512,FALSE,3,115.92,160.66,-9.19,-13.9066666666667,1.78500000000003,81,97,58,13,7,-38.65,95,Isaiah,Likely,NYG,TE,26,-2,114.65,12.32,3.12,117.48,ADP.tsv,109.342,11.5740,ADP.tsv,15.0097267130351,-28.342,4.272,3.02105147258368,19464,117.48,79,146,339
robust,16213,TE,132.05,7.33887000000002,FALSE,3.70000000000002,121.06,147.44,-12.19,-8.76666666666665,-11.435,88,81,83,14,7,-41.65,100,Dalton,Kincaid,BUF,TE,27,-3,109.24,11.44,2.16,113.49,ADP.tsv,119.788,13.4700,ADP.tsv,14.2853566983817,-31.788,3.547,2.77231076901562,20300,113.49,73,151,340
robust,15799,TE,128.35,12.08319,FALSE,0.549999999999997,120.08,138.98,-15.89,-9.74666666666666,-19.895,101,87,113,15,7,-45.35,104,Jake,Ferguson,DAL,TE,27,-2,126.37,14.5,2.42,129.12,ADP.tsv,128.792,16.0653,ADP.tsv,12.3242969779213,-27.792,3.1255,2.35523900061119,19476,129.12,81,174,339
robust,12676,TE,127.8,1.92738,FALSE,0.649999999999991,120.1,136.7,-16.44,-9.72666666666665,-22.175,104,86,121,16,7,-45.9,105,Hunter,Henry,NEP,TE,32,4,158.8,18.73,2.29,177.9,ADP.tsv,140.46,20.3214,ADP.tsv,12.2312108967183,-36.46,2.3185,2.22012764272688,14968,177.9,120,237,322
robust,14861,TE,127.15,15.71556,FALSE,8.90000000000001,112.6,143.22,-17.09,-17.2266666666666,-15.655,106,108,100,17,8,-46.55,108,Juwan,Johnson,NOS,TE,30,0,129.89,14.61,2.46,143.6,ADP.tsv,135.766,15.3888,ADP.tsv,11.2194752105435,-29.766,2.8545,2.98030380162828,18582,143.6,103,192,336
robust,16269,TE,118.25,10.08168,FALSE,2.40000000000001,107.24,142.3,-25.99,-22.5866666666667,-16.575,138,121,104,18,8,-55.45,116,Brenton,Strange,JAC,TE,26,-3,156.2,18.68,2.26,164.35,ADP.tsv,159.5525,25.1599,ADP.tsv,11.6749205029413,-21.5525,2.35133333333333,2.21301985731915,20425,164.35,84,229,325
robust,14138,TE,115.85,17.12403,FALSE,2.24999999999997,103.5,131.48,-28.39,-26.3266666666666,-27.395,144,131,139,19,9,-57.85,118,T.J.,Hockenson,MIN,TE,29,1,194.03,23.26,3.49,207.97,ADP.tsv,148.983333333333,18.1379,ADP.tsv,15.3298452554341,-4.98333333333332,2.5415,2.54804371037861,17014,207.97,141,244,283
robust,13772,TE,113.6,18.5325,FALSE,5.35000000000002,99.46,126.92,-30.64,-30.3666666666666,-31.955,146,136,150,20,9,-60.1,120,Dalton,Schultz,HOU,TE,30,2,167.64,19.63,2.67,180.08,ADP.tsv,162.046666666667,22.5208,ADP.tsv,10.3018067455288,-16.0466666666667,2.386,2.46484455223178,16255,180.08,109,239,330
robust,15331,TE,108.25,7.11648,FALSE,0.650000000000006,91.49,121.97,-35.99,-38.3366666666666,-36.905,157,159,163,21,9,-65.45,125,Pat,Freiermuth,PIT,TE,28,-1,223.19,27.29,4.28,259.1,ADP.tsv,146.305,27.6700,ADP.tsv,22.305,10.695,1.756,1.51846589249369,18792,259.1,149,293,130
robust,15797,TE,107.6,2.13494400000002,FALSE,0.299999999999983,95.195,115.004,-36.64,-34.6316666666667,-43.871,158,147,175,22,9,-66.1,126,Greg,Dulcich,MIA,TE,26,-2,211.25,25.33,4.95,225.38,ADP.tsv,166.3675,21.1346,ADP.tsv,22.8582297816344,-8.36750000000001,2.64933333333333,2.87686187054961,19477,225.38,137,255,242
robust,15889,TE,107.3,15.41904,FALSE,3.60000000000001,94.1,126.71,-36.94,-35.7266666666666,-32.165,160,150,154,23,10,-66.4,127,Chigoziem,Okonkwo,WAS,TE,27,-2,163.1,19.39,2.35,174.44,ADP.tsv,164.153333333333,18.4353,ADP.tsv,6.35556099455866,-4.15333333333334,2.12666666666667,2.25981316828528,19633,174.44,124,230,318
robust,17543,TE,103.7,26.83506,FALSE,0.399999999999991,48.36,130.56,-40.54,-81.4666666666667,-28.315,167,221,142,24,10,-70,131,Kenyon,Sadiq,NYJ,TE,21,-6,212.03,25.44,3.61,216.72,ADP.tsv,162.416666666667,20.6832,ADP.tsv,9.68707156758716,4.58333333333331,3.11466666666667,3.42362822488398,22935,216.72,149,266,273
robust,15802,TE,103.3,30.98634,FALSE,3.02500000000001,82.2,126.72,-40.94,-47.6266666666667,-32.155,168,171,153,25,10,-70.4,132,Cade,Otton,TBB,TE,27,-2,233.81,28.36,3.02,256.08,ADP.tsv,170.415,26.3106,ADP.tsv,10.205,-2.41500000000002,1.896,1.896,19632,256.08,165,303,139
robust,16723,TE,100.275,15.71556,FALSE,3.125,85.36,113.529259259259,-43.965,-44.4666666666667,-45.3457407407407,174,165,179,26,11,-73.425,136,AJ,Barner,SEA,TE,24,-4,196.62,23.5,2.64,215.15,ADP.tsv,148.86,15.4673,ADP.tsv,17.3763766840693,25.14,1.752,1.67954597039398,21315,215.15,152,240,288
robust,13192,TE,97.15,16.97577,FALSE,5.65000000000001,79.06,129.3,-47.09,-50.7666666666667,-29.575,181,177,146,27,11,-76.55,140,David,Njoku,LAC,TE,30,3,244.24,30.76,4.51,263.67,ADP.tsv,160.326666666667,28.9557,ADP.tsv,26.3097058558666,20.6733333333333,1.7355,1.66111430973308,15227,263.67,177,329,140
robust,17105,TE,91.5,13.63992,FALSE,4.22499999999999,79.41,107.71,-52.74,-50.4166666666667,-51.165,188,175,191,28,12,-82.2,145,Gunnar,Helm,TEN,TE,24,-5,223.04,26.72,3.65,245.56,ADP.tsv,NA,18.3357,ADP.tsv,NA,NA,1.464,1.464,22123,245.56,166,265,179
robust,13672,TE,87.275,4.22541000000001,FALSE,0.625,78.23,95.24,-56.965,-51.5966666666666,-63.635,195,180,212,29,12,-86.425,149,Mike,Gesicki,CIN,TE,31,2,267.92,35.04,3.96,280.89,ADP.tsv,NA,45.4478,ADP.tsv,NA,NA,1.5,1.5,16149,280.89,126,348,77
robust,12263,TE,86.65,16.08621,FALSE,1.95,51.265,104.235,-57.59,-78.5616666666667,-54.64,197,217,199,30,12,-87.05,150,Darren,Waller,CAR,TE,34,5,256.62,32.73,5.57,279.58,ADP.tsv,156.6,39.5482,ADP.tsv,NA,40.4,1.26,1.26,13738,279.58,152,351,98
robust,17107,TE,84.7,20.0151,FALSE,0.525000000000006,34.88,108.72,-59.54,-94.9466666666667,-50.155,198,241,188,31,12,-89,152,Terrance,Ferguson,LAR,TE,23,-5,185.53,22.25,5.35,164.3,ADP.tsv,169.715,19.8134,ADP.tsv,3.065,28.285,2.00066666666667,1.65034164813094,22206,164.3,112,226,320
robust,17099,TE,84.175,24.68529,FALSE,1.55,63.44,104.34,-60.065,-66.3866666666667,-54.535,199,198,197,32,12,-89.525,153,Oronde,Gadsden,LAC,TE,23,-5,207.82,25.98,4.74,210.15,ADP.tsv,164.65,27.3227,ADP.tsv,NA,34.35,1.308,1.308,22101,210.15,124,278,264
robust,13189,TE,82.625,17.7912,FALSE,2.375,72.16,94.95,-61.615,-57.6666666666667,-63.925,203,188,213,33,13,-91.075,155,Evan,Engram,DEN,TE,32,3,251.22,31.69,3.63,268.87,ADP.tsv,NA,27.3797,ADP.tsv,NA,NA,1.884,1.884,15238,268.87,180,320,112
robust,14871,TE,80.25,8.15429999999999,FALSE,6,60.6,121.34,-63.99,-69.2266666666667,-37.535,207,203,166,34,13,-93.45,161,Colby,Parkinson,LAR,TE,27,0,254.26,32.22,3.53,258.72,ADP.tsv,143.75,27.4272,ADP.tsv,NA,63.25,1.836,1.836,18018,258.72,160,306,158
robust,17106,TE,74.25,1.92738,FALSE,3.75,55.5,93.48,-69.99,-74.3266666666667,-65.395,215,213,215,35,14,-99.45,175,Mason,Taylor,NYJ,TE,22,-5,272.04,35.45,4.06,279.86,ADP.tsv,NA,37.7077,ADP.tsv,NA,NA,1.02,1.02,22120,279.86,148,335,87
robust,11247,TE,70.5,14.1000,TRUE,2,70.5,70.5,-73.74,-59.3266666666667,-88.375,219,189,247,36,14,-103.2,179,Zach,Ertz,FA,TE,36,7,331.67,59.17,11.19,282.95,ADP.tsv,NA,23.7283,ADP.tsv,NA,NA,NA,NA,11816,282.95,270,359,12
robust,16649,TE,68.5,1.18608,FALSE,4.125,51.48,86.16,-75.74,-78.3466666666666,-72.715,221,216,224,37,15,-105.2,185,Theo,Johnson,NYG,TE,25,-4,274.54,36.38,4.59,287.95,ADP.tsv,NA,31.4339,ADP.tsv,NA,NA,1.116,1.116,21181,287.95,210,360,64
robust,14143,TE,64.375,1.63086,FALSE,1.875,58.35,73.4,-79.865,-71.4766666666667,-85.475,228,209,242,38,15,-109.325,193,Dawson,Knox,BUF,TE,30,1,314.08,44.61,5.36,288.03,ADP.tsv,NA,34.8297,ADP.tsv,NA,NA,0.948,0.948,17088,288.03,187,356,73
robust,16212,TE,62.5,7.48712999999998,FALSE,2.65,56.36,78.52,-81.74,-73.4666666666666,-80.355,231,211,234,39,15,-111.2,199,Michael,Mayer,LVR,TE,25,-3,286.44,38.32,5.06,280.76,ADP.tsv,NA,34.2917,ADP.tsv,NA,NA,0.732,0.732,20282,280.76,188,359,91
robust,12678,TE,59.85,21.12705,FALSE,0.850000000000001,32.24,88.18,-84.39,-97.5866666666667,-70.695,235,250,222,40,15,-113.85,203,Tyler,Higbee,LAR,TE,33,4,316.33,44.92,6.13,285.46,ADP.tsv,NA,17.5254,ADP.tsv,NA,NA,0,NA,14743,285.46,286,360,26
robust,14867,TE,59,18.31011,FALSE,2.25,45.23,71.54,-85.24,-84.5966666666667,-87.335,236,228,245,41,16,-114.7,206,Cole,Kmet,CHI,TE,27,0,311.62,43.9,4.17,288.72,ADP.tsv,NA,25.6178,ADP.tsv,NA,NA,0.888,0.888,18010,288.72,235,357,63
robust,16216,TE,56.75,9.71103000000001,FALSE,2.89999999999999,44.53,65.5,-87.49,-85.2966666666667,-93.375,240,229,258,42,16,-116.95,209,Darnell,Washington,PIT,TE,25,-3,285.17,38.33,4.99,287.36,ADP.tsv,NA,23.4547,ADP.tsv,NA,NA,0,NA,20301,287.36,241,354,69
robust,17593,TE,53.85,13.26927,FALSE,1.6,45.795,61.905,-90.39,-84.0316666666667,-96.97,243,226,266,43,16,-119.85,217,Marlin,Klein,HOU,TE,24,-6,374.62,57.1,8.31,,,NA,,,NA,NA,NA,NA,,,,,
robust,16036,TE,52.25,48.48102,FALSE,1.45000000000001,17.8,102.26,-91.99,-112.026666666667,-56.615,245,315,203,44,16,-121.45,220,Jake,Tonges,SFO,TE,27,-2,278.71,37.88,5.44,259.66,ADP.tsv,NA,25.5741,ADP.tsv,NA,NA,1.44,1.44,19960,259.66,186,323,167
robust,15873,TE,50.8,0.0741300000000063,FALSE,0.413888888888884,46.305,62.415,-93.44,-83.5216666666666,-96.46,247,223,263,45,16,-122.9,223,Daniel,Bellinger,TEN,TE,26,-2,372.13,56.19,5.51,281.96,ADP.tsv,NA,8.3935,ADP.tsv,NA,NA,NA,NA,19625,281.96,331,358,5
robust,13193,TE,50.3861111111111,21.7530366666667,FALSE,0.536111111111111,31.98,71.4716666666667,-93.8538888888889,-97.8466666666666,-87.4033333333333,248,252,246,46,16,-123.313888888889,225,Jonnu,Smith,GBP,TE,31,3,341.85,51.9,9.37,285.01,ADP.tsv,NA,24.0257,ADP.tsv,NA,NA,0,NA,15319,285.01,254,356,27
robust,14137,TE,49.85,12.45384,FALSE,1.15,31.7,69.68,-94.39,-98.1266666666667,-89.195,249,254,248,47,16,-123.85,227,Noah,Fant,NOS,TE,29,1,350.74,53.67,6.01,281.67,ADP.tsv,NA,1.0326,ADP.tsv,NA,NA,0,NA,17021,281.67,356,359,3
robust,15795,TE,48.7,8.30256,FALSE,2.35,31.1,66.44,-95.54,-98.7266666666667,-92.435,251,256,253,48,17,-125,229,Charlie,Kolar,LAC,TE,27,-2,271.58,36.22,7.9,283.58,ADP.tsv,NA,34.6220,ADP.tsv,NA,NA,0,NA,19482,283.58,199,359,50
robust,15626,TE,46.35,1.85325,FALSE,0.0600000000000023,37.325,68.015,-97.89,-92.5016666666667,-90.86,253,237,250,49,17,-127.35,234,Brock,Wright,DET,TE,28,-1,409,68.11,6.94,281.35,ADP.tsv,NA,4.8912,ADP.tsv,NA,NA,NA,NA,19101,281.35,334,347,2
robust,15337,TE,46.29,14.099526,FALSE,0.510833333333331,30.77,58.024,-97.95,-99.0566666666666,-100.851,254,257,273,50,17,-127.41,235,Noah,Gray,KCC,TE,27,-1,324.18,46.02,5.5,287.94,ADP.tsv,NA,28.3931,ADP.tsv,NA,NA,0,NA,19128,287.94,231,360,44
robust,17544,TE,45.7791666666667,43.230145,FALSE,1.27916666666667,3.6075,94.875,-98.4608333333333,-126.219166666667,-64,255,352,214,51,17,-127.920833333333,237,Eli,Stowers,PHI,TE,23,-6,275.38,37.68,6.42,285.31,ADP.tsv,NA,34.0869,ADP.tsv,NA,NA,4.824,4.824,22942,285.31,198,360,62
robust,14209,TE,44.5,10.74885,FALSE,0.212499999999999,31.54,57.16,-99.74,-98.2866666666667,-101.715,257,255,275,52,17,-129.2,239,Josh,Oliver,MIN,TE,29,1,380.71,60.5,8.03,,,NA,,,NA,NA,0,NA,,,,,
robust,15332,TE,44.5,1.18608,FALSE,0,34.82,62.5,-99.74,-95.0066666666667,-96.375,257,242,262,52,17,-129.2,239,Tommy,Tremble,CAR,TE,26,-1,350.17,53.68,7.65,281.49,ADP.tsv,NA,18.5877,ADP.tsv,NA,NA,0.684,0.684,18807,281.49,304,358,3
robust,17591,TE,44.2875,24.01812,FALSE,0.1875,27.855,59.58,-99.9525,-101.971666666667,-99.295,258,269,269,53,17,-129.4125,240,Nate,Boerkircher,JAC,TE,25,-6,408.2,66.57,8.98,,,NA,,,NA,NA,NA,NA,,,,,
robust,17108,TE,44.1,32.02416,FALSE,1.95,21.42,67.32,-100.14,-108.406666666667,-91.555,260,293,251,54,17,-129.6,242,Elijah,Arroyo,SEA,TE,23,-5,303.45,40.9,5.47,286.65,ADP.tsv,NA,25.1004,ADP.tsv,NA,NA,0,NA,22121,286.65,231,353,74
robust,14870,TE,41.53,11.3381835,FALSE,0.0550000000000068,30.50075,52.38425,-102.71,-99.3259166666667,-106.49075,262,259,282,56,17,-132.17,250,Adam,Trautman,DEN,TE,29,0,373.13,63.36,6.69,,,NA,,,NA,NA,0,NA,,,,,
robust,16219,TE,41.475,5.26323,FALSE,0.375,34.955,53.315,-102.765,-94.8716666666667,-105.56,263,240,280,57,17,-132.225,251,Davis,Allen,LAR,TE,25,-3,467,101,15.34,,,NA,,,NA,NA,NA,NA,,,,,
robust,12677,TE,41.1,9.11799000000001,FALSE,0.162499999999994,30.61,48.47,-103.14,-99.2166666666667,-110.405,264,258,288,58,17,-132.6,252,Austin,Hooper,ATL,TE,32,4,368.09,63.06,21.63,,,NA,,,NA,NA,0,NA,,,,,
robust,17607,TE,40.9375,4.558995,FALSE,1.7375,34.3225,45.61,-103.3025,-95.5041666666666,-113.265,265,245,296,59,18,-132.7625,253,Eli,Raridon,NEP,TE,22,-6,304.11,42.57,7.58,285.41,ADP.tsv,NA,62.4863,ADP.tsv,NA,NA,3.588,3.588,23050,285.41,69,357,49
robust,16645,TE,39.2,25.35246,FALSE,0.262500000000003,20.565,59.445,-105.04,-109.261666666667,-99.43,268,297,271,60,18,-134.5,261,Erick,All,CIN,TE,26,-4,306.19,42.76,7.38,284.72,ADP.tsv,NA,30.4293,ADP.tsv,NA,NA,0,NA,21295,284.72,232,359,24
robust,16643,TE,38.9375,5.522685,FALSE,1.5375,32.77,59.5375,-105.3025,-97.0566666666666,-99.3375,269,248,270,61,18,-134.7625,264,Ja'Tavion,Sanders,CAR,TE,23,-4,332,49,7.14,282.29,ADP.tsv,NA,19.4094,ADP.tsv,NA,NA,0,NA,21143,282.29,291,359,8
robust,16940,TE,37.4,7.4800,TRUE,0.0749999999999957,37.4,37.4,-106.84,-92.4266666666666,-121.475,273,236,316,62,18,-136.3,267,Blake,Whiteheart,CLE,TE,26,-3,496.4,111.17,9.12,,,NA,,,NA,NA,NA,NA,,,,,
robust,17605,TE,37.325,15.27078,FALSE,0.925000000000004,21.73,63.04,-106.915,-108.096666666667,-95.835,274,290,261,63,18,-136.375,268,Will,Kacmarek,MIA,TE,23,-6,396,67.85,4.04,,,NA,,,NA,NA,0,NA,,,,,
robust,17109,TE,36.4,0.37065,FALSE,0.387499999999996,34.325,41.435,-107.84,-95.5016666666667,-117.44,277,244,303,64,18,-137.3,271,Mitchell,Evans,CAR,TE,23,-5,367.88,55.33,6.35,,,NA,,,NA,NA,NA,NA,,,,,
robust,16333,TE,36.0125,3.33585,FALSE,1.21250000000001,33.1225,39.725,-108.2275,-96.7041666666667,-119.15,278,247,306,65,18,-137.6875,272,Elijah,Higgins,ARI,TE,26,-3,380.91,56.42,5.23,,,NA,,,NA,NA,0,NA,,,,,
robust,15330,TE,34.8,6.9600,TRUE,0.0874999999999986,34.8,34.8,-109.44,-95.0266666666667,-124.075,280,243,326,66,18,-138.9,276,Brevin,Jordan,HOU,TE,26,-1,545.75,130.33,13.89,,,NA,,,NA,NA,NA,NA,,,,,
robust,15796,TE,34.7125,5.55975,FALSE,0.262499999999996,29.125,43.84,-109.5275,-100.701666666667,-115.035,281,263,299,67,18,-138.9875,277,Jeremy,Ruckert,NYJ,TE,26,-2,445.6,83.7,11.54,,,NA,,,NA,NA,NA,NA,,,,,
robust,16215,TE,34.45,4.89258000000001,FALSE,1.55,24.13,39.4,-109.79,-105.696666666667,-119.475,284,275,308,68,18,-139.25,278,Luke,Musgrave,GBP,TE,26,-3,375.82,60.42,11.18,281.37,ADP.tsv,NA,5.6437,ADP.tsv,NA,NA,NA,NA,20303,281.37,337,352,2
robust,17213,TE,32.9,5.48562,FALSE,0.400000000000006,29.37,36.75,-111.34,-100.456666666667,-122.125,288,261,319,69,18,-140.8,282,Jackson,Hawes,BUF,TE,26,-5,379,61.72,5.16,281.23,ADP.tsv,NA,0.0000,ADP.tsv,NA,NA,NA,NA,22287,281.23,358,358,1
robust,13763,TE,32.5,6.5000,TRUE,0.399999999999999,32.5,32.5,-111.74,-97.3266666666667,-126.375,289,249,332,70,18,-141.2,284,Will,Dissly,FA,TE,30,2,465.75,104,15.91,,,NA,,,NA,NA,NA,NA,,,,,
robust,14370,TE,32.1,6.4200,TRUE,0.510551075268818,32.1,32.1,-112.14,-97.7266666666667,-126.775,290,251,334,71,19,-141.6,285,Tanner,Hudson,CIN,TE,32,2,419.17,78.11,13.52,281.13,ADP.tsv,NA,0.0000,ADP.tsv,NA,NA,NA,NA,16740,281.13,325,325,1
robust,15800,TE,31.5894489247312,6.44931,FALSE,0.20194892473118,26.685,38.0770161290323,-112.650551075269,-103.141666666667,-120.797983870968,293,273,312,72,19,-142.110551075269,286,Connor,Heyward,LVR,TE,27,-2,513.5,113.8,8.77,,,NA,,,NA,NA,NA,NA,,,,,
robust,14239,TE,31.3875,13.26927,FALSE,0.775000000000002,22.745,40.97,-112.8525,-107.081666666667,-117.905,294,285,304,73,19,-142.3125,287,Foster,Moreau,HOU,TE,29,1,431.2,79.4,10.99,,,NA,,,NA,NA,NA,NA,,,,,
robust,16644,TE,30.6125,2.14977,FALSE,0.362500000000001,28.395,34.29,-113.6275,-101.431666666667,-124.585,297,266,328,74,19,-143.0875,290,Ben,Sinnott,WAS,TE,24,-4,353.53,54.83,6.2,281.43,ADP.tsv,NA,4.8190,ADP.tsv,NA,NA,NA,NA,21164,281.43,322,336,3
robust,14146,TE,30.25,5.55975,FALSE,0.875,23.3525,35.3625,-113.99,-106.474166666667,-123.5125,298,279,325,75,19,-143.45,291,Drew,Sample,CIN,TE,30,1,405.33,72,10.28,,,NA,,,NA,NA,0,NA,,,,,
robust,13246,TE,29.375,1.074885,FALSE,0.475000000000001,28.7225,30.0275,-114.865,-101.104166666667,-128.8475,300,265,340,76,19,-144.325,293,Mo,Alie-Cox,IND,TE,33,3,419.2,76.5,5.92,,,NA,,,NA,NA,NA,NA,,,,,
robust,14341,TE,28.9,5.7800,TRUE,1.3625,28.9,28.9,-115.34,-100.926666666667,-129.975,302,264,345,77,19,-144.8,295,Donald,Parham,PIT,TE,29,1,NA,NA,NA,,,NA,,,NA,NA,NA,NA,,,,,
robust,16642,TE,27.5375,4.29954,FALSE,0.0250000000000021,23.1025,31.955,-116.7025,-106.724166666667,-126.92,304,280,335,78,19,-146.1625,300,Cade,Stover,HOU,TE,26,-4,440.2,84.11,11.22,,,NA,,,NA,NA,0,NA,,,,,
robust,15344,TE,27.5125,8.22843,FALSE,0.0624999999999964,20.105,38.78,-116.7275,-109.721666666667,-120.095,305,300,310,79,19,-146.1875,301,John,Bates,WAS,TE,29,-1,400.86,64.6,13.28,,,NA,,,NA,NA,NA,NA,,,,,
robust,15804,TE,27.45,9.48864000000001,FALSE,1.25,9.86,37.76,-116.79,-119.966666666667,-121.115,306,335,314,80,19,-146.25,302,Grant,Calcaterra,PHI,TE,28,-2,456.6,103.13,15.57,,,NA,,,NA,NA,NA,NA,,,,,
robust,16221,TE,26.2,6.22692,FALSE,0.250000000000004,20.86,30.58,-118.04,-108.966666666667,-128.295,308,295,338,81,19,-147.5,305,Luke,Schoonmaker,DAL,TE,28,-3,415.8,69.73,5.77,,,NA,,,NA,NA,NA,NA,,,,,
robust,16474,TE,25.95,8.08017,FALSE,0.0374999999999979,19.245,35.535,-118.29,-110.581666666667,-123.34,310,307,323,82,19,-147.75,307,Nate,Adkins,DEN,TE,27,-3,453.6,89.11,20.38,,,NA,,,NA,NA,NA,NA,,,,,
robust,17627,TE,25.9125,5.55975,FALSE,0.487500000000001,16.325,45.44,-118.3275,-113.501666666667,-113.435,311,319,297,83,19,-147.7875,308,Matthew,Hibner,BAL,TE,24,-6,351.36,54.4,10.23,282.08,ADP.tsv,NA,28.0537,ADP.tsv,NA,NA,NA,NA,23074,282.08,264,360,7
robust,14984,TE,25.425,17.457615,FALSE,1.575,14.8275,36.0225,-118.815,-114.999166666667,-122.8525,312,323,322,84,19,-148.275,309,Charlie,Woerner,ATL,TE,29,0,469.6,94,9.53,,,NA,,,NA,NA,NA,NA,,,,,
robust,17548,TE,23.85,6.74583,FALSE,0.0500000000000007,19.755,27.945,-120.39,-110.071666666667,-130.93,317,303,347,85,19,-149.85,314,Justin,Joly,MIA,TE,22,-6,356.09,58,20.1,281.49,ADP.tsv,NA,39.6022,ADP.tsv,NA,NA,NA,NA,23141,281.49,236,358,4
robust,13675,TE,23.8,4.7600,TRUE,0.300000000000001,23.8,23.8,-120.44,-106.026666666667,-135.075,318,277,360,86,19,-149.9,315,Tyler,Conklin,DET,TE,31,2,456.4,85.33,11.94,,,NA,,,NA,NA,NA,NA,,,,,
robust,17660,TE,23.5,1.03782,FALSE,0.262499999999999,22.87,24.13,-120.74,-106.956666666667,-134.745,319,283,359,87,20,-150.2,319,Bauer,Sharp,TBB,TE,23,-6,463.2,85.3,12.37,,,NA,,,NA,NA,NA,NA,,,,,
robust,16647,TE,23.2375,0.444779999999996,FALSE,0.237500000000001,22.13,25.685,-121.0025,-107.696666666667,-133.19,320,288,355,88,20,-150.4625,320,Brevyn,Spann-Ford,DAL,TE,27,-4,462.4,95.75,9.43,,,NA,,,NA,NA,NA,NA,,,,,
robust,15909,TE,23,4.6000,TRUE,0.0249999999999986,23,23,-121.24,-106.826666666667,-135.875,322,281,362,89,20,-150.7,321,James,Mitchell,CAR,TE,27,-2,553,144.6,10.25,,,NA,,,NA,NA,NA,NA,,,,,
robust,16218,TE,22.975,5.745075,FALSE,0.0750000000000028,19.4875,26.4625,-121.265,-110.339166666667,-132.4125,323,306,352,90,20,-150.725,322,Payne,Durham,TBB,TE,26,-3,475.4,101.88,6.6,,,NA,,,NA,NA,NA,NA,,,,,
robust,16113,TE,22.9,4.5800,TRUE,0.199999999999996,22.9,22.9,-121.34,-106.926666666667,-135.975,324,282,363,91,20,-150.8,324,Stone,Smartt,NOS,TE,28,-2,503.75,126.4,8.69,,,NA,,,NA,NA,NA,NA,,,,,
robust,15335,TE,22.7,7.26474,FALSE,0.300000000000004,18.29,27.11,-121.54,-111.536666666667,-131.765,326,310,348,92,20,-151,325,Luke,Farrell,SFO,TE,29,-1,449.2,87.5,6.58,,,NA,,,NA,NA,NA,NA,,,,,
robust,17699,TE,22.4,4.4800,TRUE,0.524999999999999,22.4,22.4,-121.84,-107.426666666667,-136.475,328,286,365,93,20,-151.3,328,Dallen,Bentley,DEN,TE,26,-6,501.4,114.6,9.6,,,NA,,,NA,NA,NA,NA,,,,,
robust,15916,TE,21.875,6.486375,FALSE,0.424999999999997,17.9375,25.8125,-122.365,-111.889166666667,-133.0625,330,314,354,94,20,-151.825,330,Drew,Ogletree,IND,TE,28,-2,473.8,101.5,5.74,,,NA,,,NA,NA,NA,NA,,,,,
robust,13315,TE,21.45,4.2900,TRUE,0.312500000000004,21.45,21.45,-122.79,-108.376666666667,-137.425,331,292,370,95,20,-152.25,331,Eric,Saubert,SEA,TE,32,3,475.2,100.38,3.77,,,NA,,,NA,NA,NA,NA,,,,,
robust,16312,TE,21.1375,1.11195,FALSE,0.0374999999999979,19.78,22.075,-123.1025,-110.046666666667,-136.8,332,302,366,96,20,-152.5625,332,Josh,Whyle,GBP,TE,27,-3,469.6,92.89,19.15,,,NA,,,NA,NA,NA,NA,,,,,
robust,17243,TE,21.1,4.2200,TRUE,0.487500000000004,21.1,21.1,-123.14,-108.726666666667,-137.775,333,294,372,97,20,-152.6,333,Thomas,Fidone,NYG,TE,24,-5,584.75,131.5,16.83,,,NA,,,NA,NA,NA,NA,,,,,
robust,17567,TE,20.6125,12.00906,FALSE,0.349999999999994,6.595,30.49,-123.6275,-123.231666666667,-128.385,335,344,339,98,20,-153.0875,334,Oscar,Delp,NOS,TE,23,-6,298.87,42.48,6.74,283.14,ADP.tsv,NA,20.2624,ADP.tsv,NA,NA,4.752,NA,22970,283.14,284,360,12
robust,13676,TE,20.2625,3.40998000000001,FALSE,0.162500000000001,18.13,22.495,-123.9775,-111.696666666667,-136.38,337,311,364,99,20,-153.4375,337,Durham,Smythe,BAL,TE,31,2,447,84.5,13.44,,,NA,,,NA,NA,NA,NA,,,,,
robust,15970,TE,20.1,4.0200,TRUE,0.162500000000001,20.1,20.1,-124.14,-109.726666666667,-138.775,339,301,376,100,20,-153.6,338,Lucas,Krull,DEN,TE,28,-2,523.33,133.8,16.23,,,NA,,,NA,NA,NA,NA,,,,,
robust,17545,TE,19.9375,0.7413,FALSE,0.137499999999996,6.845,25.25,-124.3025,-122.981666666667,-133.625,340,342,356,101,20,-153.7625,339,Jack,Endries,CIN,TE,22,-6,501,85.36,23.73,,,NA,,,NA,NA,NA,NA,,,,,
robust,17547,TE,19.8,13.63992,FALSE,0.100000000000001,5.92,64.49,-124.44,-123.906666666667,-94.385,341,347,260,102,20,-153.9,340,Max,Klare,LAR,TE,23,-6,328.23,48.2,8.33,281.81,ADP.tsv,NA,4.8691,ADP.tsv,NA,NA,0,NA,22958,281.81,343,358,4
robust,17651,TE,19.7,3.9400,TRUE,0.225000000000001,19.7,19.7,-124.54,-110.126666666667,-139.175,342,305,377,103,20,-154,342,Josh,Cuevas,BAL,TE,23,-6,426.4,79.38,7.94,,,NA,,,NA,NA,NA,NA,,,,,
robust,17549,TE,19.475,9.93341999999999,FALSE,0.362500000000001,6.36,28.23,-124.765,-123.466666666667,-130.645,345,346,346,104,20,-154.225,343,Sam,Roush,CHI,TE,23,-6,433.8,75.91,12.76,,,NA,,,NA,NA,NA,NA,,,,,
robust,17655,TE,19.1125,16.90164,FALSE,0.612500000000001,8.365,29.56,-125.1275,-121.461666666667,-129.315,346,337,342,105,20,-154.5875,345,Seydou,Traore,MIA,TE,24,-6,441,84,6.6,,,NA,,,NA,NA,NA,NA,,,,,
robust,13678,TE,18.5,1.77912,FALSE,0.137499999999999,17.42,19.58,-125.74,-112.406666666667,-139.295,348,316,378,106,20,-155.2,349,Ian,Thomas,LVR,TE,30,2,477.2,104.13,15.57,,,NA,,,NA,NA,NA,NA,,,,,
robust,15419,TE,18.3625,6.37518,FALSE,0.262499999999999,12.055,23.17,-125.8775,-117.771666666667,-135.705,349,328,361,107,20,-155.3375,350,Kylen,Granson,TEN,TE,28,-1,499.2,111.5,10.22,,,NA,,,NA,NA,NA,NA,,,,,
robust,15929,TE,18.1,3.6200,TRUE,0.300000000000001,18.1,18.1,-126.14,-111.726666666667,-140.775,350,312,382,108,20,-155.6,352,Ko,Kieft,TBB,TE,28,-2,629.75,157.6,10.76,,,NA,,,NA,NA,NA,NA,,,,,
robust,16425,TE,17.8,3.5600,TRUE,0.949999999999999,17.8,17.8,-126.44,-112.026666666667,-141.075,352,315,383,109,20,-155.9,353,Julian,Hill,NEP,TE,26,-3,538.25,135.4,13.65,,,NA,,,NA,NA,NA,NA,,,,,
robust,13940,TE,16.85,3.3700,TRUE,0.0375000000000014,16.85,16.85,-127.39,-112.976666666667,-142.025,354,318,384,110,20,-156.85,360,Johnny,Mundt,PHI,TE,32,3,482.6,100.67,11.21,,,NA,,,NA,NA,NA,NA,,,,,
robust,17644,TE,16.8125,3.26172,FALSE,0.8125,6.805,21.88,-127.4275,-123.021666666667,-136.995,355,343,369,111,20,-156.8875,361,Tanner,Koziol,JAC,TE,23,-6,388,64.11,13.84,,,NA,,,NA,NA,NA,NA,,,,,
robust,15334,TE,16,7.11648,FALSE,1.05,11.68,20.32,-128.24,-118.146666666667,-138.555,356,330,374,112,20,-157.7,364,Hunter,Long,ARI,TE,28,-1,492.2,114,9.66,,,NA,,,NA,NA,NA,NA,,,,,
robust,15925,TE,14.95,2.9900,TRUE,0.0749999999999993,14.95,14.95,-129.29,-114.876666666667,-143.925,358,322,390,113,20,-158.75,366,John,FitzPatrick,GBP,TE,26,-2,NA,NA,NA,,,NA,,,NA,NA,NA,NA,,,,,
robust,12955,TE,14.875,6.115725,FALSE,3.2,11.1625,18.5875,-129.365,-118.664166666667,-140.2875,359,332,381,114,21,-158.825,368,Chris,Manhertz,NYG,TE,34,4,493.5,127.5,19.75,,,NA,,,NA,NA,NA,NA,,,,,
robust,15840,TE,11.675,17.086965,FALSE,0.300000000000001,1.3025,22.0475,-132.565,-128.524166666667,-136.8275,368,364,367,115,21,-162.025,378,Jelani,Woods,NYJ,TE,28,-2,464,91.1,25.8,,,NA,,,NA,NA,NA,NA,,,,,
robust,16648,TE,11.375,14.418285,FALSE,0.849999999999998,2.6225,20.1275,-132.865,-127.204166666667,-138.7475,370,358,375,116,21,-162.325,379,Jared,Wiley,KCC,TE,26,-4,473.2,97.67,12.36,,,NA,,,NA,NA,NA,NA,,,,,
robust,16220,TE,10.525,13.602855,FALSE,3.225,2.2675,18.7825,-133.715,-127.559166666667,-140.0925,371,361,380,117,21,-163.175,385,Will,Mallory,IND,TE,27,-3,500.6,111.2,5.46,,,NA,,,NA,NA,NA,NA,,,,,
robust,16831,TE,7.3,1.4600,TRUE,0.85,7.3,7.3,-136.94,-122.526666666667,-151.575,379,341,403,118,22,-166.4,395,David,Martin-Robinson,TEN,TE,27,-4,625,148.25,17.98,,,NA,,,NA,NA,NA,NA,,,,,
robust,16706,TE,6.45,1.2900,TRUE,3.15,6.45,6.45,-137.79,-123.376666666667,-152.425,385,345,406,119,22,-167.25,401,Tip,Reiman,ARI,TE,25,-4,561.25,128.83,11.19,,,NA,,,NA,NA,NA,NA,,,,,
robust,17696,TE,3.3,0.6600,TRUE,0.35,3.3,3.3,-140.94,-126.526666666667,-155.575,388,355,409,120,22,-170.4,412,Carsen,Ryan,CLE,TE,23,-6,482.5,103,5.29,,,NA,,,NA,NA,NA,NA,,,,,
robust,17641,TE,2.95,0.5900,TRUE,0.1,2.95,2.95,-141.29,-126.876666666667,-155.925,390,356,410,121,22,-170.75,414,Max,Bredeson,MIN,TE,24,-6,451.88,121,18.2,,,NA,,,NA,NA,NA,NA,,,,,
robust,13427,TE,2.85,0.5700,TRUE,0.45,2.85,2.85,-141.39,-126.976666666667,-156.025,391,357,411,122,22,-170.85,415,Robert,Tonyan,PIT,TE,32,3,NA,137,18.99,,,NA,,,NA,NA,NA,NA,,,,,
robust,17419,TE,2.4,0.4800,TRUE,0.55,2.4,2.4,-141.84,-127.426666666667,-156.475,394,360,412,123,22,-171.3,416,Keleki,Latu,BUF,TE,24,-5,535.25,134.8,15.64,,,NA,,,NA,NA,NA,NA,,,,,
robust,14060,TE,1.85,0.3700,TRUE,1.05,1.85,1.85,-142.39,-127.976666666667,-157.025,395,363,413,124,22,-171.85,417,Tyree,Jackson,WAS,TE,29,1,NA,NA,NA,,,NA,,,NA,NA,NA,NA,,,,,
robust,16898,TE,0.8,0.1600,TRUE,0.0499999999999999,0.8,0.8,-143.44,-129.026666666667,-158.075,397,365,415,125,22,-172.9,420,Colson,Yankoff,WAS,TE,26,-4,545.4,129.17,7.22,,,NA,,,NA,NA,NA,NA,,,,,
robust,16919,TE,0.75,0.1500,TRUE,0.6,0.75,0.75,-143.49,-129.076666666667,-158.125,398,366,416,126,22,-172.95,421,E.J.,Jenkins,PHI,TE,28,-3,634.75,153.5,21.74,,,NA,,,NA,NA,NA,NA,,,,,
robust,17285,TE,0.15,0.0300,TRUE,0,0.15,0.15,-144.09,-129.676666666667,-158.725,399,369,418,127,22,-173.55,425,Ben,Yurosek,MIN,TE,24,-5,543,118.67,9.64,,,NA,,,NA,NA,NA,NA,,,,,
robust,16414,K,174.95504795323,1.87493474657784,FALSE,10.1834204598397,167.812388621669,184.376308812265,10.3061051382831,21.5648886216685,7.5082463630666,40,26,51,1,1,NA,NA,Brandon,Aubrey,DAL,K,31,-3,184.1,1.07,0.31,151.94,ADP.tsv,104.936,17.0496,ADP.tsv,16.5042898665771,-64.936,5.842,1.63054960059484,2964,151.94,92,190,317
robust,12437,K,164.77162749339,14.7982265571242,FALSE,0.12268467844342,143.921667884154,184.68340861188,0.12268467844342,-2.3258321158458,7.81534616268146,60,69,49,2,1,NA,NA,Jason,Myers,SEA,K,35,6,200.71,4.96,1.37,202.36,ADP.tsv,132.554,22.0949,ADP.tsv,18.3360143979001,-72.554,2.084,0.799704945589309,2982,202.36,127,254,317
robust,15979,K,164.648942814946,2.51578976342384,FALSE,1.78746254962797,146.2475,168.766367108382,0,0,-8.10169534081643,61,61,77,3,1,NA,NA,Cameron,Dicker,LAC,K,26,-2,194.41,3.12,1.34,199.49,ADP.tsv,136.874,21.9209,ADP.tsv,10.1399084808493,-75.874,2.4385,0.853444052061997,2980,199.49,123,249,317
robust,12860,K,162.861480265319,9.5766225480923,FALSE,9.12824296758387,155.248458213256,176.868062449198,-1.78746254962797,9.0009582132565,0,64,43,61,4,2,NA,NA,Ka'imi,Fairbairn,HOU,K,32,4,192.02,3.06,2.38,185.81,ADP.tsv,129.186,20.5291,ADP.tsv,13.4331881547159,-65.186,2.267,0.879014789409143,4345,185.81,119,237,317
robust,16843,K,153.733237297735,4.14054998237865,FALSE,2.44424414587706,125.67982920712,159.164273300971,-10.9157055172118,-20.5676707928803,-17.7037891482274,86,117,105,5,2,NA,NA,Harrison,Mevis,LAR,K,24,-4,233.75,11.19,3.84,224.33,ADP.tsv,151.614,23.8749,ADP.tsv,15.7644087741976,-65.614,1.9525,1.0937864279648,2983,224.33,148,285,312
robust,14717,K,151.288993151858,3.15384872978937,FALSE,1.8367872806995,128.199114483821,158.209670493066,-13.3599496630889,-18.0483855161787,-18.658391956132,91,109,110,6,2,NA,NA,Chase,McLaughlin,TBB,K,30,1,230.93,11.49,3.19,256.73,ADP.tsv,162.102,22.8748,ADP.tsv,18.0303692696517,-71.102,1.087,0.643977484078442,2984,256.73,164,290,214
robust,13719,K,149.452205871158,1.4826,FALSE,0.0522058711580655,125.136117470739,151.201558093063,-15.1967369437884,-21.1113825292606,-25.6665043561352,99,118,131,7,2,NA,NA,Eddy,Pineiro,SFO,K,31,2,211.79,8,2.95,227.02,ADP.tsv,162.8575,21.8061,ADP.tsv,12.8196302111254,-63.8575,1.40266666666667,0.400084435532746,2981,227.02,148,273,309
robust,16681,K,149.4,8.07868326196172,FALSE,0.724110251450696,141.146607256778,158.998290271132,-15.2489428149465,-5.10089274322169,-17.8697721780659,100,75,106,8,2,NA,NA,Will,Reichard,MIN,K,25,-4,252.18,14.55,4.45,230.38,ADP.tsv,168.905,24.7554,ADP.tsv,14.8738201212735,-68.905,1.42133333333333,0.893743189562242,2972,230.38,140,281,291
robust,13354,K,148.675889748549,5.03359045880079,FALSE,0.362285909395553,131.899683881367,156.982400386847,-15.9730530663972,-14.3478161186331,-19.885662062351,102,99,112,9,3,NA,NA,Harrison,Butker,KCC,K,31,3,247.68,14.07,2.59,263.53,ADP.tsv,156.534,28.8565,ADP.tsv,17.816811836016,-54.534,1.686,0.773400284458184,2970,263.53,145,300,171
robust,16846,K,148.313603839154,11.473877308751,FALSE,0.937660926070748,127.402802275755,161.691987066198,-16.3353389757927,-18.8446977242449,-15.1760753830004,103,111,99,10,3,NA,NA,Jake,Bates,DET,K,27,-3,224.18,10.13,3.05,236.74,ADP.tsv,149.986,26.1021,ADP.tsv,12.7014795988499,-46.986,1.687,0.805671769394957,2966,236.74,145,293,279
robust,12956,K,147.375942913083,3.68006868698975,FALSE,0.407928102992315,120.055977165233,150.832895198937,-17.2729999018635,-26.1915228347668,-26.0351672502611,107,130,134,11,3,NA,NA,Wil,Lutz,DEN,K,32,4,265.48,15.82,2.44,271.47,ADP.tsv,170.88,28.0032,ADP.tsv,13.5594524225722,-63.88,1.358,1.258,2965,271.47,162,309,140
robust,11945,K,146.968014810091,8.15121125,FALSE,0.788359637676905,129.935907738095,160.719901147959,-17.6809280048558,-16.3115922619048,-16.1481613012391,110,106,101,12,3,NA,NA,Cairo,Santos,CHI,K,35,6,223.29,11.42,2.79,267.53,ADP.tsv,175.8,25.8708,ADP.tsv,16.3764480275791,-65.8,1.1,0.7,2961,267.53,163,300,151
robust,16680,K,146.179655172414,11.7634596413793,FALSE,0.186655172413793,123.071359386973,160.327391570881,-18.4692876425327,-23.1761406130268,-16.540670878317,115,124,103,13,3,NA,NA,Cam,Little,JAC,K,23,-4,198.53,4.81,2.18,205.2,ADP.tsv,143.978,23.3127,ADP.tsv,10.5372603650095,-28.978,1.9835,0.82110702712862,2969,205.2,128,262,317
robust,17222,K,145.993,13.4056574639558,FALSE,0.793614563712595,115.449966363045,163.930236152678,-18.6559428149465,-30.7975336369551,-12.9378262965199,117,138,91,14,3,NA,NA,Tyler,Loop,BAL,K,25,-5,213.7,8.91,3.65,254.84,ADP.tsv,164.765,25.5999,ADP.tsv,9.58084677886042,-47.765,1.366,0.471528012600171,2958,254.84,158,300,228
robust,16896,K,145.199385436287,16.1500079123622,FALSE,4.11239410680764,62.6724002483146,162.904667600741,-19.4495573786591,-83.5750997516855,-13.9633948484572,120,224,95,15,3,NA,NA,Spencer,Shrader,IND,K,27,-4,275.6,23.53,6.91,257.64,ADP.tsv,150.04,27.1797,ADP.tsv,NA,-30.04,0,NA,2968,257.64,156,304,193
robust,14983,K,141.08699132948,4.41421208923965,FALSE,1.20363556084001,111.7384,144.900574507188,-23.5619514854667,-34.5091,-31.9674879420099,130,146,151,16,4,NA,NA,Tyler,Bass,BUF,K,29,0,283.68,18.3,3.93,282.1,ADP.tsv,179.47,20.9711,ADP.tsv,12.9,-49.47,1.334,1.234,2959,282.1,225,329,87
robust,17668,K,139.88335576864,2.58136911582766,FALSE,2.37838395292158,101.7722,158.229684520663,-24.7655870463067,-44.4753,-18.6383779285352,134,166,109,17,4,NA,NA,Trey,Smack,GBP,K,23,-6,282.55,19.96,5.03,275.61,ADP.tsv,166.315,33.3633,ADP.tsv,22.0738867216447,-32.315,1.242,0.852110321495991,2967,275.61,145,317,120
robust,13718,K,137.504971815718,4.4478,FALSE,0.309531454839231,105.453788726287,142.809211707317,-27.1439709992283,-40.7937112737127,-34.0588507418812,141,162,158,18,4,NA,NA,Daniel,Carlson,NOS,K,31,2,277.1,24.07,5.08,278.12,ADP.tsv,NA,30.8381,ADP.tsv,NA,NA,0,NA,2974,278.12,159,316,108
robust,15368,K,137.195440360879,1.73897942766371,FALSE,0.36923738833525,111.009606442686,150.950169701666,-27.4535024540675,-35.2378935573145,-25.9178927475322,142,149,133,19,4,NA,NA,Evan,McPherson,CIN,K,27,-1,218.02,10.72,3.66,261.31,ADP.tsv,170.985,29.2446,ADP.tsv,14.2351194234541,-28.985,1.184,0.888132122303133,2962,261.31,155,313,180
robust,17220,K,136.826202972544,8.89833231371679,FALSE,2.36854403385405,125.9642,147.504514431586,-27.8227398424028,-20.2833,-29.3635480176121,143,116,145,20,4,NA,NA,Andres,Borregales,NEP,K,24,-5,227.85,12.26,3.5,258.79,ADP.tsv,176.393333333333,24.6985,ADP.tsv,10.7727103780288,-33.3933333333333,1.18933333333333,1.05689524341609,2973,258.79,167,304,228
robust,13303,K,134.45765893869,9.6857561792323,FALSE,1.00019227202296,111.4794,141.952184805091,-30.1912838762568,-34.7681,-34.9158776441073,145,148,161,21,4,NA,NA,Jake,Elliott,PHI,K,31,3,306.18,19.96,2.7,284.14,ADP.tsv,155.215,35.7989,ADP.tsv,26.915,-10.215,1.12933333333333,0.813134401901405,2978,284.14,160,334,74
robust,11936,K,133.457466666667,2.82328772444446,FALSE,1.51942500000001,127.424,139.476358095238,-31.1914761482798,-18.8235,-37.3917043539602,148,110,165,22,5,NA,NA,Chris,Boswell,PIT,K,35,6,245.11,13.88,3.79,258.91,ADP.tsv,161.742,30.4093,ADP.tsv,20.3173348645928,-13.742,1.161,0.55620409922977,2979,258.91,153,318,187
robust,8851,K,131.938041666667,17.74321318,FALSE,1.79176179245283,114.814106666667,148.89551,-32.7109011482798,-31.4333933333333,-27.9725524491982,150,140,140,23,5,NA,NA,Nick,Folk,ATL,K,42,13,296,24.14,2.74,280.61,ADP.tsv,183.505,25.2676,ADP.tsv,19.295,-33.505,0,NA,2957,280.61,210,336,91
robust,15369,K,130.146279874214,6.672290898812,FALSE,1.30813342615357,108.340111949686,135.804806894945,-34.5026629407326,-37.9073880503145,-41.063255554253,153,156,172,24,5,NA,NA,Riley,Patterson,MIA,K,27,-1,423.5,30.81,2.86,289.29,ADP.tsv,NA,16.6358,ADP.tsv,NA,NA,0,NA,2971,289.29,279,359,68
robust,16444,K,128.83814644806,17.1273870451643,FALSE,1.10713230525239,108.210258579224,141.478002659324,-35.8107963668862,-38.0372414207759,-35.3900597898738,156,157,162,25,5,NA,NA,Blake,Grupe,NYJ,K,28,-3,322,23.63,4.02,289.07,ADP.tsv,167.68,25.3696,ADP.tsv,14.7991418670138,-11.68,0.84,0.84,2975,289.07,237,359,68
robust,16292,K,127.731014142808,4.82265806685064,FALSE,1.23084320263692,114.224005657123,131.460188984707,-36.9179286721386,-32.0234943428768,-45.4078734644909,159,141,180,26,5,NA,NA,Chad,Ryland,ARI,K,27,-3,274.6,23.54,3.47,287.07,ADP.tsv,NA,29.5225,ADP.tsv,NA,NA,0,NA,2956,287.07,204,347,72
robust,17726,K,126.500170940171,9.57734256410257,FALSE,2.89778998778999,106.063373219373,138.688034188034,-38.1487718747755,-40.1841267806268,-38.1800282611641,163,161,167,27,6,NA,NA,Drew,Stevens,WAS,K,23,-6,359.75,26.92,4.71,287.49,ADP.tsv,NA,15.5111,ADP.tsv,NA,NA,0,NA,2986,287.49,283,358,71
robust,17277,K,123.602380952381,10.5089512,FALSE,0.849510875190347,89.1776,130.992514285714,-41.0465618625655,-57.0699,-45.875548163484,169,187,182,28,6,NA,NA,Ryan,Fitzgerald,CAR,K,NA,-5,289.4,25.33,2.04,289.11,ADP.tsv,NA,16.1899,ADP.tsv,NA,NA,0,NA,2960,289.11,281,359,69
robust,14600,K,122.752870077191,24.3459672235572,FALSE,3.71308598628153,108.392881847755,139.583514838109,-41.8960727377559,-37.8546181522446,-37.2845476110897,170,155,164,29,6,NA,NA,Joey,Slye,TEN,K,30,1,301.6,23.58,3.17,285.13,ADP.tsv,NA,21.7003,ADP.tsv,NA,NA,0,NA,2985,285.13,236,342,77
robust,14244,K,119.039784090909,7.69210603416929,FALSE,4.52217010914616,92.6474,128.676963375131,-45.6091587240374,-53.6001,-48.1910990740676,178,185,183,30,7,NA,NA,Matt,Gay,LVR,K,32,1,400.5,29.47,2.33,287.72,ADP.tsv,NA,25.1400,ADP.tsv,NA,NA,0,NA,2977,287.72,235,358,78
robust,16419,K,114.517613981763,16.0285919750231,FALSE,3.81361398176291,92.952,126.560552927184,-50.1313288331836,-53.2955,-50.3075095220144,185,183,189,31,7,NA,NA,Andre,Szmyt,CLE,K,28,-3,320,30.68,1.87,288.93,ADP.tsv,NA,27.1654,ADP.tsv,NA,NA,0,NA,2963,288.93,231,359,58
robust,17434,K,110.704,24.8839584,FALSE,12.9408690476191,95.5984,125.8096,-53.9449428149465,-50.6491,-51.0584624491983,191,176,190,32,8,NA,NA,Ben,Sauls,FA,K,25,-5,298,28.45,2.61,281.84,ADP.tsv,NA,2.5969,ADP.tsv,NA,NA,NA,NA,20265,281.84,349,357,4
robust,17736,K,97.7631309523809,55.5360967670886,FALSE,57.7631309523809,38.74855,147.785446292948,-66.8858118625655,-107.49895,-29.0826161562507,213,287,143,33,9,NA,NA,Dominic,Zvada,NYG,K,23,-6,349,29.39,5.24,284.99,ADP.tsv,NA,26.8532,ADP.tsv,NA,NA,0,NA,2976,284.99,226,358,81
robust,16286,K,40,4.0000,TRUE,10,40,40,-124.648942814946,-106.2475,-136.868062449198,343,278,368,34,10,NA,NA,Jake,Moody,BAL,K,27,-3,319,31.38,5.12,254.84,ADP.tsv,NA,25.5999,ADP.tsv,NA,NA,NA,NA,2958,254.84,158,300,228
robust,17424,K,30,3.0000,TRUE,1,30,30,-134.648942814946,-116.2475,-146.868062449198,373,325,394,35,10,NA,NA,Charlie,Smyth,NOS,K,25,-4,284.54,20.36,5.3,278.12,ADP.tsv,NA,30.8381,ADP.tsv,NA,NA,NA,NA,2974,278.12,159,316,108
robust,11947,K,29,2.9000,TRUE,1,29,29,-135.648942814946,-117.2475,-147.868062449198,377,327,395,36,10,NA,NA,Brandon,McManus,FA,K,35,6,304.6,29.82,5.84,281.84,ADP.tsv,NA,2.5969,ADP.tsv,NA,NA,NA,NA,20265,281.84,349,357,4
robust,13347,K,29,2.9000,TRUE,0,29,29,-135.648942814946,-117.2475,-147.868062449198,377,327,395,36,10,NA,NA,Zane,Gonzalez,FA,K,31,3,292.89,25.18,5.01,281.84,ADP.tsv,NA,2.5969,ADP.tsv,NA,NA,NA,NA,20265,281.84,349,357,4
robust,15882,K,28,2.8000,TRUE,1,28,28,-136.648942814946,-118.2475,-148.868062449198,378,331,397,37,10,NA,NA,Cade,York,FA,K,25,-2,NA,36.86,2.9,281.84,ADP.tsv,NA,2.5969,ADP.tsv,NA,NA,NA,NA,20265,281.84,349,357,4
robust,13832,K,27,2.7000,TRUE,10,27,27,-137.648942814946,-119.2475,-149.868062449198,384,333,398,38,11,NA,NA,Jason,Sanders,NYJ,K,31,2,355.5,29.7,4.01,289.07,ADP.tsv,NA,25.3696,ADP.tsv,NA,NA,NA,NA,2975,289.07,237,359,68
robust,13980,K,17,1.7000,TRUE,6,17,17,-147.648942814946,-129.2475,-159.868062449198,407,367,420,39,11,NA,NA,Mike,Badgley,FA,K,31,2,NA,NA,NA,281.84,ADP.tsv,NA,2.5969,ADP.tsv,NA,NA,NA,NA,20265,281.84,349,357,4
robust,13403,K,11,1.1000,TRUE,2,11,11,-153.648942814946,-135.2475,-165.868062449198,420,379,427,40,12,NA,NA,Younghoe,Koo,FA,K,32,3,NA,NA,NA,281.84,ADP.tsv,NA,2.5969,ADP.tsv,NA,NA,NA,NA,20265,281.84,349,357,4
robust,16405,K,9,0.9000,TRUE,2,9,9,-155.648942814946,-137.2475,-167.868062449198,426,386,430,41,12,NA,NA,John Parker,Romo,FA,K,29,-2,NA,NA,NA,281.84,ADP.tsv,NA,2.5969,ADP.tsv,NA,NA,NA,NA,20265,281.84,349,357,4
robust,16775,K,9,0.9000,TRUE,0,9,9,-155.648942814946,-137.2475,-167.868062449198,426,386,430,41,12,NA,NA,Joshua,Karty,FA,K,24,-4,NA,NA,NA,281.84,ADP.tsv,NA,2.5969,ADP.tsv,NA,NA,NA,NA,20265,281.84,349,357,4
robust,9694,K,7,0.7000,TRUE,1,7,7,-157.648942814946,-139.2475,-169.868062449198,430,389,433,42,12,NA,NA,Graham,Gano,FA,K,39,11,NA,NA,NA,281.84,ADP.tsv,NA,2.5969,ADP.tsv,NA,NA,NA,NA,20265,281.84,349,357,4
robust,14426,K,6,0.6000,TRUE,1,6,6,-158.648942814946,-140.2475,-170.868062449198,432,395,435,43,12,NA,NA,Matthew,Wright,BUF,K,30,1,NA,NA,NA,282.1,ADP.tsv,NA,20.9711,ADP.tsv,NA,NA,NA,NA,2959,282.1,225,329,87
robust,8930,K,5,0.5000,TRUE,0,5,5,-159.648942814946,-141.2475,-171.868062449198,435,399,438,44,12,NA,NA,Matt,Prater,FA,K,42,14,NA,NA,NA,281.84,ADP.tsv,NA,2.5969,ADP.tsv,NA,NA,NA,NA,20265,281.84,349,357,4
robust,0532,DST,128.55,12.67623,FALSE,7.13500000000001,111.375,147.075,11.595,5.8125,8.89249999999998,39,49,44,1,1,NA,NA,Houston,Texans,HOU,DST,NA,50,156.72,1.36,0.64,145.17,ADP.tsv,104.925,17.4419,ADP.tsv,13.1598584718834,-65.925,3.73333333333333,0.309120616516524,4343,145.17,87,188,340
robust,0511,DST,121.415,15.441279,FALSE,4.46000000000001,105.5625,138.1825,4.46000000000001,0,0,49,61,61,2,2,NA,NA,Denver,Broncos,DEN,DST,NA,50,166.35,3.23,1.19,165.88,ADP.tsv,106.7825,19.3415,ADP.tsv,22.3649931533636,-57.7825,2.81666666666667,0.28963578661638,1863,165.88,101,213,340
robust,0515,DST,116.955,15.12252,FALSE,1.155,102.0625,145.3,0,-3.5,7.11749999999998,61,71,52,3,3,NA,NA,Seattle,Seahawks,SEA,DST,NA,50,169.46,3.61,1.99,164.44,ADP.tsv,110.9775,16.2330,ADP.tsv,24.0774691101453,-49.9775,2.64333333333333,0.51227162933567,1989,164.44,112,206,340
robust,0510,DST,115.8,7.160958,FALSE,2.95,106.975,125.065,-1.155,1.41249999999999,-13.1175,63,58,92,4,4,NA,NA,Pittsburgh,Steelers,PIT,DST,NA,50,190.04,8.44,1.97,197.52,ADP.tsv,148.593333333333,17.9600,ADP.tsv,15.744479102918,-85.5933333333333,1.5,0.1,1968,197.52,135,239,340
robust,0528,DST,112.85,11.297412,FALSE,1.94999999999999,100.9375,125.8975,-4.105,-4.625,-12.285,71,74,87,5,5,NA,NA,Los Angeles,Rams,LAR,DST,NA,50,166.34,2.71,1.68,147.68,ADP.tsv,105.4575,17.2692,ADP.tsv,15.0394587252999,-34.4575,4.06,0.12328828005938,1996,147.68,92,192,340
robust,0524,DST,110.9,2.07564,FALSE,0.219999999999999,104.625,130.9,-6.05499999999999,-0.9375,-7.28250000000003,72,63,74,6,5,NA,NA,Minnesota,Vikings,MIN,DST,NA,50,188.23,8.26,2.97,206.64,ADP.tsv,137.9,18.0457,ADP.tsv,24.6751102665554,-65.9,0.65,0.35,1919,206.64,142,246,325
robust,0514,DST,110.68,3.11345999999998,FALSE,0.680000000000007,105.3,123.965,-6.27499999999999,-0.262500000000003,-14.2175,73,62,96,7,5,NA,NA,Los Angeles,Chargers,LAC,DST,NA,50,194.69,10.14,2.72,197.83,ADP.tsv,152.225,17.6255,ADP.tsv,13.8665722152232,-79.225,1.07333333333333,0.346538437823121,1975,197.83,136,238,338
robust,0501,DST,110,10.489395,FALSE,0.900000000000006,96.5875,130.3275,-6.955,-8.97499999999999,-7.85500000000002,75,83,76,8,6,NA,NA,Buffalo,Bills,BUF,DST,NA,50,230.78,15.18,2.45,253.61,ADP.tsv,159.0675,15.6177,ADP.tsv,20.3357337893178,-84.0675,0.933333333333333,0.590668171555645,1828,253.61,187,271,173
robust,0518,DST,109.1,17.49468,FALSE,1.14999999999999,95.6,136.08,-7.855,-9.96250000000001,-2.10250000000002,76,88,65,9,7,NA,NA,Philadelphia,Eagles,PHI,DST,NA,50,176.62,5.88,2.52,187.27,ADP.tsv,133.6875,18.1383,ADP.tsv,12.6895495881454,-57.6875,1.48333333333333,0.192930615046504,1961,187.27,130,235,339
robust,0507,DST,107.95,13.49166,FALSE,0.849999999999994,95.4,119.88,-9.005,-10.1625,-18.3025,80,89,107,10,8,NA,NA,Cleveland,Browns,CLE,DST,NA,50,222.64,15.18,4.47,252.9,ADP.tsv,162.7525,23.2868,ADP.tsv,22.1137122335894,-82.7525,1,0.2,2871,252.9,154,279,170
robust,0522,DST,107.1,8.806644,FALSE,0.125000000000014,98.0625,124.3575,-9.85499999999999,-7.5,-13.825,83,78,94,11,8,NA,NA,Detroit,Lions,DET,DST,NA,50,221.84,14.85,3.36,245.84,ADP.tsv,153.0325,20.6023,ADP.tsv,25.1588387798404,-70.0325,1.1,0.141421356237309,1870,245.84,167,281,223
robust,0521,DST,106.975,14.23296,FALSE,1.3,90.08,117.27,-9.98,-15.4825,-20.9125,84,103,119,12,9,NA,NA,Chicago,Bears,CHI,DST,NA,50,282.49,20,4.18,240.77,ADP.tsv,161.93,23.2788,ADP.tsv,NA,-77.93,0.1,NA,1842,240.77,149,278,226
robust,0531,DST,105.675,13.3434,FALSE,1.875,94.78,117.76,-11.28,-10.7825,-20.4225,87,92,117,13,10,NA,NA,Baltimore,Ravens,BAL,DST,NA,50,198.41,10.26,3.02,206.39,ADP.tsv,155.6875,21.1147,ADP.tsv,17.2492889346199,-68.6875,1.2,0.163299316185545,1807,206.39,137,259,333
robust,0509,DST,103.8,3.31114,FALSE,0.799999999999997,101.113333333333,107.173333333333,-13.155,-4.44916666666666,-31.0091666666667,90,73,148,14,11,NA,NA,Jacksonville,Jaguars,JAC,DST,NA,50,191.34,9.56,3.33,191.36,ADP.tsv,152.52,21.0684,ADP.tsv,12.0234915893845,-62.52,0.986666666666667,0.419947086613963,1898,191.36,112,234,340
robust,0523,DST,103,20.7564,FALSE,0.25,83.32,125.62,-13.955,-22.2425,-12.5625,92,120,89,15,11,NA,NA,Green Bay,Packers,GBP,DST,NA,50,209.31,13.99,3.5,250.99,ADP.tsv,161.21,21.3154,ADP.tsv,19.9348288179257,-69.21,0.866666666666667,0.498887651569859,1877,250.99,166,282,192
robust,0504,DST,102.75,17.00048,FALSE,0.349999999999994,89.2533333333333,118.38,-14.205,-16.3091666666667,-19.8025,93,105,111,16,11,NA,NA,New England,Patriots,NEP,DST,NA,50,187.91,7.96,2.99,190.22,ADP.tsv,141.9525,15.2063,ADP.tsv,19.4614713922149,-48.9525,1.15666666666667,0.114406682011537,1926,190.22,139,227,338
robust,0529,DST,102.4,8.30255999999999,FALSE,0.608333333333348,94.8,116,-14.555,-10.7625,-22.1825,95,91,122,17,12,NA,NA,New Orleans,Saints,NOS,DST,NA,50,263.36,18.78,3.46,261.36,ADP.tsv,157.04,26.1405,ADP.tsv,NA,-62.04,0,NA,1933,261.36,147,285,147
robust,0508,DST,101.791666666667,14.48006,FALSE,1.59166666666667,80.92,113.796666666667,-15.1633333333333,-24.6425,-24.3858333333333,98,126,128,18,13,NA,NA,Tennessee,Titans,TEN,DST,NA,50,283.09,25.86,3.06,273.98,ADP.tsv,NA,30.2179,ADP.tsv,NA,NA,0,NA,1884,273.98,183,338,115
robust,0526,DST,100.2,7.26474,FALSE,0.774999999999991,91.325,128.425,-16.755,-14.2375,-9.75750000000002,105,98,80,19,13,NA,NA,Atlanta,Falcons,ATL,DST,NA,50,274.71,19.74,3.51,265.36,ADP.tsv,159.375,20.6748,ADP.tsv,8.32499999999999,-54.375,0,NA,1814,265.36,165,272,124
robust,0525,DST,99.425,8.30256000000001,FALSE,0.325000000000003,88.36,106.61,-17.53,-17.2025,-31.5725,109,107,149,20,14,NA,NA,Tampa Bay,Buccaneers,TBB,DST,NA,50,293.32,23.1,3.42,269.44,ADP.tsv,170.3,30.3816,ADP.tsv,NA,-61.3,0.1,NA,2003,269.44,158,314,116
robust,0520,DST,99.1,30.3933,FALSE,0.0999999999999943,75.12,122,-17.855,-30.4425,-16.1825,112,137,102,21,14,NA,NA,Washington,Commanders,WAS,DST,NA,50,307.6,27.36,2.83,283.31,ADP.tsv,NA,31.0779,ADP.tsv,NA,NA,0,NA,2010,283.31,205,355,70
robust,0506,DST,99,10.3782,FALSE,1,90.64,114.77,-17.955,-14.9225,-23.4125,113,101,126,22,14,NA,NA,Cincinnati,Bengals,CIN,DST,NA,50,274.25,24.63,4.74,278.28,ADP.tsv,NA,29.0032,ADP.tsv,NA,NA,0,NA,1849,278.28,196,339,83
robust,0517,DST,98,7.85778,FALSE,0.599999999999994,86.54,126.56,-18.955,-19.0225,-11.6225,118,112,86,23,15,NA,NA,New York,Giants,NYG,DST,NA,50,278.62,22.27,3.13,265,ADP.tsv,190.83,27.6839,ADP.tsv,NA,-72.83,0,NA,1940,265,156,299,122
robust,0502,DST,97.4,10.15581,FALSE,0.800000000000011,84.32,105.24,-19.555,-21.2425,-32.9425,121,119,155,24,16,NA,NA,Indianapolis,Colts,IND,DST,NA,50,277.23,19.54,2.35,272.31,ADP.tsv,NA,23.5633,ADP.tsv,NA,NA,0,NA,1891,272.31,181,300,101
robust,0516,DST,96.6,21.34944,FALSE,1.5,68.44,123.2,-20.355,-37.1225,-14.9825,125,153,98,25,17,NA,NA,Dallas,Cowboys,DAL,DST,NA,50,262.56,20.26,5.53,262.1,ADP.tsv,169.915,25.8025,ADP.tsv,13.585,-44.915,0.2,NA,1856,262.1,151,287,145
robust,0512,DST,95.1,19.12554,FALSE,0.433333333333337,80.84,108.88,-21.855,-24.7225,-29.3025,127,127,144,26,17,NA,NA,Kansas City,Chiefs,KCC,DST,NA,50,212.79,13.37,2.33,254.24,ADP.tsv,146.285,20.2526,ADP.tsv,13.985,-19.285,0.95,0.45,1905,254.24,167,276,174
robust,0519,DST,94.6666666666667,21.34944,FALSE,1.56666666666666,78.32,110.853333333333,-22.2883333333333,-27.2425,-27.3291666666667,128,132,138,27,18,NA,NA,Arizona,Cardinals,ARI,DST,NA,50,299.6,31.43,1.01,286.43,ADP.tsv,NA,24.2652,ADP.tsv,NA,NA,0,NA,1821,286.43,244,357,53
robust,0503,DST,93.1,20.31162,FALSE,0.0999999999999943,73.44,112.36,-23.855,-32.1225,-25.8225,132,142,132,28,18,NA,NA,Miami,Dolphins,MIA,DST,NA,50,308.38,27.53,3.02,284.51,ADP.tsv,NA,23.8425,ADP.tsv,NA,NA,0,NA,1912,284.51,240,354,65
robust,0527,DST,93,2.29803,FALSE,0.900000000000006,80.16,99.47,-23.955,-25.4025,-38.7125,133,128,169,29,19,NA,NA,Carolina,Panthers,CAR,DST,NA,50,299.43,23.44,3.7,275.19,ADP.tsv,NA,33.3143,ADP.tsv,NA,NA,0.1,NA,1835,275.19,166,333,95
robust,0505,DST,92.1,34.24806,FALSE,0.949999999999989,67.24,114.813333333333,-24.855,-38.3225,-23.3691666666667,135,158,125,30,20,NA,NA,New York,Jets,NYJ,DST,NA,50,293.2,29.41,2.62,282.85,ADP.tsv,NA,27.6249,ADP.tsv,NA,NA,0,NA,1947,282.85,219,355,82
robust,0513,DST,91.15,10.92182,FALSE,0.150000000000006,75.98,106.046666666667,-25.805,-29.5825,-32.1358333333334,136,135,152,31,20,NA,NA,Las Vegas,Raiders,LVR,DST,NA,50,287,28.44,3.46,277.73,ADP.tsv,NA,33.8221,ADP.tsv,NA,NA,0,NA,1954,277.73,188,360,107
robust,0530,DST,91,21.79422,FALSE,0,60.04,111.64,-25.955,-45.5225,-26.5425,137,168,135,32,20,NA,NA,San Francisco,49ers,SFO,DST,NA,50,266.17,19.23,3.33,259.17,ADP.tsv,126.5,24.5866,ADP.tsv,NA,10.5,0.65,0.55,1982,259.17,171,304,182
weighted,13589,QB,377.427158774373,13.4961517105752,FALSE,39.0192757660168,367.651595291454,399.612159008835,61.3454874651811,72.0005281203352,61.7983969716207,10,6,9,1,1,NA,NA,Josh,Allen,BUF,QB,30,2,28.72,1.01,0.1,32.45,ADP.tsv,18.804,9.1527,ADP.tsv,8.50155891586949,-8.804,38.215,11.6786418302815,16074,32.45,10,63,340
weighted,13593,QB,338.407883008357,18.9583305231998,FALSE,5.29980501392754,319.429696685623,361.453141566646,22.3262116991643,23.7786295145037,23.6393795294317,28,22,29,2,1,NA,NA,Lamar,Jackson,BAL,QB,29,2,38.18,2.46,0.93,64.42,ADP.tsv,41.516,18.8234,ADP.tsv,11.2351886499515,-13.516,25.535,10.5414740430359,16081,64.42,5,114,340
weighted,16581,QB,333.108077994429,16.3223458233886,FALSE,1.25362116991641,315.551351270397,353.079265972638,17.0264066852368,19.9002840992778,15.2655039354239,33,27,33,3,1,NA,NA,Jayden,Daniels,WAS,QB,26,-4,61.59,6.15,2.34,90.82,ADP.tsv,63.814,26.5946,ADP.tsv,9.05596952291691,-30.814,11.924,4.85648926694994,21126,90.82,10,164,340
weighted,16580,QB,331.854456824513,20.0704534810197,FALSE,2.11309192200559,315.080167584747,363.143840352571,15.7727855153204,19.4291004136282,25.3300783153571,37,28,27,4,1,NA,NA,Drake,Maye,NEP,QB,24,-4,43.17,3.26,1.07,65.89,ADP.tsv,49.336,16.2330,ADP.tsv,11.3171950588474,-12.336,16.3745,6.65413035264564,21125,65.89,7,101,340
weighted,14783,QB,329.741364902507,15.1278417523482,FALSE,5.65419220055708,313.853977433101,346.494273790638,13.6596935933148,18.2029102619819,8.68051175342424,39,31,44,5,1,NA,NA,Jalen,Hurts,PHI,QB,28,0,60.14,5.82,1.67,97.58,ADP.tsv,64.948,25.5584,ADP.tsv,11.4598593359605,-25.948,14.2755,7.73959822923645,17999,97.58,8,156,340
weighted,14777,QB,324.08717270195,18.5057800078893,FALSE,4.55825905292483,308.196863682077,347.17839523694,8.00550139275771,12.5457965109586,9.36463319972546,43,40,42,6,2,NA,NA,Joe,Burrow,CIN,QB,30,0,50.19,4.54,1.36,62.41,ADP.tsv,50.276,17.6146,ADP.tsv,11.57095778231,-7.276,16.6755,8.58697739312268,17968,62.41,6,108,340
weighted,17032,QB,319.528913649025,16.7540100459996,FALSE,0.403245125348178,301.459339966566,341.861796894009,3.44724233983288,5.80827279544752,4.04803485679508,51,47,53,7,2,NA,NA,Jaxson,Dart,NYG,QB,23,-5,99.71,13.32,2.88,123.84,ADP.tsv,104.216,28.8396,ADP.tsv,13.6040708613268,-53.216,6.534,3.19131132921876,22087,123.84,22,189,340
weighted,15237,QB,319.125668523677,20.6780561548194,FALSE,2.14486072423398,295.651067171119,341.059603131193,3.0439972144847,0,3.24584109397847,53,59,55,8,2,NA,NA,Trevor,Lawrence,JAC,QB,27,-1,77.14,8.99,2.02,91.97,ADP.tsv,82.202,21.0684,ADP.tsv,9.86450282578904,-29.202,8.4075,5.67389361461775,18779,91.97,14,136,340
weighted,16579,QB,316.980807799443,23.3319503951218,FALSE,0.899136490250726,290.335979764058,342.615415853177,0.899136490250726,-5.31508740706107,4.80165381596282,58,69,52,9,2,NA,NA,Caleb,Williams,CHI,QB,25,-4,67.54,7.04,1.71,81.56,ADP.tsv,73.936,21.2411,ADP.tsv,14.3032871746323,-15.936,9.893,6.27882369556592,21124,81.56,19,142,340
weighted,12620,QB,316.081671309192,17.3920608744025,FALSE,2.56345403899718,298.515915998862,333.154831446762,0,2.86484882774312,-4.65893059045169,59,54,64,10,2,NA,NA,Dak,Prescott,DAL,QB,33,4,79,9.27,2.04,91.12,ADP.tsv,69.506,21.0684,ADP.tsv,14.1156956612134,-10.506,10.8345,7.62190860283696,14553,91.12,15,137,340
weighted,14779,QB,313.518217270195,20.2012491273988,FALSE,0.317632311977718,295.070828004207,336.586832173713,-2.56345403899718,-0.580239166911895,-1.22692986350114,64,61,61,11,2,NA,NA,Justin,Herbert,LAC,QB,28,0,73.21,8.22,2.16,90.85,ADP.tsv,84.478,22.6226,ADP.tsv,17.1541381596395,-20.478,9.7215,6.92113767743425,17976,90.85,13,144,340
weighted,16582,QB,313.200584958217,21.9786003507154,FALSE,2.97863509749305,286.216158057393,337.813762037214,-2.8810863509749,-9.43490911372578,0,65,78,59,12,2,NA,NA,Bo,Nix,DEN,QB,26,-4,99.2,12.7,1.99,120.87,ADP.tsv,104.464,25.3857,ADP.tsv,16.9150496304327,-39.464,6.619,5.18172201106929,20299,120.87,26,173,340
weighted,13116,QB,310.221949860724,14.5983083340273,FALSE,0.117534818941522,294.414617558873,330.385216286371,-5.85972144846795,-1.23644961224591,-7.42854575084328,66,62,71,13,2,NA,NA,Patrick,Mahomes,KCC,QB,31,3,104.44,14.13,2.41,125.26,ADP.tsv,102.016,24.8676,ADP.tsv,16.5771536760688,-36.016,8.8555,8.95422027593693,15234,125.26,35,179,340
weighted,15698,QB,310.104415041783,14.1551482927143,FALSE,4.98455431754877,296.050922394269,327.923919432645,-5.97725626740947,0.399855223150382,-9.88984260456908,67,58,76,14,2,NA,NA,Brock,Purdy,SFO,QB,27,-2,97.17,12.37,2.15,115.37,ADP.tsv,96.854,24.1769,ADP.tsv,16.2051826277892,-29.854,5.566,4.44829270619639,19742,115.37,23,163,340
weighted,9431,QB,305.119860724234,19.8214067768225,FALSE,2.83816155988853,286.885249900751,335.112649182974,-10.9618105849582,-8.76581727036813,-2.70111285424014,74,76,63,15,3,NA,NA,Matthew,Stafford,LAR,QB,38,11,108.78,15.18,2.45,107.61,ADP.tsv,89.128,25.2130,ADP.tsv,25.005051009746,-15.128,8.1635,6.88075553627652,7697,107.61,20,166,340
weighted,12611,QB,302.281699164345,20.8880098327304,FALSE,2.11952646239553,280.193258992339,329.195328274672,-13.7999721448468,-15.45780817878,-8.61843376254217,80,89,73,16,3,NA,NA,Jared,Goff,DET,QB,32,4,107.08,14.7,2.48,113.84,ADP.tsv,104.744,24.8676,ADP.tsv,14.7466723025908,-24.744,5.928,5.82166230556188,14748,113.84,18,162,340
weighted,14056,QB,300.16217270195,17.7586515223047,FALSE,4.2050139275766,287.810000967605,328.911052272951,-15.9194986072423,-7.84106620351429,-8.90270976426314,86,72,74,17,3,NA,NA,Kyler,Murray,MIN,QB,29,1,118.44,16.82,2.44,138.79,ADP.tsv,126.354,27.2853,ADP.tsv,17.3364432338355,-40.354,5.333,5.24816034434925,17009,138.79,45,203,340
weighted,13590,QB,295.957158774373,23.9053032049458,FALSE,2.14389972144846,271.063982748153,318.888287286077,-20.1245125348189,-24.5870844229657,-18.9254747511374,98,104,93,18,3,NA,NA,Baker,Mayfield,TBB,QB,31,2,124.4,18.6,1.89,136.19,ADP.tsv,127.662,28.6669,ADP.tsv,15.4383138975731,-29.662,4.3575,4.63970028665646,16069,136.19,36,202,340
weighted,17039,QB,293.813259052925,18.755215570266,FALSE,8.00473537604461,270.985337879742,319.372090115782,-22.2684122562674,-24.665729291377,-18.4416719214325,103,105,90,19,3,NA,NA,Tyler,Shough,NOS,QB,27,-5,131.18,19.62,1.88,146.06,ADP.tsv,138.36,29.5303,ADP.tsv,14.4729913977726,-35.36,3.005,2.50760343754749,22220,146.06,41,212,340
weighted,14782,QB,285.80852367688,13.4856738990301,FALSE,7.39871866295266,277.220311327805,307.79798825551,-30.273147632312,-18.4307558433138,-30.0157737817044,116,95,117,20,4,NA,NA,Jordan,Love,GBP,QB,28,0,121.61,17.8,2.24,140.26,ADP.tsv,132.85,29.3576,ADP.tsv,18.1987450116759,-16.85,4.8235,4.64912429926325,17997,140.26,48,218,340
weighted,15694,QB,278.409805013928,20.8050564036749,FALSE,4.11091922005568,250.433208200631,300.900855095128,-37.6718662952646,-45.2178589704879,-36.912906942086,133,136,132,21,4,NA,NA,Malik,Willis,MIA,QB,27,-2,139.55,20.15,2.75,159.74,ADP.tsv,145.996,29.9036,ADP.tsv,18.4941099812886,-12.996,4.207,5.09276614424813,19458,159.74,52,225,337
weighted,13592,QB,274.298885793872,16.3102177263506,FALSE,0.885654596100267,254.971521421224,295.614334462697,-41.7827855153203,-40.6795457498951,-42.1994275745171,137,132,143,22,4,NA,NA,Sam,Darnold,SEA,QB,29,2,148.42,22.49,1.55,169.52,ADP.tsv,141.596,31.3659,ADP.tsv,19.508577190559,-4.596,3.78,4.26337894163772,16077,169.52,56,237,329
weighted,16150,QB,273.413231197772,24.744794990377,FALSE,15.0100835654596,247.123794206904,306.64679106714,-42.6684401114206,-48.5272729642143,-31.1669709700736,139,142,121,23,5,NA,NA,C.J.,Stroud,HOU,QB,25,-3,154.76,23.22,1.41,202.54,ADP.tsv,146.094,31.7960,ADP.tsv,22.0244950906939,-7.09399999999999,3.031,3.46174565790152,20280,202.54,62,240,248
weighted,16148,QB,258.403147632312,13.9228566696556,FALSE,12.7127576601671,248.119386989956,275.250196995854,-57.6785236768802,-47.5316801811626,-62.5635650413602,164,141,177,24,6,NA,NA,Bryce,Young,CAR,QB,25,-3,189.08,26.05,1.29,236.33,ADP.tsv,123.085,37.9855,ADP.tsv,1.685,40.915,3.00933333333333,2.93542289211547,20281,236.33,66,267,150
weighted,14059,QB,245.690389972145,70.0080060055337,FALSE,0.993036211699149,122.221303265912,285.926241541806,-70.3912813370473,-173.429763905207,-51.8875204954077,182,403,158,25,6,NA,NA,Daniel,Jones,IND,QB,29,1,157.68,23.37,1.82,181.52,ADP.tsv,148.918,31.3579,ADP.tsv,22.1555125420289,33.082,3.5905,4.06637316905372,17008,181.52,60,240,313
weighted,12616,QB,244.697353760446,37.819809382312,FALSE,6.87863509749306,203.551312954652,298.092771650364,-71.3843175487465,-92.0997542164667,-39.7209903868502,187,202,137,26,6,NA,NA,Jacoby,Brissett,ARI,QB,34,4,217.02,27.2,1.8,229.82,ADP.tsv,157.83,34.8413,ADP.tsv,28.27,29.17,3.48933333333333,4.02557998581847,14802,229.82,67,255,178
weighted,17030,QB,237.818718662953,13.5710418062137,FALSE,1.06601671309193,228.126709089674,260.860508730153,-78.2629526462395,-67.5243580814447,-76.9532533070614,196,168,198,27,6,NA,NA,Cam,Ward,TEN,QB,24,-5,172.67,25.06,1.61,218.16,ADP.tsv,125.85,32.8769,ADP.tsv,1.75,70.15,1.875,1.71955662890176,20310,218.16,70,251,213
weighted,11150,QB,236.752701949861,14.7843690043925,FALSE,4.281643454039,217.94312389461,253.408626927737,-79.3289693593315,-77.7079432765092,-84.405135109477,197,184,207,28,6,NA,NA,Geno,Smith,NYJ,QB,36,7,243.75,28.68,1.35,247.99,ADP.tsv,143.46,37.3455,ADP.tsv,NA,53.54,3.904,3.704,11818,247.99,71,265,128
weighted,7836,QB,232.471058495822,12.107970909286,FALSE,41.1992479108635,214.223158413375,243.603239554993,-83.6106128133705,-81.4279087577437,-94.2105224822214,201,187,228,29,7,NA,NA,Aaron,Rodgers,PIT,QB,43,15,229.48,27.95,1.86,244.67,ADP.tsv,128.075,37.1457,ADP.tsv,12.175,72.925,3.304,3.43488456865729,5712,244.67,68,262,134
weighted,17462,QB,191.271810584958,27.8658545318819,FALSE,40.218356545961,152.620810367398,228.241197418649,-124.809860724234,-143.030256803721,-109.572564618565,319,323,256,30,8,NA,NA,Fernando,Mendoza,LVR,QB,23,-6,270.08,30.7,2.38,255.8,ADP.tsv,129.365,29.0703,ADP.tsv,10.765,189.635,4.61333333333333,5.40829815088711,22928,255.8,124,272,108
weighted,14778,QB,151.053454038997,43.1004877831718,FALSE,12.6528412256268,110.262056573089,217.030108164343,-165.028217270195,-185.38901059803,-120.783653872871,420,414,279,31,9,NA,NA,Tua,Tagovailoa,ATL,QB,28,0,288.81,32.28,2.15,268.92,ADP.tsv,170.36,53.7472,ADP.tsv,NA,249.64,3.614,3.514,17975,268.92,87,352,83
weighted,13113,QB,138.40061281337,67.694561064671,FALSE,26.396852367688,68.6910091768791,219.993405056166,-177.681058495822,-226.96005799424,-117.820356981048,454,415,272,32,10,NA,NA,Deshaun,Watson,CLE,QB,31,3,297.29,33.32,2.26,275.42,ADP.tsv,168.07,50.5779,ADP.tsv,NA,285.93,3.242,3.142,15231,275.42,104,353,82
weighted,17031,QB,112.003760445682,44.0724668324237,FALSE,7.76696378830083,47.5336242093748,151.50741613067,-204.07791086351,-248.117442961744,-186.306345906544,505,417,387,33,11,NA,NA,Shedeur,Sanders,CLE,QB,24,-5,302.56,33.64,1.67,276.36,ADP.tsv,173.75,38.2826,ADP.tsv,NA,331.25,1.142,1.042,22056,276.36,159,346,77
weighted,16583,QB,104.236796657382,37.7670739044909,FALSE,42.8327855153204,65.0327440179488,162.933678288155,-211.844874651811,-230.61832315317,-174.880083749059,506,416,372,34,12,NA,NA,Michael,Penix Jr.,ATL,QB,26,-4,289.08,32.03,2.09,269.41,ADP.tsv,173.7,46.0406,ADP.tsv,NA,332.3,2.22,2.22,20298,269.41,105,333,86
weighted,10700,QB,61.4040111420613,35.0520866235634,FALSE,15.8715233371832,41.8171277511352,119.362589851895,-254.677660167131,-253.833939419984,-218.451172185319,507,418,417,35,13,NA,NA,Kirk,Cousins,LVR,QB,38,8,296.53,32.73,2.03,267.77,ADP.tsv,170.64,36.8493,ADP.tsv,NA,336.36,3.242,3.142,10974,267.77,148,331,88
weighted,12141,QB,45.532487804878,18.4497919910225,FALSE,1.51678048780487,26.0425918236942,58.0712389339852,-270.549183504314,-269.608475347425,-279.742523103229,508,420,425,36,13,NA,NA,Marcus,Mariota,WAS,QB,33,5,407.62,43.41,4.19,284.86,ADP.tsv,NA,18.0834,ADP.tsv,NA,NA,NA,NA,13530,284.86,286,360,21
weighted,16586,QB,44.0157073170732,44.5038805185554,FALSE,1.28065924015009,11.5990302929727,91.3343764156252,-272.065963992119,-284.052036878146,-246.479385621589,509,427,419,37,13,NA,NA,Spencer,Rattler,NOS,QB,26,-4,573.75,55.8,6.45,282.36,ADP.tsv,NA,13.7007,ADP.tsv,NA,NA,NA,NA,21413,282.36,310,358,8
weighted,17035,QB,42.7350480769231,26.5080587647409,FALSE,6.39563303514035,18.8942323321666,70.6085641593874,-273.346623232269,-276.756834838952,-267.205197877827,510,421,421,38,14,NA,NA,Riley,Leonard,IND,QB,24,-5,510.83,54.8,11.57,281.29,ADP.tsv,NA,19.5649,ADP.tsv,NA,NA,NA,NA,22084,281.29,305,357,2
weighted,16584,QB,36.3394150417827,37.0622896734209,FALSE,5.40648821251444,9.41590007156641,87.3466319315268,-279.742256267409,-286.235167099552,-250.467130105687,511,434,420,39,14,NA,NA,J.J.,McCarthy,MIN,QB,23,-4,346.24,38.67,4.38,284.86,ADP.tsv,NA,54.7598,ADP.tsv,NA,NA,0,NA,21150,284.86,123,359,30
weighted,13595,QB,30.9329268292683,27.276947481267,FALSE,0.277277478618945,11.3855418054736,59.9951419325512,-285.148744479924,-284.265525365645,-277.818620104663,512,428,424,40,14,NA,NA,Mason,Rudolph,PIT,QB,31,2,583.5,63.6,9.29,281.68,ADP.tsv,NA,14.6074,ADP.tsv,NA,NA,NA,NA,16080,281.68,315,360,4
weighted,17466,QB,30.6556493506493,0.410121933088196,FALSE,3.63319809716745,30.3683613058163,30.9326776231569,-285.426021958543,-265.282705865303,-306.881084414057,513,419,434,41,14,NA,NA,Carson,Beck,ARI,QB,25,-6,334.77,37,4.03,286.1,ADP.tsv,NA,26.0424,ADP.tsv,NA,NA,4.44,4.44,23003,286.1,232,357,67
weighted,15238,QB,27.0224512534819,24.3705901764709,FALSE,0.4984512534819,10.5019441791632,65.5480977263588,-289.05922005571,-285.149122991956,-272.265664310855,514,432,422,42,14,NA,NA,Justin,Fields,KCC,QB,27,-1,348.3,39.54,3.16,287.3,ADP.tsv,NA,22.8190,ADP.tsv,NA,NA,1.428,1.428,18783,287.3,253,359,52
weighted,17037,QB,26.524,35.2280598387138,FALSE,0.815463844797179,3.92625407033158,52.0652402790476,-289.557671309192,-291.724813100787,-285.748521758167,515,444,427,43,14,NA,NA,Dillon,Gabriel,CLE,QB,26,-5,589.5,60.56,11.78,,,NA,,,NA,NA,NA,NA,,,,,
weighted,9064,QB,25.7085361552028,20.6953376198619,FALSE,0.330243472275988,8.55830375205898,45.5095647354463,-290.373135153989,-287.09276341906,-292.304197301768,516,436,430,44,14,NA,NA,Joe,Flacco,CIN,QB,41,12,391.11,40.91,2.47,286.77,ADP.tsv,NA,37.5352,ADP.tsv,NA,NA,3.624,3.624,7090,286.77,187,360,49
weighted,10413,QB,25.3782926829268,18.2922736216166,FALSE,0.77854337930566,12.2901906933171,44.8713824258411,-290.703378626265,-283.360876477802,-292.942379611373,517,422,431,45,14,NA,NA,Tyrod,Taylor,GBP,QB,37,9,517.4,47.25,3.53,282.54,ADP.tsv,NA,22.6554,ADP.tsv,NA,NA,NA,NA,10144,282.54,275,356,9
weighted,15241,QB,24.5997493036212,21.7723584081226,FALSE,1.08640668523677,8.08152560005434,51.6778586702361,-291.481922005571,-287.569541571064,-286.135903366978,518,439,428,46,14,NA,NA,Mac,Jones,SFO,QB,28,-1,357.64,38.96,3.32,287.65,ADP.tsv,NA,30.9842,ADP.tsv,NA,NA,2.58,2.58,18800,287.65,211,360,68
weighted,12140,QB,23.5133426183844,23.1231113563702,FALSE,0.142041370612567,7.83738364866641,60.8613504032998,-292.568328690808,-287.813683522452,-276.952411633914,519,440,423,47,14,NA,NA,Jameis,Winston,NYG,QB,32,5,405.33,41.94,4.29,289.91,ADP.tsv,NA,20.1618,ADP.tsv,NA,NA,1.392,1.392,13529,289.91,265,360,58
weighted,15252,QB,23.3713012477718,21.092522227181,FALSE,0.433496369723052,12.254242911365,52.8419081353923,-292.71037006142,-283.396824259754,-284.971853901822,520,423,426,48,14,NA,NA,Davis,Mills,HOU,QB,28,-1,520,50.95,6.69,284.44,ADP.tsv,NA,15.7574,ADP.tsv,NA,NA,NA,NA,18922,284.44,297,360,18
weighted,17034,QB,22.9378048780488,21.4709472630312,FALSE,0.997804878048782,11.2316076121453,48.2459251279515,-293.143866431143,-284.419459558973,-289.567836909263,521,429,429,49,14,NA,NA,Quinn,Ewers,JAC,QB,23,-5,530,52.94,6.08,281.43,ADP.tsv,NA,2.6337,ADP.tsv,NA,NA,NA,NA,22070,281.43,350,357,2
weighted,14358,QB,21.94,2.1940,TRUE,0.282439024390243,NA,NA,-294.141671309192,NA,NA,522,NA,NA,50,14,NA,NA,Jake,Browning,FA,QB,30,1,472.4,60.8,17.45,281.44,ADP.tsv,NA,0.0000,ADP.tsv,NA,NA,NA,NA,17450,281.44,355,355,2
weighted,14067,QB,21.6575609756098,9.37092228089771,FALSE,3.21016371533578,12.0044157047891,29.4937889996934,-294.424110333582,-283.64665146633,-308.319973037521,523,426,436,51,15,NA,NA,Gardner,Minshew,ARI,QB,30,1,540.4,52.71,10.37,282.66,ADP.tsv,NA,11.1879,ADP.tsv,NA,NA,NA,NA,17025,282.66,316,356,9
weighted,15692,QB,18.447397260274,13.5191744270145,FALSE,0.375962381686776,10.6422867317049,33.6383368517616,-297.634274048918,-285.008780439414,-304.175425185453,524,431,433,52,15,NA,NA,Kenny,Pickett,CAR,QB,28,-2,557.33,64.4,5.59,281.92,ADP.tsv,NA,19.8319,ADP.tsv,NA,NA,NA,NA,19442,281.92,284,350,6
weighted,17463,QB,18.0714348785872,15.2061430210898,FALSE,0.566264146879881,9.38425966975604,35.2976468493687,-298.010236430605,-286.266807501363,-302.516115187845,525,435,432,53,15,NA,NA,Ty,Simpson,LAR,QB,24,-6,376.41,41.19,3.65,286.69,ADP.tsv,NA,30.4681,ADP.tsv,NA,NA,4.764,4.764,22936,286.69,222,360,43
weighted,14789,QB,17.5051707317073,6.28406011647536,FALSE,0.82531707317073,12.2457487958027,24.4474255641175,-298.576500577485,-283.405318375316,-313.366336473097,526,424,437,54,15,NA,NA,Tyler,Huntley,BAL,QB,28,0,537,55.46,3,283.73,ADP.tsv,NA,22.5105,ADP.tsv,NA,NA,NA,NA,18624,283.73,270,360,18
weighted,16152,QB,16.6798536585366,11.8888397064993,FALSE,1.11540082834791,8.50792873999487,30.5414786166246,-299.401817650656,-287.143138431124,-307.272283420589,527,438,435,55,15,NA,NA,Anthony,Richardson,IND,QB,24,-3,382.35,42.28,6.99,284.46,ADP.tsv,NA,25.7248,ADP.tsv,NA,NA,2.208,NA,20294,284.46,254,360,22
weighted,12610,QB,15.5644528301887,4.62447834896002,FALSE,1.56186746433502,12.1725109785566,18.4268800548123,-300.517218479004,-283.478556192562,-319.386881982402,528,425,440,56,15,NA,NA,Carson,Wentz,MIN,QB,34,4,572.33,61.27,11.79,281.62,ADP.tsv,NA,7.5727,ADP.tsv,NA,NA,NA,NA,14911,281.62,337,359,3
weighted,10313,QB,14.0025853658537,3.83456642469787,FALSE,0.748536585365855,10.0402839545284,17.0591139124451,-302.079085943339,-285.61078321659,-320.754648124769,529,433,441,57,15,NA,NA,Andy,Dalton,PHI,QB,39,9,580.75,64.82,6.64,281.64,ADP.tsv,NA,3.7864,ADP.tsv,NA,NA,NA,NA,9994,281.64,347,358,3
weighted,15240,QB,13.2540487804878,2.67595666572983,FALSE,0.413181200579128,10.9167848137832,15.9501467009559,-302.827622528704,-284.734282357336,-321.863615336258,530,430,442,58,15,NA,NA,Trey,Lance,LAC,QB,26,-1,532.4,53.93,10.66,282.96,ADP.tsv,NA,6.5942,ADP.tsv,NA,NA,NA,NA,18799,282.96,333,357,10
weighted,17467,QB,12.8408675799087,6.98439203447885,FALSE,0.560867579908676,8.53875563250014,20.6854990095076,-303.240803729284,-287.112311538619,-317.128263027706,531,437,439,59,15,NA,NA,Cade,Klubnik,NYJ,QB,23,-6,406.31,43.72,6.2,282.36,ADP.tsv,NA,21.9783,ADP.tsv,NA,NA,4.656,NA,23104,282.36,282,359,8
weighted,16585,QB,12.28,1.2280,TRUE,0.620000000000001,NA,NA,-303.801671309192,NA,NA,532,NA,NA,60,15,NA,NA,Joe,Milton,DAL,QB,26,-4,465,50.83,9.88,283.1,ADP.tsv,NA,13.6856,ADP.tsv,NA,NA,NA,NA,21408,283.1,305,357,13
weighted,14063,QB,11.66,1.1660,TRUE,0.52,NA,NA,-304.421671309192,NA,NA,533,NA,NA,61,15,NA,NA,Jarrett,Stidham,DEN,QB,30,1,569.25,58.08,4.87,282.16,ADP.tsv,NA,4.8077,ADP.tsv,NA,NA,NA,NA,17022,282.16,339,355,6
weighted,17036,QB,11.14,1.1140,TRUE,0.0600000000000005,NA,NA,-304.941671309192,NA,NA,534,NA,NA,62,15,NA,NA,Will,Howard,PIT,QB,25,-5,585.33,75.57,7.89,281.18,ADP.tsv,NA,0.0000,ADP.tsv,NA,NA,NA,NA,22376,281.18,342,342,1
weighted,11760,QB,11.08,1.1080,TRUE,0.138829268292683,NA,NA,-305.001671309192,NA,NA,535,NA,NA,63,15,NA,NA,Jimmy,Garoppolo,LAR,QB,35,6,565.5,67.6,9.46,,,NA,,,NA,NA,NA,NA,,,,,
weighted,15702,QB,10.9411707317073,9.32364200330309,FALSE,0.541170731707316,2.48070461419442,20.7906714519046,-305.140500577485,-293.170362556924,-317.023090585309,536,445,438,64,15,NA,NA,Tanner,McKee,PHI,QB,26,-3,575,67.4,7,,,NA,,,NA,NA,NA,NA,,,,,
weighted,16153,QB,10.4,1.0400,TRUE,0.449132420091322,NA,NA,-305.681671309192,NA,NA,537,NA,NA,65,15,NA,NA,Stetson,Bennett,LAR,QB,29,-3,558,68,14.23,282.47,ADP.tsv,NA,8.1823,ADP.tsv,NA,NA,NA,NA,20479,282.47,332,360,7
weighted,16384,QB,9.95086757990868,3.75792862161402,FALSE,0.310867579908678,5.73702442291072,12.3734476244826,-306.130803729284,-289.914042748208,-325.440314412731,538,442,444,66,15,NA,NA,Tyson,Bagent,CHI,QB,26,-3,532.2,52.63,9.51,284.25,ADP.tsv,NA,39.3435,ADP.tsv,NA,NA,NA,NA,20814,284.25,198,359,21
weighted,16159,QB,9.64,0.9640,TRUE,0.208571428571428,NA,NA,-306.441671309192,NA,NA,539,NA,NA,67,15,NA,NA,Aidan,O'Connell,LVR,QB,28,-3,618.25,85.86,6.6,,,NA,,,NA,NA,NA,NA,,,,,
weighted,14057,QB,9.43142857142857,2.89913780286485,FALSE,0.231428571428573,7.41731890691381,11.4066202363263,-306.650242737764,-288.233748264205,-326.407141800888,540,441,447,68,15,NA,NA,Drew,Lock,SEA,QB,30,1,563.67,67.43,8.21,281.72,ADP.tsv,NA,11.3613,ADP.tsv,NA,NA,NA,NA,17012,281.72,324,359,4
weighted,17654,QB,9.2,0.9200,TRUE,0.945993031358883,NA,NA,-306.881671309192,NA,NA,541,NA,NA,69,15,NA,NA,Cole,Payton,PHI,QB,24,-6,617.5,86.2,6.55,,,NA,,,NA,NA,NA,NA,,,,,
weighted,16441,QB,8.25400696864112,5.95383909759073,FALSE,0.123383082723112,4.1177134624913,12.3103761926506,-307.827664340551,-291.533353708628,-325.503385844564,542,443,445,70,15,NA,NA,Tommy,DeVito,NEP,QB,28,-3,577.75,65.5,11.47,283.78,ADP.tsv,NA,7.0224,ADP.tsv,NA,NA,NA,NA,20845,283.78,333,360,14
weighted,13115,QB,8.130623885918,4.90069578995098,FALSE,0.252087300552151,1.63903299713599,12.812449556256,-307.951047423274,-294.012034173983,-325.001312480958,543,446,443,71,15,NA,NA,Mitchell,Trubisky,TEN,QB,32,3,556.25,61,5.87,281.44,ADP.tsv,NA,1.1287,ADP.tsv,NA,NA,NA,NA,15223,281.44,354,357,2
weighted,13119,QB,7.87853658536585,6.15475552301799,FALSE,0.538536585365853,1.28778532065652,12.0503477597515,-308.203134723826,-294.363281850462,-325.763414277463,544,447,446,72,15,NA,NA,Joshua,Dobbs,DET,QB,31,3,534.4,65.88,9.53,282.18,ADP.tsv,NA,29.5149,ADP.tsv,NA,NA,NA,NA,15357,282.18,259,360,7
weighted,15693,QB,7.34,0.7340,TRUE,0.766210045662101,NA,NA,-308.741671309192,NA,NA,545,NA,NA,73,15,NA,NA,Sam,Howell,DAL,QB,26,-2,574.75,62.91,6.44,281.81,ADP.tsv,NA,6.8168,ADP.tsv,NA,NA,NA,NA,19449,281.81,335,356,4
weighted,13879,QB,6.5737899543379,5.30973626764423,FALSE,1.30591538987797,0.782390596660876,10.7538647365284,-309.507881354854,-294.868676574458,-327.059897300686,546,449,448,74,15,NA,NA,Kyle,Allen,BUF,QB,30,2,564,64,13.5,283.14,ADP.tsv,NA,10.5274,ADP.tsv,NA,NA,NA,NA,16562,283.14,313,353,13
weighted,17469,QB,5.26787456445993,6.47709811566878,FALSE,0.196794425087108,0.768058826178179,9.68074179628018,-310.813796744732,-294.883008344941,-328.133020240934,547,450,450,75,15,NA,NA,Jalon,Daniels,TBB,QB,24,-6,548.33,58.43,7.09,90.82,ADP.tsv,NA,26.5946,ADP.tsv,NA,NA,NA,NA,21126,90.82,10,164,340
weighted,17033,QB,5.07108013937282,5.55785930012626,FALSE,0.0103832752613249,1.20988453862014,8.85766708720111,-311.010591169819,-294.441182632499,-328.956094950013,548,448,451,76,15,NA,NA,Jalen,Milroe,SEA,QB,24,-5,514.4,55,7.77,281.19,ADP.tsv,NA,0.0000,ADP.tsv,NA,NA,NA,NA,22064,281.19,344,344,1
weighted,17040,QB,5.0606968641115,6.85893577750951,FALSE,0.840696864111498,0.295608145625364,9.73371129082071,-311.020974445081,-295.355459025493,-328.080050746393,549,452,449,77,15,NA,NA,Brady,Cook,MIA,QB,25,-5,583,77,6.41,,,NA,,,NA,NA,NA,NA,,,,,
weighted,13124,QB,4.22,0.4220,TRUE,0.188153310104529,NA,NA,-311.861671309192,NA,NA,550,NA,NA,78,15,NA,NA,Cooper,Rush,ATL,QB,33,3,493,70.17,10.82,281.16,ADP.tsv,NA,0.0000,ADP.tsv,NA,NA,NA,NA,15479,281.16,337,337,1
weighted,17038,QB,4.03184668989547,4.98510280736516,FALSE,3.27184668989547,0.568560559449363,7.42821284539031,-312.049824619297,-295.082506611669,-330.385549191824,551,451,452,79,16,NA,NA,Kyle,McCord,MIA,QB,24,-5,565.67,61.6,8.14,,,NA,,,NA,NA,NA,NA,,,,,
weighted,17657,QB,0.76,0.0760,TRUE,0.12,NA,NA,-315.321671309192,NA,NA,552,NA,NA,80,16,NA,NA,Taylen,Green,CLE,QB,24,-6,491.17,49.67,9.81,,,NA,,,NA,NA,NA,NA,,,,,
weighted,15239,QB,0.64,0.0640,TRUE,0,NA,NA,-315.441671309192,NA,NA,553,NA,NA,81,16,NA,NA,Zach,Wilson,NOS,QB,27,-1,613.5,80.75,6.85,,,NA,,,NA,NA,NA,NA,,,,,
weighted,16162,RB,331.840111420613,27.5341860897055,FALSE,16.2128830083566,294.569999894728,366.555191643597,127.780640668524,115.636041999877,132.107848424718,1,1,1,1,1,155.69352367688,1,Jahmyr,Gibbs,DET,RB,24,-3,1.48,1.17,0.4,1.12,ADP.tsv,1.382,0.3454,ADP.tsv,0.24481829996959,-0.382,69.42,2.89837885722346,20272,1.12,1,3,340
weighted,16161,RB,315.627228412256,22.879146266171,FALSE,22.5563370473537,285.63213957369,347.255568031946,111.567757660167,106.698181678839,112.808224813067,2,2,2,2,2,139.480640668524,2,Bijan,Robinson,ATL,RB,24,-3,2.27,1.86,0.39,1.99,ADP.tsv,2.168,0.5181,ADP.tsv,0.228333090024201,-0.168,67.556,4.2645243580029,20271,1.99,1,4,340
weighted,13130,RB,293.070891364903,14.8530755625144,FALSE,8.36051532033429,272.616436323914,305.178985716609,89.0114206128134,93.6824784290633,70.7316424977298,4,3,7,3,2,116.92430362117,3,Christian,McCaffrey,SFO,RB,30,3,8.5,4.25,1.7,7.69,ADP.tsv,6.984,3.1085,ADP.tsv,1.18349651457028,-2.984,58.213,7.47608099207065,15222,7.69,3,21,340
weighted,14802,RB,284.710376044568,22.2153520382662,FALSE,25.5046657381616,257.708476365075,310.692164631909,80.6509052924791,78.7745184702245,76.2448214130299,6,5,6,4,3,108.563788300836,4,Jonathan,Taylor,IND,RB,27,0,8.37,4.21,1.33,8.04,ADP.tsv,5.496,2.4177,ADP.tsv,1.46850400067552,0.504,57.084,4.48664774636922,17962,8.04,2,16,340
weighted,16167,RB,259.205710306407,27.1706548108261,FALSE,1.60961002785513,228.595922705338,291.358263365526,55.1462395543175,49.661964810487,56.9109201466468,12,13,10,5,3,83.0591225626741,8,De'Von,Achane,MIA,RB,25,-3,17.96,8.74,2.33,15.73,ADP.tsv,13.23,3.4538,ADP.tsv,2.16650871219111,-1.23,44.65,2.68188366638078,20284,15.73,7,27,340
weighted,15715,RB,257.596100278552,14.8548204614926,FALSE,1.55055710306408,245.467845013281,281.77348665445,53.5366295264624,66.5338871184301,47.326143435571,13,7,15,6,3,81.449512534819,9,James,Cook,BUF,RB,27,-2,9.93,4.79,1.3,8.74,ADP.tsv,8.586,2.5904,ADP.tsv,1.06496197115202,4.414,52.7795,2.66846037070068,19467,8.74,2,17,340
weighted,12626,RB,256.045543175487,17.4468685443912,FALSE,8.93579387186628,241.590764299734,281.784281505467,51.9860724233983,62.6568064048826,47.3369382865885,14,9,14,7,4,79.8989554317549,10,Derrick,Henry,BAL,RB,32,4,20.7,9.99,1.9,21.04,ADP.tsv,14.03,4.4900,ADP.tsv,5.53432200002855,-0.0299999999999994,44.64,8.80326075951406,15055,21.04,8,34,340
weighted,16181,RB,247.109749303621,18.879331908116,FALSE,4.61636490250697,229.760692606299,270.367843117516,43.050278551532,50.8267347114478,35.9204998986372,15,12,20,8,4,70.9631615598886,12,Chase,Brown,CIN,RB,26,-3,15.04,7.36,2.15,11.95,ADP.tsv,14.276,4.3173,ADP.tsv,2.06613261917042,0.724,45.477,0.953995283007206,20292,11.95,3,28,340
weighted,13604,RB,242.493384401114,13.8145409794524,FALSE,1.21901114206131,223.433998038202,259.291001721943,38.4339136490251,44.500040143351,24.8436585030645,16,15,28,9,4,66.3467966573816,13,Saquon,Barkley,PHI,RB,29,2,15.77,7.82,1.98,15.78,ADP.tsv,13.148,3.9719,ADP.tsv,1.83607625113991,2.852,51.548,8.88260277171056,16062,15.78,6,29,340
weighted,17042,RB,241.274373259053,29.1063070303184,FALSE,7.05828690807797,218.366831070202,289.812760177368,37.2149025069638,39.4328731753508,55.3654169584894,17,16,13,10,4,65.1277855153203,14,Ashton,Jeanty,LVR,RB,23,-5,23.5,10.98,2.63,18.47,ADP.tsv,21.246,8.6373,ADP.tsv,2.94645278258451,-4.246,39.238,2.35830701987676,22055,18.47,10,60,339
weighted,15711,RB,234.216086350975,18.1572330916411,FALSE,1.0542479108635,209.219858902209,252.364218684043,30.1566155988858,30.2859010073578,17.9168754651639,21,20,31,11,5,58.0694986072423,15,Kenneth,Walker III,KCC,RB,26,-2,18.91,9.02,2.31,15.86,ADP.tsv,17.286,4.3173,ADP.tsv,2.38776548262177,3.714,42.036,3.38054551810799,19430,15.86,8,33,340
weighted,17044,RB,233.161838440111,19.5527458801314,FALSE,8.84707520891368,212.883489355547,261.42215226922,29.1023676880223,33.949531460696,26.9748090503408,22,18,25,12,5,57.0152506963788,16,Omarion,Hampton,LAC,RB,23,-5,19.16,9.27,2.3,15.06,ADP.tsv,18.81,5.0081,ADP.tsv,2.79608297444836,3.19,42.597,1.20579724663809,22069,15.06,5,34,340
weighted,15256,RB,224.314763231198,20.4679519681887,FALSE,1.63509749303617,201.381757294714,250.481889853777,20.2552924791086,22.4477993998633,16.0345466348978,30,24,32,13,5,48.1681754874652,17,Javonte,Williams,DAL,RB,26,-1,34.68,14.33,2.08,33.24,ADP.tsv,28.578,5.8715,ADP.tsv,4.34187701345858,1.422,30.0045,4.26532305341577,18771,33.24,18,52,340
weighted,17472,RB,222.679665738162,22.1458435692677,FALSE,2.42534818941508,197.306159189054,243.406463782179,18.6201949860724,18.3722012942028,8.95912056329988,31,30,43,14,5,46.533077994429,19,Jeremiyah,Love,ARI,RB,21,-6,38.92,15.83,2.4,36,ADP.tsv,31.296,10.7069,ADP.tsv,2.52631431140308,-0.295999999999999,32.816,5.86565665548198,22930,36,10,72,340
weighted,15710,RB,220.254317548747,11.2611811475257,FALSE,0.227855153203336,211.26325485717,237.4829697704,16.1948467966574,32.3292969623186,3.03562655152081,34,19,56,15,5,44.1077298050139,22,Kyren,Williams,LAR,RB,26,-2,33.65,14.09,2.26,35.63,ADP.tsv,25.646,7.4258,ADP.tsv,3.64717753886481,8.354,31.752,7.16659137944951,19450,35.63,14,57,340
weighted,15708,RB,220.026462395543,23.5842228033418,FALSE,3.88871866295264,193.488559377675,247.993689692932,15.966991643454,14.554601482824,13.5463464740535,36,37,36,16,6,43.8798746518106,23,Breece,Hall,NYJ,RB,25,-2,36.67,15.06,1.72,37.83,ADP.tsv,36.04,8.6346,ADP.tsv,4.72123288982867,-0.0399999999999991,27.4035,5.02484594291208,19427,37.83,19,69,340
weighted,15253,RB,216.137743732591,16.2394493254532,FALSE,6.316713091922,199.649516999448,240.103197078142,12.0782729805014,20.7155591045966,5.65585385926329,40,26,51,17,6,39.9911559888579,24,Travis,Etienne,NOS,RB,27,-1,42.52,16.9,2.01,41.15,ADP.tsv,36.898,7.0804,ADP.tsv,3.17370067901811,3.102,24.398,5.05737204484701,18770,41.15,19,60,340
weighted,17045,RB,209.821030640669,11.6486911531285,FALSE,4.79345403899723,195.774134983989,221.361174141906,5.7615598885794,16.8401770891377,-13.0861690769732,47,32,80,18,6,33.6744428969359,29,Cam,Skattebo,NYG,RB,24,-5,53.17,20.59,2.69,50.63,ADP.tsv,39.534,8.9800,ADP.tsv,3.68108462277085,7.466,18.6585,1.33443124588718,22077,50.63,28,80,340
weighted,16598,RB,205.027576601671,22.996245285574,FALSE,0.968105849582173,187.294768976524,241.281996221975,0.968105849582173,8.36081108167312,6.83465300309621,57,44,48,19,6,28.8809888579387,31,Bucky,Irving,TBB,RB,24,-4,52.48,20.44,2.8,58.19,ADP.tsv,46.81,9.6708,ADP.tsv,5.41885227700479,10.19,15.8565,3.27768466299002,21136,58.19,35,91,340
weighted,17051,RB,204.059470752089,27.4420713758941,FALSE,6.48885793871864,176.136383938386,248.169158135903,0,-2.79757395646541,13.7218149170244,59,65,34,20,7,27.9128830083565,33,Quinshon,Judkins,CLE,RB,23,-5,54.92,21.35,2.61,56.92,ADP.tsv,48.898,7.2531,ADP.tsv,7.28790889075872,10.102,16.6215,3.5632747227796,22062,56.92,37,79,340
weighted,14797,RB,197.570612813371,16.3616808555446,FALSE,5.33676880222845,175.602350250702,219.395729027938,-6.48885793871864,-3.33160764414896,-15.051614190941,68,66,85,21,7,21.4240250696379,37,D'Andre,Swift,CHI,RB,27,0,47.23,18.51,2.32,47.25,ADP.tsv,40.402,7.4258,ADP.tsv,5.83678130479462,27.598,22.656,7.83352845147064,17961,47.25,27,70,340
weighted,17052,RB,192.233844011142,10.2426239489631,FALSE,7.07952646239553,178.933957894851,203.661867450101,-11.8256267409471,0,-30.785475768778,77,59,119,22,7,16.0872562674095,41,Bhayshul,Tuten,JAC,RB,23,-5,60.02,23.25,3.13,57.31,ADP.tsv,53.86,8.8073,ADP.tsv,5.98447324331892,23.14,15.44,4.03754876131546,22106,57.31,30,81,340
weighted,14071,RB,185.154317548747,12.8408707269196,FALSE,0.111699164345396,172.56270406881,206.31806447211,-18.9051532033426,-6.3712538260414,-28.1292787467691,94,70,111,23,7,9.00772980501392,46,David,Montgomery,HOU,RB,29,1,54.51,21.21,2.62,50.28,ADP.tsv,50.692,9.6708,ADP.tsv,4.53412571506349,43.308,19.4425,8.21668538706455,17016,50.28,26,82,340
weighted,17043,RB,185.042618384401,21.9909177586328,FALSE,1.3976323119777,172.359674690186,223.573621682242,-19.016852367688,-6.57428320466465,-10.8737215366368,95,71,79,24,8,8.89603064066853,47,TreVeyon,Henderson,NEP,RB,24,-5,66.35,25.71,3.22,63.99,ADP.tsv,64.264,10.7069,ADP.tsv,6.83982046548007,30.736,9.848,2.44610547605781,22072,63.99,32,94,340
weighted,17473,RB,183.644986072423,14.6990829176503,FALSE,13.7214484679666,167.433954942941,200.246092034715,-20.4144846796657,-11.5000029519099,-34.2012511841635,100,81,128,25,8,7.49839832869083,48,Jadarian,Price,SEA,RB,23,-6,60.63,23.58,3.08,60.08,ADP.tsv,57.63,8.8073,ADP.tsv,8.04108450397084,42.37,18.108,6.75644225905913,22938,60.08,39,90,340
weighted,15259,RB,169.923537604457,17.6346235606156,FALSE,2.64860724233986,144.482400544315,190.305801638571,-34.1359331476323,-34.4515573505361,-44.1415415803077,121,120,145,26,9,-6.22305013927576,56,Rhamondre,Stevenson,NEP,RB,28,-1,68.94,26.54,3.07,69.11,ADP.tsv,67.754,10.8796,ADP.tsv,6.55377021263334,53.246,11.0235,6.28906962515124,18791,69.11,48,111,340
weighted,15742,RB,167.274930362117,12.6027366093784,FALSE,6.04902506963788,149.673407627959,179.494311247122,-36.7845403899722,-29.2605502668922,-54.9530319717566,131,111,166,27,9,-8.87165738161562,58,Jaylen,Warren,PIT,RB,28,-2,72.88,27.76,2.8,72.92,ADP.tsv,73.748,7.9438,ADP.tsv,7.66244451855933,57.252,9.891,6.34749423000919,19833,72.92,53,99,340
weighted,14823,RB,161.225905292479,20.6468219807593,FALSE,1.47910863509748,132.245068634086,179.707787999884,-42.83356545961,-46.6888892607649,-54.7395552189947,140,138,165,28,9,-14.9206824512535,64,Rico,Dowdle,PIT,RB,28,0,81.3,30.4,3.14,89.97,ADP.tsv,80.026,9.6708,ADP.tsv,10.8058254659235,59.974,7.888,4.60652059585106,18036,89.97,67,123,340
weighted,14085,RB,159.746796657382,14.3936979437133,FALSE,0.232590529247915,141.388407587358,175.834891988668,-44.3126740947075,-37.545550307493,-58.6124512302108,143,128,174,29,9,-16.399791086351,67,Tony,Pollard,TEN,RB,29,1,78.91,29.67,2.98,80.94,ADP.tsv,77.21,11.7431,ADP.tsv,7.29494619582626,65.79,9.922,6.91112523399772,17067,80.94,47,115,340
weighted,14800,RB,159.514206128134,12.1691727076901,FALSE,1.56671309192203,142.29150409971,171.514533957347,-44.5452646239554,-36.6424537951412,-62.9328092615315,145,127,178,30,9,-16.6323816155989,68,J.K.,Dobbins,DEN,RB,28,0,92.09,33.33,3.74,97.21,ADP.tsv,83.894,16.5836,ADP.tsv,9.91828130272579,61.106,7.905,6.46398290529918,17963,97.21,51,147,339
weighted,15261,RB,157.947493036212,7.21233832230736,FALSE,0.209610027855121,151.03803998147,169.071878484463,-46.1119777158775,-27.8959179133814,-65.3754647344161,149,109,182,31,9,-18.1990947075209,70,Chuba,Hubbard,CAR,RB,27,-1,96.43,34.8,4.7,106.43,ADP.tsv,93.258,20.5567,ADP.tsv,9.35071847506917,55.742,6.9635,5.02556034189224,18773,106.43,68,187,339
weighted,14073,RB,157.737883008357,51.587749212536,FALSE,6.14164345403901,109.25322592978,234.447343218879,-46.3215877437326,-69.6807319650711,0,150,172,59,32,10,-18.408704735376,72,Josh,Jacobs,GBP,RB,28,1,140.14,48.04,16.16,76.19,ADP.tsv,63.784,30.7969,ADP.tsv,18.9722730319801,86.216,16.4075,10.2912374741816,16998,76.19,21,199,334
weighted,17068,RB,151.596239554318,26.2099693517263,FALSE,5.52186629526463,126.65543643844,186.44936454147,-52.4632311977716,-52.2785214564113,-47.9979786774087,157,152,149,33,10,-24.550348189415,75,RJ,Harvey,DEN,RB,25,-5,99.18,35.53,4.44,87.09,ADP.tsv,98.518,13.2973,ADP.tsv,17.5860926871207,58.482,5.27,3.18601632136435,22111,87.09,54,131,340
weighted,17066,RB,146.074373259053,12.2838860121742,FALSE,6.6259052924791,127.820119060251,156.744778701221,-57.9850974930362,-51.1138388345999,-77.7025645176576,165,148,199,34,10,-30.0722144846797,80,Kyle,Monangai,CHI,RB,24,-5,111.54,38.9,4.32,120.31,ADP.tsv,104.146,15.5913,ADP.tsv,9.86854720817608,60.854,4.186,2.10079699162009,22119,120.31,78,168,330
weighted,17256,RB,139.448467966574,6.81142903543842,FALSE,1.21323119777156,132.230220380979,148.85527878966,-64.6110027855153,-46.7037375138721,-85.5920644292187,175,140,210,35,10,-36.6981197771588,90,Jacory,Croskey-Merritt,WAS,RB,25,-5,101.83,36.02,3.83,109.17,ADP.tsv,98.442,15.7346,ADP.tsv,9.33638988046236,76.558,4.917,3.37973179409254,22130,109.17,72,163,336
weighted,16597,RB,138.235236768802,23.1226145820035,FALSE,1.15236768802231,104.746465833566,163.14916256432,-65.8242339832869,-74.1874920612846,-71.2981806545586,176,179,189,36,10,-37.9113509749303,91,Jonathon,Brooks,CAR,RB,23,-4,83.75,30.96,5.72,72.14,ADP.tsv,85.642,11.7431,ADP.tsv,8.31878933499341,90.358,9.1995,5.40865979240699,21133,72.14,48,116,340
weighted,15972,RB,137.08286908078,16.7697553769317,FALSE,3.71949860724234,115.987058644021,153.932147843309,-66.9766016713092,-62.9468992508297,-80.5151953755698,178,162,203,37,11,-39.0637186629527,93,Jordan,Mason,MIN,RB,27,-2,101.32,35.72,4.85,94.29,ADP.tsv,96.958,13.2973,ADP.tsv,13.533124399044,81.042,7.2465,5.42816237321619,19872,94.29,63,140,340
weighted,15721,RB,133.363370473538,17.7826553531767,FALSE,0.105292479108641,105.094034043198,146.419829137199,-70.6961002785515,-73.839923851653,-88.0275140816802,183,178,215,38,11,-42.783217270195,99,Rachaad,White,WAS,RB,27,-2,113.1,39.06,4.15,115.53,ADP.tsv,125.076,13.8326,ADP.tsv,12.8076954991911,57.924,3.859,3.0082225649044,19436,115.53,82,162,336
weighted,13319,RB,133.258077994429,17.0930593543376,FALSE,0.265877437325884,106.743431149065,150.21709578395,-70.8013927576602,-72.1905267457859,-84.2302474349284,184,175,206,39,11,-42.8885097493036,100,Aaron,Jones,MIN,RB,32,3,118.78,40.95,3.61,134.74,ADP.tsv,117.972,15.0764,ADP.tsv,5.03519771210625,66.028,5.1565,5.26722097030303,15392,134.74,80,167,329
weighted,15255,RB,132.992200557103,25.612444981175,FALSE,2.54679665738161,98.3192387998566,160.682420928234,-71.0672701949861,-80.6147190949944,-73.7649222906448,185,185,192,40,11,-43.1543871866295,101,Kenneth,Gainwell,TBB,RB,27,-1,105.28,37.05,3.64,87.3,ADP.tsv,111.178,10.7069,ADP.tsv,10.5391506299132,73.822,7.271,5.05781800779743,18772,87.3,57,119,340
weighted,16593,RB,130.445403899721,12.8867427000128,FALSE,4.22186629526463,118.052707070381,149.721751429555,-73.6140668523677,-60.8812508244696,-84.7255917893237,190,159,208,41,11,-45.7011838440111,104,Blake,Corum,LAR,RB,26,-4,93.77,34.02,3.28,83.99,ADP.tsv,100.008,16.2330,ADP.tsv,6.9710355041414,89.992,5.736,2.78626775454191,20278,83.99,41,135,340
weighted,16604,RB,126.223537604457,38.3631844387674,FALSE,10.2110027855153,86.8449906159899,168.728239076352,-77.8359331476323,-92.088967278861,-65.7191041425272,195,201,183,42,12,-49.9230501392758,109,MarShawn,Lloyd,GBP,RB,25,-4,95.22,33.75,12.21,109.68,ADP.tsv,96.64,25.0874,ADP.tsv,20.3592799479746,98.36,9.5525,5.03490503882645,21144,109.68,44,189,334
weighted,17053,RB,116.012534818942,7.59359989096435,FALSE,0.0350974930362042,104.499152997311,122.967530360002,-88.0469359331476,-74.4348048975396,-111.479812858877,213,181,258,43,12,-60.1340529247911,117,Woody,Marks,HOU,RB,26,-5,131.25,44.62,4.11,134.55,ADP.tsv,128.832,16.6468,ADP.tsv,12.4305275833329,84.168,2.961,2.08378573754597,22109,134.55,90,186,327
weighted,16165,RB,115.977437325905,13.8076074505712,FALSE,11.6949860724234,96.8698940769638,131.553234155968,-88.0820334261838,-82.0640638178871,-102.894109062911,214,188,245,44,12,-60.1691504178273,118,Tyjae,Spears,TEN,RB,25,-3,141.8,47.98,5.28,151.88,ADP.tsv,141.11,11.6409,ADP.tsv,13.8021143307828,72.89,2.5195,2.26273302667372,20329,151.88,112,179,321
weighted,16169,RB,104.282451253482,10.1071955176878,FALSE,9.85821727019498,96.4961956732099,119.975941836393,-99.7770194986072,-82.4377622216411,-114.471401382486,232,189,264,45,13,-71.8641364902507,130,Zach,Charbonnet,SEA,RB,25,-3,147.74,49.9,6.84,159.43,ADP.tsv,132.094,19.9872,ADP.tsv,3.11689332509151,99.906,4.4645,4.1557094159722,19469,159.43,99,214,320
weighted,16174,RB,94.4242339832869,19.989585092063,FALSE,6.87437325905293,66.8344935162009,117.683754773062,-109.635236768802,-112.09946437865,-116.763588445817,257,266,270,46,13,-81.7223537604457,142,Chris,Rodriguez,JAC,RB,26,-3,126.45,43.13,4.58,132.81,ADP.tsv,134.912,14.9224,ADP.tsv,11.8943707694018,122.088,3.436,2.90184217351668,20308,132.81,87,173,325
weighted,13132,RB,87.549860724234,12.6148034270019,FALSE,0.555571030640664,67.8301660746325,96.7530145305309,-116.509610027855,-111.103791820218,-137.694328688348,278,262,321,47,13,-88.5967270194986,147,Alvin,Kamara,NOS,RB,31,3,170.88,56.29,7.75,199.67,ADP.tsv,155.184,27.1768,ADP.tsv,15.0159669685305,122.816,3.159,3.25770517389159,15293,199.67,137,293,313
weighted,14086,RB,86.9942896935933,14.485255680911,FALSE,1.25097493036212,71.1842160844117,104.565688716883,-117.065181058496,-107.749741810439,-129.881654501996,281,248,302,48,14,-89.1522980501393,148,Justice,Hill,BAL,RB,29,1,230.53,70.05,9.56,232.45,ADP.tsv,181.58,28.1754,ADP.tsv,2.73,99.42,1.84666666666667,1.50610609040517,17020,232.45,150,309,267
weighted,15712,RB,85.7433147632312,9.49413273693925,FALSE,5.27674094707521,77.5755373557078,100.189705995949,-118.316155988858,-101.358420539143,-134.25763722293,286,230,312,49,14,-90.4032729805014,152,Tyler,Allgeier,ARI,RB,26,-2,130.34,44.48,4.1,127.86,ADP.tsv,138.778,16.7615,ADP.tsv,12.7067814965081,147.222,3.5665,3.14118874791057,19441,127.86,70,167,338
weighted,15716,RB,80.466573816156,8.57633849753527,FALSE,0.23635097493036,68.3449454229277,88.6737565415098,-123.592896935933,-110.589012471923,-145.773586677369,313,259,337,50,14,-95.6800139275766,162,Brian,Robinson,ATL,RB,27,-2,163.83,55.16,4.35,179.21,ADP.tsv,152.966,18.9444,ADP.tsv,18.5060115638135,160.034,8.3215,6.61861516859834,19468,179.21,120,229,320
weighted,17047,RB,80.2302228412256,21.1330368299304,FALSE,4.07061281337047,63.6348586173759,110.491539490067,-123.829247910864,-115.299099277475,-123.955803728812,315,273,288,51,14,-95.916364902507,163,Dylan,Sampson,CLE,RB,22,-5,154.02,51.78,5.22,161.61,ADP.tsv,164.756666666667,16.5112,ADP.tsv,6.84103468457481,150.243333333333,1.40133333333333,1.1003046042902,22099,161.61,104,199,320
weighted,14095,RB,76.1596100278552,10.3485654140031,FALSE,0.345403899721447,68.4435581579732,91.6519860118252,-127.899860724234,-110.490399736878,-142.795357207054,329,258,333,52,14,-99.9869777158774,169,Ty,Johnson,BUF,RB,29,1,262.6,78.22,7.22,287.55,ADP.tsv,NA,30.8342,ADP.tsv,NA,NA,1.212,1.212,17046,287.55,212,360,67
weighted,16747,RB,75.8142061281337,30.1821885469532,FALSE,2.32813370473538,36.223142577872,106.563855776993,-128.245264623955,-142.710815316979,-127.883487441886,330,322,300,53,14,-100.332381615599,171,Tyrone,Tracy,NYG,RB,27,-4,172.13,56.19,9.48,172.07,ADP.tsv,142.018,34.2277,ADP.tsv,7.93212808772022,187.982,1.6915,1.56762774599074,21183,172.07,110,307,321
weighted,16164,RB,73.4860724233983,16.5177635822946,FALSE,0.141504178272982,58.7631670001891,97.0220223841911,-130.573398328691,-120.170790894662,-137.425320834688,335,280,320,54,14,-102.660515320334,177,Tank,Bigsby,PHI,RB,25,-3,154.79,52.36,5.3,159.59,ADP.tsv,149.208,19.6331,ADP.tsv,11.1057577859415,185.792,2.222,2.170348359135,20279,159.59,100,213,321
weighted,17482,RB,73.3445682451253,28.5984647431178,FALSE,1.60557103064066,55.4411262086125,119.800760493867,-130.714902506964,-123.492831686238,-114.646582725011,336,289,265,55,14,-102.802019498607,178,Mike,Washington Jr.,LVR,RB,23,-6,143.52,48.7,6.66,125.33,ADP.tsv,129.696,32.9361,ADP.tsv,13.9493664372257,206.304,4.78,3.14136912826239,22955,125.33,1,191,328
weighted,16596,RB,71.7389972144847,22.2290033960513,FALSE,1.81671309192201,52.1896247447809,106.9398217788,-132.320473537604,-126.74433315007,-127.507521440078,342,294,299,56,15,-104.407590529248,179,Braelon,Allen,NYJ,RB,22,-4,167.62,55.56,5.85,180.39,ADP.tsv,153.258,24.4980,ADP.tsv,16.5673116708777,188.742,2.0195,1.94721358612762,21132,180.39,110,251,321
weighted,13133,RB,69.9222841225627,15.257500062375,FALSE,0.735515320334258,54.5916481954305,86.7751421396313,-134.137186629526,-124.34230969942,-147.672201079248,346,292,341,57,15,-106.22430362117,183,Samaje,Perine,CIN,RB,31,3,252.4,75.45,10.16,251.53,ADP.tsv,205.76,25.4944,ADP.tsv,NA,140.24,1.502,1.402,15362,251.53,170,311,222
weighted,15749,RB,69.1867688022284,21.176229324133,FALSE,1.88300835654596,48.1169419379225,98.0628618798608,-134.872701949861,-130.817015956928,-136.384481339018,349,304,318,58,15,-106.959818941504,184,Isiah,Pacheco,DET,RB,27,-2,188.08,60.34,9.39,196,ADP.tsv,148.942,38.1363,ADP.tsv,13.1717916776724,200.058,2.53,2.77393222700195,19486,196,112,330,301
weighted,16178,RB,67.3037604456825,17.4323342417352,FALSE,2.55821422719505,41.4031397592318,82.4263297729981,-136.755710306407,-137.530818135619,-152.021013445881,352,315,344,59,15,-108.84282729805,187,Keaton,Mitchell,LAC,RB,24,-3,144.21,48.94,6.17,140.44,ADP.tsv,150.234,19.4594,ADP.tsv,10.5054949431238,201.766,2.4975,2.36053357315671,20344,140.44,90,202,321
weighted,15738,RB,64.7455462184874,17.7236110033639,FALSE,2.60682755553476,49.680678856555,88.232112103415,-139.313924533602,-129.253279038296,-146.215231115464,359,301,339,60,15,-111.401041525245,195,Malik,Davis,DAL,RB,28,-2,215.13,66.5,10.89,231.86,ADP.tsv,200.94,40.7998,ADP.tsv,NA,158.06,2.30933333333333,2.59114663592952,20100,231.86,121,350,254
weighted,17485,RB,62.1387186629526,28.5353464074625,FALSE,1.11420612813371,37.9386656541132,107.413467026583,-141.920752089136,-140.995292240738,-127.033876192296,367,319,296,61,15,-114.00786908078,199,Kaelon,Black,SFO,RB,25,-6,207.92,65.62,12.51,175.56,ADP.tsv,148.604,38.9316,ADP.tsv,10.8314368391271,218.396,2.359,2.13691436421772,23064,175.56,85,309,320
weighted,15254,RB,61.0245125348189,8.04556132496529,FALSE,0.782033426183837,48.7959993477893,68.6082397681722,-143.03495821727,-130.137958547062,-165.839103450707,368,302,360,62,15,-115.122075208914,202,Najee,Harris,NYG,RB,28,-1,224.53,69.17,11.64,216.04,ADP.tsv,178.61,38.2574,ADP.tsv,1.33,189.39,2.26533333333333,2.32814737983278,18826,216.04,133,352,305
weighted,16757,RB,60.2424791086351,22.3699920314451,FALSE,0.799582172701953,31.2099875135508,86.8034460686113,-143.816991643454,-147.7239703813,-147.643897150268,369,332,340,63,15,-115.904108635097,204,Kimani,Vidal,LAC,RB,25,-4,195.57,62.22,6.93,195.11,ADP.tsv,179.89,23.4867,ADP.tsv,6.79000000000001,189.11,1.99733333333333,2.15654373683654,21169,195.11,119,254,317
weighted,17477,RB,59.4428969359331,23.6269759976395,FALSE,1.53362864325022,25.0864845042379,80.5997604875735,-144.616573816156,-153.847473390613,-153.847582731305,371,346,347,64,15,-116.703690807799,206,Jonah,Coleman,DEN,RB,23,-6,141.52,48.06,5.33,135.05,ADP.tsv,137.626,15.9687,ADP.tsv,8.31028663765577,233.374,3.3155,2.56309202917102,22941,135.05,89,181,324
weighted,14080,RB,57.9092682926829,33.9355277286953,FALSE,1.27035031711574,21.9789879835362,78.5697337902399,-146.150202459406,-156.954969911315,-155.877609428639,376,359,349,65,15,-118.23731945105,208,Devin,Singletary,NYG,RB,29,1,287.56,85.3,6.54,284.63,ADP.tsv,192.81,48.3139,ADP.tsv,11.47,183.19,2.04,0.84,17034,284.63,123,359,77
weighted,16603,RB,56.6389179755672,20.2763061207739,FALSE,0.837356102399887,31.0137565473856,75.8019284476422,-147.420552776522,-147.920201347465,-158.645414771237,378,334,352,66,15,-119.507669768165,213,Ray,Davis,BUF,RB,27,-4,184.33,59.44,5.81,180.78,ADP.tsv,160.593333333333,21.5514,ADP.tsv,26.2469380224733,217.406666666667,1.732,1.77304032667055,21151,180.78,116,240,320
weighted,13146,RB,55.8015618731673,19.4337280019944,FALSE,3.21186827985254,31.9483364600814,80.0200382407911,-148.257908878922,-146.98562143477,-154.427304978088,380,330,348,67,16,-120.345025870565,216,James,Conner,ARI,RB,31,3,224.2,68.64,9.05,266.88,ADP.tsv,179.12,38.9561,ADP.tsv,NA,200.88,2.16533333333333,2.39025874935934,15306,266.88,147,352,143
weighted,16610,RB,52.5896935933148,11.9579818249613,FALSE,1.25278551532033,37.6380909009253,65.6274307882565,-151.469777158774,-141.295866993926,-168.819912430622,385,321,363,68,16,-123.556894150418,222,Jaylen,Wright,MIA,RB,23,-4,228.56,68.78,5.9,239.44,ADP.tsv,195.615,31.6243,ADP.tsv,11.115,189.385,1.692,1.692,21160,239.44,138,314,235
weighted,16387,RB,51.3369080779944,19.9294420600126,FALSE,0.279665738161562,33.4435981246082,78.063947581041,-152.722562674095,-145.490359770243,-156.383395637838,386,328,350,69,16,-124.809679665738,224,Chris,Brooks,GBP,RB,26,-3,243.13,73,10.03,255.66,ADP.tsv,NA,40.7300,ADP.tsv,NA,NA,1.92,1.92,20954,255.66,138,359,187
weighted,16608,RB,51.0572423398329,23.295724846043,FALSE,2.36573816155989,23.8302564099565,76.7478316691544,-153.002228412256,-155.103701484894,-157.699511549724,388,351,351,70,16,-125.0893454039,225,George,Holani,SEA,RB,27,-4,230.03,69.58,9.11,211.14,ADP.tsv,175.49,32.0135,ADP.tsv,NA,212.51,1.93866666666667,1.84262228600679,21709,211.14,117,300,301
weighted,17055,RB,48.691504178273,36.7718499787439,FALSE,0.891504178272982,24.3233828599878,107.044718373539,-155.367966573816,-154.610575034863,-127.40262484534,394,350,298,71,16,-127.45508356546,230,Jordan,James,SFO,RB,22,-5,255.6,76.11,9.45,235.07,ADP.tsv,173.93,27.4889,ADP.tsv,4.97,220.07,2.208,2.208,22097,235.07,163,318,265
weighted,17046,RB,47.8,9.5600,TRUE,0.243205574912892,NA,NA,-156.259470752089,NA,NA,396,NA,NA,72,16,-128.346587743733,234,Devin,Neal,FA,RB,23,-5,277.81,81.98,10.29,283.88,ADP.tsv,NA,24.4506,ADP.tsv,NA,NA,NA,NA,22104,283.88,264,360,16
weighted,14805,RB,47.5567944250871,61.8011326757043,FALSE,0.0517804975105065,4.62187133274813,89.662099671931,-156.502676327002,-174.312086562103,-144.785243546948,397,404,336,73,16,-128.589793318645,235,AJ,Dillon,CAR,RB,28,0,424.67,117.08,24.62,280.88,ADP.tsv,NA,0.0000,ADP.tsv,NA,NA,NA,NA,17996,280.88,239,239,1
weighted,16166,RB,47.5050139275766,18.3920906726308,FALSE,0.285084474313813,28.0532410296677,72.5606103159395,-156.554456824513,-150.880716865183,-161.886732902939,398,340,356,74,16,-128.641573816156,236,Sean,Tucker,TBB,RB,25,-3,204.11,64.18,7.36,234.39,ADP.tsv,178.87,37.9008,ADP.tsv,NA,219.13,1.452,1.452,20285,234.39,115,328,257
weighted,17049,RB,47.2199294532628,6.98580650941298,FALSE,0.555026946299002,39.5483409774773,55.0268747079353,-156.839541298826,-139.385616917374,-179.420468510943,400,317,376,75,16,-128.92665829047,237,Brashard,Smith,KCC,RB,23,-5,287.58,84.49,6.64,286.12,ADP.tsv,NA,34.6890,ADP.tsv,NA,NA,0,NA,22117,286.12,201,360,47
weighted,17474,RB,46.6649025069638,14.717995699487,FALSE,2.27014483361305,23.540438901755,59.6746555924317,-157.394568245125,-155.393518993096,-174.772687626447,402,353,370,76,16,-129.481685236769,239,Emmett,Johnson,KCC,RB,23,-6,174.73,57.52,8.22,162.76,ADP.tsv,153.052,20.5018,ADP.tsv,13.9861065347008,248.948,2.364,2.11770819519593,22939,162.76,97,215,321
weighted,15727,RB,44.3947576733507,22.0244381649041,FALSE,0.494757673350733,19.2525770942721,70.3810350182949,-159.664713078738,-159.681380800579,-164.066308200584,403,365,358,77,16,-131.751830070382,243,Bam,Knight,ARI,RB,25,-2,325.53,95.46,11.01,281.57,ADP.tsv,NA,39.7916,ADP.tsv,NA,NA,0.792,0.792,19451,281.57,232,360,5
weighted,16390,RB,43.9,8.7800,TRUE,2.1291086350975,NA,NA,-160.159470752089,NA,NA,405,NA,NA,78,16,-132.246587743733,245,Jaleel,McLaughlin,CLE,RB,26,-3,309.64,96.11,13.63,280.69,ADP.tsv,NA,0.0000,ADP.tsv,NA,NA,NA,NA,21005,280.69,177,177,1
weighted,16752,RB,41.7708913649025,8.0495799941828,FALSE,1.27089136490251,33.0608494392192,53.8746791736174,-162.288579387187,-145.873108455632,-180.572664045261,411,329,378,79,16,-134.37569637883,254,Isaiah,Davis,NYJ,RB,24,-4,259.94,77.13,6.3,284.56,ADP.tsv,NA,31.6805,ADP.tsv,NA,NA,0.768,0.768,21161,284.56,203,358,78
weighted,15258,RB,40.5,8.1000,TRUE,0.799999999999997,NA,NA,-163.559470752089,NA,NA,412,NA,NA,80,16,-135.646587743733,260,Michael,Carter,TEN,RB,27,-1,344.38,107.29,26.25,280.76,ADP.tsv,NA,0.0000,ADP.tsv,NA,NA,2.304,NA,18828,280.76,199,199,1
weighted,17069,RB,39.7,7.9400,TRUE,0.00640668523676879,NA,NA,-164.359470752089,NA,NA,415,NA,NA,81,16,-136.446587743733,263,Jaydon,Blue,PHI,RB,22,-5,259.88,80.36,16.25,220.85,ADP.tsv,190.88,43.2436,ADP.tsv,NA,224.12,2.88,NA,22092,220.85,109,350,238
weighted,16432,RB,39.6935933147632,35.7563346772279,FALSE,0.588194957468701,5.70875118799961,83.7895761787884,-164.365877437326,-173.225206706851,-150.657767040091,417,402,342,82,16,-136.452994428969,264,Emanuel,Wilson,SEA,RB,27,-3,224.04,68.69,8.57,271.11,ADP.tsv,NA,40.7035,ADP.tsv,NA,NA,1.704,1.704,21001,271.11,139,348,116
weighted,17652,RB,39.1053983572945,29.511483989759,FALSE,1.60539835729453,1.98517736620656,69.457645801288,-164.954072394795,-176.948780528644,-164.989697417591,419,410,359,83,16,-137.041189386438,267,Adam,Randall,BAL,RB,22,-6,285.27,84.59,7.27,279.48,ADP.tsv,NA,36.4976,ADP.tsv,NA,NA,1.98,1.98,22960,279.48,177,359,91
weighted,14079,RB,37.5,7.5000,TRUE,4,NA,NA,-166.559470752089,NA,NA,422,NA,NA,84,17,-138.646587743733,271,Miles,Sanders,FA,RB,29,1,410.6,141.5,35.31,,,NA,,,NA,NA,NA,NA,,,,,
weighted,17337,RB,33.5,6.7000,TRUE,0.0171309192200511,NA,NA,-170.559470752089,NA,NA,429,NA,NA,85,17,-142.646587743733,278,Zavier,Scott,CHI,RB,27,-3,456,127.22,12.53,281.16,ADP.tsv,NA,0.0000,ADP.tsv,NA,NA,NA,NA,20829,281.16,337,337,1
weighted,17061,RB,33.4828690807799,10.0250743934059,FALSE,0.00530810517019376,17.7602190330505,43.0986686655302,-170.576601671309,-161.1737388618,-191.348674553349,431,367,393,86,17,-142.663718662953,279,LeQuint,Allen,JAC,RB,22,-5,273.52,80.73,7.43,279.99,ADP.tsv,NA,34.6477,ADP.tsv,NA,NA,0,NA,22090,279.99,177,353,106
weighted,16595,RB,33.4775609756098,10.515707818792,FALSE,0.887449554996941,22.506887596616,41.7156605712217,-170.581909776479,-156.427070298235,-192.731682647657,432,357,395,87,17,-142.669026768123,280,Audric,Estime,NOS,RB,23,-4,313.7,94.15,8.5,282.76,ADP.tsv,NA,30.8728,ADP.tsv,NA,NA,NA,NA,21134,282.76,238,358,15
weighted,17475,RB,32.5901114206128,5.48637886487007,FALSE,1.29707520891364,27.2772101366987,40.7021845670368,-171.469359331476,-151.656747758152,-193.745158651842,433,341,396,88,17,-143.55647632312,285,Seth,McGowan,IND,RB,25,-6,251.32,76.12,11.04,237.5,ADP.tsv,NA,34.6833,ADP.tsv,NA,NA,1.67733333333333,1.71432033827468,22945,237.5,160,355,258
weighted,17059,RB,31.2930362116992,12.5457389381739,FALSE,1.47924791086351,15.8350137093523,49.9676872612787,-172.76643454039,-163.098944185499,-184.4796559576,437,374,384,89,17,-144.853551532033,289,Ollie,Gordon,MIA,RB,22,-5,245.48,73.56,7.22,278.26,ADP.tsv,NA,32.9513,ADP.tsv,NA,NA,0,NA,22071,278.26,193,360,104
weighted,16385,RB,29.8137883008357,8.99123787273759,FALSE,2.55766016713092,22.6489277013428,43.4395025719341,-174.245682451253,-156.285030193508,-191.007840646945,440,356,391,90,17,-146.332799442897,294,Emari,Demercado,DAL,RB,27,-3,288.44,86.47,8.88,267.86,ADP.tsv,NA,38.7661,ADP.tsv,NA,NA,1.392,1.392,20719,267.86,154,358,143
weighted,16171,RB,27.2561281337047,10.833103925065,FALSE,0.497472671519862,14.1378030246695,38.5153048871194,-176.803342618384,-164.796154870181,-195.932038331759,449,378,401,91,17,-148.890459610028,300,Kendre,Miller,NOS,RB,24,-3,266.09,79.36,7.98,276.02,ADP.tsv,NA,34.8486,ADP.tsv,NA,NA,1.14,1.14,20304,276.02,182,360,111
weighted,16850,RB,26.7586554621849,18.4058526101891,FALSE,1.808481246157,1.74652797621785,42.0149231877686,-177.300815289904,-177.187429918633,-192.43242003111,451,411,394,92,17,-149.387932281548,305,Jacob,Saylors,DET,RB,25,-3,297.16,86.94,17.27,274.19,ADP.tsv,NA,38.5056,ADP.tsv,NA,NA,0,NA,20790,274.19,166,349,62
weighted,16688,RB,24.9501742160279,3.3587572106361,FALSE,0.436703896393173,22.6618424091342,27.2835939493072,-179.109296536061,-156.272115485717,-207.163749269572,458,355,409,93,17,-151.196413527705,313,Isaac,Guerendo,SFO,RB,26,-4,311.28,92.81,9.41,281.55,ADP.tsv,NA,39.0628,ADP.tsv,NA,NA,NA,NA,21178,281.55,222,352,6
weighted,17062,RB,24.5134703196347,5.59930184574473,FALSE,0.289932715177883,19.5386300534092,30.3752295260897,-179.546000432454,-159.395327841442,-204.072113692789,459,364,407,94,17,-151.633117424098,314,Raheim,Sanders,CLE,RB,24,-5,336.17,95.9,8.68,,,NA,,,NA,NA,NA,NA,,,,,
weighted,17481,RB,24.2235376044568,15.684015622124,FALSE,0.573537604456824,10.925597748964,50.5132100987877,-179.835933147632,-168.008360145887,-183.934133120091,460,388,382,95,17,-151.923050139276,315,Demond,Claiborne,MIN,RB,23,-6,242.5,72.5,7.12,222.04,ADP.tsv,NA,30.0406,ADP.tsv,NA,NA,2.592,2.592,22944,222.04,140,310,274
weighted,16391,RB,23.65,4.7300,TRUE,0.197630331753555,NA,NA,-180.409470752089,NA,NA,464,NA,NA,96,17,-152.496587743733,317,Hunter,Luepke,DAL,RB,26,-3,377.3,107.43,18.75,,,NA,,,NA,NA,NA,NA,,,,,
weighted,15718,RB,23.4523696682464,5.34241452760017,FALSE,0.0106593715623262,18.3653443147805,28.9699899572277,-180.607101083843,-160.56861358007,-205.477353261651,466,366,408,97,17,-152.694218075486,321,Tyler,Badie,DEN,RB,26,-2,463.5,120.08,13.96,,,NA,,,NA,NA,0,NA,,,,,
weighted,16601,RB,23.4417102966841,8.18054030786775,FALSE,0.184746508383281,16.1230269335338,32.7125904372612,-180.617760455405,-162.810930961317,-201.734752781618,467,372,405,98,17,-152.704877447048,323,Will,Shipley,PHI,RB,24,-4,320.66,96.04,7.33,283.19,ADP.tsv,NA,18.1597,ADP.tsv,NA,NA,0,NA,21141,283.19,289,358,13
weighted,17478,RB,23.2569637883008,9.05069705229804,FALSE,0.314309759864816,10.598595833958,32.7994882506725,-180.802506963788,-168.335362060893,-201.647854968206,468,389,404,99,17,-152.889623955432,324,Kaytron,Allen,WAS,RB,23,-6,220.47,67.24,7.39,205.78,ADP.tsv,191.09,26.9024,ADP.tsv,NA,276.91,2.412,2.412,22940,205.78,121,275,305
weighted,17048,RB,22.942654028436,35.6419835614663,FALSE,0.749896368268889,3.88389410898794,65.644862343532,-181.116816723653,-175.050063785863,-168.802480875347,471,408,362,100,17,-153.203933715297,329,Kaleb,Johnson,GBP,RB,23,-5,235.42,71.21,10.33,257.27,ADP.tsv,180.2,38.8305,ADP.tsv,NA,290.8,2.29866666666667,1.61555879565623,22098,257.27,148,355,160
weighted,17476,RB,22.1927576601671,25.2051372490487,FALSE,0.96392757660167,2.2328465926637,65.219887663349,-181.866713091922,-176.701111302187,-169.22745555553,473,409,364,101,17,-153.953830083565,333,Nicholas,Singleton,TEN,RB,22,-6,207.58,64.89,8.28,220.54,ADP.tsv,173.31,35.8300,ADP.tsv,NA,299.69,2.832,2.832,22943,220.54,136,339,277
weighted,17060,RB,21.2288300835655,12.977507251575,FALSE,0.610336932880532,10.5563461275751,43.4031485693178,-182.830640668524,-168.377611767276,-191.044194649561,475,391,392,102,18,-154.917757660167,337,DJ,Giddens,IND,RB,23,-5,274.75,81.13,7.33,284.84,ADP.tsv,NA,37.1149,ADP.tsv,NA,NA,0,NA,22096,284.84,179,360,76
weighted,16175,RB,20.6184931506849,11.454230834399,FALSE,0.86849315068493,10.5583774948998,32.4676611586699,-183.440977601404,-168.375580399951,-201.979682060209,477,390,406,103,18,-155.528094593048,340,Roschon,Johnson,CHI,RB,25,-3,335.73,95.33,10.63,281.89,ADP.tsv,NA,34.4881,ADP.tsv,NA,NA,NA,NA,20334,281.89,198,359,54
weighted,13143,RB,19.75,3.9500,TRUE,1.78413461538462,NA,NA,-184.309470752089,NA,NA,479,NA,NA,104,18,-156.396587743733,343,Jeremy,McNichols,WAS,RB,31,3,402.25,107.86,10.53,281.18,ADP.tsv,NA,0.0000,ADP.tsv,NA,NA,NA,NA,15441,281.18,341,341,1
weighted,17056,RB,17.9658653846154,18.8103554920993,FALSE,0.471091865451619,3.97873658366421,39.7845888490635,-186.093605367474,-174.955221311187,-194.662754369815,481,406,400,105,18,-158.180722359117,353,Trevor,Etienne,CAR,RB,22,-5,307.77,90.79,6.61,283.69,ADP.tsv,NA,33.0536,ADP.tsv,NA,NA,NA,NA,22094,283.69,228,359,17
weighted,17274,RB,17.4947735191638,9.43987552884041,FALSE,0.344773519163766,10.9366359529999,23.9261902816965,-186.564697232925,-167.997321941851,-210.521152937182,483,387,410,106,18,-158.651814224569,356,Corey,Kiner,NEP,RB,24,-5,407.45,110,16.63,281.08,ADP.tsv,NA,31.6679,ADP.tsv,NA,NA,NA,NA,22722,281.08,235,327,3
weighted,12447,RB,17.15,3.4300,TRUE,2.31453781512605,NA,NA,-186.909470752089,NA,NA,485,NA,NA,107,18,-158.996587743733,357,Raheem,Mostert,LVR,RB,34,5,618.67,152.8,14.72,,,NA,,,NA,NA,NA,NA,,,,,
weighted,16746,RB,14.835462184874,3.60792964081862,FALSE,0.294347202295551,11.1134743921563,19.2988151368248,-189.224008567215,-167.820483502695,-215.148528082054,489,385,415,108,18,-161.311125558859,370,Rasheen,Ali,BAL,RB,25,-4,352.71,97.25,10.07,281.74,ADP.tsv,NA,11.3613,ADP.tsv,NA,NA,0,NA,21167,281.74,320,355,4
weighted,17685,RB,14.5411149825784,8.94490078200983,FALSE,1.36653304277907,8.32684979816091,20.6353038998847,-189.518355769511,-170.60710809669,-213.812039318994,490,396,413,109,18,-161.605472761154,372,Eli,Heidenreich,PIT,RB,23,-6,333.46,96,9.76,282.6,ADP.tsv,NA,37.8527,ADP.tsv,NA,NA,1.176,1.176,22968,282.6,201,358,23
weighted,16678,RB,13.1745819397993,14.1067802846716,FALSE,0.363771128988519,3.92681706909471,23.3308556901363,-190.88488881229,-175.007140825756,-211.116487528742,491,407,411,110,18,-162.972005803933,375,Sione,Vaki,DET,RB,25,-4,346.67,97.91,11.04,281.68,ADP.tsv,NA,43.8165,ADP.tsv,NA,NA,0,NA,21297,281.68,182,360,20
weighted,12155,RB,12.8108108108108,11.0963433036238,FALSE,0.260810810810812,1.57704093610777,22.4504411243278,-191.248659941278,-177.356916958743,-211.996902094551,492,412,412,111,18,-163.335776932922,376,Ameer,Abdullah,JAC,RB,33,5,432.5,114.64,16.2,281.22,ADP.tsv,NA,0.0000,ADP.tsv,NA,NA,0,NA,13582,281.22,355,355,1
weighted,16816,RB,12.55,2.5100,TRUE,0.426666666666664,NA,NA,-191.509470752089,NA,NA,493,NA,NA,112,18,-163.596587743733,377,British,Brooks,HOU,RB,27,-4,577.75,146.75,26.1,,,NA,,,NA,NA,NA,NA,,,,,
weighted,17058,RB,12.1233333333333,7.32692862370063,FALSE,2.25071867321867,6.32676175039708,19.8126618738734,-191.936137418756,-172.607196144454,-214.634681345005,494,399,414,113,18,-164.023254410399,380,Tahj,Brooks,CIN,RB,24,-5,308.22,91.78,5.53,285.26,ADP.tsv,NA,31.4171,ADP.tsv,NA,NA,0,NA,22300,285.26,207,356,61
weighted,15414,RB,9.87261466011466,9.20254759804172,FALSE,1.12261466011466,1.27340857588574,19.2570094122424,-194.186856091974,-177.660549318965,-215.190333806636,495,413,416,114,18,-166.273973083618,391,Kene,Nwangwu,NYJ,RB,28,-1,488.5,127.78,13.22,,,NA,,,NA,NA,0,NA,,,,,
weighted,15726,RB,8.75,1.7500,TRUE,1.95,NA,NA,-195.309470752089,NA,NA,496,NA,NA,115,18,-167.396587743733,394,Ronnie,Rivers,LAR,RB,27,-2,413.9,105.86,14.73,,,NA,,,NA,NA,NA,NA,,,,,
weighted,14420,RB,6.8,1.3600,TRUE,1.4,NA,NA,-197.259470752089,NA,NA,497,NA,NA,116,18,-169.346587743733,402,Alec,Ingold,LAC,RB,30,1,474.8,128,15.55,,,NA,,,NA,NA,NA,NA,,,,,
weighted,17348,RB,5.4,1.0800,TRUE,0.5,NA,NA,-198.659470752089,NA,NA,498,NA,NA,117,18,-170.746587743733,407,Nathan,Carter,ATL,RB,24,-5,460.6,121,15.19,,,NA,,,NA,NA,NA,NA,,,,,
weighted,17648,RB,4.9,0.9800,TRUE,0.3,NA,NA,-199.159470752089,NA,NA,499,NA,NA,118,19,-171.246587743733,409,Riley,Nowakowski,PIT,TE,24,-6,450.25,90,21.48,,,NA,,,NA,NA,0,NA,,,,,
weighted,15965,RB,4.6,0.9200,TRUE,0.2,NA,NA,-199.459470752089,NA,NA,500,NA,NA,119,19,-171.546587743733,410,Julius,Chestnut,TEN,RB,26,-2,480.71,125,14.68,,,NA,,,NA,NA,NA,NA,,,,,
weighted,15103,RB,4.4,0.8800,TRUE,0.0500000000000007,NA,NA,-199.659470752089,NA,NA,501,NA,NA,120,19,-171.746587743733,411,Reggie,Gilliam,NEP,RB,29,0,397.5,113.5,19.34,,,NA,,,NA,NA,NA,NA,,,,,
weighted,16613,RB,4.35,0,FALSE,0.6,4.35,4.35,-199.709470752089,-174.583957894851,-230.097343218879,502,405,418,121,19,-171.796587743733,412,Dylan,Laube,LVR,RB,27,-4,387.38,107.88,14.32,280.78,ADP.tsv,NA,0.0000,ADP.tsv,NA,NA,0,NA,21175,280.78,206,206,1
weighted,16335,RB,3.75,0.7500,TRUE,3.45,NA,NA,-200.309470752089,NA,NA,503,NA,NA,122,19,-172.396587743733,414,Scott,Matlock,LAC,RB,26,-3,NA,NA,NA,,,NA,,,NA,NA,NA,NA,,,,,
weighted,13455,RB,0.3,0.0600,TRUE,0,NA,NA,-203.759470752089,NA,NA,504,NA,NA,123,19,-175.846587743733,426,Patrick,Ricard,NYG,RB,32,3,478.8,131.25,12.16,,,NA,,,NA,NA,NA,NA,,,,,
weighted,16211,WR,281.286559888579,31.8287212469716,FALSE,6.1481197771588,230.963182553832,308.826676546902,93.97430362117,57.4887716835317,102.512108216683,3,11,3,1,1,105.139972144847,5,Puka,Nacua,LAR,WR,25,-3,4.46,2.25,0.91,5.12,ADP.tsv,6.134,1.7269,ADP.tsv,1.55801925533672,-3.134,56.5565,5.47372238517812,20336,5.12,2,12,340
weighted,15281,WR,275.138440111421,15.6974841412303,FALSE,13.5117688022284,254.400440559596,296.856992571624,87.8261838440112,80.9260296892955,90.5424242414038,5,4,4,2,1,98.991852367688,6,Ja'Marr,Chase,CIN,WR,26,-1,2.64,1.17,0.42,3.16,ADP.tsv,4.354,1.5542,ADP.tsv,0.879377052236411,0.646,61.5365,4.50765534951376,18775,3.16,1,10,340
weighted,16185,WR,261.626671309192,28.2284726315451,FALSE,11.8939415041783,219.440857445183,289.089167308018,74.3144150417828,45.9664465748822,82.7745989777981,7,14,5,3,2,85.4800835654596,7,Jaxon,Smith-Njigba,SEA,WR,24,-3,5.86,3.19,0.9,5.64,ADP.tsv,7.474,1.7269,ADP.tsv,0.842747886381212,-0.474,54.6455,4.89837633813491,20273,5.64,1,11,340
weighted,15287,WR,249.732729805014,22.6336106572853,FALSE,25.5476323119777,212.317267078895,262.221746873,62.4204735376045,38.8428562085946,55.9071785427802,9,17,12,4,3,73.5861420612814,11,Amon-Ra,St. Brown,DET,WR,27,-1,6.53,3.63,0.75,6.21,ADP.tsv,9.456,2.2450,ADP.tsv,1.30240700243818,-0.456,55.6065,4.10612551561688,18827,6.21,3,16,340
weighted,14836,WR,224.185097493036,26.5769767282092,FALSE,2.20217502321262,192.677997545927,263.007892100945,36.8728412256268,19.2035866756269,56.693323770725,18,29,11,5,4,48.0385097493036,18,Justin,Jefferson,MIN,WR,27,0,11.61,6.15,1.88,12.05,ADP.tsv,15.356,3.2811,ADP.tsv,2.37173860279753,2.644,48.309,4.60291244757056,17972,12.05,6,25,340
weighted,15751,WR,221.982922469824,19.0853865527527,FALSE,1.13779712163418,195.702029750216,242.204565403033,34.6706662024141,22.2276188799154,35.8899970728137,19,25,21,6,4,45.836334726091,20,Drake,London,ATL,WR,25,-2,16.82,8.41,1.74,20.99,ADP.tsv,21.708,5.3535,ADP.tsv,4.45760204594354,-2.708,36.305,3.2151943953671,19433,20.99,8,39,340
weighted,14832,WR,220.845125348189,19.194251398845,FALSE,7.90484679665738,197.131860730492,243.209269093864,33.53286908078,23.6574498601918,36.8947007636446,20,23,19,7,4,44.6985376044568,21,CeeDee,Lamb,DAL,WR,27,0,10.3,5.67,1.22,11.24,ADP.tsv,14.282,3.2811,ADP.tsv,2.18216772957534,5.718,49.2245,4.43294267389057,17965,11.24,5,24,340
weighted,15754,WR,212.940278551532,25.2054877039027,FALSE,0.916323119777132,180.745944613288,240.73299344214,25.6280222841226,7.2715337429876,34.4184251119205,23,45,22,8,4,36.7936908077994,25,Chris,Olave,NOS,WR,26,-2,23.56,11.06,2.53,23.26,ADP.tsv,29.458,4.8354,ADP.tsv,5.33946214519777,-6.458,30.444,3.62364015873541,19432,23.26,13,41,340
weighted,15762,WR,212.023955431755,26.617196637521,FALSE,0.625766016713072,189.477694141708,243.998875388267,24.7116991643454,16.0032832714074,37.6843070580472,24,33,18,9,4,35.8773676880223,26,George,Pickens,DAL,WR,25,-2,22.7,10.85,2.49,22.86,ADP.tsv,23.186,5.8715,ADP.tsv,3.33001861856657,0.814,32.5435,1.89635881362152,19437,22.86,10,44,340
weighted,16194,WR,211.398189415042,25.426424097946,FALSE,1.57430362116995,185.146926846832,248.279610978194,24.0859331476324,11.6725159765315,41.9650426479744,25,41,17,10,4,35.2516016713092,27,Rashee,Rice,KCC,WR,26,-3,32.64,15.33,4.07,29.32,ADP.tsv,31.428,6.3896,ADP.tsv,6.12977781000258,-6.428,25.7695,2.98405609029053,20287,29.32,14,51,340
weighted,14104,WR,209.823885793872,18.6853232986515,FALSE,1.68809192200558,187.361994577454,231.857963562529,22.5116295264624,13.8875837071535,25.5433952323093,27,38,26,11,4,33.6772980501393,28,A.J.,Brown,NEP,WR,29,1,15.94,7.95,2.36,16.66,ADP.tsv,21.892,4.1446,ADP.tsv,2.17122453928653,5.108,38.3765,6.08162780429714,17004,16.66,7,31,340
weighted,15290,WR,208.135793871866,16.5757396403445,FALSE,9.29930362116991,188.851530332098,226.681520910038,20.8235376044568,15.3771194617981,20.3669525798184,29,34,30,12,5,31.9892061281337,30,Nico,Collins,HOU,WR,27,-1,19.14,9.22,1.75,23.22,ADP.tsv,24.132,5.1808,ADP.tsv,2.98279332170367,4.868,34.223,1.98980074379321,18836,23.22,12,42,340
weighted,16615,WR,198.836490250696,15.7165372159038,FALSE,1.19623955431754,179.06423473406,218.638237201088,11.5242339832869,5.58982386375968,12.323668870868,41,48,37,13,5,22.6899025069638,35,Malik,Nabers,NYG,WR,23,-4,28.31,13.17,3.51,25.27,ADP.tsv,32.118,6.0442,ADP.tsv,3.07902192262413,8.882,27.964,0.886751374399838,21122,25.27,11,46,340
weighted,16190,WR,197.640250696379,16.5707620156828,FALSE,4.08203342618381,180.129027839576,216.229627927045,10.3279944289694,6.65461696927591,9.91505959682559,42,46,41,14,5,21.4936629526462,36,Zay,Flowers,BAL,WR,26,-3,32.71,15.27,3.12,31.04,ADP.tsv,36.622,6.2169,ADP.tsv,6.99216246950827,5.378,22.7985,3.16069719365839,20288,31.04,20,56,340
weighted,17081,WR,193.558217270195,12.0148128141747,FALSE,0.543349582172738,183.449455670072,213.221648628533,6.24596100278558,9.97504479977204,6.90708029831353,46,43,47,15,5,17.4116295264624,38,Emeka,Egbuka,TBB,WR,24,-5,41.07,19.85,3.83,38.42,ADP.tsv,44.662,9.1527,ADP.tsv,4.84066689620346,1.338,19.043,2.91957993553867,22063,38.42,22,75,340
weighted,17071,WR,193.014867688022,16.5781605823899,FALSE,0.576845403899711,174.197711260031,214.788536843014,5.70261142061284,0.723300389730554,8.47396851279416,48,57,45,16,5,16.8682799442897,39,Tetairoa,McMillan,CAR,WR,23,-5,39.01,18.68,3.42,38.76,ADP.tsv,43.204,5.5261,ADP.tsv,5.69053459703041,4.796,18.9085,1.48583873620255,22059,38.76,25,57,340
weighted,15753,WR,192.438022284123,11.9842116782682,FALSE,1.13091922005574,174.554623285667,206.31456833022,5.12576601671313,1.0802124153671,0,49,56,59,17,5,16.29143454039,40,Garrett,Wilson,NYJ,WR,26,-2,38.4,18.32,3.18,35.78,ADP.tsv,47.894,6.7350,ADP.tsv,6.43481654750157,1.106,21.977,4.75722471615542,19431,35.78,24,63,340
weighted,15282,WR,191.307103064067,11.808084286239,FALSE,2.62966573816152,173.4744108703,204.099053680284,3.99484679665738,0,-2.21551464993615,50,59,62,18,6,15.1605153203342,42,DeVonta,Smith,PHI,WR,28,-1,28.57,13.44,2.6,28.82,ADP.tsv,36.386,7.2531,ADP.tsv,3.68392508067143,13.614,27.262,3.13659241853321,18778,28.82,17,59,340
weighted,15756,WR,188.677437325905,11.287730585359,FALSE,1.36518105849586,178.115306516952,206.594878147839,1.36518105849586,4.64089564665127,0.280309817618985,56,50,58,19,6,12.5308495821727,43,Jameson,Williams,DET,WR,25,-2,50.93,24.59,3.83,49.07,ADP.tsv,54.376,8.9800,ADP.tsv,11.586141031422,1.624,12.3745,4.76635612916198,19435,49.07,34,86,340
weighted,14835,WR,187.312256267409,16.7795812765885,FALSE,1.22931754874648,171.379205872923,206.167454329286,0,-2.0952049973769,-0.147114000933868,59,64,60,20,6,11.1656685236769,44,Tee,Higgins,CIN,WR,27,0,36.62,17.38,3.03,37.77,ADP.tsv,38.936,6.2169,ADP.tsv,6.51866734846932,20.064,21.493,3.67391167558503,17971,37.77,24,60,340
weighted,11675,WR,186.082938718663,9.88520705228369,FALSE,5.46497214484683,176.975213678479,200.616051436039,-1.22931754874648,3.50080280817883,-5.69851689418084,63,52,66,21,6,9.93635097493038,45,Davante,Adams,LAR,WR,34,6,49.91,24.26,3.36,51.09,ADP.tsv,52.23,8.2892,ADP.tsv,8.85796816431398,10.77,18.813,8.29220037143339,12729,51.09,32,80,340
weighted,16627,WR,180.617966573816,12.6846939650353,FALSE,1.20793871866294,169.687214979743,199.863586317417,-6.6942896935933,-3.787195890557,-6.4509820128026,69,67,68,22,6,4.47137883008355,49,Ladd,McConkey,LAC,WR,25,-4,38.47,18.37,3.58,34.19,ADP.tsv,45.516,8.2892,ADP.tsv,1.88004893553333,23.484,20.6135,3.83705443667405,21139,34.19,21,69,340
weighted,13635,WR,179.410027855153,21.5040879956031,FALSE,1.34456824512534,164.985087525128,217.096209643752,-7.90222841225625,-8.48932334517195,10.7816413135324,71,74,40,23,6,3.26344011142061,50,D.J.,Moore,BUF,WR,29,2,54.01,25.66,5.04,43.69,ADP.tsv,52.176,10.0161,ADP.tsv,9.22576956139704,18.824,18.156,7.595420199041,16134,43.69,25,83,340
weighted,14109,WR,178.065459610028,11.1158619568954,FALSE,1.91887186629526,162.948327524096,191.41068862257,-9.24679665738159,-10.5260833462046,-14.9038797076495,72,79,83,24,6,1.91887186629526,51,Terry,McLaurin,WAS,WR,31,1,50.07,24.22,3.07,50.24,ADP.tsv,55.992,9.3254,ADP.tsv,6.9512629068393,16.008,14.9635,5.17173440443339,17062,50.24,31,85,340
weighted,16616,WR,176.146587743733,14.8035875289966,FALSE,0.0513231197771518,162.030434756257,199.557466505957,-11.1656685236769,-11.4439761140436,-6.75710182426283,75,80,69,25,6,0,52,Rome,Odunze,CHI,WR,24,-4,58.35,27.47,3.13,54.38,ADP.tsv,62.698,9.6708,ADP.tsv,8.86781235705853,12.302,10.7485,2.77324660821933,20335,54.38,36,92,340
weighted,17070,WR,176.095264623955,25.4178788028857,FALSE,2.80306406685239,153.053396187954,218.298299477004,-11.216991643454,-20.4210146823459,11.9837311467843,76,98,38,26,6,-0.0513231197771518,53,Luther,Burden,CHI,WR,23,-5,49.62,23.68,4.22,43.76,ADP.tsv,60.31,8.4619,ADP.tsv,10.3910730918419,15.69,12.804,3.45326048829219,22060,43.76,27,76,340
weighted,15284,WR,173.292200557103,9.03339280347772,FALSE,2.64052924791085,161.153977973247,185.486769114314,-14.0200557103064,-12.3204328970529,-20.8277992159061,81,83,99,27,7,-2.85438718662954,54,Jaylen,Waddle,DEN,WR,28,-1,38.06,18,3.71,35.86,ADP.tsv,48.106,7.4258,ADP.tsv,4.87798974988673,32.894,20.5875,4.29123161225306,18781,35.86,21,64,340
weighted,13630,WR,170.651671309192,14.7726676289738,FALSE,2.49526462395542,158.212306386191,195.472136521141,-16.6605849582172,-15.2621044841093,-10.842431809079,88,88,78,28,7,-5.49491643454039,55,Courtland,Sutton,DEN,WR,31,2,87.09,37.89,5.05,73.06,ADP.tsv,82.936,11.2250,ADP.tsv,14.7179205052888,5.06399999999999,7.867,5.95279320991415,16066,73.06,42,107,340
weighted,15789,WR,168.156406685237,6.87172587534543,FALSE,1.00668523676882,159.228710683115,175.122685190215,-19.1558495821727,-14.2457001871857,-31.1918831400048,96,86,122,29,7,-7.99018105849581,57,Christian,Watson,GBP,WR,27,-2,55.66,26.24,3.71,49.79,ADP.tsv,63.798,8.6346,ADP.tsv,7.63858468566003,32.202,11.41,5.57932791651468,19445,49.79,36,86,340
weighted,11671,WR,167.149721448468,11.4580199917592,FALSE,0.355431754874672,153.581473907529,183.730166620218,-20.1625348189415,-19.8929369627711,-22.5844017100015,99,97,104,30,7,-8.99686629526462,59,Mike,Evans,SFO,WR,33,6,61.52,28.71,4.42,59.63,ADP.tsv,71.266,12.2611,ADP.tsv,8.97933984210421,27.734,10.94,6.59352712893486,12686,59.63,37,108,340
weighted,15768,WR,166.794289693593,16.3677844389799,FALSE,1.91612116991641,151.707213594398,184.914416189105,-20.5179665738162,-21.7671972759022,-21.4001521411151,101,100,100,31,7,-9.3522980501393,60,Alec,Pierce,IND,WR,26,-2,95.61,40.97,6.13,89.64,ADP.tsv,83.202,16.5784,ADP.tsv,15.3933068572026,17.798,5.638,3.67608650605505,19463,89.64,58,154,340
weighted,14102,WR,164.878168523677,13.013895790312,FALSE,3.16312674094706,149.152329844791,184.598220103422,-22.4340877437326,-24.3220810255095,-21.7163482267982,104,103,101,32,7,-11.2684192200557,62,DK,Metcalf,PIT,WR,29,1,80.72,35.44,4.07,74.67,ADP.tsv,83.618,10.8796,ADP.tsv,11.1153342729762,20.382,8.111,6.29750450575464,17002,74.67,54,117,340
weighted,16614,WR,161.71504178273,16.5741674957411,FALSE,0.724651810584987,138.622590373046,182.643548338887,-25.5972144846796,-34.8518204972542,-23.6710199913325,106,123,105,33,7,-14.4315459610028,63,Marvin,Harrison Jr.,ARI,WR,24,-4,73.14,32.62,4.44,63.25,ADP.tsv,78.092,10.7069,ADP.tsv,6.05346314104579,27.908,8.409,3.9886943979202,21121,63.25,44,106,340
weighted,16192,WR,160.990389972145,15.2325477165812,FALSE,1.18050139275766,142.787137544513,179.270429386906,-26.3218662952646,-30.6872733257876,-27.0441389433139,108,114,109,34,7,-15.1561977715878,65,Parker,Washington,JAC,WR,24,-3,62.13,28.5,4.67,51.32,ADP.tsv,72.03,12.0884,ADP.tsv,6.92541406704322,35.97,12.367,8.00082914453246,20291,51.32,27,97,340
weighted,16618,WR,159.809888579387,19.0647117822013,FALSE,2.77949164345401,139.736631791218,187.084123479757,-27.5023676880223,-33.7377790790822,-19.2304448504623,112,117,95,35,7,-16.3366991643454,66,Brian,Thomas Jr.,JAC,WR,24,-4,81.12,35.43,4.57,71.83,ADP.tsv,85.344,10.8796,ADP.tsv,8.02621355310211,26.656,5.8635,3.27553610115963,21131,71.83,49,112,340
weighted,16206,WR,157.030396935933,24.1610015332986,FALSE,3.37872562674096,138.918129095983,196.775281217125,-30.2818593314763,-34.5562817743175,-9.53928711309453,117,122,75,36,8,-19.1161908077994,73,Michael,Wilson,ARI,WR,26,-3,93.56,40.01,5.35,77.2,ADP.tsv,91.078,13.6427,ADP.tsv,13.8557040961476,25.922,6.164,4.66382332426948,20340,77.2,52,131,340
weighted,13163,WR,153.651671309192,22.577032200107,FALSE,3.3408077994429,130.817918206462,189.176022946457,-33.6605849582172,-42.6564926638385,-17.1385453837626,120,133,89,37,8,-22.4949164345404,74,Chris,Godwin,TBB,WR,30,3,81.96,35.72,4.86,71.49,ADP.tsv,87.694,11.5704,ADP.tsv,9.24522492965963,32.306,7.2355,5.61782704877963,15316,71.49,46,113,340
weighted,17497,WR,150.310863509749,20.9650211868067,FALSE,3.34066852367687,126.776787956246,180.003178892587,-37.0013927576601,-46.6976229140545,-26.3113894376324,132,139,107,38,8,-25.8357242339833,76,Carnell,Tate,TEN,WR,21,-6,74.88,33.12,5.22,66.45,ADP.tsv,84.88,13.4700,ADP.tsv,9.17918732786296,47.12,8.336,5.14401477447334,22929,66.45,41,119,340
weighted,15757,WR,146.970194986072,31.3664150133652,FALSE,2.20863509749307,121.42326191895,200.791255903267,-40.342061281337,-52.0511489513506,-5.52331242695246,135,151,65,39,8,-29.1763927576602,79,Wan'Dale,Robinson,TEN,WR,25,-2,101.55,42.65,5.02,92.39,ADP.tsv,115.268,14.5061,ADP.tsv,23.3935558648103,19.732,5.338,3.61980828221606,19460,92.39,59,143,340
weighted,14842,WR,144.761559888579,15.7362850250561,FALSE,1.52047353760443,119.81579246782,155.601773541026,-42.5506963788301,-53.6586184024805,-50.7127947891937,138,154,154,40,8,-31.3850278551532,82,Michael,Pittman,PIT,WR,29,0,92.21,39.63,4.53,85.89,ADP.tsv,113.006,11.5704,ADP.tsv,13.7550159578243,24.994,5.226,3.21217496410143,17995,85.89,54,121,340
weighted,16186,WR,143.241086350975,20.4995644046991,FALSE,2.00181058495824,120.948136100867,175.432121258176,-44.0711699164345,-52.5262747694334,-30.8824470720434,141,153,120,41,8,-32.9055013927577,84,Jordan,Addison,MIN,WR,24,-3,106.6,44.22,5.1,103.6,ADP.tsv,106.228,15.3696,ADP.tsv,12.257401682249,34.772,3.6485,2.58376793656087,20274,103.6,68,157,340
weighted,16188,WR,141.239275766017,17.5154823183209,FALSE,0.864484679665736,118.886047565458,159.758282548169,-46.0729805013927,-54.5883633048421,-46.5562857820508,148,155,147,42,8,-34.9073119777159,87,Quentin,Johnston,LAC,WR,25,-3,90.51,38.6,4.9,76.25,ADP.tsv,99.818,11.5704,ADP.tsv,11.8753566683279,48.182,4.577,3.33291269012556,20276,76.25,50,117,340
weighted,16184,WR,140.374791086351,27.3888254432047,FALSE,2.4784122562674,100.891822521283,173.996846251647,-46.9374651810585,-72.5825883490169,-32.3177220785727,151,176,124,43,9,-35.7717966573816,89,Jayden,Reed,GBP,WR,26,-3,105.25,43.59,5.56,93.54,ADP.tsv,112.95,15.0242,ADP.tsv,15.4605019323436,38.05,3.1995,2.40000432291277,20311,93.54,47,134,340
weighted,14127,WR,137.896378830084,22.0040978376029,FALSE,1.94791086350975,105.622438972469,164.132310139878,-49.4158774373259,-67.8519718978316,-42.1822581903416,153,169,142,44,9,-38.250208913649,92,Jakobi,Meyers,JAC,WR,30,1,114.85,47.41,6.03,111.25,ADP.tsv,123.056,15.0242,ADP.tsv,17.8412158778487,29.944,3.2245,2.47369778873653,17061,111.25,69,156,340
weighted,16620,WR,135.948467966574,17.0085453579792,FALSE,1.80704735376045,109.603873099823,150.192517597794,-51.3637883008356,-63.8705377704776,-56.1220507324259,155,163,168,45,9,-40.1981197771588,94,Xavier,Worthy,KCC,WR,23,-4,129.37,51.94,4.63,119.18,ADP.tsv,127.76,17.2799,ADP.tsv,19.2116308521687,27.24,2.3645,1.65320317868071,21128,119.18,73,173,338
weighted,16187,WR,134.141420612813,11.6276795345997,FALSE,0.559108635097488,122.996031434038,152.060785519087,-53.1708356545961,-50.4783794362618,-54.2537828111325,158,144,164,46,9,-42.0051671309192,95,Josh,Downs,IND,WR,25,-3,98.79,41.79,4.93,89.2,ADP.tsv,114.146,13.1246,ADP.tsv,11.6434077485932,43.854,3.7055,3.22097978106042,20283,89.2,61,137,340
weighted,15779,WR,133.582311977716,19.3299769086961,FALSE,0.144951253481878,109.336279684496,157.343015524802,-53.7299442896936,-64.1381311858042,-48.9715528054182,159,164,151,47,9,-42.5642757660167,97,Romeo,Doubs,NEP,WR,26,-2,128.13,51.46,4.72,110.56,ADP.tsv,124.928,12.0884,ADP.tsv,14.4714966744978,34.072,2.9345,2.9173088197858,19455,110.56,79,149,340
weighted,12186,WR,133.437360724234,14.7646425101324,FALSE,1.58206824512536,110.840684551923,149.387533455009,-53.8748955431755,-62.6337263183768,-56.9270348752103,160,161,171,48,9,-42.7092270194986,98,Stefon,Diggs,WAS,WR,33,5,100.64,41.93,7.03,98.44,ADP.tsv,108.296,14.5061,ADP.tsv,6.56262325598537,51.704,5.78,4.80293660170525,13671,98.44,58,142,340
weighted,17075,WR,131.855292479109,16.1642391225141,FALSE,4.87047353760445,111.843886721919,153.62245332779,-55.4569637883008,-61.6305241483809,-52.6921150024293,162,160,160,49,9,-44.291295264624,102,Matthew,Golden,GBP,WR,23,-5,126.09,50.41,5.86,100.53,ADP.tsv,120.946,12.9519,ADP.tsv,13.5853915659432,41.054,3.112,1.74136498184614,22085,100.53,69,144,340
weighted,15761,WR,126.984818941504,9.78239529466903,FALSE,0.16699164345404,113.588685344403,134.858804298087,-60.3274373259053,-59.8857255258975,-71.4557640321326,170,158,190,50,9,-49.1617688022284,106,Khalil,Shakir,BUF,WR,26,-2,134,53.43,4.91,126.34,ADP.tsv,140.926,13.8196,ADP.tsv,18.8938398426577,29.074,2.5555,2.18306682215639,19462,126.34,88,168,339
weighted,14136,WR,126.81782729805,21.9527265029906,FALSE,1.5625348189415,105.484259861857,155.224216635424,-60.4944289693593,-67.9901510084431,-51.090351694796,171,170,156,51,9,-49.3287604456824,107,Deebo,Samuel,SFO,WR,30,1,141.05,55,8.86,131.73,ADP.tsv,125.95,16.7615,ADP.tsv,17.9608039909131,45.05,3.5665,3.95650941487569,17019,131.73,85,182,338
weighted,16080,WR,125.255292479109,30.2382820850564,FALSE,1.62061281337049,87.0870448587455,164.971530120501,-62.0569637883008,-86.3873660115548,-41.3430382097182,172,196,141,52,9,-50.8912952646239,111,Rashid,Shaheed,SEA,WR,28,-2,145.69,56.97,4.86,130.44,ADP.tsv,131.238,18.1383,ADP.tsv,15.5027409189472,40.762,2.474,2.45833846327148,19934,130.44,94,199,339
weighted,14833,WR,123.634679665738,17.0924216624544,FALSE,2.85863509749305,107.290031928784,146.646949086169,-63.6775766016713,-66.1843789415162,-59.6676192440506,174,167,175,53,10,-52.5119080779944,112,Jerry,Jeudy,CLE,WR,27,0,176.85,67.15,8.76,194.96,ADP.tsv,153.02,22.6397,ADP.tsv,20.5158036644924,20.98,2.54533333333333,2.69559706847213,17964,194.96,127,257,314
weighted,17501,WR,120.776044568245,26.6379521461477,FALSE,0.657172701949847,79.6179333134666,144.84343275144,-66.5362116991643,-93.8564775568337,-61.47113557878,177,204,176,54,10,-55.3705431754875,113,KC,Concepcion,CLE,WR,22,-6,115.46,47.08,5.76,99.94,ADP.tsv,122.18,18.1327,ADP.tsv,6.88985631199955,54.82,4.235,4.06020627554808,22933,99.94,60,165,340
weighted,17499,WR,120.118871866295,27.5560600190546,FALSE,0.63384401114206,81.2332721877709,155.664381091693,-67.1933844011142,-92.2411386825294,-50.6501872385271,179,203,153,55,10,-56.0277158774373,115,Makai,Lemon,PHI,WR,22,-6,111.98,46.03,6.48,105.46,ADP.tsv,125.78,14.8561,ADP.tsv,6.32231603132902,53.22,4.114,4.19999380951925,22932,105.46,69,155,339
weighted,16809,WR,119.485027855153,16.5332785648,FALSE,4.04070334261837,103.734989562082,137.797053975255,-67.8272284122562,-69.7394213082181,-68.5175143549647,181,173,187,56,10,-56.6615598885794,116,Jalen,Coker,CAR,WR,25,-4,131.47,52.34,4.83,121.87,ADP.tsv,136.412,13.4700,ADP.tsv,12.8952989883911,44.588,2.3235,1.78577063196817,21570,121.87,89,167,340
weighted,17514,WR,115.444324512535,48.2801958451098,FALSE,1.59975626740949,37.310492259514,151.260501261996,-71.8679317548746,-136.163918610786,-55.0540670682235,188,313,167,57,10,-60.7022632311978,119,De'Zhaun,Stribling,SFO,WR,24,-6,118.37,47.75,8.63,92.14,ADP.tsv,112.304,18.8234,ADP.tsv,9.8083833530302,75.696,6.212,4.26954704857553,23066,92.14,46,155,340
weighted,16287,WR,113.844568245125,5.39094819520544,FALSE,2.87033426183842,108.600113568788,121.331110516375,-73.4676880222841,-64.8742973015121,-84.983457813845,189,165,209,58,10,-62.3020194986073,121,Tre,Tucker,LVR,WR,25,-3,162.85,62.19,8.42,152.38,ADP.tsv,146.37,21.6067,ADP.tsv,16.0044406337741,42.63,2.023,1.88569005936819,20357,152.38,105,230,337
weighted,13629,WR,110.974233983287,34.5697654240871,FALSE,3.64428969359332,66.8677292490718,154.096810291786,-76.3380222841225,-106.606681621228,-52.2177580384336,192,242,159,59,10,-65.1723537604457,123,Calvin,Ridley,TEN,WR,32,2,209.62,77.55,9.46,243.34,ADP.tsv,162.725,33.2038,ADP.tsv,23.397959846961,29.275,1.52133333333333,1.26495463247589,16065,243.34,161,345,226
weighted,16628,WR,107.329944289694,5.58658409033164,FALSE,1.95090529247912,99.1385762436788,112.224056470584,-79.9823119777159,-74.3358346266214,-94.0905118596358,198,180,227,60,10,-68.816643454039,124,Jalen,McMillan,TBB,WR,25,-4,177.63,67.02,8.09,165.31,ADP.tsv,160.89,33.5216,ADP.tsv,24.3608305824466,37.11,2.94,2.34,21153,165.31,54,247,322
weighted,16193,WR,105.379038997214,31.11617560486,FALSE,1.04279247910864,72.8090922577113,148.43133052812,-81.933217270195,-100.665318612589,-57.8832378020999,199,229,173,61,10,-70.7675487465181,128,Kayshon,Boutte,HOU,WR,24,-3,170.38,64.8,7.9,175.31,ADP.tsv,160.905,27.3979,ADP.tsv,9.74760868110738,38.095,2.54266666666667,2.61459765334724,20326,175.31,99,257,327
weighted,17500,WR,104.336246518106,26.7985050980852,FALSE,0.687151810584965,71.9900845336292,130.314154914178,-82.9760097493036,-101.484326336671,-76.0004134160415,200,231,196,62,11,-71.8103412256268,129,Denzel,Boston,CLE,WR,23,-6,160.31,61.01,8.42,151.16,ADP.tsv,154.502,18.7521,ADP.tsv,17.5671755271017,45.498,2.588,3.00343669818427,22934,151.16,98,206,323
weighted,14860,WR,103.649094707521,27.2664798554646,FALSE,0.624860724233955,81.8577733783177,140.135805592815,-83.6631615598886,-91.6166374919826,-66.1787627374045,202,200,185,63,11,-72.4974930362117,132,Jauan,Jennings,MIN,WR,29,0,179.1,68.22,9.65,184.04,ADP.tsv,164.2675,23.8188,ADP.tsv,15.1637089377896,37.7325,1.71866666666667,1.69309289631596,18033,184.04,110,247,319
weighted,11222,WR,103.024233983287,15.0924426368207,FALSE,0.137325905292485,90.5375454583786,126.820444742754,-84.2880222841225,-82.9368654119216,-79.4941235874661,205,191,202,64,11,-73.1223537604457,133,Keenan,Allen,IND,WR,34,7,197.96,73.34,15.94,185.74,ADP.tsv,152.414,28.5035,ADP.tsv,16.4428642273784,52.586,2.425,2.76981497577004,11857,185.74,98,262,320
weighted,15786,WR,102.886908077994,25.0937654406299,FALSE,1.6550139275766,74.7738871915568,141.532510775537,-84.425348189415,-98.7005236787434,-64.7820575546828,206,215,180,65,11,-73.2596796657382,134,Jalen,Nailor,LVR,WR,27,-2,194.14,72.34,10.46,163.46,ADP.tsv,154.0775,19.4150,ADP.tsv,18.6997144028993,51.9225,1.7675,1.59970895790453,19715,163.46,104,216,328
weighted,16684,WR,101.231894150418,19.8895181233153,FALSE,1.06451949860724,87.2537583963144,126.908516285905,-86.0803621169916,-86.2206524739858,-79.4060520443152,208,195,201,66,11,-74.9146935933148,135,Malik,Washington,MIA,WR,25,-4,194.23,72.74,11.42,174.94,ADP.tsv,155.403333333333,21.8560,ADP.tsv,15.7543228635473,52.5966666666667,2.60666666666667,2.93168135300471,21154,174.94,103,229,326
weighted,16788,WR,100.167374651811,14.426691801111,FALSE,0.561176880222831,82.320271302523,120.520001266368,-87.1448816155989,-91.1541395677772,-85.7945670638517,210,198,211,67,11,-75.979213091922,137,Devaughn,Vele,NOS,WR,29,-4,243.73,89.46,12.43,226.66,ADP.tsv,178.385,33.7595,ADP.tsv,11.585,31.615,1.502,1.402,21357,226.66,141,333,287
weighted,17498,WR,99.6061977715878,49.1213134489804,FALSE,0.954665738161566,41.0732894755328,173.689737297914,-87.7060584958217,-132.401121394767,-32.6248310323055,211,308,125,68,11,-76.5403899721448,138,Jordyn,Tyson,NOS,WR,22,-6,141.32,56.32,9.39,131.57,ADP.tsv,141.554,23.0627,ADP.tsv,20.7243051511987,69.446,3.8045,4.43685482633814,22931,131.57,72,205,327
weighted,15293,WR,98.6515320334262,20.4593529921036,FALSE,5.19874651810585,74.5821865993624,124.902416230904,-88.6607242339833,-98.8922242709379,-81.4121520993155,215,217,205,69,11,-77.4950557103064,139,Rashod,Bateman,BAL,WR,27,-1,223.39,81.63,8.76,264.43,ADP.tsv,159.146666666667,36.4181,ADP.tsv,22.7233467801046,55.8533333333333,1.396,1.196,18785,264.43,160,353,152
weighted,16626,WR,93.4527855153203,19.8849213860459,FALSE,3.16046439839189,70.532383612689,120.203206183657,-93.8594707520891,-102.942027257611,-86.1113621465622,221,234,212,70,11,-82.6938022284123,143,Adonai,Mitchell,NYJ,WR,24,-4,171.88,64.98,7.42,173.57,ADP.tsv,172.616666666667,19.2666,ADP.tsv,11.8418251220925,48.3833333333333,1.272,1.00490530233782,21129,173.57,111,222,324
weighted,17074,WR,90.2923211169284,19.037160021909,FALSE,1.56751262110673,70.7625997693614,115.512568130824,-97.019935150481,-102.711811100939,-90.8020001993955,224,233,221,71,11,-85.8542666268041,145,Travis,Hunter,JAC,WR,23,-5,200.06,75.21,12.4,225.48,ADP.tsv,166.59,36.9323,ADP.tsv,0.890000000000001,57.41,2.77,1.07,22058,225.48,111,320,274
weighted,13164,WR,88.7248084958217,17.7854589671779,FALSE,2.29345305661288,78.7908922420603,117.835766127481,-98.5874477715877,-94.68351862824,-88.4788022027384,228,207,216,72,12,-87.4217792479109,146,Cooper,Kupp,SEA,WR,33,3,230.59,84.21,9.46,238.19,ADP.tsv,159.55,26.3051,ADP.tsv,9.55,68.45,2.524,2.324,15283,238.19,149,296,244
weighted,15788,WR,86.4313554392088,28.592150275402,FALSE,0.204718948958146,67.1693240078445,129.538921188687,-100.880900828201,-106.305086862456,-76.7756471415325,235,241,197,73,12,-89.7152323045238,150,Jalen,Tolbert,MIA,WR,27,-2,285.62,109.06,14.2,280.63,ADP.tsv,NA,34.9773,ADP.tsv,NA,NA,1.248,1.248,19453,280.63,183,359,98
weighted,17517,WR,86.2266364902507,42.6185812558684,FALSE,2.69272142335133,25.7215142855965,128.146835168794,-101.085619777159,-147.752896584704,-78.1677331614253,237,333,200,74,12,-89.9199512534819,151,Ja'Kobi,Lane,BAL,WR,22,-6,205.49,76.16,15.94,160.38,ADP.tsv,154.284,23.7259,ADP.tsv,15.3050966674504,82.716,3.4745,4.346933488104,22959,160.38,103,240,331
weighted,17072,WR,83.5339150668994,32.488697298164,FALSE,2.90965677719605,66.6823275809434,133.053181512025,-103.77834120051,-106.792083289357,-73.2613868181944,241,245,191,75,12,-92.6126726768332,154,Tre,Harris,LAC,WR,24,-5,184.79,69.87,9.35,166.32,ADP.tsv,183.675,20.6756,ADP.tsv,3.825,57.325,1.16933333333333,0.860860551360608,22074,166.32,106,225,321
weighted,16778,WR,80.6242582897033,11.2800325024701,FALSE,0.0652053649122308,68.7369982495306,94.2343885561563,-106.687997977706,-104.73741262077,-112.080179774063,246,235,259,76,12,-95.5223294540293,159,Ryan,Flournoy,DAL,WR,27,-4,187.98,70.7,9.45,176.13,ADP.tsv,177.375,24.4980,ADP.tsv,8.97499999999999,68.625,2.172,2.172,21355,176.13,102,243,321
weighted,17502,WR,80.5590529247911,33.7862867314733,FALSE,0.0764623955431745,46.3115026209625,132.324722433648,-106.753203342618,-127.162908249338,-73.9898458965713,247,296,193,77,12,-95.5875348189415,160,Omar,Cooper Jr.,NYJ,WR,23,-6,185.29,70.33,10.52,212.16,ADP.tsv,177.965,25.9844,ADP.tsv,10.065,69.035,2.05333333333333,2.2343579739056,22948,212.16,141,289,291
weighted,17157,WR,80.4825905292479,14.41850620186,FALSE,0.49620397462607,61.0823680700309,97.2920038791137,-106.829665738162,-112.392042800269,-109.022564451106,248,267,255,78,12,-95.6639972144847,161,Isaac,TeSlaa,DET,WR,24,-5,217.03,80.32,7.09,207.99,ADP.tsv,204.73,22.3920,ADP.tsv,NA,43.27,1.488,1.488,22134,207.99,139,267,301
weighted,16201,WR,79.9863865546218,13.5655769980136,FALSE,0.0309896186887073,65.0634467161446,92.4099168235315,-107.325869712788,-108.410964154156,-113.904651506688,250,250,262,79,12,-96.1602011891108,164,Xavier,Hutchinson,HOU,WR,26,-3,286.33,106.37,16.8,283.8,ADP.tsv,186.09,42.0055,ADP.tsv,NA,63.91,1.98,1.98,20305,283.8,158,360,68
weighted,16195,WR,79.9553969359331,6.47386025966172,FALSE,0.580466573816139,73.8392781332251,89.6683451965508,-107.356859331476,-99.6351327370751,-116.646223133669,251,222,269,80,12,-96.1911908077995,165,Dontayvion,Wicks,PHI,WR,25,-3,184.54,68.66,10.1,170.54,ADP.tsv,163.536666666667,21.1553,ADP.tsv,8.73254576601551,87.4633333333333,2.28,2.39822156329783,20314,170.54,103,225,327
weighted,17080,WR,79.374930362117,18.3999834055035,FALSE,1.95849582172703,60.4448079579968,102.416564364896,-107.937325905292,-113.029602912303,-103.898003965324,252,271,248,81,12,-96.7716573816156,166,Jaylin,Noel,HOU,WR,24,-5,203.66,75.78,8.19,243.39,ADP.tsv,NA,37.7576,ADP.tsv,NA,NA,1.202,1.102,22116,243.39,134,345,244
weighted,17503,WR,77.41643454039,37.0630565043901,FALSE,1.20529247910864,16.8614026136062,105.123135762075,-109.895821727019,-156.613008256694,-101.191432568145,258,358,240,82,12,-98.7301532033426,167,Germie,Bernard,PIT,WR,23,-6,235.27,87.4,10.63,262.28,ADP.tsv,NA,36.7875,ADP.tsv,NA,NA,3.708,3.708,22947,262.28,154,353,182
weighted,17512,WR,76.2111420612813,28.2081531665073,FALSE,0.275905292479109,45.9622781849927,108.155235610577,-111.101114206128,-127.512132685308,-98.1593327196424,261,299,234,83,12,-99.9354456824513,168,Antonio,Williams,WAS,WR,22,-6,232.41,87.62,14.27,235.37,ADP.tsv,NA,37.1088,ADP.tsv,NA,NA,3.588,3.588,22956,235.37,104,311,240
weighted,17599,WR,75.9352367688022,27.1733954445629,FALSE,0.616214081193149,32.2047516801834,97.9099013238963,-111.377019498607,-141.269659190117,-108.404667006323,263,320,253,84,12,-100.21135097493,170,Caleb,Douglas,MIA,WR,23,-6,207.13,78.11,16.56,190.33,ADP.tsv,175.66,25.3751,ADP.tsv,12.3262348941867,87.34,2.48,2.67870615534192,23043,190.33,112,258,320
weighted,16639,WR,75.3190226876091,10.5345498803848,FALSE,0.0900591021748909,60.7807845955765,83.9808030435968,-111.9932335798,-112.693626274724,-122.333765286623,264,268,284,85,12,-100.827565056124,172,Xavier,Legette,CAR,WR,25,-4,272.46,99.66,9.32,288.47,ADP.tsv,NA,31.2728,ADP.tsv,NA,NA,0.912,0.912,21137,288.47,210,358,60
weighted,15787,WR,75.2289635854342,14.1260930380344,FALSE,0.30190476190478,64.1372997632893,93.9736816608435,-112.083292681975,-109.337111107011,-112.340886669376,265,254,260,86,12,-100.917624158298,173,Tyquan,Thornton,KCC,WR,26,-2,259.83,94.97,10.08,281.13,ADP.tsv,NA,32.6007,ADP.tsv,NA,NA,1.212,1.212,19491,281.13,192,355,93
weighted,14122,WR,74.9270588235294,16.5675474477001,FALSE,0.371764705882342,58.027455298935,92.1568330178638,-112.38519744388,-115.446955571365,-114.157735312356,267,274,263,87,12,-101.219528920203,174,Darius,Slayton,NYG,WR,29,1,272.47,99.17,7.96,284.18,ADP.tsv,175.745,31.7934,ADP.tsv,11.545,91.255,1.356,1.356,17512,284.18,204,358,72
weighted,16619,WR,74.5552941176471,33.9924001993161,FALSE,2.98653226236904,42.1824402609037,114.617287856008,-112.756962149762,-131.291970609397,-91.6972804742115,268,306,223,88,12,-101.591293626086,175,Troy,Franklin,DEN,WR,23,-4,223.93,82.88,10.99,254.63,ADP.tsv,187.73,39.7884,ADP.tsv,NA,80.27,1.224,1.224,21127,254.63,113,326,166
weighted,16204,WR,71.568761855278,29.8743193958191,FALSE,0.816761855278017,29.8012612206208,106.704296837803,-115.743494412131,-143.673149649679,-99.6102714924169,274,324,238,89,12,-104.577825888455,180,Tank,Dell,HOU,WR,27,-3,225.49,84.51,11.78,227.92,ADP.tsv,175.56,39.7261,ADP.tsv,16.16,98.44,2.588,2.188,20323,227.92,109,331,244
weighted,16342,WR,70.752,14.0484858086665,FALSE,2.16107504363001,60.6742641566116,86.6081492046128,-116.560256267409,-112.800146713689,-119.706419125607,279,270,276,90,13,-105.394587743733,181,Demario,Douglas,NEP,WR,26,-3,262.05,100.95,17.99,277.1,ADP.tsv,NA,34.1057,ADP.tsv,NA,NA,1.296,1.296,20341,277.1,175,351,121
weighted,15755,WR,68.59092495637,33.5994357329441,FALSE,0.348115591821511,41.4895597631527,115.605449859733,-118.721331311039,-131.984851107148,-90.7091184704865,289,307,220,91,13,-107.555662787363,185,Jahan,Dotson,ATL,WR,26,-2,280.55,104.95,15.95,279.04,ADP.tsv,NA,33.2467,ADP.tsv,NA,NA,0.876,0.876,19452,279.04,189,359,112
weighted,16189,WR,68.2428093645485,18.5261976670875,FALSE,1.13600308182598,56.0978750481344,81.5808731369209,-119.069446902861,-117.376535822166,-124.733695193299,292,276,290,92,13,-107.903778379184,186,Marvin,Mims,DEN,WR,24,-3,276.1,100.28,8.91,286.83,ADP.tsv,NA,19.9824,ADP.tsv,NA,NA,1.26,1.26,20293,286.83,271,360,38
weighted,16617,WR,67.1068062827225,14.949011992566,FALSE,0.208269697356656,52.4644555476099,87.4515754994539,-120.205449984687,-121.00995532269,-118.862992830766,295,284,274,93,13,-109.03978146101,188,Keon,Coleman,BUF,WR,23,-4,249.67,90.16,9.36,265.02,ADP.tsv,179.43,34.0432,ADP.tsv,8.63,115.57,2.736,2.736,21130,265.02,172,352,149
weighted,13633,WR,66.8985365853659,45.8028757711376,FALSE,1.00240213158433,18.0953236030796,100.559715244276,-120.413719682044,-155.379087267221,-105.754853085944,297,352,250,94,13,-109.248051158367,189,Christian,Kirk,SFO,WR,30,2,274.47,100.93,13.1,277.09,ADP.tsv,NA,39.8735,ADP.tsv,NA,NA,NA,NA,16132,277.09,157,360,108
weighted,16207,WR,65.8961344537815,15.3939955149396,FALSE,0.424930265299849,52.8398683595721,83.1496688921172,-121.416121813628,-120.634542510728,-123.164899438102,301,282,286,95,13,-110.250453289951,190,Andrei,Iosivas,CIN,WR,27,-3,278.47,104.43,11.33,283.83,ADP.tsv,NA,30.2899,ADP.tsv,NA,NA,1.056,1.056,20337,283.83,206,356,86
weighted,17082,WR,65.4712041884817,13.4810564949408,FALSE,0.887609075043613,54.9924250584467,84.9946950343659,-121.841052078928,-118.481985811854,-121.319873295854,304,279,280,96,13,-110.675383555251,191,Pat,Bryant,DEN,WR,24,-5,190.24,70.93,8.56,192.84,ADP.tsv,190.24,31.1521,ADP.tsv,NA,113.76,2.244,2.244,22115,192.84,117,296,316
weighted,17511,WR,64.5835951134381,52.1155688776712,FALSE,0.431937172774894,4.85823344120277,130.484793591399,-122.728661153971,-168.616177429097,-75.8297747388211,307,393,194,97,13,-111.562992630295,196,Malachi,Fields,NYG,WR,23,-6,223.01,81.7,11.9,196.9,ADP.tsv,175.046666666667,39.8139,ADP.tsv,13.5688180112426,131.953333333333,2.15866666666667,2.30447757396094,22952,196.9,30,259,319
weighted,14974,WR,64.1516579406632,28.7064616709558,FALSE,1.58236824706986,43.1761272556082,107.136024770461,-123.160598326746,-130.298283614692,-99.1785435597591,308,303,236,98,13,-111.994929803069,197,Darnell,Mooney,NYG,WR,29,0,227.07,83.68,8.25,260.23,ADP.tsv,NA,35.0445,ADP.tsv,NA,NA,1.032,1.032,18169,260.23,157,343,154
weighted,17073,WR,62.5692896935933,38.9354541271495,FALSE,0.986002785515318,22.7587254709115,111.916366865073,-124.742966573816,-150.715685399389,-94.3982014651465,318,339,229,99,13,-113.577298050139,198,Elic,Ayomanor,TEN,WR,23,-5,255.27,92.96,9.93,288.07,ADP.tsv,NA,31.3107,ADP.tsv,NA,NA,1.272,1.272,22091,288.07,209,359,66
weighted,17171,WR,61.583286908078,33.6282003388886,FALSE,0.361873259052921,25.1491400627514,99.9527964380971,-125.728969359331,-148.325270807549,-106.361771892123,322,336,251,100,13,-114.563300835655,200,Chimere,Dike,TEN,WR,25,-5,255.4,93.51,11.19,285.53,ADP.tsv,NA,36.8761,ADP.tsv,NA,NA,1.356,1.356,22269,285.53,181,358,67
weighted,17506,WR,61.2214136490251,38.5235180342504,FALSE,0.440783018394427,11.217371089728,103.497916400713,-126.090842618384,-162.257039780572,-102.816651929506,324,370,244,101,13,-114.925174094708,201,Chris,Bell,MIA,WR,22,-6,227.98,83.62,12.86,213.19,ADP.tsv,185.26,39.1583,ADP.tsv,5.42999999999999,138.74,3.428,3.83645252805245,22946,213.19,102,326,303
weighted,17519,WR,60.7806306306306,45.123725741988,FALSE,0.73065864183512,33.3131656526209,111.217029811645,-126.531625636779,-140.161245217679,-95.0975385185748,325,318,230,102,13,-115.365957113102,203,Bryce,Lance,NOS,WR,24,-6,283.93,105.51,14.99,279.76,ADP.tsv,NA,32.6423,ADP.tsv,NA,NA,2.4,2.4,22969,279.76,193,359,107
weighted,17098,WR,60.0499719887955,29.1790458262711,FALSE,1.52396849839412,39.8529295829557,101.195558437439,-127.262284278614,-133.621481287345,-105.119009892781,328,309,249,103,13,-116.096615754937,205,Tory,Horton,SEA,WR,24,-5,262.8,96.05,9.41,286.37,ADP.tsv,NA,35.6008,ADP.tsv,NA,NA,0,NA,21171,286.37,185,360,81
weighted,17078,WR,58.5260034904014,20.4961056248543,FALSE,1.44378126817918,38.8693550391954,87.0543576774035,-128.786252777008,-134.605055831105,-119.260210652816,331,311,275,104,13,-117.620584253331,207,Jack,Bech,LVR,WR,24,-5,249.25,91.03,9.38,275.8,ADP.tsv,NA,28.8832,ADP.tsv,NA,NA,0,NA,22112,275.8,205,353,114
weighted,15981,WR,57.0822222222222,5.62854881240379,FALSE,0.16855555555555,53.2491396192267,63.2361383882881,-130.230034045187,-120.225271251074,-143.078429941932,333,281,335,105,13,-119.06436552151,211,KaVontae,Turpin,DAL,WR,30,-2,297.9,114.93,16.71,282.5,ADP.tsv,NA,30.3936,ADP.tsv,NA,NA,2.052,2.052,20247,282.5,245,359,12
weighted,13289,WR,56.9136666666667,13.6582474725899,FALSE,0.532416666666677,48.6205579438683,72.5172969073449,-130.398589600743,-124.853852926432,-133.797271422875,334,293,311,106,13,-119.232921077066,212,Mack,Hollins,NEP,WR,33,3,288.64,105.32,11.3,288.49,ADP.tsv,NA,38.2230,ADP.tsv,NA,NA,0.852,0.852,15355,288.49,182,360,53
weighted,14840,WR,56.38125,38.9787014092273,FALSE,0.583751454333914,20.49618730838,96.4154202131466,-130.931006267409,-152.97822356192,-109.899148117073,338,342,257,107,13,-119.765337743733,214,Brandon,Aiyuk,SFO,WR,28,0,276.13,104.62,20.18,283.73,ADP.tsv,NA,34.9634,ADP.tsv,NA,NA,6.144,NA,17983,283.73,196,358,51
weighted,17507,WR,55.7974985456661,48.1528145396927,FALSE,2.61262459608625,7.56420191962138,119.88199336293,-131.514757721743,-165.910208950679,-86.4325749672896,340,381,213,108,13,-120.349089198067,217,Zachariah,Branch,ATL,WR,22,-6,229.65,85.15,11.44,236.18,ADP.tsv,NA,33.8974,ADP.tsv,NA,NA,2.268,2.268,22951,236.18,145,334,239
weighted,14105,WR,53.1848739495798,36.3845563600187,FALSE,1.75705863426452,28.3067327078115,103.898034084064,-134.12738231783,-145.167678162489,-102.416534246156,345,326,243,109,14,-122.961713794153,220,Marquise,Brown,PHI,WR,29,1,287.48,106.44,8.54,,,NA,,,NA,NA,0,NA,,,,,
weighted,12785,WR,51.4278153153153,31.757663146296,FALSE,2.05594902005069,19.8651158474238,80.1882020788896,-135.884440952094,-153.609295022876,-126.12636625133,351,344,294,110,14,-124.718772428417,223,Demarcus,Robinson,SFO,WR,32,4,343.77,123.33,17.39,281.34,ADP.tsv,NA,35.6572,ADP.tsv,NA,NA,0,NA,14714,281.34,218,358,16
weighted,17520,WR,49.3718662952646,24.8699850690727,FALSE,1.30884108518058,25.4621230403347,81.7555671708599,-137.940389972145,-148.012287829966,-124.55900115936,353,335,289,111,14,-126.774721448468,228,Ted,Hurst,TBB,WR,22,-6,240.7,89.03,12.75,233.52,ADP.tsv,NA,30.3141,ADP.tsv,NA,NA,4.044,4.044,22967,233.52,159,330,266
weighted,15319,WR,48.063025210084,19.4971323838187,FALSE,0.259810924369752,34.6109154460894,75.6070871404685,-139.249231057325,-138.863495424211,-130.707481189751,357,316,304,112,14,-128.083562533649,232,Joshua,Palmer,BUF,WR,27,-1,311.97,114.93,11.74,284.74,ADP.tsv,NA,29.9143,ADP.tsv,NA,NA,0,NA,18862,284.74,233,360,27
weighted,17528,WR,47.8032142857143,11.1015764646288,FALSE,0.921325396825395,39.3190423270571,54.2442648000756,-139.509041981695,-134.155368543243,-152.070303530144,360,310,345,113,14,-128.343373458018,233,Kevin,Coleman,MIA,WR,23,-6,345.45,124.66,15.02,280.81,ADP.tsv,NA,11.2874,ADP.tsv,NA,NA,0,NA,23176,280.81,233,263,2
weighted,13418,WR,46.8818888888889,6.4187985570397,FALSE,1.24032026143792,42.5063062638191,53.8992661546645,-140.430367378521,-130.968104606481,-152.415302175555,362,305,346,114,14,-129.264698854844,238,Kendrick,Bourne,ARI,WR,31,3,283.09,109.72,14.51,285.95,ADP.tsv,NA,34.8867,ADP.tsv,NA,NA,0,NA,15671,285.95,203,360,41
weighted,17706,WR,45.641568627451,35.2251320649082,FALSE,2.21431637519873,9.5101288380758,91.4508111833932,-141.670687639958,-163.964282032224,-114.863757146827,366,375,267,115,14,-130.505019116282,242,Malik,Benson,LVR,WR,24,-6,314.1,115.88,14.49,283.23,ADP.tsv,NA,36.2740,ADP.tsv,NA,NA,1.812,1.812,23172,283.23,205,359,27
weighted,14315,WR,43.4272522522523,36.5967423037034,FALSE,0.758807807807798,19.2190849920529,84.2229199603402,-143.885004015157,-154.255325878247,-122.091648369879,370,347,283,116,14,-132.71933549148,246,Ashton,Dulin,IND,WR,29,1,383.92,133.12,15.52,281.12,ADP.tsv,NA,0.0000,ADP.tsv,NA,NA,0,NA,17366,281.12,322,322,1
weighted,13066,WR,42.6684444444445,5.12141958690905,FALSE,0.608627092846277,37.2161563210078,46.2936192702913,-144.643811822965,-136.258254549292,-160.020949059928,372,314,354,117,14,-133.478143299288,250,Kalif,Raymond,CHI,WR,32,4,315.64,119.06,16.07,283.88,ADP.tsv,NA,33.5441,ADP.tsv,NA,NA,0,NA,14572,283.88,220,360,24
weighted,17353,WR,42.0598173515982,41.2830564071996,FALSE,0.543595129375944,14.3701035066303,87.6676724748567,-145.252438915811,-159.10430736367,-118.646895855363,374,363,273,118,14,-134.086770392134,252,Jahdae,Walker,CHI,WR,24,-5,436.5,146.6,12,281.94,ADP.tsv,NA,6.2174,ADP.tsv,NA,NA,NA,NA,22746,281.94,333,353,5
weighted,14592,WR,41.5162222222222,17.5918614282793,FALSE,0.537888888888887,28.0487061812126,60.4424909911523,-145.796034045187,-145.425704689088,-145.872077339067,375,327,338,119,14,-134.63036552151,255,Olamide,Zaccheaus,ATL,WR,29,1,310.5,117.24,9.1,285.98,ADP.tsv,NA,21.5576,ADP.tsv,NA,NA,0,NA,17170,285.98,267,359,28
weighted,15292,WR,40.9783333333333,24.2797228500032,FALSE,1.82833333333334,16.0428358655666,63.5215374749399,-146.333922934076,-157.431575004734,-142.79303085528,377,361,332,120,14,-135.168254410399,258,Dyami,Brown,WAS,WR,27,-1,375.88,142.29,17.9,281.44,ADP.tsv,NA,0.0000,ADP.tsv,NA,NA,0,NA,18786,281.44,356,356,2
weighted,16451,WR,39.15,7.8300,TRUE,0.424916387959868,NA,NA,-148.162256267409,NA,NA,379,NA,NA,121,14,-136.996587743733,266,Tyrell,Shavers,BUF,WR,27,-3,523.2,180.17,17.73,,,NA,,,NA,NA,NA,NA,,,,,
weighted,17134,WR,38.7250836120401,0.707106781186548,FALSE,0.200984512941034,38.2159972085145,39.1886307233537,-148.587172655369,-135.258413661786,-167.125937606866,381,312,361,122,14,-137.421504131692,268,Kyle,Williams,NEP,WR,24,-5,272.54,99.78,12.04,282.7,ADP.tsv,NA,32.2006,ADP.tsv,NA,NA,0,NA,22128,282.7,201,360,84
weighted,17521,WR,38.5240990990991,34.4444028134794,FALSE,0.610135135135138,12.0629981364707,76.2815592316806,-148.78815716831,-161.41141273383,-130.033009098539,382,368,303,123,14,-137.622488644634,269,Zavion,Thomas,CHI,WR,22,-6,328.88,119.26,13.39,281.09,ADP.tsv,NA,38.5338,ADP.tsv,NA,NA,4.608,4.608,23013,281.09,189,360,37
weighted,16635,WR,37.913963963964,30.4847860253706,FALSE,3.66063063063063,11.9152561046735,69.9787329979187,-149.398292303445,-161.559154765627,-136.335835332301,383,369,317,124,15,-138.232623779769,270,Luke,McCaffrey,WAS,WR,25,-4,330.91,120.45,13.92,282.48,ADP.tsv,NA,11.9882,ADP.tsv,NA,NA,0,NA,21168,282.48,316,358,8
weighted,17076,WR,34.2533333333333,7.65509208381054,FALSE,1.21821627647715,29.1595145598013,42.6364482527756,-153.058922934076,-144.314896310499,-163.678120077444,389,325,357,125,15,-141.893254410399,277,Isaiah,Bond,CLE,WR,22,-5,294.73,108.88,10.17,283.51,ADP.tsv,NA,30.5304,ADP.tsv,NA,NA,0,NA,22061,283.51,238,359,17
weighted,17079,WR,33.0351170568562,20.1525432638166,FALSE,0.135117056856181,19.824024384421,47.5440795573376,-154.277139210553,-153.650386485879,-158.770488772882,390,345,353,126,15,-143.111470686876,282,Tez,Johnson,TBB,WR,24,-5,299.5,113.74,14.14,284.19,ADP.tsv,NA,31.1481,ADP.tsv,NA,NA,0,NA,22108,284.19,229,359,24
weighted,15759,WR,32.9,6.5800,TRUE,0.747585805700993,NA,NA,-154.412256267409,NA,NA,391,NA,NA,127,15,-143.246587743733,283,John,Metchie,CAR,WR,26,-2,327.88,129.03,27.3,281.9,ADP.tsv,NA,16.8271,ADP.tsv,NA,NA,NA,NA,19454,281.9,302,358,6
weighted,17518,WR,32.152414194299,24.4715432981848,FALSE,2.16619197207679,3.10906113360441,54.5622340047084,-155.15984207311,-170.365349736696,-151.752334325511,393,394,343,128,15,-143.994173549434,287,Cyrus,Allen,KCC,WR,23,-6,211.53,81.24,18.32,176.92,ADP.tsv,176.545,33.2072,ADP.tsv,3.16500000000001,216.455,4.012,4.64359286185457,23165,176.92,85,276,319
weighted,16621,WR,29.9862222222222,4.53155483804198,FALSE,2.36933333333333,25.1014006072985,33.8084438336951,-157.326034045187,-148.373010263002,-172.506124496525,401,337,367,129,15,-146.16036552151,293,Devontez,Walker,BAL,WR,25,-4,386.33,136.68,19.21,282.59,ADP.tsv,NA,13.4254,ADP.tsv,NA,NA,0,NA,21138,282.59,312,360,9
weighted,16630,WR,27.6168888888889,8.30756293926374,FALSE,0.472072835377187,19.0076416157254,34.4471860728628,-159.695367378521,-154.466769254575,-171.867382257357,404,349,366,130,15,-148.529698854844,298,Isaiah,Williams,NYJ,WR,25,-4,382.6,124.18,20.78,281.37,ADP.tsv,NA,17.5550,ADP.tsv,NA,NA,0,NA,21729,281.37,301,352,3
weighted,15301,WR,27.1448160535117,1.5556349186104,FALSE,0.0117049424005913,26.125012408622,28.2648061412682,-160.167440213898,-147.349398461678,-178.049762188952,406,331,374,131,15,-149.001771690221,301,Tutu,Atwell,LAR,WR,27,-1,359.28,125.97,14.19,285.62,ADP.tsv,NA,39.0666,ADP.tsv,NA,NA,0,NA,18802,285.62,186,360,38
weighted,16633,WR,27.1331111111111,6.99714700460508,FALSE,0.780222222222225,19.9502789785737,33.0582551047068,-160.179145156298,-153.524131891727,-173.256313225513,407,343,369,132,15,-149.013476632621,302,Jordan,Whittington,LAR,WR,26,-4,373.92,132.67,12.35,281.8,ADP.tsv,NA,37.4400,ADP.tsv,NA,NA,0,NA,21389,281.8,212,359,16
weighted,17096,WR,26.3528888888889,6.54308972809887,FALSE,1.10932222222221,19.116878815187,31.4938933304596,-160.959367378521,-154.357532055113,-174.82067499976,408,348,371,133,15,-149.793698854844,306,Savion,Williams,GBP,WR,25,-5,357.05,128.35,12.68,281.95,ADP.tsv,NA,9.3262,ADP.tsv,NA,NA,0,NA,22073,281.95,326,356,5
weighted,15752,WR,25.2435666666667,13.1726289368803,FALSE,0.200088405797107,10.4814872362353,35.0283818938571,-162.068689600743,-162.992923634065,-171.286186436363,409,373,365,134,15,-150.903021077066,310,Treylon,Burks,WAS,WR,26,-2,310.35,118.54,18.15,283.01,ADP.tsv,NA,24.9556,ADP.tsv,NA,NA,0,NA,19429,283.01,261,358,15
weighted,17529,WR,25.0434782608696,2.29809703885628,FALSE,1.45258937198068,23.5369501491006,26.698009072328,-162.26877800654,-149.9374607212,-179.616559257892,410,338,377,135,15,-151.103109482863,311,Brenen,Thompson,LAC,WR,23,-6,315.09,115.07,12.42,281.51,ADP.tsv,NA,37.5908,ADP.tsv,NA,NA,1.716,1.716,23097,281.51,208,347,11
weighted,16629,WR,23.5908888888889,23.3722084638757,FALSE,0.362222222222222,0.570245728090478,46.2293956075584,-163.721367378521,-172.90416514221,-160.085172722661,413,400,355,136,15,-152.555698854844,318,Roman,Wilson,PIT,WR,25,-4,295.04,111.91,16.7,284.66,ADP.tsv,NA,25.3977,ADP.tsv,NA,NA,0,NA,21148,284.66,253,359,24
weighted,17254,WR,23.2286666666667,6.99962789812123,FALSE,0.278666666666666,17.9909889139217,30.7926072256761,-164.083589600743,-155.483421956379,-175.521961104544,414,354,373,137,15,-152.917921077066,325,Konata,Mumpfield,LAR,WR,24,-5,326.03,117.27,16.62,281.79,ADP.tsv,NA,3.8953,ADP.tsv,NA,NA,0,NA,22334,281.79,344,356,4
weighted,14118,WR,22.95,4.5900,TRUE,0.550000000000004,NA,NA,-164.362256267409,NA,NA,416,NA,NA,138,15,-153.196587743733,328,Lil'Jordan,Humphrey,DEN,WR,28,1,492.83,165.09,18.45,281.08,ADP.tsv,NA,41.0111,ADP.tsv,NA,NA,NA,NA,17049,281.08,240,349,2
weighted,17184,WR,22.4,4.4800,TRUE,0.95819397993311,NA,NA,-164.912256267409,NA,NA,418,NA,NA,139,15,-153.746587743733,332,Jaylin,Lane,WAS,WR,24,-5,369.41,131.59,12.48,281.06,ADP.tsv,NA,44.0210,ADP.tsv,NA,NA,0,NA,22272,281.06,232,349,2
weighted,15785,WR,21.4418060200669,16.4402326625872,FALSE,2.73511705685619,10.6643356820277,33.2780649020386,-165.870450247343,-162.810075188273,-173.036503428181,421,371,368,140,16,-154.704781723666,336,Bo,Melton,GBP,WR,27,-2,505.8,173.14,15.32,280.86,ADP.tsv,NA,0.0000,ADP.tsv,NA,NA,0,NA,19736,280.86,232,232,1
weighted,17508,WR,18.7066889632107,14.2835569799683,FALSE,0.00668896321069923,8.42314361199227,28.0703406117437,-168.605567304199,-165.051267258308,-178.244227718476,423,379,375,141,16,-157.439898780522,346,Skyler,Bell,BUF,WR,24,-6,289.36,105.63,10.74,282.33,ADP.tsv,NA,34.6308,ADP.tsv,NA,NA,2.784,2.784,22957,282.33,189,360,84
weighted,14845,WR,18.7,3.7400,TRUE,1.56989966555184,NA,NA,-168.612256267409,NA,NA,424,NA,NA,142,16,-157.446587743733,347,Gabriel,Davis,BUF,WR,27,0,801,242.2,45.93,,,NA,,,NA,NA,NA,NA,,,,,
weighted,17086,WR,17.1301003344482,0.848528137423857,FALSE,0.0672114455592698,16.5191966502174,17.6863568680244,-170.182155932961,-156.955214220083,-188.628211462195,425,360,389,143,16,-159.016487409284,358,Jalen,Royals,KCC,WR,23,-5,328.27,121.1,16.01,281.48,ADP.tsv,NA,19.2761,ADP.tsv,NA,NA,0,NA,22107,281.48,304,360,3
weighted,17205,WR,17.0628888888889,8.62224426097768,FALSE,0.0782735042735077,8.3680462684016,25.2440638280524,-170.249367378521,-165.106364601899,-181.070504502167,426,380,380,144,16,-159.083698854844,359,KeAndre,Lambert-Smith,LAC,WR,25,-5,495.4,163.82,11.41,281.46,ADP.tsv,NA,0.0000,ADP.tsv,NA,NA,0,NA,22336,281.46,359,359,2
weighted,17234,WR,16.9846153846154,3.25269119345812,FALSE,0.0346153846153818,14.8522986725732,19.3264128408334,-170.327640882794,-158.622112197727,-186.988155489386,427,362,388,145,16,-159.161972359117,360,Jimmy,Horn,CAR,WR,24,-5,421.57,151.6,13.32,281.4,ADP.tsv,NA,2.6337,ADP.tsv,NA,NA,0,NA,22291,281.4,346,353,2
weighted,15491,WR,16.95,3.3900,TRUE,0.200000000000003,NA,NA,-170.362256267409,NA,NA,428,NA,NA,146,16,-159.196587743733,361,Ben,Skowronek,PIT,WR,29,-1,555,186.29,17.65,,,NA,,,NA,NA,NA,NA,,,,,
weighted,17333,WR,16.75,3.3500,TRUE,1.04163879598662,NA,NA,-170.562256267409,NA,NA,430,NA,NA,147,16,-159.396587743733,363,Darius,Cooper,PHI,WR,25,-5,510.8,188.14,15.34,281.29,ADP.tsv,NA,15.4897,ADP.tsv,NA,NA,NA,NA,22809,281.29,291,336,3
weighted,16428,WR,15.7083612040134,13.8592929112563,FALSE,0.358361204013375,6.62283782226848,25.6864547131164,-171.603895063396,-166.851573048032,-180.628113617103,434,382,379,148,16,-160.438226539719,365,Xavier,Smith,LAR,WR,29,-3,490.6,158.75,14.18,,,NA,,,NA,NA,0,NA,,,,,
weighted,13377,WR,15.35,3.0700,TRUE,0.754682274247489,NA,NA,-171.962256267409,NA,NA,435,NA,NA,149,16,-160.796587743733,367,Tim,Patrick,NYJ,WR,33,3,425.67,161.09,31.97,,,NA,,,NA,NA,NA,NA,,,,,
weighted,16636,WR,14.5953177257525,7.88424061023001,FALSE,0.319732441471572,9.42676743460681,20.2716311250637,-172.716938541657,-164.047643435693,-186.042937205156,436,376,386,150,16,-161.55127001798,371,Malachi,Corley,CLE,WR,24,-4,570.5,209.86,35.38,,,NA,,,NA,NA,0,NA,,,,,
weighted,17542,WR,14.2755852842809,15.5209938470447,FALSE,0.572909698996657,3.10113872689259,24.4504443776126,-173.036670983129,-170.373272143408,-181.864123952607,438,395,381,151,16,-161.871002459452,373,Colbie,Young,CIN,WR,24,-6,344.1,124.3,14.08,283.23,ADP.tsv,NA,46.0502,ADP.tsv,NA,NA,0,NA,23080,283.23,169,360,23
weighted,11679,WR,13.7026755852843,12.0561706192306,FALSE,1.15267558528428,5.02275240517169,21.6061538331797,-173.609580682125,-168.451658465129,-184.70841449704,439,392,385,152,16,-162.443912158448,374,Odell,Beckham,NYG,WR,34,6,305.94,122.11,17.91,282.71,ADP.tsv,NA,38.2893,ADP.tsv,NA,NA,1.058,0.958,12688,282.71,185,360,46
weighted,14110,WR,12.55,2.5100,TRUE,0.100000000000001,NA,NA,-174.762256267409,NA,NA,441,NA,NA,153,16,-163.596587743733,377,David,Sills,TBB,WR,30,1,554.6,190.88,17.76,,,NA,,,NA,NA,NA,NA,,,,,
weighted,17011,WR,12.45,2.4900,TRUE,0.0944816053511683,NA,NA,-174.862256267409,NA,NA,442,NA,NA,154,16,-163.696587743733,378,Jared,Wayne,HOU,WR,26,-3,427.8,173,19.15,,,NA,,,NA,NA,NA,NA,,,,,
weighted,17505,WR,12.3555183946488,14.9553084220955,FALSE,0.355518394648831,1.58834096008102,22.1595397989297,-174.956737872761,-171.886069910219,-184.15502853129,443,397,383,155,16,-163.791069349084,379,Elijah,Sarratt,BAL,WR,23,-6,269.2,99.09,10.7,287.26,ADP.tsv,NA,33.7365,ADP.tsv,NA,NA,3.552,3.552,22949,287.26,200,360,61
weighted,16364,WR,12,2.4000,TRUE,0.9,NA,NA,-175.312256267409,NA,NA,444,NA,NA,156,16,-164.146587743733,381,Jalen,Brooks,ARI,WR,26,-3,491.4,165.29,17.05,,,NA,,,NA,NA,NA,NA,,,,,
weighted,16197,WR,11.1,2.2200,TRUE,0.326621160409555,NA,NA,-176.212256267409,NA,NA,445,NA,NA,157,16,-165.046587743733,383,Jonathan,Mingo,DAL,WR,25,-3,413.4,158.78,17.2,,,NA,,,NA,NA,NA,NA,,,,,
weighted,17097,WR,10.7733788395904,2.22738636073762,FALSE,0.0326430536372673,9.19717693981142,12.2617276826508,-176.538877427819,-164.277233930489,-194.052840647569,446,377,398,158,16,-165.373208904142,385,Tai,Felton,MIN,WR,23,-5,400.4,139.74,17.72,282.26,ADP.tsv,NA,9.3512,ADP.tsv,NA,NA,NA,NA,22214,282.26,324,356,7
weighted,16299,WR,10.7407357859532,6.46295598004505,FALSE,0.0907357859531768,6.50391518854765,15.3937855141778,-176.571520481456,-166.970495681753,-190.920782816042,447,383,390,159,16,-165.405851957779,386,Derius,Davis,LAC,WR,26,-3,509.67,179,16.5,,,NA,,,NA,NA,0,NA,,,,,
weighted,16422,WR,10.65,2.1300,TRUE,0.199999999999999,NA,NA,-176.662256267409,NA,NA,448,NA,NA,160,16,-165.496587743733,387,Nikko,Remigio,KCC,WR,27,-3,596.2,205.43,17.81,,,NA,,,NA,NA,NA,NA,,,,,
weighted,16858,WR,10.45,2.0900,TRUE,0.550000000000001,NA,NA,-176.862256267409,NA,NA,450,NA,NA,161,16,-165.696587743733,389,Mason,Tipton,NOS,WR,26,-4,535.6,186.57,9.45,,,NA,,,NA,NA,NA,NA,,,,,
weighted,16949,WR,9.9,1.9800,TRUE,0.0499999999999989,NA,NA,-177.412256267409,NA,NA,452,NA,NA,162,16,-166.246587743733,390,Brycen,Tremayne,CAR,WR,27,-3,498.6,167.5,18.17,,,NA,,,NA,NA,NA,NA,,,,,
weighted,16883,WR,9.85,1.9700,TRUE,0.37073578595318,NA,NA,-177.462256267409,NA,NA,453,NA,NA,163,16,-166.296587743733,392,Kameron,Johnson,TBB,WR,24,-4,550.4,191.71,11.34,,,NA,,,NA,NA,NA,NA,,,,,
weighted,17541,WR,9.47926421404682,4.34870670429727,FALSE,1.02926421404682,6.34838283236398,12.3300789486249,-177.832992053363,-167.126028037936,-193.984489381595,455,384,397,164,16,-166.667323529686,393,Barion,Brown,NOS,WR,23,-6,340.83,124.65,23.99,282.59,ADP.tsv,NA,25.0029,ADP.tsv,NA,NA,2.316,2.316,23192,282.59,269,360,10
weighted,17087,WR,8.45,1.6900,TRUE,0.0999999999999996,NA,NA,-178.862256267409,NA,NA,456,NA,NA,165,16,-167.696587743733,395,Dont'e,Thornton,LVR,WR,24,-5,366.33,130.06,18.05,,,NA,,,NA,NA,NA,NA,,,,,
weighted,15288,WR,8.35,1.6700,TRUE,1.15,NA,NA,-178.962256267409,NA,NA,457,NA,NA,166,16,-167.796587743733,396,Elijah,Moore,PHI,WR,26,-1,388.33,147.92,14.13,281.21,ADP.tsv,NA,0.0000,ADP.tsv,NA,NA,NA,NA,18795,281.21,354,354,1
weighted,14848,WR,7.2,1.4400,TRUE,0.234782608695651,NA,NA,-180.112256267409,NA,NA,461,NA,NA,167,16,-168.946587743733,398,James,Proche,TEN,WR,30,0,756.67,264.75,21.36,,,NA,,,NA,NA,NA,NA,,,,,
weighted,15771,WR,6.96521739130435,1.83847763108502,FALSE,0.0317725752508364,5.64159274213762,8.17043988071949,-180.347038876105,-167.832818128163,-198.1441284495,462,386,402,168,16,-169.181370352428,399,Tay,Martin,DET,WR,29,-2,428.4,161.57,17.14,,,NA,,,NA,NA,0,NA,,,,,
weighted,12645,WR,6.93344481605351,7.99030662740799,FALSE,0.0334448160535121,1.1807684562135,12.1715271738962,-180.378811451356,-172.293642414087,-194.143041156323,463,398,399,169,16,-169.213142927679,400,Laquon,Treadwell,IND,WR,31,4,496.8,198.75,33.43,,,NA,,,NA,NA,0,NA,,,,,
weighted,17175,WR,6.9,1.3800,TRUE,0.4,NA,NA,-180.412256267409,NA,NA,465,NA,NA,170,16,-169.246587743733,401,Arian,Smith,NYJ,WR,25,-5,533.2,187.13,12.24,,,NA,,,NA,NA,NA,NA,,,,,
weighted,15766,WR,6.5,1.3000,TRUE,0.2,NA,NA,-180.812256267409,NA,NA,469,NA,NA,171,16,-169.646587743733,403,Skyy,Moore,GBP,WR,26,-2,562,195.29,17.82,,,NA,,,NA,NA,NA,NA,,,,,
weighted,17752,WR,6.3,1.2600,TRUE,0.5,NA,NA,-181.012256267409,NA,NA,470,NA,NA,172,16,-169.846587743733,405,Dohnte,Meyers,CIN,WR,26,-5,377.67,142.6,27.81,,,NA,,,NA,NA,0,NA,,,,,
weighted,17269,WR,5.8,1.1600,TRUE,0.499999999999999,NA,NA,-181.512256267409,NA,NA,472,NA,NA,173,16,-170.346587743733,406,Efton,Chism,NEP,WR,25,-5,496.4,163.9,7.65,281.18,ADP.tsv,NA,0.0000,ADP.tsv,NA,NA,0,NA,22673,281.18,342,342,1
weighted,17527,WR,5.3,1.0600,TRUE,1.2,NA,NA,-182.012256267409,NA,NA,474,NA,NA,174,16,-170.846587743733,408,Josh,Cameron,JAC,WR,23,-6,444.83,148,16.54,281.22,ADP.tsv,NA,0.0000,ADP.tsv,NA,NA,NA,NA,23159,281.22,357,357,1
weighted,17192,WR,4.1,0.8200,TRUE,0.883277591973245,NA,NA,-183.212256267409,NA,NA,476,NA,NA,175,16,-172.046587743733,413,Jordan,Watkins,SFO,WR,24,-5,426,158.22,15.77,281.35,ADP.tsv,NA,9.4062,ADP.tsv,NA,NA,NA,NA,22267,281.35,328,353,2
weighted,16640,WR,3.21672240802676,3.99515331370399,FALSE,1.41672240802676,0.340384228106749,5.83576358694812,-184.095533859383,-173.134026642194,-200.478804743272,478,401,403,176,16,-172.929865335706,416,Jacob,Cowing,SFO,WR,25,-4,452.2,167,39.11,,,NA,,,NA,NA,0,NA,,,,,
weighted,16958,WR,1.8,0.3600,TRUE,0.9,NA,NA,-185.512256267409,NA,NA,480,NA,NA,177,17,-174.346587743733,421,Ryan,Miller,MIA,WR,26,-3,606.5,222,34.89,,,NA,,,NA,NA,NA,NA,,,,,
weighted,17707,WR,0.9,0.1800,TRUE,0.45,NA,NA,-186.412256267409,NA,NA,482,NA,NA,178,17,-175.246587743733,422,J Michael,Sturdivant,GBP,WR,24,-6,531.5,183.5,14.91,280.75,ADP.tsv,NA,1.8812,ADP.tsv,NA,NA,NA,NA,23409,280.75,236,241,2
weighted,17396,WR,0.45,0.0900,TRUE,0.15,NA,NA,-186.862256267409,NA,NA,484,NA,NA,179,17,-175.696587743733,425,Ke'Shawn,Williams,CIN,WR,25,-5,584.8,210.5,15.9,282.7,ADP.tsv,NA,32.2006,ADP.tsv,NA,NA,NA,NA,22128,282.7,201,360,84
weighted,17754,WR,0.3,0.0600,TRUE,0.1,NA,NA,-187.012256267409,NA,NA,486,NA,NA,180,17,-175.846587743733,426,Montorie,Foster,SEA,WR,25,-6,533.5,187,12.79,,,NA,,,NA,NA,NA,NA,,,,,
weighted,17620,WR,0.2,0.0400,TRUE,0.05,NA,NA,-187.112256267409,NA,NA,487,NA,NA,181,17,-175.946587743733,427,Kaden,Wetjen,PIT,WR,24,-6,447.6,153,16.94,280.83,ADP.tsv,NA,5.6437,ADP.tsv,NA,NA,NA,NA,23106,280.83,245,260,2
weighted,15285,WR,0.15,0.0300,TRUE,0,NA,NA,-187.162256267409,NA,NA,488,NA,NA,182,17,-175.996587743733,428,Tylan,Wallace,CLE,WR,27,-1,585.2,206.5,18.97,,,NA,,,NA,NA,NA,NA,,,,,
weighted,17360,WR,0.15,0.0300,TRUE,0,NA,NA,-187.162256267409,NA,NA,488,NA,NA,182,17,-175.996587743733,428,Myles,Price,MIN,WR,25,-5,489.4,172.33,15.56,,,NA,,,NA,NA,NA,NA,,,,,
weighted,15794,TE,204.333635097493,17.2668789264652,FALSE,4.11752553389042,187.659128843224,226.279792427284,62.6593314763231,58.8480497675207,64.3089947641428,8,10,8,1,1,28.1870473537604,32,Trey,McBride,ARI,TE,27,-2,23.8,1.87,0.5,28.33,ADP.tsv,33.202,6.9077,ADP.tsv,9.03062434164992,-25.202,30.5175,2.97563753673057,19439,28.33,10,50,340
weighted,16641,TE,200.216109563603,5.48629719667682,FALSE,35.0088881151346,192.985228611316,206.03427446065,58.5418059424327,64.174149535613,44.063476797509,11,8,16,2,2,24.06952181987,34,Brock,Bowers,LVR,TE,24,-4,19.22,1.22,0.47,21.07,ADP.tsv,29.59,5.8715,ADP.tsv,9.16735512566193,-18.59,32.3335,2.59744234777213,21123,21.07,6,40,340
weighted,17104,TE,165.207221448468,18.527739791587,FALSE,6.03942355307956,143.9515935097,191.790630431659,23.5329178272981,15.1405144339966,29.8198327685179,26,35,23,3,3,-10.9393662952646,61,Colston,Loveland,CHI,TE,22,-5,39.06,3.1,0.54,42.74,ADP.tsv,48.566,6.2169,ADP.tsv,9.88625227272701,-22.566,18.6175,0.644917630399418,22075,42.74,23,59,340
weighted,17103,TE,159.167797895388,24.0381792878453,FALSE,1.31631228721756,134.157176982235,189.181547088829,17.4934942742185,5.34609790653252,27.210749425688,32,49,24,4,3,-16.9787898483442,69,Harold,Fannin,CLE,TE,22,-5,80.98,7.02,1.57,93.73,ADP.tsv,78.622,10.3615,ADP.tsv,10.552399537546,-46.622,6.036,1.72636265019839,22095,93.73,67,127,340
weighted,17102,TE,157.851485608171,12.1626832093866,FALSE,9.01191736304551,139.60147440449,168.721989282524,16.1771819870009,10.7903953287873,6.75119161938329,35,42,49,5,4,-18.2951021355617,71,Tyler,Warren,IND,TE,24,-5,53.69,4.02,0.54,56.9,ADP.tsv,62.17,10.5342,ADP.tsv,10.5112568230445,-27.17,13.6045,0.927491644167213,22067,56.9,32,93,340
weighted,13299,TE,148.839568245125,20.1435475359899,FALSE,0.597785515320311,124.482400540327,175.674800224893,7.16526462395544,-4.32867853537553,13.7040025617518,44,68,35,6,4,-27.3070194986072,77,George,Kittle,SFO,TE,33,3,95.65,9.52,2.24,106.05,ADP.tsv,90.694,12.6065,ADP.tsv,7.87039922748522,-46.694,8.5865,5.64675895979278,15360,106.05,65,138,340
weighted,15329,TE,148.241782729805,4.33448416930098,FALSE,3.43509749303624,143.860605087599,154.777187279521,6.56747910863513,15.0495260118958,-7.19361038361993,45,36,70,7,4,-27.9048050139276,78,Kyle,Pitts,ATL,TE,26,-1,83.55,7.34,1.55,81.81,ADP.tsv,87.984,15.0242,ADP.tsv,17.8892387764265,-42.984,7.2585,3.21685665673807,18789,81.81,32,119,340
weighted,16222,TE,144.806685236769,15.4358934918288,FALSE,1.02228412256267,131.831857029298,165.576959825333,3.13238161559889,3.02077795359534,3.60616216219188,52,53,54,8,4,-31.3399025069638,81,Tucker,Kraft,GBP,TE,26,-3,71.19,5.68,1.57,78.67,ADP.tsv,74.932,9.3254,ADP.tsv,9.82580765128241,-22.932,7.942,2.84316232389218,20312,78.67,54,108,340
weighted,16214,TE,143.784401114206,12.2955754895476,FALSE,2.11009749303622,132.981154415421,161.970797663141,2.11009749303622,4.17007533971849,0,54,51,59,9,4,-32.3621866295265,83,Sam,LaPorta,DET,TE,25,-3,83.28,7.59,2.01,96.92,ADP.tsv,88.44,11.5704,ADP.tsv,20.3808115638215,-34.44,7.2095,2.69556501498295,20339,96.92,68,135,340
weighted,13674,TE,141.67430362117,22.7747322599601,FALSE,0.237883008356533,113.187388737196,173.227497543175,0,-15.6236903385074,11.2566998800341,59,90,39,10,4,-34.4722841225627,85,Dallas,Goedert,PHI,TE,31,2,117.91,12.8,2.17,125.14,ADP.tsv,104.828,14.8515,ADP.tsv,22.0515708284013,-45.828,4.023,3.35987901567899,16151,125.14,76,162,340
weighted,11244,TE,141.436420612813,9.90116689459358,FALSE,0.704572887650869,131.268431508588,155.615725722285,-0.237883008356533,2.45735243288456,-6.35507194085585,60,55,67,11,4,-34.7101671309192,86,Travis,Kelce,KCC,TE,37,7,104.83,10.93,2.19,124.88,ADP.tsv,108.772,19.3415,ADP.tsv,16.2902785734315,-48.772,5.404,4.64209521660209,11842,124.88,61,173,340
weighted,13671,TE,140.731847725163,9.78025551741723,FALSE,6.70051067780875,128.811079075703,154.062074867561,-0.942455896007402,0,-7.90872279557979,61,59,72,12,5,-35.4147400185701,88,Mark,Andrews,BAL,TE,31,2,129.5,14.5,2.96,142.07,ADP.tsv,119.938,16.0804,ADP.tsv,8.99800066681482,-58.938,3.559,3.41929861228878,16075,142.07,85,178,336
weighted,15798,TE,134.031337047354,20.7911162259477,FALSE,2.68676880222839,115.098206154146,162.326779875733,-7.64296657381615,-13.7128729215574,0.355982212592579,70,85,57,13,5,-42.1152506963788,96,Isaiah,Likely,NYG,TE,26,-2,114.65,12.32,3.12,117.48,ADP.tsv,109.342,11.5740,ADP.tsv,15.0097267130351,-39.342,4.272,3.02105147258368,19464,117.48,79,146,339
weighted,16213,TE,131.344568245125,12.4969085278432,FALSE,3.09463788300837,120.683750810512,148.395379252148,-10.3297353760445,-8.12732826519093,-13.5754184109926,73,73,81,14,5,-44.8020194986072,103,Dalton,Kincaid,BUF,TE,27,-3,109.24,11.44,2.16,113.49,ADP.tsv,119.788,13.4700,ADP.tsv,14.2853566983817,-46.788,3.547,2.77231076901562,20300,113.49,73,151,340
weighted,15799,TE,128.249930362117,8.74252872343136,FALSE,1.9216573816156,120.127634430361,139.926181639987,-13.4243732590529,-8.68344464534206,-22.0446160231541,79,75,102,15,6,-47.8966573816156,105,Jake,Ferguson,DAL,TE,27,-2,126.37,14.5,2.42,129.12,ADP.tsv,128.792,16.0653,ADP.tsv,12.3242969779213,-49.792,3.1255,2.35523900061119,19476,129.12,81,174,339
weighted,12676,TE,126.328272980501,8.27832946397942,FALSE,0.38969359331476,119.966363430418,136.830994585063,-15.3460306406685,-8.84471564528539,-25.1398030780774,83,77,106,16,6,-49.8183147632312,108,Hunter,Henry,NEP,TE,32,4,158.8,18.73,2.29,177.9,ADP.tsv,140.46,20.3214,ADP.tsv,12.2312108967183,-57.46,2.3185,2.22012764272688,14968,177.9,120,237,322
weighted,14861,TE,125.938579387187,14.9035761832248,FALSE,5.8025069637883,112.528849185443,143.395741141389,-15.7357242339833,-16.2822298902595,-18.5750565217521,84,92,91,17,6,-50.208008356546,110,Juwan,Johnson,NOS,TE,30,0,129.89,14.61,2.46,143.6,ADP.tsv,135.766,15.3888,ADP.tsv,11.2194752105435,-51.766,2.8545,2.98030380162828,18582,143.6,103,192,336
weighted,16269,TE,120.136072423398,16.3372059573328,FALSE,4.99707520891363,106.671140259288,144.961773587354,-21.5382311977716,-22.1399388164152,-17.0090240757865,102,101,88,18,6,-56.0105153203343,114,Brenton,Strange,JAC,TE,26,-3,156.2,18.68,2.26,164.35,ADP.tsv,159.5525,25.1599,ADP.tsv,11.6749205029413,-57.5525,2.35133333333333,2.21301985731915,20425,164.35,84,229,325
weighted,14138,TE,115.138997214485,12.3698466201924,FALSE,2.15961002785517,103.456132945084,132.944176523799,-26.5353064066852,-25.3549461306193,-29.0266211393416,109,107,114,19,7,-61.0075905292479,120,T.J.,Hockenson,MIN,TE,29,1,194.03,23.26,3.49,207.97,ADP.tsv,148.983333333333,18.1379,ADP.tsv,15.3298452554341,-39.9833333333333,2.5415,2.54804371037861,17014,207.97,141,244,283
weighted,13772,TE,112.97938718663,12.4279034621527,FALSE,5.71037604456826,98.9809427713777,128.012472336721,-28.6949164345404,-29.8301363043253,-33.9583253264192,114,113,127,20,7,-63.1672005571031,122,Dalton,Schultz,HOU,TE,30,2,167.64,19.63,2.67,180.08,ADP.tsv,162.046666666667,22.5208,ADP.tsv,10.3018067455288,-48.0466666666667,2.386,2.46484455223178,16255,180.08,109,239,330
weighted,15331,TE,107.269011142061,12.7327315441373,FALSE,0.132799442896925,89.3432036380851,123.213284483868,-34.4052924791086,-39.4678754376178,-38.7575131792725,123,130,136,21,7,-68.8775766016713,125,Pat,Freiermuth,PIT,TE,28,-1,223.19,27.29,4.28,259.1,ADP.tsv,146.305,27.6700,ADP.tsv,22.305,-23.305,1.756,1.51846589249369,18792,259.1,149,293,130
weighted,15889,TE,107.136211699164,14.1883918010381,FALSE,0.846497214484685,93.657924789756,128.599741562104,-34.5380919220056,-35.153154285947,-33.3710561010371,124,124,126,22,7,-69.0103760445682,126,Chigoziem,Okonkwo,WAS,TE,27,-2,163.1,19.39,2.35,174.44,ADP.tsv,164.153333333333,18.4353,ADP.tsv,6.35556099455866,-40.1533333333333,2.12666666666667,2.25981316828528,19633,174.44,124,230,318
weighted,15797,TE,106.28971448468,9.17521858525504,FALSE,2.43400417827299,92.9275491642521,116.014222331726,-35.3845891364902,-35.8835299114508,-45.9565753314149,127,126,146,23,7,-69.8568732590529,127,Greg,Dulcich,MIA,TE,26,-2,211.25,25.33,4.95,225.38,ADP.tsv,166.3675,21.1346,ADP.tsv,22.8582297816344,-39.3675,2.64933333333333,2.87686187054961,19477,225.38,137,255,242
weighted,15802,TE,103.855710306407,20.1603603753905,FALSE,2.87740121737336,79.5183079303875,127.406264503867,-37.8185933147632,-49.2927711453155,-34.5645331592738,134,143,129,24,8,-72.2908774373259,131,Cade,Otton,TBB,TE,27,-2,233.81,28.36,3.02,256.08,ADP.tsv,170.415,26.3106,ADP.tsv,10.205,-36.415,1.896,1.896,19632,256.08,165,303,139
weighted,16723,TE,100.978309089033,12.3716048939928,FALSE,3.57719488290519,84.5791854526533,114.263719905156,-40.6959945321366,-44.2318936230497,-47.7070777579847,136,134,148,25,8,-75.1682786546993,136,AJ,Barner,SEA,TE,24,-4,196.62,23.5,2.64,215.15,ADP.tsv,148.86,15.4673,ADP.tsv,17.3763766840693,-12.86,1.752,1.67954597039398,21315,215.15,152,240,288
weighted,13192,TE,97.4011142061281,22.0062109878152,FALSE,0.125208913649018,77.956032381947,133.94282048844,-44.2731894150418,-50.855046693756,-28.0279771747006,142,146,110,26,8,-78.7454735376045,140,David,Njoku,LAC,TE,30,3,244.24,30.76,4.51,263.67,ADP.tsv,160.326666666667,28.9557,ADP.tsv,26.3097058558666,-18.3266666666667,1.7355,1.66111430973308,15227,263.67,177,329,140
weighted,17543,TE,97.2759052924791,36.3448461953216,FALSE,6.01107242339833,41.1250734532529,132.731575169305,-44.3983983286908,-87.68600562245,-29.239222493836,144,197,115,27,8,-78.8706824512535,141,Kenyon,Sadiq,NYJ,TE,21,-6,212.03,25.44,3.61,216.72,ADP.tsv,162.416666666667,20.6832,ADP.tsv,9.68707156758716,-18.4166666666667,3.11466666666667,3.42362822488398,22935,216.72,149,266,273
weighted,17105,TE,91.2648328690808,11.9909755280474,FALSE,4.35355153203342,78.2895950690231,109.183143779453,-50.4094707520891,-50.5214840066799,-52.7876538836878,154,145,161,28,9,-84.8817548746518,144,Gunnar,Helm,TEN,TE,24,-5,223.04,26.72,3.65,245.56,ADP.tsv,NA,18.3357,ADP.tsv,NA,NA,1.464,1.464,22123,245.56,166,265,179
weighted,13672,TE,86.9112813370474,7.50321019191263,FALSE,2.01427576601671,77.0603911606367,96.1535446812769,-54.7630222841226,-51.7506879150663,-65.8172529818638,161,150,184,29,9,-89.2353064066852,149,Mike,Gesicki,CIN,TE,31,2,267.92,35.04,3.96,280.89,ADP.tsv,NA,45.4478,ADP.tsv,NA,NA,1.5,1.5,16149,280.89,126,348,77
weighted,13189,TE,84.8970055710306,10.1667160725971,FALSE,1.57987465181058,70.9927437292138,94.9974861697137,-56.7772980501393,-57.8183353464891,-66.973311493427,163,157,186,30,9,-91.2495821727019,153,Evan,Engram,DEN,TE,32,3,251.22,31.69,3.63,268.87,ADP.tsv,NA,27.3797,ADP.tsv,NA,NA,1.884,1.884,15238,268.87,180,320,112
weighted,17099,TE,83.3171309192201,20.0585086005827,FALSE,0.591080499051984,63.501795118346,104.629752038938,-58.3571727019498,-65.3092839573569,-57.3410456242022,166,166,172,31,9,-92.8294568245125,155,Oronde,Gadsden,LAC,TE,23,-5,207.82,25.98,4.74,210.15,ADP.tsv,164.65,27.3227,ADP.tsv,NA,1.34999999999999,1.308,1.308,22101,210.15,124,278,264
weighted,12263,TE,82.7260504201681,25.7223705315143,FALSE,0.253905573371412,47.4372461960882,105.518178308844,-58.9482532010018,-81.3738328796148,-56.4526193542968,167,186,169,32,9,-93.4205373235645,156,Darren,Waller,CAR,TE,34,5,256.62,32.73,5.57,279.58,ADP.tsv,156.6,39.5482,ADP.tsv,NA,10.4,1.26,1.26,13738,279.58,152,351,98
weighted,14871,TE,82.4721448467967,29.2850164019649,FALSE,0.441504178272979,60.2770293845609,124.996859323889,-59.2021587743732,-68.5340496911421,-36.9739383392515,168,171,133,33,9,-93.6744428969359,157,Colby,Parkinson,LAR,TE,27,0,254.26,32.22,3.53,258.72,ADP.tsv,143.75,27.4272,ADP.tsv,NA,24.25,1.836,1.836,18018,258.72,160,306,158
weighted,17107,TE,82.0306406685237,34.3158246156643,FALSE,8.13286908077995,29.413364700112,110.28557400325,-59.6436629526462,-99.397714375591,-51.6852236598904,169,221,157,34,10,-94.1159470752089,158,Terrance,Ferguson,LAR,TE,23,-5,185.53,22.25,5.35,164.3,ADP.tsv,169.715,19.8134,ADP.tsv,3.065,-0.715000000000003,2.00066666666667,1.65034164813094,22206,164.3,112,226,320
weighted,17106,TE,73.8977715877437,17.0882845456904,FALSE,3.39777158774373,52.2097646750149,96.6403662729728,-67.7765320334262,-76.6013144006881,-65.3304313901679,180,182,181,35,10,-102.248816155989,176,Mason,Taylor,NYJ,TE,22,-5,272.04,35.45,4.06,279.86,ADP.tsv,NA,37.7077,ADP.tsv,NA,NA,1.02,1.02,22120,279.86,148,335,87
weighted,11247,TE,70.5,14.1000,TRUE,5.11030640668523,NA,NA,-71.1743036211699,NA,NA,186,NA,NA,36,10,-105.646587743733,182,Zach,Ertz,FA,TE,36,7,331.67,59.17,11.19,282.95,ADP.tsv,NA,23.7283,ADP.tsv,NA,NA,NA,NA,11816,282.95,270,359,12
weighted,16649,TE,65.3896935933148,18.6490161493802,FALSE,0.433286908078003,51.4490703249369,86.0293811647783,-76.2846100278551,-77.3620087507661,-75.9414164983624,191,183,195,37,11,-110.756894150418,192,Theo,Johnson,NYG,TE,25,-4,274.54,36.38,4.59,287.95,ADP.tsv,NA,31.4339,ADP.tsv,NA,NA,1.116,1.116,21181,287.95,210,360,64
weighted,16212,TE,64.9564066852368,10.3443555394258,FALSE,0.0637883008356539,56.0523668084981,80.5901047344265,-76.7178969359331,-72.7587122672049,-81.3806929287142,193,177,204,38,11,-111.190181058496,193,Michael,Mayer,LVR,TE,25,-3,286.44,38.32,5.06,280.76,ADP.tsv,NA,34.2917,ADP.tsv,NA,NA,0.732,0.732,20282,280.76,188,359,91
weighted,14143,TE,64.8926183844011,6.78883733060825,FALSE,6.99707520891365,57.3638307577888,74.8281432814389,-76.7816852367688,-71.4472483179142,-87.1426543817018,194,174,214,39,11,-111.253969359331,194,Dawson,Knox,BUF,TE,30,1,314.08,44.61,5.36,288.03,ADP.tsv,NA,34.8297,ADP.tsv,NA,NA,0.948,0.948,17088,288.03,187,356,73
weighted,12678,TE,57.8955431754875,24.7072365931983,FALSE,0.00884401114206668,29.8912138455104,92.0257076242634,-83.7787604456825,-98.9198652301926,-69.9450900388773,203,218,188,40,11,-118.251044568245,209,Tyler,Higbee,LAR,TE,33,4,316.33,44.92,6.13,285.46,ADP.tsv,NA,17.5254,ADP.tsv,NA,NA,0,NA,14743,285.46,286,360,26
weighted,14867,TE,57.8866991643454,12.5842073848209,FALSE,1.65612813370473,45.2070373062888,72.4834691300946,-83.7876044568245,-83.6040417694142,-89.4873285330461,204,193,217,41,11,-118.259888579387,210,Cole,Kmet,CHI,TE,27,0,311.62,43.9,4.17,288.72,ADP.tsv,NA,25.6178,ADP.tsv,NA,NA,0.888,0.888,18010,288.72,235,357,63
weighted,16216,TE,56.2305710306407,9.23706632792084,FALSE,1.64586953810336,43.0219795707412,65.7973701882245,-85.4437325905292,-85.7890995049618,-96.1734274749162,207,194,231,42,11,-119.916016713092,215,Darnell,Washington,PIT,TE,25,-3,285.17,38.33,4.99,287.36,ADP.tsv,NA,23.4547,ADP.tsv,NA,NA,0,NA,20301,287.36,241,354,69
weighted,17593,TE,54.5847014925373,12.6572113832392,FALSE,0.750857481395258,45.2189027389344,62.617514631211,-87.0896021286326,-83.5921763367685,-99.3532830319297,209,192,237,43,11,-121.561886251195,218,Marlin,Klein,HOU,TE,24,-6,374.62,57.1,8.31,,,NA,,,NA,NA,NA,NA,,,,,
weighted,16036,TE,53.8338440111421,38.9359993275824,FALSE,1.18603913309327,17.2036072830687,105.189538321135,-87.8404596100279,-111.607471792634,-56.7812593420061,212,265,170,44,12,-122.312743732591,219,Jake,Tonges,SFO,TE,27,-2,278.71,37.88,5.44,259.66,ADP.tsv,NA,25.5741,ADP.tsv,NA,NA,1.44,1.44,19960,259.66,186,323,167
weighted,15873,TE,52.6478048780488,10.4791171090728,FALSE,2.95512195121951,46.3352293193054,63.7417976531423,-89.0264987431211,-82.4758497563976,-98.2290000099984,216,190,235,45,12,-123.498782865684,221,Daniel,Bellinger,TEN,TE,26,-2,372.13,56.19,5.51,281.96,ADP.tsv,NA,8.3935,ADP.tsv,NA,NA,NA,NA,19625,281.96,331,358,5
weighted,15626,TE,49.6926829268293,19.6098030157844,FALSE,0.257585433793061,37.3086157661896,70.4556473943163,-91.9816206943406,-91.5024633095134,-91.5151502688244,217,199,222,46,12,-126.453904816903,226,Brock,Wright,DET,TE,28,-1,409,68.11,6.94,281.35,ADP.tsv,NA,4.8912,ADP.tsv,NA,NA,NA,NA,19101,281.35,334,347,2
weighted,14137,TE,49.4350974930362,16.6479081818593,FALSE,0.273996180083046,29.6961389824918,71.7854737127712,-92.2392061281337,-99.1149400932112,-90.1853239503695,218,219,219,47,12,-126.711490250696,227,Noah,Fant,NOS,TE,29,1,350.74,53.67,6.01,281.67,ADP.tsv,NA,1.0326,ADP.tsv,NA,NA,0,NA,17021,281.67,356,359,3
weighted,13193,TE,49.1611013129532,19.7118989999494,FALSE,0.972800477298563,31.480376653307,72.4606116436056,-92.5132023082167,-97.3307024223959,-89.5101860195351,219,213,218,48,12,-126.985486430779,229,Jonnu,Smith,GBP,TE,31,3,341.85,51.9,9.37,285.01,ADP.tsv,NA,24.0257,ADP.tsv,NA,NA,0,NA,15319,285.01,254,356,27
weighted,15795,TE,48.1883008356546,15.5267505333646,FALSE,1.95817548746518,28.9444993046758,68.6291687317001,-93.4860027855153,-99.8665797710271,-93.3416289314406,220,224,225,49,12,-127.958286908078,231,Charlie,Kolar,LAC,TE,27,-2,271.58,36.22,7.9,283.58,ADP.tsv,NA,34.6220,ADP.tsv,NA,NA,0,NA,19482,283.58,199,359,50
weighted,15337,TE,46.2301253481894,12.2240696484515,FALSE,0.0195403899721427,28.3254922474274,58.2797631087411,-95.4441782729805,-100.485586828276,-103.6910345544,222,227,247,50,12,-129.916462395543,240,Noah,Gray,KCC,TE,27,-1,324.18,46.02,5.5,287.94,ADP.tsv,NA,28.3931,ADP.tsv,NA,NA,0,NA,19128,287.94,231,360,44
weighted,15332,TE,46.2105849582173,12.6519841117617,FALSE,2.01392757660167,33.2014200949503,65.4953730283205,-95.4637186629526,-95.6096589807527,-96.4754246348202,223,210,232,51,12,-129.936002785515,241,Tommy,Tremble,CAR,TE,26,-1,350.17,53.68,7.65,281.49,ADP.tsv,NA,18.5877,ADP.tsv,NA,NA,0.684,0.684,18807,281.49,304,358,3
weighted,14209,TE,44.1966573816156,11.3090565682967,FALSE,0.808180015360449,30.1682809457363,58.6698434795659,-97.4776462395543,-98.6427981299667,-103.300954183575,225,214,246,52,12,-131.949930362117,244,Josh,Oliver,MIN,TE,29,1,380.71,60.5,8.03,,,NA,,,NA,NA,0,NA,,,,,
weighted,17544,TE,43.3884773662552,42.7414576747984,FALSE,0.12628224430393,1.34730503374912,98.4568999771308,-98.2858262549148,-127.463774041954,-63.5138976860099,226,298,179,53,12,-132.758110377477,247,Eli,Stowers,PHI,TE,23,-6,275.38,37.68,6.42,285.31,ADP.tsv,NA,34.0869,ADP.tsv,NA,NA,4.824,4.824,22942,285.31,198,360,62
weighted,17591,TE,43.2621951219512,17.4031509067743,FALSE,0.218048780487806,26.4813712092421,60.5548427536715,-98.4121084992187,-102.329707866461,-101.415954909469,227,232,241,54,12,-132.884392621781,248,Nate,Boerkircher,JAC,TE,25,-6,408.2,66.57,8.98,,,NA,,,NA,NA,NA,NA,,,,,
weighted,16219,TE,43.0441463414634,10.9848102673732,FALSE,0.894146341463419,34.7656924612858,54.5641208797104,-98.6301572797065,-94.0453866144172,-107.40667678343,229,205,252,55,12,-133.102441402269,249,Davis,Allen,LAR,TE,25,-3,467,101,15.34,,,NA,,,NA,NA,NA,NA,,,,,
weighted,16643,TE,42.0172839506173,13.2482809934401,FALSE,0.864497354497352,32.1232613258577,61.6368355884001,-99.6570196705526,-96.6878177498453,-100.333962074741,231,212,239,57,12,-134.129303793115,253,Ja'Tavion,Sanders,CAR,TE,23,-4,332,49,7.14,282.29,ADP.tsv,NA,19.4094,ADP.tsv,NA,NA,0,NA,21143,282.29,291,359,8
weighted,14870,TE,41.1527865961199,10.6848894431908,FALSE,0.0495832535015381,29.4760582014157,53.2708095123182,-100.52151702505,-99.3350208742872,-108.699988150822,233,220,254,58,12,-134.993801147613,256,Adam,Trautman,DEN,TE,29,0,373.13,63.36,6.69,,,NA,,,NA,NA,0,NA,,,,,
weighted,17108,TE,41.1032033426184,20.2336500544725,FALSE,0.502674242089292,21.4345824649475,69.8600119111379,-100.571100278552,-107.376496610755,-92.1107857520028,234,246,224,59,13,-135.043384401114,257,Elijah,Arroyo,SEA,TE,23,-5,303.45,40.9,5.47,286.65,ADP.tsv,NA,25.1004,ADP.tsv,NA,NA,0,NA,22121,286.65,231,353,74
weighted,17607,TE,40.6005291005291,5.83258475205157,FALSE,0.234024922256118,33.6488349098712,45.6267513748262,-101.073774520641,-95.1622441658318,-116.344046288315,236,209,268,60,13,-135.546058643203,259,Eli,Raridon,NEP,TE,22,-6,304.11,42.57,7.58,285.41,ADP.tsv,NA,62.4863,ADP.tsv,NA,NA,3.588,3.588,23050,285.41,69,357,49
weighted,12677,TE,40.366504178273,8.20590631412581,FALSE,0.054334866103666,29.990993687437,48.542386791202,-101.307799442897,-98.820085388266,-113.428410871939,238,216,261,61,13,-135.78008356546,261,Austin,Hooper,ATL,TE,32,4,368.09,63.06,21.63,,,NA,,,NA,NA,0,NA,,,,,
weighted,16645,TE,40.3121693121693,21.1531601020625,FALSE,0.980187330187327,20.6729897254396,59.9359243858082,-101.362134309001,-108.138089350263,-102.034873277333,239,249,242,62,13,-135.834418431563,262,Erick,All,CIN,TE,26,-4,306.19,42.76,7.38,284.72,ADP.tsv,NA,30.4293,ADP.tsv,NA,NA,0,NA,21295,284.72,232,359,24
weighted,17605,TE,39.331981981982,23.8357183706148,FALSE,1.93198198198199,21.0848434225084,65.4770908718437,-102.342321639188,-107.726235653195,-96.493706791297,240,247,233,63,13,-136.814605761751,265,Will,Kacmarek,MIA,TE,23,-6,396,67.85,4.04,,,NA,,,NA,NA,0,NA,,,,,
weighted,16940,TE,37.4,7.4800,TRUE,0.643414634146339,NA,NA,-104.27430362117,NA,NA,242,NA,NA,64,13,-138.746587743733,272,Blake,Whiteheart,CLE,TE,26,-3,496.4,111.17,9.12,,,NA,,,NA,NA,NA,NA,,,,,
weighted,17109,TE,36.7565853658537,4.37187634407556,FALSE,0.949707058975349,34.3137250963831,41.910295604109,-104.917718255316,-94.4973539793199,-120.060502059032,243,206,277,65,13,-139.390002377879,273,Mitchell,Evans,CAR,TE,23,-5,367.88,55.33,6.35,,,NA,,,NA,NA,NA,NA,,,,,
weighted,16333,TE,35.8068783068783,3.36801249733485,FALSE,0.14956123370758,33.1212181438427,39.9197091566215,-105.867425314292,-95.6898609318603,-122.051088506519,244,211,281,66,13,-140.339709436854,274,Elijah,Higgins,ARI,TE,26,-3,380.91,56.42,5.23,,,NA,,,NA,NA,0,NA,,,,,
weighted,15796,TE,35.6573170731707,8.76172984405841,FALSE,0.857317073170734,28.8750873948726,44.7701687397368,-106.016986547999,-99.9359916808303,-117.200628923404,245,225,271,67,13,-140.489270670562,275,Jeremy,Ruckert,NYJ,TE,26,-2,445.6,83.7,11.54,,,NA,,,NA,NA,NA,NA,,,,,
weighted,15330,TE,34.8,6.9600,TRUE,1.35828877005347,NA,NA,-106.87430362117,NA,NA,249,NA,NA,68,13,-141.346587743733,276,Brevin,Jordan,HOU,TE,26,-1,545.75,130.33,13.89,,,NA,,,NA,NA,NA,NA,,,,,
weighted,16215,TE,33.4417112299465,7.94027210838322,FALSE,0.70024781531238,23.0899137838814,39.3630297963209,-108.232592391223,-105.721165291822,-122.60776786682,253,236,285,69,13,-142.704876513786,281,Luke,Musgrave,GBP,TE,26,-3,375.82,60.42,11.18,281.37,ADP.tsv,NA,5.6437,ADP.tsv,NA,NA,NA,NA,20303,281.37,337,352,2
weighted,17213,TE,32.7414634146341,4.0514186784883,FALSE,0.241463414634147,29.0992666545462,37.022949734983,-108.932840206536,-99.7118124211568,-124.947847928158,254,223,291,70,13,-143.405124329098,284,Jackson,Hawes,BUF,TE,26,-5,379,61.72,5.16,281.23,ADP.tsv,NA,0.0000,ADP.tsv,NA,NA,NA,NA,22287,281.23,358,358,1
weighted,13763,TE,32.5,6.5000,TRUE,0.399999999999999,NA,NA,-109.17430362117,NA,NA,255,NA,NA,71,13,-143.646587743733,286,Will,Dissly,FA,TE,30,2,465.75,104,15.91,,,NA,,,NA,NA,NA,NA,,,,,
weighted,14370,TE,32.1,6.4200,TRUE,1.00975609756097,NA,NA,-109.57430362117,NA,NA,256,NA,NA,72,13,-144.046587743733,288,Tanner,Hudson,CIN,TE,32,2,419.17,78.11,13.52,281.13,ADP.tsv,NA,0.0000,ADP.tsv,NA,NA,NA,NA,16740,281.13,325,325,1
weighted,14239,TE,31.090243902439,9.95993712588007,FALSE,0.362439024390252,22.1031710748083,41.6574187871385,-110.584059718731,-106.707908000895,-120.313378876002,259,244,278,73,13,-145.056343841294,290,Foster,Moreau,HOU,TE,29,1,431.2,79.4,10.99,,,NA,,,NA,NA,NA,NA,,,,,
weighted,16644,TE,30.7278048780488,3.35272327240485,FALSE,0.310168193745422,28.294139817052,34.6046895194896,-110.946498743121,-100.516939258651,-127.366108143651,260,228,297,74,13,-145.418782865684,291,Ben,Sinnott,WAS,TE,24,-4,353.53,54.83,6.2,281.43,ADP.tsv,NA,4.8190,ADP.tsv,NA,NA,NA,NA,21164,281.43,322,336,3
weighted,14146,TE,30.4176366843034,6.29243851729272,FALSE,1.09461781637883,22.8334511137244,35.3617958515748,-111.256666936867,-105.977627961979,-126.609001811566,262,238,295,75,13,-145.728951059429,292,Drew,Sample,CIN,TE,30,1,405.33,72,10.28,,,NA,,,NA,NA,0,NA,,,,,
weighted,13246,TE,29.3230188679245,1.02530483272049,FALSE,0.423018867924529,28.6653165074665,29.9066936058884,-112.351284753245,-100.145762568236,-132.064104057252,266,226,308,76,13,-146.823568875808,295,Mo,Alie-Cox,IND,TE,33,3,419.2,76.5,5.92,,,NA,,,NA,NA,NA,NA,,,,,
weighted,14341,TE,28.9,5.7800,TRUE,0.346585365853656,NA,NA,-112.77430362117,NA,NA,269,NA,NA,77,14,-147.246587743733,296,Donald,Parham,PIT,TE,29,1,NA,NA,NA,,,NA,,,NA,NA,NA,NA,,,,,
weighted,15344,TE,28.5534146341463,10.9992902921828,FALSE,1.16928765001936,19.7286894311016,39.9003492861282,-113.120888987024,-109.082389644601,-122.070448377013,270,252,282,78,14,-147.593173109586,297,John,Bates,WAS,TE,29,-1,400.86,64.6,13.28,,,NA,,,NA,NA,NA,NA,,,,,
weighted,16642,TE,27.384126984127,4.05771792697135,FALSE,0.395346496322109,22.6587485010029,32.3290671457023,-114.290176637043,-106.1523305747,-129.641730517438,271,240,301,79,14,-148.762460759606,299,Cade,Stover,HOU,TE,26,-4,440.2,84.11,11.22,,,NA,,,NA,NA,0,NA,,,,,
weighted,16474,TE,26.9887804878049,9.29448952179877,FALSE,0.00756097560975633,18.9296847752877,36.4701068076818,-114.685523133365,-109.881394300415,-125.500690855459,272,257,293,80,14,-149.157807255928,303,Nate,Adkins,DEN,TE,27,-3,453.6,89.11,20.38,,,NA,,,NA,NA,NA,NA,,,,,
weighted,17627,TE,26.9812195121951,17.2225682335734,FALSE,1.20707317073171,16.0788768474585,47.212239751086,-114.693084108975,-112.732202228244,-114.758557912055,273,269,266,81,14,-149.165368231537,304,Matthew,Hibner,BAL,TE,24,-6,351.36,54.4,10.23,282.08,ADP.tsv,NA,28.0537,ADP.tsv,NA,NA,NA,NA,23074,282.08,264,360,7
weighted,16221,TE,25.7741463414634,5.39103076246344,FALSE,0.226062717770031,20.3827475973927,30.8298896321083,-115.900157279706,-108.42833147831,-131.140908031032,275,251,306,82,14,-150.372441402269,307,Luke,Schoonmaker,DAL,TE,28,-3,415.8,69.73,5.77,,,NA,,,NA,NA,NA,NA,,,,,
weighted,14984,TE,25.5480836236934,16.6523646969432,FALSE,0.148083623693381,13.9792342092245,36.89339184524,-116.126219997477,-114.831844866478,-125.077405817901,276,272,292,83,14,-150.598504120039,308,Charlie,Woerner,ATL,TE,29,0,469.6,94,9.53,,,NA,,,NA,NA,NA,NA,,,,,
weighted,15804,TE,25.4,16.3756273421938,FALSE,0.420105820105821,8.07230888065098,38.1158556985097,-116.27430362117,-120.738770195052,-123.854941964631,277,283,287,84,14,-150.746587743733,309,Grant,Calcaterra,PHI,TE,28,-2,456.6,103.13,15.57,,,NA,,,NA,NA,NA,NA,,,,,
weighted,17547,TE,24.9798941798942,29.6588142304462,FALSE,1.17989417989418,5.89570145415184,68.5929411202659,-116.694409441276,-122.915377621551,-93.3778565428748,280,286,226,85,14,-151.166693563838,312,Max,Klare,LAR,TE,23,-6,328.23,48.2,8.33,281.81,ADP.tsv,NA,4.8691,ADP.tsv,NA,NA,0,NA,22958,281.81,343,358,4
weighted,13675,TE,23.8,4.7600,TRUE,0.241951219512195,NA,NA,-117.87430362117,NA,NA,282,NA,NA,86,14,-152.346587743733,316,Tyler,Conklin,DET,TE,31,2,456.4,85.33,11.94,,,NA,,,NA,NA,NA,NA,,,,,
weighted,16647,TE,23.5580487804878,2.2293393880478,FALSE,0.0815562431743757,22.1139566903941,25.9505937222503,-118.116254840682,-106.697122385309,-136.02020394089,283,243,316,87,14,-152.588538963245,319,Brevyn,Spann-Ford,DAL,TE,27,-4,462.4,95.75,9.43,,,NA,,,NA,NA,NA,NA,,,,,
weighted,17548,TE,23.4764925373134,6.43467170879758,FALSE,0.0339552238805929,19.3927718913955,28.2378762612121,-118.197811083856,-109.418307184307,-133.732921401929,284,255,310,88,14,-152.670095206419,320,Justin,Joly,MIA,TE,22,-6,356.09,58,20.1,281.49,ADP.tsv,NA,39.6022,ADP.tsv,NA,NA,NA,NA,23141,281.49,236,358,4
weighted,17660,TE,23.4425373134328,0.989949493661168,FALSE,0.391216558715858,22.8142725986762,24.1750578863403,-118.231766307737,-105.996806477027,-137.7957397768,285,239,322,89,14,-152.7040504303,322,Bauer,Sharp,TBB,TE,23,-6,463.2,85.3,12.37,,,NA,,,NA,NA,NA,NA,,,,,
weighted,15335,TE,23.051320754717,6.92964645562816,FALSE,0.0513207547169827,17.9685944326994,27.3421037329005,-118.622982866453,-110.842484643004,-134.62869393024,287,260,313,90,14,-153.095266989016,326,Luke,Farrell,SFO,TE,29,-1,449.2,87.5,6.58,,,NA,,,NA,NA,NA,NA,,,,,
weighted,15909,TE,23,4.6000,TRUE,0.065505226480834,NA,NA,-118.67430362117,NA,NA,288,NA,NA,91,14,-153.146587743733,327,James,Mitchell,CAR,TE,27,-2,553,144.6,10.25,,,NA,,,NA,NA,NA,NA,,,,,
weighted,16218,TE,22.9344947735192,5.48007755419574,FALSE,0.0344947735191639,19.2009007727979,26.7416532857117,-118.739808847651,-109.610178302905,-135.229144377429,290,256,314,92,14,-153.212092970213,330,Payne,Durham,TBB,TE,26,-3,475.4,101.88,6.6,,,NA,,,NA,NA,NA,NA,,,,,
weighted,16113,TE,22.9,4.5800,TRUE,0.5,NA,NA,-118.77430362117,NA,NA,291,NA,NA,93,14,-153.246587743733,331,Stone,Smartt,NOS,TE,28,-2,503.75,126.4,8.69,,,NA,,,NA,NA,NA,NA,,,,,
weighted,17699,TE,22.4,4.4800,TRUE,0.570731707317073,NA,NA,-119.27430362117,NA,NA,293,NA,NA,94,14,-153.746587743733,332,Dallen,Bentley,DEN,TE,26,-6,501.4,114.6,9.6,,,NA,,,NA,NA,NA,NA,,,,,
weighted,15916,TE,21.8292682926829,6.18718433538229,FALSE,0.379268292682923,17.6139202273524,26.1276730645132,-119.845035328487,-111.197158848351,-135.843124598627,294,263,315,95,14,-154.31731945105,334,Drew,Ogletree,IND,TE,28,-2,473.8,101.5,5.74,,,NA,,,NA,NA,NA,NA,,,,,
weighted,13315,TE,21.45,4.2900,TRUE,0.350000000000001,NA,NA,-120.22430362117,NA,NA,296,NA,NA,96,14,-154.696587743733,335,Eric,Saubert,SEA,TE,32,3,475.2,100.38,3.77,,,NA,,,NA,NA,NA,NA,,,,,
weighted,17243,TE,21.1,4.2200,TRUE,0.0768292682926877,NA,NA,-120.57430362117,NA,NA,298,NA,NA,97,14,-155.046587743733,338,Thomas,Fidone,NYG,TE,24,-5,584.75,131.5,16.83,,,NA,,,NA,NA,NA,NA,,,,,
weighted,16312,TE,21.0231707317073,1.34260362535645,FALSE,0.753414634146338,19.6474860673227,22.1263272825055,-120.651132889463,-109.16359300838,-139.844470380635,299,253,326,98,14,-155.123417012025,339,Josh,Whyle,GBP,TE,27,-3,469.6,92.89,19.15,,,NA,,,NA,NA,NA,NA,,,,,
weighted,13676,TE,20.269756097561,2.48854182995318,FALSE,0.169756097560974,17.9634049821358,22.6766474672599,-121.404547523609,-110.847674093567,-139.294150195881,300,261,324,99,14,-155.876831646172,341,Durham,Smythe,BAL,TE,31,2,447,84.5,13.44,,,NA,,,NA,NA,NA,NA,,,,,
weighted,15970,TE,20.1,4.0200,TRUE,0.399999999999999,NA,NA,-121.57430362117,NA,NA,302,NA,NA,100,14,-156.046587743733,342,Lucas,Krull,DEN,TE,28,-2,523.33,133.8,16.23,,,NA,,,NA,NA,NA,NA,,,,,
weighted,17651,TE,19.7,3.9400,TRUE,0.460000000000001,NA,NA,-121.97430362117,NA,NA,305,NA,NA,101,14,-156.446587743733,344,Josh,Cuevas,BAL,TE,23,-6,426.4,79.38,7.94,,,NA,,,NA,NA,NA,NA,,,,,
weighted,17567,TE,19.24,13.5392388361705,FALSE,0.727456445993031,5.2573842887751,30.9621226714103,-122.43430362117,-123.553694786928,-131.00867499173,306,290,305,102,14,-156.906587743733,345,Oscar,Delp,NOS,TE,23,-6,298.87,42.48,6.74,283.14,ADP.tsv,NA,20.2624,ADP.tsv,NA,NA,4.752,NA,22970,283.14,284,360,12
weighted,13678,TE,18.512543554007,1.69705627484772,FALSE,0.000592334494776026,17.3335525308764,19.668753309069,-123.161760067163,-111.477526544827,-142.302044354072,309,264,330,103,14,-157.634044189726,348,Ian,Thomas,LVR,TE,30,2,477.2,104.13,15.57,,,NA,,,NA,NA,NA,NA,,,,,
weighted,17655,TE,18.5119512195122,11.601035382049,FALSE,0.397560975609757,7.48992608118851,30.2481526551209,-123.162352401658,-121.321152994514,-131.72264500802,310,285,307,104,14,-157.63463652422,349,Seydou,Traore,MIA,TE,24,-6,441,84,6.6,,,NA,,,NA,NA,NA,NA,,,,,
weighted,17549,TE,18.1143902439024,12.5093477026855,FALSE,0.0143902439024366,5.08302788780756,28.6165120374779,-123.559913377267,-123.728051187895,-133.354285625663,311,291,309,105,14,-158.03219749983,350,Sam,Roush,CHI,TE,23,-6,433.8,75.91,12.76,,,NA,,,NA,NA,NA,NA,,,,,
weighted,15929,TE,18.1,3.6200,TRUE,0.0595121951219539,NA,NA,-123.57430362117,NA,NA,312,NA,NA,106,14,-158.046587743733,351,Ko,Kieft,TBB,TE,28,-2,629.75,157.6,10.76,,,NA,,,NA,NA,NA,NA,,,,,
weighted,17545,TE,18.040487804878,11.7769033564345,FALSE,0.23853658536585,5.39074531788517,25.2468984842894,-123.633815816292,-123.420333757818,-136.723899178851,314,288,319,107,14,-158.106099938855,352,Jack,Endries,CIN,TE,22,-6,501,85.36,23.73,,,NA,,,NA,NA,NA,NA,,,,,
weighted,15419,TE,17.8019512195122,6.22240422250171,FALSE,0.0019512195121969,11.4721107049192,23.4236232462525,-123.872352401658,-117.338968370784,-138.547174416888,316,275,323,108,14,-158.34463652422,354,Kylen,Granson,TEN,TE,28,-1,499.2,111.5,10.22,,,NA,,,NA,NA,NA,NA,,,,,
weighted,16425,TE,17.8,3.5600,TRUE,0.949999999999999,NA,NA,-123.87430362117,NA,NA,317,NA,NA,109,14,-158.346587743733,355,Julian,Hill,NEP,TE,26,-3,538.25,135.4,13.65,,,NA,,,NA,NA,NA,NA,,,,,
weighted,13940,TE,16.85,3.3700,TRUE,0.799825783972125,NA,NA,-124.82430362117,NA,NA,320,NA,NA,110,15,-159.296587743733,362,Johnny,Mundt,PHI,TE,32,3,482.6,100.67,11.21,,,NA,,,NA,NA,NA,NA,,,,,
weighted,15334,TE,16.0501742160279,6.78822509939086,FALSE,0.411393728222999,11.3342101235055,20.6750132362762,-125.624129405142,-117.476868952197,-141.295784426865,321,277,329,111,15,-160.096413527705,364,Hunter,Long,ARI,TE,28,-1,492.2,114,9.66,,,NA,,,NA,NA,NA,NA,,,,,
weighted,17644,TE,15.6387804878049,9.24823566673789,FALSE,0.68878048780488,5.74813878102368,22.0185920222208,-126.035523133365,-123.062940294679,-139.95220564092,323,287,327,112,15,-160.507807255928,366,Tanner,Koziol,JAC,TE,23,-6,388,64.11,13.84,,,NA,,,NA,NA,NA,NA,,,,,
weighted,15925,TE,14.95,2.9900,TRUE,0.0318815331010445,NA,NA,-126.72430362117,NA,NA,326,NA,NA,113,15,-161.196587743733,368,John,FitzPatrick,GBP,TE,26,-2,NA,NA,NA,,,NA,,,NA,NA,NA,NA,,,,,
weighted,12955,TE,14.918118466899,5.83363094478902,FALSE,3.44146341463414,10.8653368248876,18.8925894999248,-126.756185154271,-117.945742250815,-143.078208163216,327,278,334,114,15,-161.228469276834,369,Chris,Manhertz,NYG,TE,34,4,493.5,127.5,19.75,,,NA,,,NA,NA,NA,NA,,,,,
weighted,16648,TE,11.4766550522648,13.7532268940784,FALSE,0.627975806981791,1.92191530231065,20.8467716089137,-130.197648568905,-126.889163773392,-141.124026054227,332,295,328,115,15,-164.669932691468,382,Jared,Wiley,KCC,TE,26,-4,473.2,97.67,12.36,,,NA,,,NA,NA,NA,NA,,,,,
weighted,15840,TE,10.848679245283,16.2988113063499,FALSE,0.22777332193807,0.393479653174286,22.6736921641188,-130.825624375887,-128.417599422529,-139.297105499022,337,300,325,116,15,-165.29790849845,384,Jelani,Woods,NYJ,TE,28,-2,464,91.1,25.8,,,NA,,,NA,NA,NA,NA,,,,,
weighted,16220,TE,10.6209059233449,12.9754094347731,FALSE,3.32090592334495,1.60653705899231,19.4610930089237,-131.053397697825,-127.204542016711,-142.509704654217,339,297,331,117,15,-165.525681820388,388,Will,Mallory,IND,TE,27,-3,500.6,111.2,5.46,,,NA,,,NA,NA,NA,NA,,,,,
weighted,16831,TE,7.3,1.4600,TRUE,0.850000000000001,NA,NA,-134.37430362117,NA,NA,347,NA,NA,118,15,-168.846587743733,397,David,Martin-Robinson,TEN,TE,27,-4,625,148.25,17.98,,,NA,,,NA,NA,NA,NA,,,,,
weighted,16706,TE,6.45,1.2900,TRUE,3.15,NA,NA,-135.22430362117,NA,NA,350,NA,NA,119,16,-169.696587743733,404,Tip,Reiman,ARI,TE,25,-4,561.25,128.83,11.19,,,NA,,,NA,NA,NA,NA,,,,,
weighted,17696,TE,3.3,0.6600,TRUE,0.35,NA,NA,-138.37430362117,NA,NA,354,NA,NA,120,16,-172.846587743733,415,Carsen,Ryan,CLE,TE,23,-6,482.5,103,5.29,,,NA,,,NA,NA,NA,NA,,,,,
weighted,17641,TE,2.95,0.5900,TRUE,0.1,NA,NA,-138.72430362117,NA,NA,355,NA,NA,121,16,-173.196587743733,417,Max,Bredeson,MIN,TE,24,-6,451.88,121,18.2,,,NA,,,NA,NA,NA,NA,,,,,
weighted,13427,TE,2.85,0.5700,TRUE,0.45,NA,NA,-138.82430362117,NA,NA,356,NA,NA,122,16,-173.296587743733,418,Robert,Tonyan,PIT,TE,32,3,NA,137,18.99,,,NA,,,NA,NA,NA,NA,,,,,
weighted,17419,TE,2.4,0.4800,TRUE,0.55,NA,NA,-139.27430362117,NA,NA,358,NA,NA,123,16,-173.746587743733,419,Keleki,Latu,BUF,TE,24,-5,535.25,134.8,15.64,,,NA,,,NA,NA,NA,NA,,,,,
weighted,14060,TE,1.85,0.3700,TRUE,1.05,NA,NA,-139.82430362117,NA,NA,361,NA,NA,124,16,-174.296587743733,420,Tyree,Jackson,WAS,TE,29,1,NA,NA,NA,,,NA,,,NA,NA,NA,NA,,,,,
weighted,16898,TE,0.8,0.1600,TRUE,0.0499999999999999,NA,NA,-140.87430362117,NA,NA,363,NA,NA,125,16,-175.346587743733,423,Colson,Yankoff,WAS,TE,26,-4,545.4,129.17,7.22,,,NA,,,NA,NA,NA,NA,,,,,
weighted,16919,TE,0.75,0.1500,TRUE,0.6,NA,NA,-140.92430362117,NA,NA,364,NA,NA,126,16,-175.396587743733,424,E.J.,Jenkins,PHI,TE,28,-3,634.75,153.5,21.74,,,NA,,,NA,NA,NA,NA,,,,,
weighted,17285,TE,0.15,0.0300,TRUE,0,NA,NA,-141.52430362117,NA,NA,365,NA,NA,127,16,-175.996587743733,428,Ben,Yurosek,MIN,TE,24,-5,543,118.67,9.64,,,NA,,,NA,NA,NA,NA,,,,,
weighted,16414,K,175.422775287974,7.97560713249455,FALSE,12.1404008401648,165.749375948863,186.217104968937,13.6710180405041,25.0781161462692,6.11158729392153,38,21,50,1,1,NA,NA,Brandon,Aubrey,DAL,K,31,-3,184.1,1.07,0.31,151.94,ADP.tsv,104.936,17.0496,ADP.tsv,16.5042898665771,-66.936,5.842,1.63054960059484,2964,151.94,92,190,317
weighted,12860,K,163.282374447809,10.7785374049574,FALSE,1.53061720033924,154.520219510636,180.105517675015,1.53061720033924,13.8489597080422,0,55,39,59,2,1,NA,NA,Ka'imi,Fairbairn,HOU,K,32,4,192.02,3.06,2.38,185.81,ADP.tsv,129.186,20.5291,ADP.tsv,13.4331881547159,-74.186,2.267,0.879014789409143,4345,185.81,119,237,317
weighted,12437,K,161.75175724747,18.6780568534457,FALSE,1.04547849302094,139.312933716411,188.407754268563,0,-1.35832608618216,8.30223659354812,59,63,46,3,1,NA,NA,Jason,Myers,SEA,K,35,6,200.71,4.96,1.37,202.36,ADP.tsv,132.554,22.0949,ADP.tsv,18.3360143979001,-73.554,2.084,0.799704945589309,2982,202.36,127,254,317
weighted,15979,K,160.706278754449,12.2756202675911,FALSE,11.6838487366338,140.671259802593,169.491502036983,-1.04547849302094,0,-10.6140156380328,62,59,77,4,1,NA,NA,Cameron,Dicker,LAC,K,26,-2,194.41,3.12,1.34,199.49,ADP.tsv,136.874,21.9209,ADP.tsv,10.1399084808493,-74.874,2.4385,0.853444052061997,2980,199.49,123,249,317
weighted,16681,K,149.022430017815,7.9768905549826,FALSE,1.76940875738268,140.670214240005,160.178611219137,-12.7293272296548,-0.00104556258801836,-19.9269064558789,78,60,96,5,2,NA,NA,Will,Reichard,MIN,K,25,-4,252.18,14.55,4.45,230.38,ADP.tsv,168.905,24.7554,ADP.tsv,14.8738201212735,-90.905,1.42133333333333,0.893743189562242,2972,230.38,140,281,291
weighted,13354,K,147.253021260432,11.541544570865,FALSE,1.2676906613485,129.14501143377,157.856372340493,-14.4987359870374,-11.5262483688232,-22.2491453345228,82,82,103,6,2,NA,NA,Harrison,Butker,KCC,K,31,3,247.68,14.07,2.59,263.53,ADP.tsv,156.534,28.8565,ADP.tsv,17.816811836016,-74.534,1.686,0.773400284458184,2970,263.53,145,300,171
weighted,14717,K,145.985330599084,15.160286337232,FALSE,0.432234281434972,121.972132914295,159.696721533032,-15.7664266483859,-18.6991268882986,-20.4087961419835,85,96,98,7,2,NA,NA,Chase,McLaughlin,TBB,K,30,1,230.93,11.49,3.19,256.73,ADP.tsv,162.102,22.8748,ADP.tsv,18.0303692696517,-77.102,1.087,0.643977484078442,2984,256.73,164,290,214
weighted,16843,K,145.553096317649,16.7146295028158,FALSE,0.73119904178219,122.969876336085,160.064012839043,-16.1986609298209,-17.7013834665086,-20.0415048359724,87,94,97,8,2,NA,NA,Harrison,Mevis,LAR,K,24,-4,233.75,11.19,3.84,224.33,ADP.tsv,151.614,23.8749,ADP.tsv,15.7644087741976,-64.614,1.9525,1.0937864279648,2983,224.33,148,285,312
weighted,16846,K,144.821897275867,15.9849647695521,FALSE,0.103626107864756,123.295604199552,164.212936488566,-16.9298599716031,-17.3756556030412,-15.8925811864494,89,93,86,9,2,NA,NA,Jake,Bates,DET,K,27,-3,224.18,10.13,3.05,236.74,ADP.tsv,149.986,26.1021,ADP.tsv,12.7014795988499,-60.986,1.687,0.805671769394957,2966,236.74,145,293,279
weighted,11945,K,144.718271168002,14.0859082821592,FALSE,0.477681818062081,126.027999123406,163.234540170906,-17.0334860794678,-14.6432606791878,-16.8709775041093,90,87,87,10,2,NA,NA,Cairo,Santos,CHI,K,35,6,223.29,11.42,2.79,267.53,ADP.tsv,175.8,25.8708,ADP.tsv,16.3764480275791,-85.8,1.1,0.7,2961,267.53,163,300,151
weighted,16680,K,144.24058934994,16.1880854616586,FALSE,0.410785678478277,119.751298943116,161.134914710909,-17.5111678975299,-20.9199608594771,-18.9706029641062,91,99,94,11,2,NA,NA,Cam,Little,JAC,K,23,-4,198.53,4.81,2.18,205.2,ADP.tsv,143.978,23.3127,ADP.tsv,10.5372603650095,-52.978,1.9835,0.82110702712862,2969,205.2,128,262,317
weighted,17222,K,143.829803671461,21.6940624830774,FALSE,0.926771344812636,110.935925814441,165.464651831901,-17.9219535760082,-29.7353339881527,-14.6408658431145,92,112,82,12,2,NA,NA,Tyler,Loop,BAL,K,25,-5,213.7,8.91,3.65,254.84,ADP.tsv,164.765,25.5999,ADP.tsv,9.58084677886042,-72.765,1.366,0.471528012600171,2958,254.84,158,300,228
weighted,13719,K,142.903032326649,15.2531872722236,FALSE,1.19189018885879,117.687612388722,151.424417222246,-18.8487249208208,-22.9836474138718,-28.681100452769,93,102,112,13,2,NA,NA,Eddy,Pineiro,SFO,K,31,2,211.79,8,2.95,227.02,ADP.tsv,162.8575,21.8061,ADP.tsv,12.8196302111254,-69.8575,1.40266666666667,0.400084435532746,2981,227.02,148,273,309
weighted,12956,K,141.71114213779,15.6940767511811,FALSE,4.98157044592921,115.804531026525,151.098262692969,-20.0406151096796,-24.8667287760684,-29.0072549820462,97,106,113,14,2,NA,NA,Wil,Lutz,DEN,K,32,4,265.48,15.82,2.44,271.47,ADP.tsv,170.88,28.0032,ADP.tsv,13.5594524225722,-73.88,1.358,1.258,2965,271.47,162,309,140
weighted,17220,K,136.729571691861,8.98292127601534,FALSE,1.07719376234556,124.897221003251,148.55974401183,-25.0221855556088,-15.774038799342,-31.5457736631858,105,91,123,15,2,NA,NA,Andres,Borregales,NEP,K,24,-5,227.85,12.26,3.5,258.79,ADP.tsv,176.393333333333,24.6985,ADP.tsv,10.7727103780288,-71.3933333333333,1.18933333333333,1.05689524341609,2973,258.79,167,304,228
weighted,17668,K,135.652377929515,25.9872009597456,FALSE,0.674434894583385,95.4641851520107,161.255372740149,-26.0993793179544,-45.2070746505828,-18.8501449348664,107,135,92,16,2,NA,NA,Trey,Smack,GBP,K,23,-6,282.55,19.96,5.03,275.61,ADP.tsv,166.315,33.3633,ADP.tsv,22.0738867216447,-59.315,1.242,0.852110321495991,2967,275.61,145,317,120
weighted,14983,K,134.977943034932,16.8896090005961,FALSE,0.625525219424361,107.089462901644,145.218916804358,-26.7738142125378,-33.5817969009494,-34.8866008706573,110,116,130,17,2,NA,NA,Tyler,Bass,BUF,K,29,0,283.68,18.3,3.93,282.1,ADP.tsv,179.47,20.9711,ADP.tsv,12.9,-69.47,1.334,1.234,2959,282.1,225,329,87
weighted,11936,K,134.352417815507,5.99874930705604,FALSE,0.112727167127048,127.305444757795,139.691925448856,-27.3993394319621,-13.3658150447984,-40.4135922261592,111,84,138,18,2,NA,NA,Chris,Boswell,PIT,K,35,6,245.11,13.88,3.79,258.91,ADP.tsv,161.742,30.4093,ADP.tsv,20.3173348645928,-50.742,1.161,0.55620409922977,2979,258.91,153,318,187
weighted,15368,K,134.23969064838,17.9922549467353,FALSE,1.36312186936465,106.76806220303,153.141447115168,-27.5120665990892,-33.9031975995638,-26.9640705598473,113,118,108,19,2,NA,NA,Evan,McPherson,CIN,K,27,-1,218.02,10.72,3.66,261.31,ADP.tsv,170.985,29.2446,ADP.tsv,14.2351194234541,-57.985,1.184,0.888132122303133,2962,261.31,155,313,180
weighted,8851,K,132.876568779016,14.8936509216522,FALSE,1.62965418846471,113.219904136945,150.567328135248,-28.8751884684538,-27.4513556656489,-29.5381895397675,115,108,116,20,3,NA,NA,Nick,Folk,ATL,K,42,13,296,24.14,2.74,280.61,ADP.tsv,183.505,25.2676,ADP.tsv,19.295,-68.505,0,NA,2957,280.61,210,336,91
weighted,13303,K,131.246914590551,14.4983642432261,FALSE,0.0721108265197188,107.942295284237,142.025668946133,-30.5048426569186,-32.7289645183564,-38.079848728882,118,115,134,21,3,NA,NA,Jake,Elliott,PHI,K,31,3,306.18,19.96,2.7,284.14,ADP.tsv,155.215,35.7989,ADP.tsv,26.915,-37.215,1.12933333333333,0.813134401901405,2978,284.14,160,334,74
weighted,13718,K,131.174803764031,18.6374704945602,FALSE,3.76056909445417,100.537438507528,143.279441458639,-30.5769534834383,-40.1338212950655,-36.8260762163761,119,131,131,22,3,NA,NA,Daniel,Carlson,NOS,K,31,2,277.1,24.07,5.08,278.12,ADP.tsv,NA,30.8381,ADP.tsv,NA,NA,0,NA,2974,278.12,159,316,108
weighted,16896,K,127.414234669577,48.5773957502206,FALSE,0.637332631116465,45.5105784333987,165.090114800159,-34.3375225778924,-95.1606813691947,-15.0154028748561,122,208,84,23,3,NA,NA,Spencer,Shrader,IND,K,27,-4,275.6,23.53,6.91,257.64,ADP.tsv,150.04,27.1797,ADP.tsv,NA,-28.04,0,NA,2968,257.64,156,304,193
weighted,16444,K,126.776902038461,14.9299877463448,FALSE,0.407675907562918,106.6224498447,141.660438358744,-34.9748552090089,-34.0488099578939,-38.445079316271,125,119,135,24,3,NA,NA,Blake,Grupe,NYJ,K,28,-3,322,23.63,4.02,289.07,ADP.tsv,167.68,25.3696,ADP.tsv,14.7991418670138,-42.68,0.84,0.84,2975,289.07,237,359,68
weighted,15369,K,126.369226130898,13.0553139992154,FALSE,0.709689847775167,105.184699878307,136.198451239517,-35.3825311165718,-35.4865599242866,-43.9070664354979,126,125,144,25,3,NA,NA,Riley,Patterson,MIA,K,27,-1,423.5,30.81,2.86,289.29,ADP.tsv,NA,16.6358,ADP.tsv,NA,NA,0,NA,2971,289.29,279,359,68
weighted,17726,K,125.659536283123,14.841683345217,FALSE,0.373059209998772,102.732213825112,139.689442146134,-36.092220964347,-37.9390459774814,-40.4160755288815,128,129,139,26,3,NA,NA,Drew,Stevens,WAS,K,23,-6,359.75,26.92,4.71,287.49,ADP.tsv,NA,15.5111,ADP.tsv,NA,NA,0,NA,2986,287.49,283,358,71
weighted,14600,K,125.286477073124,14.1368287279378,FALSE,0.0135751448915045,106.120091058611,139.44789548884,-36.4652801743458,-34.5511687439825,-40.6576221861752,129,121,140,27,3,NA,NA,Joey,Slye,TEN,K,30,1,301.6,23.58,3.17,285.13,ADP.tsv,NA,21.7003,ADP.tsv,NA,NA,0,NA,2985,285.13,236,342,77
weighted,16292,K,125.272901928232,8.08637872442177,FALSE,8.08357628822708,112.554022211111,131.468933290411,-36.4788553192373,-28.1172375914822,-48.6365843846041,130,110,150,28,4,NA,NA,Chad,Ryland,ARI,K,27,-3,274.6,23.54,3.47,287.07,ADP.tsv,NA,29.5225,ADP.tsv,NA,NA,0,NA,2956,287.07,204,347,72
weighted,17277,K,117.189325640005,20.3306988506213,FALSE,1.33784121174905,84.2541733101811,130.973476500916,-44.5624316074643,-56.4170864924123,-49.1320411740996,146,156,152,29,4,NA,NA,Ryan,Fitzgerald,CAR,K,NA,-5,289.4,25.33,2.04,289.11,ADP.tsv,NA,16.1899,ADP.tsv,NA,NA,0,NA,2960,289.11,281,359,69
weighted,14244,K,115.851484428256,16.8255540087534,FALSE,2.4534349055707,89.2790890892685,129.222785476729,-45.9002728192134,-51.392170713325,-50.8827321982864,147,149,155,30,4,NA,NA,Matt,Gay,LVR,K,32,1,400.5,29.47,2.33,287.72,ADP.tsv,NA,25.1400,ADP.tsv,NA,NA,0,NA,2977,287.72,235,358,78
weighted,16419,K,113.398049522686,15.4287154417132,FALSE,4.07184056746168,89.6372492555085,126.631000602727,-48.3537077247841,-51.0340105470849,-53.4745170722884,152,147,163,31,4,NA,NA,Andre,Szmyt,CLE,K,28,-3,320,30.68,1.87,288.93,ADP.tsv,NA,27.1654,ADP.tsv,NA,NA,0,NA,2963,288.93,231,359,58
weighted,17434,K,109.326208955224,23.73616043087,FALSE,10.0348541581152,94.2622161374027,126.889959377623,-52.4255482922458,-46.4090436651907,-53.2155582973925,156,137,162,32,5,NA,NA,Ben,Sauls,FA,K,25,-5,298,28.45,2.61,281.84,ADP.tsv,NA,2.5969,ADP.tsv,NA,NA,NA,NA,20265,281.84,349,357,4
weighted,17736,K,99.2913547971087,54.2458996779447,FALSE,59.2913547971087,34.7041294247613,149.462817358449,-62.4604024503609,-105.967130377832,-30.642700316566,173,237,118,33,6,NA,NA,Dominic,Zvada,NYG,K,23,-6,349,29.39,5.24,284.99,ADP.tsv,NA,26.8532,ADP.tsv,NA,NA,0,NA,2976,284.99,226,358,81
weighted,16286,K,40,4.0000,TRUE,10,NA,NA,-121.75175724747,NA,NA,303,NA,NA,34,6,NA,NA,Jake,Moody,BAL,K,27,-3,319,31.38,5.12,254.84,ADP.tsv,NA,25.5999,ADP.tsv,NA,NA,NA,NA,2958,254.84,158,300,228
weighted,17424,K,30,3.0000,TRUE,0.999999999999996,NA,NA,-131.75175724747,NA,NA,341,NA,NA,35,6,NA,NA,Charlie,Smyth,NOS,K,25,-4,284.54,20.36,5.3,278.12,ADP.tsv,NA,30.8381,ADP.tsv,NA,NA,NA,NA,2974,278.12,159,316,108
weighted,11947,K,29,2.9000,TRUE,1,NA,NA,-132.75175724747,NA,NA,343,NA,NA,36,6,NA,NA,Brandon,McManus,FA,K,35,6,304.6,29.82,5.84,281.84,ADP.tsv,NA,2.5969,ADP.tsv,NA,NA,NA,NA,20265,281.84,349,357,4
weighted,13347,K,29,2.9000,TRUE,0,NA,NA,-132.75175724747,NA,NA,343,NA,NA,36,6,NA,NA,Zane,Gonzalez,FA,K,31,3,292.89,25.18,5.01,281.84,ADP.tsv,NA,2.5969,ADP.tsv,NA,NA,NA,NA,20265,281.84,349,357,4
weighted,15882,K,28,2.8000,TRUE,1,NA,NA,-133.75175724747,NA,NA,344,NA,NA,37,6,NA,NA,Cade,York,FA,K,25,-2,NA,36.86,2.9,281.84,ADP.tsv,NA,2.5969,ADP.tsv,NA,NA,NA,NA,20265,281.84,349,357,4
weighted,13832,K,27,2.7000,TRUE,9.99999999999999,NA,NA,-134.75175724747,NA,NA,348,NA,NA,38,7,NA,NA,Jason,Sanders,NYJ,K,31,2,355.5,29.7,4.01,289.07,ADP.tsv,NA,25.3696,ADP.tsv,NA,NA,NA,NA,2975,289.07,237,359,68
weighted,13980,K,17,1.7000,TRUE,6,NA,NA,-144.75175724747,NA,NA,373,NA,NA,39,7,NA,NA,Mike,Badgley,FA,K,31,2,NA,NA,NA,281.84,ADP.tsv,NA,2.5969,ADP.tsv,NA,NA,NA,NA,20265,281.84,349,357,4
weighted,13403,K,11,1.1000,TRUE,2,NA,NA,-150.75175724747,NA,NA,384,NA,NA,40,8,NA,NA,Younghoe,Koo,FA,K,32,3,NA,NA,NA,281.84,ADP.tsv,NA,2.5969,ADP.tsv,NA,NA,NA,NA,20265,281.84,349,357,4
weighted,16405,K,9,0.9000,TRUE,2,NA,NA,-152.75175724747,NA,NA,387,NA,NA,41,8,NA,NA,John Parker,Romo,FA,K,29,-2,NA,NA,NA,281.84,ADP.tsv,NA,2.5969,ADP.tsv,NA,NA,NA,NA,20265,281.84,349,357,4
weighted,16775,K,9,0.9000,TRUE,0,NA,NA,-152.75175724747,NA,NA,387,NA,NA,41,8,NA,NA,Joshua,Karty,FA,K,24,-4,NA,NA,NA,281.84,ADP.tsv,NA,2.5969,ADP.tsv,NA,NA,NA,NA,20265,281.84,349,357,4
weighted,9694,K,7,0.7000,TRUE,1,NA,NA,-154.75175724747,NA,NA,392,NA,NA,42,8,NA,NA,Graham,Gano,FA,K,39,11,NA,NA,NA,281.84,ADP.tsv,NA,2.5969,ADP.tsv,NA,NA,NA,NA,20265,281.84,349,357,4
weighted,14426,K,6,0.6000,TRUE,1,NA,NA,-155.75175724747,NA,NA,395,NA,NA,43,8,NA,NA,Matthew,Wright,BUF,K,30,1,NA,NA,NA,282.1,ADP.tsv,NA,20.9711,ADP.tsv,NA,NA,NA,NA,2959,282.1,225,329,87
weighted,8930,K,5,0.5000,TRUE,0,NA,NA,-156.75175724747,NA,NA,399,NA,NA,44,8,NA,NA,Matt,Prater,FA,K,42,14,NA,NA,NA,281.84,ADP.tsv,NA,2.5969,ADP.tsv,NA,NA,NA,NA,20265,281.84,349,357,4
