"position.x","id","avg_type","pass_yds","pass_yds_sd","pass_tds","pass_tds_sd","pass_int","pass_int_sd","rush_yds","rush_yds_sd","rush_tds","rush_tds_sd","fumbles_lost","fumbles_lost_sd","rec","rec_sd","rec_yds","rec_yds_sd","rec_tds","rec_tds_sd","dst_int","dst_int_sd","dst_fum_rec","dst_fum_rec_sd","dst_sacks","dst_sacks_sd","fg_0019","fg_0019_sd","fg_2029","fg_2029_sd","fg_3039","fg_3039_sd","fg_4049","fg_4049_sd","fg_50","fg_50_sd","xp","xp_sd","dst_safety","dst_safety_sd","dst_td","dst_td_sd","first_name","last_name","team","position.y","age","exp"
"QB","13589","average",3844.11428571429,205.103481431296,28.1571428571429,1.95521281267721,10.5571428571429,1.72998761349818,569.571428571429,31.9001418118956,11.8285714285714,0.994508732514511,3.8,0.378593889720018,NA,NA,NA,NA,NA,NA,NA,NA,NA,NA,NA,NA,NA,NA,NA,NA,NA,NA,NA,NA,NA,NA,NA,NA,NA,NA,NA,NA,"Josh","Allen","BUF","QB",30,2
"QB","13589","robust",3813.4,162.19644,28.125,2.2239,10.5,2.66868,575.25,20.7564,11.875,0.7413,3.9,0.29652,NA,NA,NA,NA,NA,NA,NA,NA,NA,NA,NA,NA,NA,NA,NA,NA,NA,NA,NA,NA,NA,NA,NA,NA,NA,NA,NA,NA,"Josh","Allen","BUF","QB",30,2
"QB","13589","weighted",3846.6504178273,239.26179941642,28.3303621169916,2.37003640016458,10.3649025069638,2.05885329921371,564.151810584958,36.4704785647229,11.9256267409471,1.17362847709649,3.68217270194986,0.388849353526405,NA,NA,NA,NA,NA,NA,NA,NA,NA,NA,NA,NA,NA,NA,NA,NA,NA,NA,NA,NA,NA,NA,NA,NA,NA,NA,NA,NA,"Josh","Allen","BUF","QB",30,2
"QB","13593","average",3634.65714285714,169.857566381786,29.0714285714286,3.16107275341472,9.01428571428571,1.42176952120538,664.8,50.6160383014449,3.95714285714286,1.22182533238477,3.9,0.336650164612069,NA,NA,NA,NA,NA,NA,NA,NA,NA,NA,NA,NA,NA,NA,NA,NA,NA,NA,NA,NA,NA,NA,NA,NA,NA,NA,NA,NA,"Lamar","Jackson","BAL","QB",29,2
"QB","13593","robust",3651.3,88.5112199999997,28.3,3.40998,8.975,2.07564,657.075,37.065,3.8,0.29652,3.95,0.148259999999999,NA,NA,NA,NA,NA,NA,NA,NA,NA,NA,NA,NA,NA,NA,NA,NA,NA,NA,NA,NA,NA,NA,NA,NA,NA,NA,NA,NA,"Lamar","Jackson","BAL","QB",29,2
"QB","13593","weighted",3631.04317548747,211.254716064061,29.3186629526462,3.86156772331767,8.82562674094708,1.67834308307989,671.558495821727,56.255674493125,4.1874651810585,1.32232430343324,3.78175487465181,0.326118241102794,NA,NA,NA,NA,NA,NA,NA,NA,NA,NA,NA,NA,NA,NA,NA,NA,NA,NA,NA,NA,NA,NA,NA,NA,NA,NA,NA,NA,"Lamar","Jackson","BAL","QB",29,2
"QB","12620","average",4337.42857142857,161.534162684819,32.0714285714286,2.39702196187567,10.9857142857143,1.00569805181703,172.942857142857,10.8563126248982,1.7,0.365148371670111,2.3,0.424264068711928,NA,NA,NA,NA,NA,NA,NA,NA,NA,NA,NA,NA,NA,NA,NA,NA,NA,NA,NA,NA,NA,NA,NA,NA,NA,NA,NA,NA,"Dak","Prescott","DAL","QB",33,4
"QB","12620","robust",4319.5,100.8168,31.725,1.33434,11.075,1.03782,173.225,18.23598,1.75,0.44478,2.3,0.44478,NA,NA,NA,NA,NA,NA,NA,NA,NA,NA,NA,NA,NA,NA,NA,NA,NA,NA,NA,NA,NA,NA,NA,NA,NA,NA,NA,NA,"Dak","Prescott","DAL","QB",33,4
"QB","12620","weighted",4349.38857938719,187.877291800018,32.4448467966574,2.7995769713456,10.8740947075209,1.21888177321739,172.57938718663,13.2635507658248,1.6908077994429,0.453340209140851,2.10097493036212,0.307396624880946,NA,NA,NA,NA,NA,NA,NA,NA,NA,NA,NA,NA,NA,NA,NA,NA,NA,NA,NA,NA,NA,NA,NA,NA,NA,NA,NA,NA,"Dak","Prescott","DAL","QB",33,4
"QB","15237","average",3908.71428571429,125.98341727613,28.4571428571429,3.25517902367757,12.4571428571429,1.48195495079657,317.428571428571,24.6025550357217,5.47142857142857,1.13389341902768,2.975,0.433493560121332,NA,NA,NA,NA,NA,NA,NA,NA,NA,NA,NA,NA,NA,NA,NA,NA,NA,NA,NA,NA,NA,NA,NA,NA,NA,NA,NA,NA,"Trevor","Lawrence","JAC","QB",27,-1
"QB","15237","robust",3912.5,52.6323,28.5,2.9652,12.1,2.66868,322,19.2738,5.45,1.4826,2.9875,0.0370649999999999,NA,NA,NA,NA,NA,NA,NA,NA,NA,NA,NA,NA,NA,NA,NA,NA,NA,NA,NA,NA,NA,NA,NA,NA,NA,NA,NA,NA,"Trevor","Lawrence","JAC","QB",27,-1
"QB","15237","weighted",3902.91364902507,149.282598851765,28.8612813370474,3.84789578661774,12.2846796657382,1.7561770418137,315.183844011142,29.592833178937,5.65738161559888,1.31801084423149,2.80699860724234,0.392936461909618,NA,NA,NA,NA,NA,NA,NA,NA,NA,NA,NA,NA,NA,NA,NA,NA,NA,NA,NA,NA,NA,NA,NA,NA,NA,NA,NA,NA,"Trevor","Lawrence","JAC","QB",27,-1
"QB","16581","average",3657.54285714286,158.267314557185,25.0571428571429,3.24286763161719,10.2,1.55349069303081,706.485714285714,58.7658185391085,4.8,0.650640709864771,2.5,0.270801280154532,NA,NA,NA,NA,NA,NA,NA,NA,NA,NA,NA,NA,NA,NA,NA,NA,NA,NA,NA,NA,NA,NA,NA,NA,NA,NA,NA,NA,"Jayden","Daniels","WAS","QB",26,-4
"QB","16581","robust",3677.4,137.28876,24.4,1.77912,10.5,1.4826,692.925,24.7594200000001,4.775,0.44478,2.5,0.14826,NA,NA,NA,NA,NA,NA,NA,NA,NA,NA,NA,NA,NA,NA,NA,NA,NA,NA,NA,NA,NA,NA,NA,NA,NA,NA,NA,NA,"Jayden","Daniels","WAS","QB",26,-4
"QB","16581","weighted",3651.6852367688,195.318192620972,25.4701949860724,3.86559184332831,9.92869080779944,1.77669879372927,710.303621169916,67.743740804946,4.80278551532033,0.766527673489053,2.37924791086351,0.217787547148107,NA,NA,NA,NA,NA,NA,NA,NA,NA,NA,NA,NA,NA,NA,NA,NA,NA,NA,NA,NA,NA,NA,NA,NA,NA,NA,NA,NA,"Jayden","Daniels","WAS","QB",26,-4
"QB","14777","average",4216.25714285714,105.213479129227,35.1714285714286,3.56684467735574,11.1428571428571,1.47293034781819,179.257142857143,8.69441528470185,1.4,0.447213595499958,1.725,0.348209706929603,NA,NA,NA,NA,NA,NA,NA,NA,NA,NA,NA,NA,NA,NA,NA,NA,NA,NA,NA,NA,NA,NA,NA,NA,NA,NA,NA,NA,"Joe","Burrow","CIN","QB",30,0
"QB","14777","robust",4194.6,65.8274399999995,33.825,0.444779999999996,10.8,1.4826,179.675,10.22994,1.4,0.59304,1.8125,0.259455,NA,NA,NA,NA,NA,NA,NA,NA,NA,NA,NA,NA,NA,NA,NA,NA,NA,NA,NA,NA,NA,NA,NA,NA,NA,NA,NA,NA,"Joe","Burrow","CIN","QB",30,0
"QB","14777","weighted",4224.11699164345,119.871133856996,35.7857938718663,4.0973278099981,10.9869080779944,1.76344285824819,179.318941504178,10.6187503513034,1.3899721448468,0.545752963639882,1.65275069637883,0.401479953453585,NA,NA,NA,NA,NA,NA,NA,NA,NA,NA,NA,NA,NA,NA,NA,NA,NA,NA,NA,NA,NA,NA,NA,NA,NA,NA,NA,NA,"Joe","Burrow","CIN","QB",30,0
"QB","16580","average",4042.71428571429,98.6939111355817,28.7857142857143,2.80679447735228,10.0714285714286,0.853842853836477,500.628571428571,36.0011904565073,3.95714285714286,0.613343685212847,5.75,0.135400640077266,NA,NA,NA,NA,NA,NA,NA,NA,NA,NA,NA,NA,NA,NA,NA,NA,NA,NA,NA,NA,NA,NA,NA,NA,NA,NA,NA,NA,"Drake","Maye","NEP","QB",24,-4
"QB","16580","robust",4051.75,75.6126,27.85,0.444780000000001,10.025,0.889559999999999,504.8,33.80328,4,0.44478,5.75,0.0741299999999997,NA,NA,NA,NA,NA,NA,NA,NA,NA,NA,NA,NA,NA,NA,NA,NA,NA,NA,NA,NA,NA,NA,NA,NA,NA,NA,NA,NA,"Drake","Maye","NEP","QB",24,-4
"QB","16580","weighted",4056.46239554318,116.119138346807,29.1855153203343,3.31606475661071,9.97966573816156,1.01299956514457,503.323119777159,44.6489013104457,4.02033426183844,0.706792240051594,5.81037604456825,0.108893773574053,NA,NA,NA,NA,NA,NA,NA,NA,NA,NA,NA,NA,NA,NA,NA,NA,NA,NA,NA,NA,NA,NA,NA,NA,NA,NA,NA,NA,"Drake","Maye","NEP","QB",24,-4
"QB","16579","average",3913.4,99.7461778716358,29.9,4.74868402823351,9.12,1.03537432844358,417.8,29.4567479535674,2.28,0.995991967839099,2.05,0.0353553390593274,NA,NA,NA,NA,NA,NA,NA,NA,NA,NA,NA,NA,NA,NA,NA,NA,NA,NA,NA,NA,NA,NA,NA,NA,NA,NA,NA,NA,"Caleb","Williams","CHI","QB",25,-4
"QB","16579","robust",3886.5,50.4084,30,4.4478,9,0.59304,418,40.0302,2,0,2.05,0,NA,NA,NA,NA,NA,NA,NA,NA,NA,NA,NA,NA,NA,NA,NA,NA,NA,NA,NA,NA,NA,NA,NA,NA,NA,NA,NA,NA,"Caleb","Williams","CHI","QB",25,-4
"QB","16579","weighted",3906.68245125348,94.8252418883751,29.7590529247911,4.80307268150985,9.15766016713092,1.03073773013034,415.908077994429,29.0919227334798,2.22395543175487,0.940356369527384,2.04979108635097,0.0353707055159001,NA,NA,NA,NA,NA,NA,NA,NA,NA,NA,NA,NA,NA,NA,NA,NA,NA,NA,NA,NA,NA,NA,NA,NA,NA,NA,NA,NA,"Caleb","Williams","CHI","QB",25,-4
"QB","14783","average",3558.14285714286,160.167806348455,25.1,2.2248595461287,7.42857142857143,0.919627253681776,471.885714285714,24.4012587497331,8.78571428571429,0.805043624964037,3.75,0.353553390593274,NA,NA,NA,NA,NA,NA,NA,NA,NA,NA,NA,NA,NA,NA,NA,NA,NA,NA,NA,NA,NA,NA,NA,NA,NA,NA,NA,NA,"Jalen","Hurts","PHI","QB",28,0
"QB","14783","robust",3562.875,230.5443,24.8,1.77912,7.4,0.59304,473.75,35.73066,8.775,0.59304,3.875,0.37065,NA,NA,NA,NA,NA,NA,NA,NA,NA,NA,NA,NA,NA,NA,NA,NA,NA,NA,NA,NA,NA,NA,NA,NA,NA,NA,NA,NA,"Jalen","Hurts","PHI","QB",28,0
"QB","14783","weighted",3554.24791086351,196.504555505889,25.3657381615599,2.65075650882348,7.44623955431755,1.15021408956786,474.740947075209,28.9745609943998,8.8974930362117,0.915863628597586,3.65215877437326,0.37828489664736,NA,NA,NA,NA,NA,NA,NA,NA,NA,NA,NA,NA,NA,NA,NA,NA,NA,NA,NA,NA,NA,NA,NA,NA,NA,NA,NA,NA,"Jalen","Hurts","PHI","QB",28,0
"QB","17032","average",3507.11428571429,206.032897280761,23.8714285714286,3.38905802336199,10.1857142857143,2.12322755212324,553.228571428571,38.2317805970249,6.97142857142857,1.05942482148615,2.6,0.3,NA,NA,NA,NA,NA,NA,NA,NA,NA,NA,NA,NA,NA,NA,NA,NA,NA,NA,NA,NA,NA,NA,NA,NA,NA,NA,NA,NA,"Jaxson","Dart","NYG","QB",23,-5
"QB","17032","robust",3569,23.5733400000001,23.825,3.40998,10,1.4826,550.225,21.7942200000001,6.875,0.7413,2.6,0,NA,NA,NA,NA,NA,NA,NA,NA,NA,NA,NA,NA,NA,NA,NA,NA,NA,NA,NA,NA,NA,NA,NA,NA,NA,NA,NA,NA,"Jaxson","Dart","NYG","QB",23,-5
"QB","17032","weighted",3478.77994428969,244.35045262236,24.3370473537604,3.98675025801158,9.89220055710306,2.51273506669958,552.894150417827,44.6400920205092,7.0983286908078,1.24165882903614,2.47883008356546,0.269520990688384,NA,NA,NA,NA,NA,NA,NA,NA,NA,NA,NA,NA,NA,NA,NA,NA,NA,NA,NA,NA,NA,NA,NA,NA,NA,NA,NA,NA,"Jaxson","Dart","NYG","QB",23,-5
"QB","15698","average",4090.85714285714,163.350776522416,28.8,3.35410196624968,14,1.24766448481419,300.285714285714,24.1434206753054,3.72857142857143,0.797316929278619,4.075,0.688900089514679,NA,NA,NA,NA,NA,NA,NA,NA,NA,NA,NA,NA,NA,NA,NA,NA,NA,NA,NA,NA,NA,NA,NA,NA,NA,NA,NA,NA,"Brock","Purdy","SFO","QB",27,-2
"QB","15698","robust",4146,23.7216,28.075,1.92738,14.15,0.444780000000001,295,14.826,3.75,1.18608,4.1875,0.333584999999999,NA,NA,NA,NA,NA,NA,NA,NA,NA,NA,NA,NA,NA,NA,NA,NA,NA,NA,NA,NA,NA,NA,NA,NA,NA,NA,NA,NA,"Brock","Purdy","SFO","QB",27,-2
"QB","15698","weighted",4067.47632311978,192.848114341124,29.3161559888579,3.93353652148539,13.9300835654596,1.47176949979114,298.472144846797,29.7449750714403,3.70055710306407,0.976750092181055,3.98986768802228,0.821832275732693,NA,NA,NA,NA,NA,NA,NA,NA,NA,NA,NA,NA,NA,NA,NA,NA,NA,NA,NA,NA,NA,NA,NA,NA,NA,NA,NA,NA,"Brock","Purdy","SFO","QB",27,-2
"QB","13116","average",3814,174.347354439349,28.98,3.63345565543327,11.08,1.46013697987552,345,53.5163526410386,3.42,0.576194411635517,0.9,0.0707106781186547,NA,NA,NA,NA,NA,NA,NA,NA,NA,NA,NA,NA,NA,NA,NA,NA,NA,NA,NA,NA,NA,NA,NA,NA,NA,NA,NA,NA,"Patrick","Mahomes","KCC","QB",31,3
"QB","13116","robust",3819.5,226.8378,29,4.4478,11,1.4826,329,23.7216,3.5,0,0.9,0,NA,NA,NA,NA,NA,NA,NA,NA,NA,NA,NA,NA,NA,NA,NA,NA,NA,NA,NA,NA,NA,NA,NA,NA,NA,NA,NA,NA,"Patrick","Mahomes","KCC","QB",31,3
"QB","13116","weighted",3813.66155988858,174.374891474912,28.8799442896936,3.6653825570042,11.1348189415042,1.45284466931651,345.743732590529,53.3328315471494,3.41949860724234,0.576304680679112,0.90041782729805,0.0707414110318002,NA,NA,NA,NA,NA,NA,NA,NA,NA,NA,NA,NA,NA,NA,NA,NA,NA,NA,NA,NA,NA,NA,NA,NA,NA,NA,NA,NA,"Patrick","Mahomes","KCC","QB",31,3
"QB","12611","average",4395.4,170.189012571317,33.6,3.20936130717624,9.68,0.460434577328853,79.2,66.4469713380527,0.2,0.447213595499958,3.15,0.601040764008565,NA,NA,NA,NA,NA,NA,NA,NA,NA,NA,NA,NA,NA,NA,NA,NA,NA,NA,NA,NA,NA,NA,NA,NA,NA,NA,NA,NA,"Jared","Goff","DET","QB",32,4
"QB","12611","robust",4410,237.216,34,2.9652,9.7,0,51,2.9652,0,0,3.15,0,NA,NA,NA,NA,NA,NA,NA,NA,NA,NA,NA,NA,NA,NA,NA,NA,NA,NA,NA,NA,NA,NA,NA,NA,NA,NA,NA,NA,"Jared","Goff","DET","QB",32,4
"QB","12611","weighted",4385.45821727019,166.09003448308,33.4220055710306,3.25047980439824,9.7100278551532,0.445362612370569,78.8050139275766,66.2554123496882,0.21866295264624,0.462499522480005,3.15355153203343,0.601301993770302,NA,NA,NA,NA,NA,NA,NA,NA,NA,NA,NA,NA,NA,NA,NA,NA,NA,NA,NA,NA,NA,NA,NA,NA,NA,NA,NA,NA,"Jared","Goff","DET","QB",32,4
"QB","9431","average",4239,114.496724843988,35.14,2.73824761480769,9.04,1.26806939873179,66.2,71.7927572948692,0.2,0.447213595499958,1.8,0.141421356237309,NA,NA,NA,NA,NA,NA,NA,NA,NA,NA,NA,NA,NA,NA,NA,NA,NA,NA,NA,NA,NA,NA,NA,NA,NA,NA,NA,NA,"Matthew","Stafford","LAR","QB",38,11
"QB","9431","robust",4274.5,54.8562,35,2.9652,9,1.4826,38.5,1.4826,0,0,1.8,0,NA,NA,NA,NA,NA,NA,NA,NA,NA,NA,NA,NA,NA,NA,NA,NA,NA,NA,NA,NA,NA,NA,NA,NA,NA,NA,NA,NA,"Matthew","Stafford","LAR","QB",38,11
"QB","9431","weighted",4236.77437325905,113.921390546487,35.1050139275766,2.74236357917202,9.05208913649025,1.27996475564462,65.7061281337047,71.6414655738054,0.21866295264624,0.462499522480005,1.8008356545961,0.1414828220636,NA,NA,NA,NA,NA,NA,NA,NA,NA,NA,NA,NA,NA,NA,NA,NA,NA,NA,NA,NA,NA,NA,NA,NA,NA,NA,NA,NA,"Matthew","Stafford","LAR","QB",38,11
"QB","14779","average",3958.2,209.386484759642,28.52,3.23295530436163,10.48,1.83084679861533,439.8,61.7753996344823,2.26,0.433589667773576,2.35,0.247487373415292,NA,NA,NA,NA,NA,NA,NA,NA,NA,NA,NA,NA,NA,NA,NA,NA,NA,NA,NA,NA,NA,NA,NA,NA,NA,NA,NA,NA,"Justin","Herbert","LAC","QB",28,0
"QB","14779","robust",3920,105.2646,28.5,4.4478,10.7,2.9652,442,81.543,2.15,0,2.35,0,NA,NA,NA,NA,NA,NA,NA,NA,NA,NA,NA,NA,NA,NA,NA,NA,NA,NA,NA,NA,NA,NA,NA,NA,NA,NA,NA,NA,"Justin","Herbert","LAC","QB",28,0
"QB","14779","weighted",3945.73398328691,199.168898332908,28.3554317548747,3.23673925776261,10.5470752089136,1.81282203901282,441.274373259053,60.4382055939913,2.23064066852368,0.412511254305204,2.34853760445682,0.247594938611301,NA,NA,NA,NA,NA,NA,NA,NA,NA,NA,NA,NA,NA,NA,NA,NA,NA,NA,NA,NA,NA,NA,NA,NA,NA,NA,NA,NA,"Justin","Herbert","LAC","QB",28,0
"QB","13590","average",3909.2,143.459750452871,28.52,4.03137693598602,12.12,1.8088670487352,359,30.3726850969749,1.5,0.5,2.95,0.0353553390593274,NA,NA,NA,NA,NA,NA,NA,NA,NA,NA,NA,NA,NA,NA,NA,NA,NA,NA,NA,NA,NA,NA,NA,NA,NA,NA,NA,NA,"Baker","Mayfield","TBB","QB",31,2
"QB","13590","robust",3898,109.7124,28.8,5.9304,12,0.59304,361,45.9606,1.5,0.7413,2.95,0,NA,NA,NA,NA,NA,NA,NA,NA,NA,NA,NA,NA,NA,NA,NA,NA,NA,NA,NA,NA,NA,NA,NA,NA,NA,NA,NA,NA,"Baker","Mayfield","TBB","QB",31,2
"QB","13590","weighted",3899.75766016713,138.802840089205,28.3261838440111,4.0610249523401,12.1841225626741,1.76937678224127,359.137883008357,30.6205949668887,1.47214484679666,0.500128700443355,2.95020891364902,0.0353707055159001,NA,NA,NA,NA,NA,NA,NA,NA,NA,NA,NA,NA,NA,NA,NA,NA,NA,NA,NA,NA,NA,NA,NA,NA,NA,NA,NA,NA,"Baker","Mayfield","TBB","QB",31,2
"QB","15694","average",3451.8,222.33465766722,21.64,7.89607497431477,11.02,3.37668476467674,518.6,218.872794106531,3.64,1.59624559513879,4,1.4142135623731,NA,NA,NA,NA,NA,NA,NA,NA,NA,NA,NA,NA,NA,NA,NA,NA,NA,NA,NA,NA,NA,NA,NA,NA,NA,NA,NA,NA,"Malik","Willis","MIA","QB",27,-2
"QB","15694","robust",3450,167.5338,22,10.3782,10,1.33434,547,163.086,4,1.4826,4,0,NA,NA,NA,NA,NA,NA,NA,NA,NA,NA,NA,NA,NA,NA,NA,NA,NA,NA,NA,NA,NA,NA,NA,NA,NA,NA,NA,NA,"Malik","Willis","MIA","QB",27,-2
"QB","15694","weighted",3453.35097493036,223.324435921932,21.3849582172702,8.02563488686338,11.0643454038997,3.37432658635821,522.119777158774,219.019338723994,3.6008356545961,1.57571936533058,4.008356545961,1.414828220636,NA,NA,NA,NA,NA,NA,NA,NA,NA,NA,NA,NA,NA,NA,NA,NA,NA,NA,NA,NA,NA,NA,NA,NA,NA,NA,NA,NA,"Malik","Willis","MIA","QB",27,-2
"QB","14056","average",3615.4,131.684471370014,26.3,5.65243310442503,13,4,468,51.0832653615644,3.76,0.766811580507232,3.05,0.67175144212722,NA,NA,NA,NA,NA,NA,NA,NA,NA,NA,NA,NA,NA,NA,NA,NA,NA,NA,NA,NA,NA,NA,NA,NA,NA,NA,NA,NA,"Kyler","Murray","MIN","QB",29,1
"QB","14056","robust",3622,164.5686,25.5,1.4826,12,1.4826,482.5,11.8608,3.9,1.18608,3.05,0,NA,NA,NA,NA,NA,NA,NA,NA,NA,NA,NA,NA,NA,NA,NA,NA,NA,NA,NA,NA,NA,NA,NA,NA,NA,NA,NA,NA,"Kyler","Murray","MIN","QB",29,1
"QB","14056","weighted",3617.63370473538,133.789607453826,26.2632311977716,5.65261523424246,13.0543175487465,3.9902362524727,469.065459610028,51.2566431499833,3.77660167130919,0.757479983595699,3.05396935933148,0.672043404802102,NA,NA,NA,NA,NA,NA,NA,NA,NA,NA,NA,NA,NA,NA,NA,NA,NA,NA,NA,NA,NA,NA,NA,NA,NA,NA,NA,NA,"Kyler","Murray","MIN","QB",29,1
"QB","14059","average",3244.6,915.438037225896,21.48,7.51345459825239,9.86,3.35380381060073,205.8,87.961355150998,3.6,1.94935886896179,3.5,0.353553390593274,NA,NA,NA,NA,NA,NA,NA,NA,NA,NA,NA,NA,NA,NA,NA,NA,NA,NA,NA,NA,NA,NA,NA,NA,NA,NA,NA,NA,"Daniel","Jones","IND","QB",29,1
"QB","14059","robust",3528.5,213.4944,21,9.48864,11,1.4826,197.5,139.3644,3.5,2.9652,3.5,0,NA,NA,NA,NA,NA,NA,NA,NA,NA,NA,NA,NA,NA,NA,NA,NA,NA,NA,NA,NA,NA,NA,NA,NA,NA,NA,NA,NA,"Daniel","Jones","IND","QB",29,1
"QB","14059","weighted",3305.36908077994,867.279039093687,21.7782729805014,7.19665806011285,10.074651810585,3.17411534269708,211.795264623955,86.6845971599411,3.70891364902507,1.91913693759962,3.49791086350975,0.353707055159001,NA,NA,NA,NA,NA,NA,NA,NA,NA,NA,NA,NA,NA,NA,NA,NA,NA,NA,NA,NA,NA,NA,NA,NA,NA,NA,NA,NA,"Daniel","Jones","IND","QB",29,1
"QB","13592","average",4031.4,134.899221643418,29.26,4.53740013664213,11.64,1.98695747312317,133.8,25.371243564319,0.6,0.547722557505166,4.4,1.13137084989848,NA,NA,NA,NA,NA,NA,NA,NA,NA,NA,NA,NA,NA,NA,NA,NA,NA,NA,NA,NA,NA,NA,NA,NA,NA,NA,NA,NA,"Sam","Darnold","SEA","QB",29,2
"QB","13592","robust",4059,37.065,29,4.4478,12,1.4826,134.5,26.6868,0.5,0,4.4,0,NA,NA,NA,NA,NA,NA,NA,NA,NA,NA,NA,NA,NA,NA,NA,NA,NA,NA,NA,NA,NA,NA,NA,NA,NA,NA,NA,NA,"Sam","Darnold","SEA","QB",29,2
"QB","13592","weighted",4030.56406685237,134.274059266009,29.1275766016713,4.61486137089311,11.6607242339833,1.98684684861427,134.384401114206,24.6788730552,0.600278551532033,0.548099764273418,4.4066852367688,1.1318625765088,NA,NA,NA,NA,NA,NA,NA,NA,NA,NA,NA,NA,NA,NA,NA,NA,NA,NA,NA,NA,NA,NA,NA,NA,NA,NA,NA,NA,"Sam","Darnold","SEA","QB",29,2
"QB","16582","average",3793.8,189.30319595823,29.3,4.7116875957559,10.66,1.03826778819339,360.2,38.9640860280336,3.72,0.944457516249408,1.25,0.176776695296637,NA,NA,NA,NA,NA,NA,NA,NA,NA,NA,NA,NA,NA,NA,NA,NA,NA,NA,NA,NA,NA,NA,NA,NA,NA,NA,NA,NA,"Bo","Nix","DEN","QB",26,-4
"QB","16582","robust",3800,185.325,28,1.4826,10.65,1.4826,361,7.413,3.8,1.4826,1.25,0,NA,NA,NA,NA,NA,NA,NA,NA,NA,NA,NA,NA,NA,NA,NA,NA,NA,NA,NA,NA,NA,NA,NA,NA,NA,NA,NA,NA,"Bo","Nix","DEN","QB",26,-4
"QB","16582","weighted",3789.25905292479,185.887076309693,29.2005571030641,4.72950069080333,10.6721448467967,1.04746039418102,358.431754874652,37.5833534488942,3.6924791086351,0.913369781802141,1.24895543175487,0.176853527579501,NA,NA,NA,NA,NA,NA,NA,NA,NA,NA,NA,NA,NA,NA,NA,NA,NA,NA,NA,NA,NA,NA,NA,NA,NA,NA,NA,NA,"Bo","Nix","DEN","QB",26,-4
"QB","16150","average",3845.4,82.545744893362,26.32,6.45848279396949,10.84,1.3145341380124,234.4,17.0967833231869,1.38,0.906642156531451,2.85,0.106066017177982,NA,NA,NA,NA,NA,NA,NA,NA,NA,NA,NA,NA,NA,NA,NA,NA,NA,NA,NA,NA,NA,NA,NA,NA,NA,NA,NA,NA,"C.J.","Stroud","HOU","QB",25,-3
"QB","16150","robust",3853.5,69.6822,25,5.9304,11,1.18608,233.5,10.3782,1,0,2.85,0,NA,NA,NA,NA,NA,NA,NA,NA,NA,NA,NA,NA,NA,NA,NA,NA,NA,NA,NA,NA,NA,NA,NA,NA,NA,NA,NA,NA,"C.J.","Stroud","HOU","QB",25,-3
"QB","16150","weighted",3847.80640668524,84.3215131898674,26.1841225626741,6.51398919232589,10.9072423398329,1.2833460346522,234.359331476323,17.2772842553187,1.32284122562674,0.854346990940163,2.85062674094707,0.1061121165477,NA,NA,NA,NA,NA,NA,NA,NA,NA,NA,NA,NA,NA,NA,NA,NA,NA,NA,NA,NA,NA,NA,NA,NA,NA,NA,NA,NA,"C.J.","Stroud","HOU","QB",25,-3
"QB","17039","average",3880.2,104.822230466633,25.06,5.12035155043089,10.68,2.07653557638679,319.4,35.6552941370563,4.14,0.497995983919549,3.5,0.353553390593274,NA,NA,NA,NA,NA,NA,NA,NA,NA,NA,NA,NA,NA,NA,NA,NA,NA,NA,NA,NA,NA,NA,NA,NA,NA,NA,NA,NA,"Tyler","Shough","NOS","QB",27,-5
"QB","17039","robust",3884,99.3342,24,2.9652,10.5,1.4826,315,29.652,4,0,3.5,0,NA,NA,NA,NA,NA,NA,NA,NA,NA,NA,NA,NA,NA,NA,NA,NA,NA,NA,NA,NA,NA,NA,NA,NA,NA,NA,NA,NA,"Tyler","Shough","NOS","QB",27,-5
"QB","17039","weighted",3882.97771587744,104.64018054537,24.8866295264624,5.16945363237778,10.7100278551532,2.07893496399501,319.899721448468,36.4996404622519,4.11197771587744,0.470178184763692,3.50208913649025,0.353707055159001,NA,NA,NA,NA,NA,NA,NA,NA,NA,NA,NA,NA,NA,NA,NA,NA,NA,NA,NA,NA,NA,NA,NA,NA,NA,NA,NA,NA,"Tyler","Shough","NOS","QB",27,-5
"QB","14782","average",3926.4,147.649246527031,28.32,3.19562200518146,9.64,1.07144761887831,213.8,5.71839138219832,1.2,0.447213595499958,1.6,0.282842712474619,NA,NA,NA,NA,NA,NA,NA,NA,NA,NA,NA,NA,NA,NA,NA,NA,NA,NA,NA,NA,NA,NA,NA,NA,NA,NA,NA,NA,"Jordan","Love","GBP","QB",28,0
"QB","14782","robust",3968.5,90.4386,27.5,1.4826,9.6,1.4826,214.5,4.4478,1,0,1.6,0,NA,NA,NA,NA,NA,NA,NA,NA,NA,NA,NA,NA,NA,NA,NA,NA,NA,NA,NA,NA,NA,NA,NA,NA,NA,NA,NA,NA,"Jordan","Love","GBP","QB",28,0
"QB","14782","weighted",3929.3704735376,149.610534324565,28.2802228412256,3.20662528529308,9.69136490250697,1.08224490927743,213.796657381616,5.72595434852659,1.17130919220056,0.421590746939692,1.6016713091922,0.282965644127201,NA,NA,NA,NA,NA,NA,NA,NA,NA,NA,NA,NA,NA,NA,NA,NA,NA,NA,NA,NA,NA,NA,NA,NA,NA,NA,NA,NA,"Jordan","Love","GBP","QB",28,0
"QB","16148","average",3339.2,358.393219801938,24.5,3.3166247903554,11.04,1.95140974682407,258,23.9582971014219,2.92,0.91214034007931,2.35,0.247487373415292,NA,NA,NA,NA,NA,NA,NA,NA,NA,NA,NA,NA,NA,NA,NA,NA,NA,NA,NA,NA,NA,NA,NA,NA,NA,NA,NA,NA,"Bryce","Young","CAR","QB",25,-3
"QB","16148","robust",3378,311.346,24.5,2.2239,11,1.18608,256,20.7564,3,1.4826,2.35,0,NA,NA,NA,NA,NA,NA,NA,NA,NA,NA,NA,NA,NA,NA,NA,NA,NA,NA,NA,NA,NA,NA,NA,NA,NA,NA,NA,NA,"Bryce","Young","CAR","QB",25,-3
"QB","16148","weighted",3339.19777158774,357.071017852861,24.3147632311978,3.35923318414534,11.0869080779944,1.9544719387001,257.763231197772,24.2238054617093,2.93064066852368,0.907861067355117,2.34853760445682,0.247594938611301,NA,NA,NA,NA,NA,NA,NA,NA,NA,NA,NA,NA,NA,NA,NA,NA,NA,NA,NA,NA,NA,NA,NA,NA,NA,NA,NA,NA,"Bryce","Young","CAR","QB",25,-3
"QB","12616","average",3593.6,166.55119333106,23.9,8.4882271411644,10.2,1.09544511501033,191,53.851648071345,1.22,0.438178046004133,4.95,0.742462120245875,NA,NA,NA,NA,NA,NA,NA,NA,NA,NA,NA,NA,NA,NA,NA,NA,NA,NA,NA,NA,NA,NA,NA,NA,NA,NA,NA,NA,"Jacoby","Brissett","ARI","QB",34,4
"QB","12616","robust",3601.5,182.3598,24,7.413,10,0,199.5,47.4432,1.05,0,4.95,0,NA,NA,NA,NA,NA,NA,NA,NA,NA,NA,NA,NA,NA,NA,NA,NA,NA,NA,NA,NA,NA,NA,NA,NA,NA,NA,NA,NA,"Jacoby","Brissett","ARI","QB",34,4
"QB","12616","weighted",3587.11002785515,169.628783811591,23.650417827298,8.58675412138003,10.1852367688022,1.114533396496,193.74930362117,51.3592629933442,1.22172701949861,0.440190270156983,4.95438718662953,0.742784815833902,NA,NA,NA,NA,NA,NA,NA,NA,NA,NA,NA,NA,NA,NA,NA,NA,NA,NA,NA,NA,NA,NA,NA,NA,NA,NA,NA,NA,"Jacoby","Brissett","ARI","QB",34,4
"QB","17030","average",3450.6,423.75617989594,22.6,4.72228758124704,9.7,0.974679434480896,186,46.3950428386482,1.94,0.719722168617863,5.1,0.636396103067893,NA,NA,NA,NA,NA,NA,NA,NA,NA,NA,NA,NA,NA,NA,NA,NA,NA,NA,NA,NA,NA,NA,NA,NA,NA,NA,NA,NA,"Cam","Ward","TEN","QB",24,-5
"QB","17030","robust",3539,140.847,23,7.413,9.75,1.4826,187,63.7518,2,0.44478,5.1,0,NA,NA,NA,NA,NA,NA,NA,NA,NA,NA,NA,NA,NA,NA,NA,NA,NA,NA,NA,NA,NA,NA,NA,NA,NA,NA,NA,NA,"Cam","Ward","TEN","QB",24,-5
"QB","17030","weighted",3451.49164345404,422.236831483469,22.4066852367688,4.79679359223962,9.74233983286908,0.975600684260792,184.883008356546,45.1584917292537,1.93231197771588,0.729862433170737,5.10376044568245,0.636672699286202,NA,NA,NA,NA,NA,NA,NA,NA,NA,NA,NA,NA,NA,NA,NA,NA,NA,NA,NA,NA,NA,NA,NA,NA,NA,NA,NA,NA,"Cam","Ward","TEN","QB",24,-5
"QB","11150","average",3279.4,447.004809817523,23.96,4.55060435546752,13.88,1.6346253393362,203.6,45.6869784511955,0.86,0.497995983919549,1.3,0.212132034355964,NA,NA,NA,NA,NA,NA,NA,NA,NA,NA,NA,NA,NA,NA,NA,NA,NA,NA,NA,NA,NA,NA,NA,NA,NA,NA,NA,NA,"Geno","Smith","NYJ","QB",36,7
"QB","11150","robust",3280.5,539.6664,22.5,1.4826,14,0,204.5,51.891,1,0,1.3,0,NA,NA,NA,NA,NA,NA,NA,NA,NA,NA,NA,NA,NA,NA,NA,NA,NA,NA,NA,NA,NA,NA,NA,NA,NA,NA,NA,NA,"Geno","Smith","NYJ","QB",36,7
"QB","11150","weighted",3294.27019498607,455.819874045521,23.9130919220056,4.55487670056517,13.8896935933148,1.63401450424159,204.885793871866,45.1522447525045,0.888022284122563,0.470178184763692,1.29874651810585,0.212224233095401,NA,NA,NA,NA,NA,NA,NA,NA,NA,NA,NA,NA,NA,NA,NA,NA,NA,NA,NA,NA,NA,NA,NA,NA,NA,NA,NA,NA,"Geno","Smith","NYJ","QB",36,7
"QB","7836","average",3384,370.656174911467,24.12,3.54570162309239,8.94,1.23207142650092,94.8,24.6312809248727,0.78,0.438178046004133,2.1,0.0707106781186548,NA,NA,NA,NA,NA,NA,NA,NA,NA,NA,NA,NA,NA,NA,NA,NA,NA,NA,NA,NA,NA,NA,NA,NA,NA,NA,NA,NA,"Aaron","Rodgers","PIT","QB",43,15
"QB","7836","robust",3360.5,372.1326,24,2.9652,8.7,1.03782,93,19.2738,0.95,0,2.1,0,NA,NA,NA,NA,NA,NA,NA,NA,NA,NA,NA,NA,NA,NA,NA,NA,NA,NA,NA,NA,NA,NA,NA,NA,NA,NA,NA,NA,"Aaron","Rodgers","PIT","QB",43,15
"QB","7836","weighted",3390.33844011142,375.594289643839,23.991922005571,3.58831242639486,8.99637883008356,1.26298545628856,94.6587743732591,24.6713643408719,0.76991643454039,0.446657485653254,2.09958217270195,0.0707414110318003,NA,NA,NA,NA,NA,NA,NA,NA,NA,NA,NA,NA,NA,NA,NA,NA,NA,NA,NA,NA,NA,NA,NA,NA,NA,NA,NA,NA,"Aaron","Rodgers","PIT","QB",43,15
"QB","13113","average",1916.8,720.207400683997,12.98,9.68256164452362,7.5,4.18330013267038,185.8,66.0583075774728,1.2,0.447213595499958,4.6,0.282842712474619,NA,NA,NA,NA,NA,NA,NA,NA,NA,NA,NA,NA,NA,NA,NA,NA,NA,NA,NA,NA,NA,NA,NA,NA,NA,NA,NA,NA,"Deshaun","Watson","CLE","QB",31,3
"QB","13113","robust",1909,905.8686,11,7.413,7.5,5.9304,187.5,87.4734,1,0,4.6,0,NA,NA,NA,NA,NA,NA,NA,NA,NA,NA,NA,NA,NA,NA,NA,NA,NA,NA,NA,NA,NA,NA,NA,NA,NA,NA,NA,NA,"Deshaun","Watson","CLE","QB",31,3
"QB","13113","weighted",1930.77437325905,709.308628265184,13.0038997214485,9.62474673010704,7.55431754874652,4.12876553519532,187,65.0553008013073,1.20194986072423,0.449201651147306,4.6016713091922,0.282965644127201,NA,NA,NA,NA,NA,NA,NA,NA,NA,NA,NA,NA,NA,NA,NA,NA,NA,NA,NA,NA,NA,NA,NA,NA,NA,NA,NA,NA,"Deshaun","Watson","CLE","QB",31,3
"QB","17462","average",2825.8,519.895854955586,17.14,3.1221787264665,10.42,3.87711232749323,185,68.9129886160802,1,0.707106781186548,1.75,0.176776695296637,NA,NA,NA,NA,NA,NA,NA,NA,NA,NA,NA,NA,NA,NA,NA,NA,NA,NA,NA,NA,NA,NA,NA,NA,NA,NA,NA,NA,"Fernando","Mendoza","LVR","QB",23,-6
"QB","17462","robust",2833.5,548.562,16.7,2.52042,10.5,1.4826,180,57.8214,1,0,1.75,0,NA,NA,NA,NA,NA,NA,NA,NA,NA,NA,NA,NA,NA,NA,NA,NA,NA,NA,NA,NA,NA,NA,NA,NA,NA,NA,NA,NA,"Fernando","Mendoza","LVR","QB",23,-6
"QB","17462","weighted",2815.72980501393,507.536423911877,16.9225626740947,3.02436806354941,10.4612813370474,3.88006778602516,187.903899721448,68.5078666906365,1.02089136490251,0.721689098435341,1.75104456824513,0.176853527579501,NA,NA,NA,NA,NA,NA,NA,NA,NA,NA,NA,NA,NA,NA,NA,NA,NA,NA,NA,NA,NA,NA,NA,NA,NA,NA,NA,NA,"Fernando","Mendoza","LVR","QB",23,-6
"QB","14778","average",2305,390.82348957042,15.12,6.88273201570423,6.84,2.32980685894775,60,36.0485783353519,0.14,0.313049516849971,1.05,0.0353553390593274,NA,NA,NA,NA,NA,NA,NA,NA,NA,NA,NA,NA,NA,NA,NA,NA,NA,NA,NA,NA,NA,NA,NA,NA,NA,NA,NA,NA,"Tua","Tagovailoa","ATL","QB",28,0
"QB","14778","robust",2334,311.346,13,4.4478,7,1.4826,46.5,7.413,0,0,1.05,0,NA,NA,NA,NA,NA,NA,NA,NA,NA,NA,NA,NA,NA,NA,NA,NA,NA,NA,NA,NA,NA,NA,NA,NA,NA,NA,NA,NA,"Tua","Tagovailoa","ATL","QB",28,0
"QB","14778","weighted",2320.73398328691,375.695651455486,15.1256267409471,6.841880469543,6.96852367688022,2.21419873788806,59.5905292479109,36.0317198950276,0.138440111420613,0.31198483605815,1.04979108635097,0.0353707055159001,NA,NA,NA,NA,NA,NA,NA,NA,NA,NA,NA,NA,NA,NA,NA,NA,NA,NA,NA,NA,NA,NA,NA,NA,NA,NA,NA,NA,"Tua","Tagovailoa","ATL","QB",28,0
"QB","16583","average",1602,652.126521466502,9.3,2.68328157299975,4.06,1.48929513529052,62.4,37.2867268609086,0.68,0.460434577328854,0.85,0.106066017177982,NA,NA,NA,NA,NA,NA,NA,NA,NA,NA,NA,NA,NA,NA,NA,NA,NA,NA,NA,NA,NA,NA,NA,NA,NA,NA,NA,NA,"Michael","Penix Jr.","ATL","QB",26,-4
"QB","16583","robust",1570,486.2928,8.5,0.7413,4,1.4826,57.5,23.7216,0.7,0,0.85,0,NA,NA,NA,NA,NA,NA,NA,NA,NA,NA,NA,NA,NA,NA,NA,NA,NA,NA,NA,NA,NA,NA,NA,NA,NA,NA,NA,NA,"Michael","Penix Jr.","ATL","QB",26,-4
"QB","16583","weighted",1581.49442896936,628.778060224598,9.14763231197772,2.5314078349463,4.02311977715877,1.44895472085066,60.8467966573816,35.6811241196789,0.671030640668524,0.465782191441969,0.850626740947075,0.1061121165477,NA,NA,NA,NA,NA,NA,NA,NA,NA,NA,NA,NA,NA,NA,NA,NA,NA,NA,NA,NA,NA,NA,NA,NA,NA,NA,NA,NA,"Michael","Penix Jr.","ATL","QB",26,-4
"QB","10700","average",932.8,325.563665048789,6.88,4.83445963888416,4.38,1.6346253393362,20,26.9258240356725,0.14,0.313049516849971,0.9,0.0707106781186547,NA,NA,NA,NA,NA,NA,NA,NA,NA,NA,NA,NA,NA,NA,NA,NA,NA,NA,NA,NA,NA,NA,NA,NA,NA,NA,NA,NA,"Kirk","Cousins","LVR","QB",38,8
"QB","10700","robust",832,19.2738,5,1.4826,4,1.4826,9,2.9652,0,0,0.9,0,NA,NA,NA,NA,NA,NA,NA,NA,NA,NA,NA,NA,NA,NA,NA,NA,NA,NA,NA,NA,NA,NA,NA,NA,NA,NA,NA,NA,"Kirk","Cousins","LVR","QB",38,8
"QB","10700","weighted",931.486072423398,324.506779244433,6.87715877437326,4.80849162621375,4.39387186629526,1.62473016321037,20,26.7586635259336,0.138440111420613,0.31198483605815,0.90041782729805,0.0707414110318002,NA,NA,NA,NA,NA,NA,NA,NA,NA,NA,NA,NA,NA,NA,NA,NA,NA,NA,NA,NA,NA,NA,NA,NA,NA,NA,NA,NA,"Kirk","Cousins","LVR","QB",38,8
"QB","17031","average",1578.4,770.41956101854,9.44,3.34185577187287,6.3,2.1095023109729,151.6,58.0198241982859,0.62,0.521536192416212,0.7,0.212132034355964,NA,NA,NA,NA,NA,NA,NA,NA,NA,NA,NA,NA,NA,NA,NA,NA,NA,NA,NA,NA,NA,NA,NA,NA,NA,NA,NA,NA,"Shedeur","Sanders","CLE","QB",24,-5
"QB","17031","robust",1549.5,944.4162,10,0,6.75,1.4826,151.5,38.5476,0.55,0,0.7,0,NA,NA,NA,NA,NA,NA,NA,NA,NA,NA,NA,NA,NA,NA,NA,NA,NA,NA,NA,NA,NA,NA,NA,NA,NA,NA,NA,NA,"Shedeur","Sanders","CLE","QB",24,-5
"QB","17031","weighted",1581.23955431755,776.488301676964,9.42116991643454,3.34939618633637,6.32451253481894,2.13738946675586,150.761838440111,57.4960298883211,0.620055710306407,0.522180482690962,0.70125348189415,0.212224233095401,NA,NA,NA,NA,NA,NA,NA,NA,NA,NA,NA,NA,NA,NA,NA,NA,NA,NA,NA,NA,NA,NA,NA,NA,NA,NA,NA,NA,"Shedeur","Sanders","CLE","QB",24,-5
"QB","17463","average",242.333333333333,179.115419027323,2,1.73205080756888,0.666666666666667,0.577350269189626,14,15.5884572681199,0,0,0,0,NA,NA,NA,NA,NA,NA,NA,NA,NA,NA,NA,NA,NA,NA,NA,NA,NA,NA,NA,NA,NA,NA,NA,NA,NA,NA,NA,NA,"Ty","Simpson","LAR","QB",24,-6
"QB","17463","robust",218.25,20.7564,1.75,0,0.75,0,11.75,0,0,0,0,0,NA,NA,NA,NA,NA,NA,NA,NA,NA,NA,NA,NA,NA,NA,NA,NA,NA,NA,NA,NA,NA,NA,NA,NA,NA,NA,NA,NA,"Ty","Simpson","LAR","QB",24,-6
"QB","17463","weighted",238.320088300221,177.230113696328,1.96026490066225,1.71451920703204,0.666666666666667,0.57750225680261,13.6423841059603,15.4306728632883,0,0,0,0,NA,NA,NA,NA,NA,NA,NA,NA,NA,NA,NA,NA,NA,NA,NA,NA,NA,NA,NA,NA,NA,NA,NA,NA,NA,NA,NA,NA,"Ty","Simpson","LAR","QB",24,-6
"QB","12141","average",559.666666666667,209.103642563522,4.1,1.15325625946708,1.86666666666667,0.808290376865476,64.6666666666667,65.2865478742239,0.6,0.529150262212918,0.45,0.45,NA,NA,NA,NA,NA,NA,NA,NA,NA,NA,NA,NA,NA,NA,NA,NA,NA,NA,NA,NA,NA,NA,NA,NA,NA,NA,NA,NA,"Marcus","Mariota","WAS","QB",33,5
"QB","12141","robust",564.25,268.3506,4.075,1.4826,1.9,0.88956,61.75,69.6822,0.65,0.29652,0.45,0.66717,NA,NA,NA,NA,NA,NA,NA,NA,NA,NA,NA,NA,NA,NA,NA,NA,NA,NA,NA,NA,NA,NA,NA,NA,NA,NA,NA,NA,"Marcus","Mariota","WAS","QB",33,5
"QB","12141","weighted",548.836585365854,207.659044852248,4.09658536585366,1.18237959477737,1.85414634146341,0.829064672615432,64.7780487804878,66.8454495111027,0.577073170731707,0.53262392956421,0.446707317073171,0.461681894558251,NA,NA,NA,NA,NA,NA,NA,NA,NA,NA,NA,NA,NA,NA,NA,NA,NA,NA,NA,NA,NA,NA,NA,NA,NA,NA,NA,NA,"Marcus","Mariota","WAS","QB",33,5
"QB","16152","average",189,138.144851514633,1.23333333333333,0.680685928555405,0.766666666666667,1.0785793124909,31.3333333333333,23.1804515342849,0.433333333333333,0.513160143944688,0.05,0.05,NA,NA,NA,NA,NA,NA,NA,NA,NA,NA,NA,NA,NA,NA,NA,NA,NA,NA,NA,NA,NA,NA,NA,NA,NA,NA,NA,NA,"Anthony","Richardson","IND","QB",24,-3
"QB","16152","robust",182,139.3644,1.175,0.44478,0.65,0.44478,28.5,5.9304,0.4,0.44478,0.05,0.07413,NA,NA,NA,NA,NA,NA,NA,NA,NA,NA,NA,NA,NA,NA,NA,NA,NA,NA,NA,NA,NA,NA,NA,NA,NA,NA,NA,NA,"Anthony","Richardson","IND","QB",24,-3
"QB","16152","weighted",181.843902439024,135.066083847053,1.19609756097561,0.663470327458753,0.70390243902439,1.05183098841524,30.0146341463415,22.5602681964727,0.40390243902439,0.502684995269815,0.0496341463414634,0.0512979882842501,NA,NA,NA,NA,NA,NA,NA,NA,NA,NA,NA,NA,NA,NA,NA,NA,NA,NA,NA,NA,NA,NA,NA,NA,NA,NA,NA,NA,"Anthony","Richardson","IND","QB",24,-3
"QB","15252","average",292.25,178.058744987902,2.575,3.15,1.05,0.9,23.5,21.9772609758359,0,0,0,0,NA,NA,NA,NA,NA,NA,NA,NA,NA,NA,NA,NA,NA,NA,NA,NA,NA,NA,NA,NA,NA,NA,NA,NA,NA,NA,NA,NA,"Davis","Mills","HOU","QB",28,-1
"QB","15252","robust",230,54.1149,1,0,1,0.7413,18.25,11.1195,0,0,0,0,NA,NA,NA,NA,NA,NA,NA,NA,NA,NA,NA,NA,NA,NA,NA,NA,NA,NA,NA,NA,NA,NA,NA,NA,NA,NA,NA,NA,"Davis","Mills","HOU","QB",28,-1
"QB","15252","weighted",292.406417112299,179.541569802474,2.59465240641711,3.16593684164142,1.04527629233512,0.910725240302332,23.4171122994652,22.263802556409,0,0,0,0,NA,NA,NA,NA,NA,NA,NA,NA,NA,NA,NA,NA,NA,NA,NA,NA,NA,NA,NA,NA,NA,NA,NA,NA,NA,NA,NA,NA,"Davis","Mills","HOU","QB",28,-1
"QB","16441","average",99,83.4386001800126,0.8,0.282842712474619,0.1,0.14142135623731,11.5,13.4350288425444,0,0,0,0,NA,NA,NA,NA,NA,NA,NA,NA,NA,NA,NA,NA,NA,NA,NA,NA,NA,NA,NA,NA,NA,NA,NA,NA,NA,NA,NA,NA,"Tommy","DeVito","NEP","QB",28,-3
"QB","16441","robust",99,87.4734,0.8,0.29652,0.1,0.14826,11.5,14.0847,0,0,0,0,NA,NA,NA,NA,NA,NA,NA,NA,NA,NA,NA,NA,NA,NA,NA,NA,NA,NA,NA,NA,NA,NA,NA,NA,NA,NA,NA,NA,"Tommy","DeVito","NEP","QB",28,-3
"QB","16441","weighted",99.616724738676,83.4386001800126,0.802090592334495,0.282842712474619,0.0989547038327526,0.14142135623731,11.5993031358885,13.4350288425444,0,0,0,0,NA,NA,NA,NA,NA,NA,NA,NA,NA,NA,NA,NA,NA,NA,NA,NA,NA,NA,NA,NA,NA,NA,NA,NA,NA,NA,NA,NA,"Tommy","DeVito","NEP","QB",28,-3
"QB","13595","average",369,295.452195794853,3.5,3.5,0.8,0.721110255092798,26,16.4620776331543,0,0,0,0,NA,NA,NA,NA,NA,NA,NA,NA,NA,NA,NA,NA,NA,NA,NA,NA,NA,NA,NA,NA,NA,NA,NA,NA,NA,NA,NA,NA,"Mason","Rudolph","PIT","QB",31,2
"QB","13595","robust",344.5,201.6336,3.125,1.4826,0.85,0.59304,23.75,1.4826,0,0,0,0,NA,NA,NA,NA,NA,NA,NA,NA,NA,NA,NA,NA,NA,NA,NA,NA,NA,NA,NA,NA,NA,NA,NA,NA,NA,NA,NA,NA,"Mason","Rudolph","PIT","QB",31,2
"QB","13595","weighted",371.829268292683,301.41444898049,3.55121951219512,3.55928204353604,0.784878048780488,0.738633489217249,26.3975609756098,16.6125662591341,0,0,0,0,NA,NA,NA,NA,NA,NA,NA,NA,NA,NA,NA,NA,NA,NA,NA,NA,NA,NA,NA,NA,NA,NA,NA,NA,NA,NA,NA,NA,"Mason","Rudolph","PIT","QB",31,2
"QB","10413","average",277.333333333333,148.863472125748,2.76666666666667,2.25018517756502,1.66666666666667,1.52752523165195,38.3333333333333,30.8922859842604,0.133333333333333,0.23094010767585,0,0,NA,NA,NA,NA,NA,NA,NA,NA,NA,NA,NA,NA,NA,NA,NA,NA,NA,NA,NA,NA,NA,NA,NA,NA,NA,NA,NA,NA,"Tyrod","Taylor","GBP","QB",37,9
"QB","10413","robust",268.25,134.9166,2.575,1.4826,1.75,1.4826,34,1.4826,0.1,0,0,0,NA,NA,NA,NA,NA,NA,NA,NA,NA,NA,NA,NA,NA,NA,NA,NA,NA,NA,NA,NA,NA,NA,NA,NA,NA,NA,NA,NA,"Tyrod","Taylor","GBP","QB",37,9
"QB","10413","weighted",278.085365853659,152.214731363318,2.78926829268293,2.29498099983992,1.6390243902439,1.56596212937457,39.0560975609756,31.1961189964301,0.138536585365854,0.233391815700717,0,0,NA,NA,NA,NA,NA,NA,NA,NA,NA,NA,NA,NA,NA,NA,NA,NA,NA,NA,NA,NA,NA,NA,NA,NA,NA,NA,NA,NA,"Tyrod","Taylor","GBP","QB",37,9
"QB","14789","average",216.666666666667,94.3945619902616,1.76666666666667,0.680685928555405,0.566666666666667,0.513160143944688,30,22.0680764907139,0,0,0.15,0.15,NA,NA,NA,NA,NA,NA,NA,NA,NA,NA,NA,NA,NA,NA,NA,NA,NA,NA,NA,NA,NA,NA,NA,NA,NA,NA,NA,NA,"Tyler","Huntley","BAL","QB",28,0
"QB","14789","robust",212,96.369,1.825,0.44478,0.6,0.44478,29.5,28.1694,0,0,0.15,0.22239,NA,NA,NA,NA,NA,NA,NA,NA,NA,NA,NA,NA,NA,NA,NA,NA,NA,NA,NA,NA,NA,NA,NA,NA,NA,NA,NA,NA,"Tyler","Huntley","BAL","QB",28,0
"QB","14789","weighted",211.312195121951,92.659313054814,1.75024390243902,0.696353705082531,0.542439024390244,0.513683858282893,28.9195121951219,21.6498558937649,0,0,0.14890243902439,0.15389396485275,NA,NA,NA,NA,NA,NA,NA,NA,NA,NA,NA,NA,NA,NA,NA,NA,NA,NA,NA,NA,NA,NA,NA,NA,NA,NA,NA,NA,"Tyler","Huntley","BAL","QB",28,0
"QB","15702","average",156.666666666667,146.472978167761,1.1,0.854400374531753,0.0333333333333333,0.0577350269189626,7.66666666666667,7.63762615825973,0,0,0,0,NA,NA,NA,NA,NA,NA,NA,NA,NA,NA,NA,NA,NA,NA,NA,NA,NA,NA,NA,NA,NA,NA,NA,NA,NA,NA,NA,NA,"Tanner","McKee","PHI","QB",26,-3
"QB","15702","robust",149.75,152.7078,1.075,1.03782,0.025,0,7.25,7.413,0,0,0,0,NA,NA,NA,NA,NA,NA,NA,NA,NA,NA,NA,NA,NA,NA,NA,NA,NA,NA,NA,NA,NA,NA,NA,NA,NA,NA,NA,NA,"Tanner","McKee","PHI","QB",26,-3
"QB","15702","weighted",149.126829268293,143.262715492495,1.05756097560976,0.837479953078058,0.0346341463414634,0.0583479539251792,7.80487804878049,7.82981064687286,0,0,0,0,NA,NA,NA,NA,NA,NA,NA,NA,NA,NA,NA,NA,NA,NA,NA,NA,NA,NA,NA,NA,NA,NA,NA,NA,NA,NA,NA,NA,"Tanner","McKee","PHI","QB",26,-3
"QB","13119","average",107,88.8988188897918,0.733333333333333,0.461880215351701,0.0333333333333333,0.0577350269189626,8,7.54983443527075,0,0,0,0,NA,NA,NA,NA,NA,NA,NA,NA,NA,NA,NA,NA,NA,NA,NA,NA,NA,NA,NA,NA,NA,NA,NA,NA,NA,NA,NA,NA,"Joshua","Dobbs","DET","QB",31,3
"QB","13119","robust",113.5,69.6822,0.8,0,0.025,0,8.25,8.8956,0,0,0,0,NA,NA,NA,NA,NA,NA,NA,NA,NA,NA,NA,NA,NA,NA,NA,NA,NA,NA,NA,NA,NA,NA,NA,NA,NA,NA,NA,NA,"Joshua","Dobbs","DET","QB",31,3
"QB","13119","weighted",106.329268292683,90.7919195113093,0.722926829268293,0.466783631401434,0.0346341463414634,0.0583479539251792,7.68292682926829,7.47129555609361,0,0,0,0,NA,NA,NA,NA,NA,NA,NA,NA,NA,NA,NA,NA,NA,NA,NA,NA,NA,NA,NA,NA,NA,NA,NA,NA,NA,NA,NA,NA,"Joshua","Dobbs","DET","QB",31,3
"QB","13115","average",109.25,67.6036241632059,0.8,0.4,0.275,0.485626742811116,9.75,9.35859676091097,0,0,0,0,NA,NA,NA,NA,NA,NA,NA,NA,NA,NA,NA,NA,NA,NA,NA,NA,NA,NA,NA,NA,NA,NA,NA,NA,NA,NA,NA,NA,"Mitchell","Trubisky","TEN","QB",32,3
"QB","13115","robust",125.75,33.3585,1,0,0.075,0.07413,7.75,5.1891,0,0,0,0,NA,NA,NA,NA,NA,NA,NA,NA,NA,NA,NA,NA,NA,NA,NA,NA,NA,NA,NA,NA,NA,NA,NA,NA,NA,NA,NA,NA,"Mitchell","Trubisky","TEN","QB",32,3
"QB","13115","weighted",107.730837789661,67.0159266265067,0.797504456327986,0.40202372592272,0.294474153297683,0.497088662508421,9.25846702317291,8.98306759596948,0,0,0,0,NA,NA,NA,NA,NA,NA,NA,NA,NA,NA,NA,NA,NA,NA,NA,NA,NA,NA,NA,NA,NA,NA,NA,NA,NA,NA,NA,NA,"Mitchell","Trubisky","TEN","QB",32,3
"QB","17469","average",63,80.6101730552664,0.55,0.636396103067893,0,0,5,7.07106781186548,0,0,0,0,NA,NA,NA,NA,NA,NA,NA,NA,NA,NA,NA,NA,NA,NA,NA,NA,NA,NA,NA,NA,NA,NA,NA,NA,NA,NA,NA,NA,"Jalon","Daniels","TBB","QB",24,-6
"QB","17469","robust",63,84.5082,0.55,0.66717,0,0,5,7.413,0,0,0,0,NA,NA,NA,NA,NA,NA,NA,NA,NA,NA,NA,NA,NA,NA,NA,NA,NA,NA,NA,NA,NA,NA,NA,NA,NA,NA,NA,NA,"Jalon","Daniels","TBB","QB",24,-6
"QB","17469","weighted",63.595818815331,80.6101730552664,0.554703832752613,0.636396103067893,0,0,5.05226480836237,7.07106781186548,0,0,0,0,NA,NA,NA,NA,NA,NA,NA,NA,NA,NA,NA,NA,NA,NA,NA,NA,NA,NA,NA,NA,NA,NA,NA,NA,NA,NA,NA,NA,"Jalon","Daniels","TBB","QB",24,-6
"QB","14067","average",309.666666666667,139.929744276667,2.26666666666667,1.10151410945722,0.966666666666667,0.950438495292217,16,1,0,0,0,0,NA,NA,NA,NA,NA,NA,NA,NA,NA,NA,NA,NA,NA,NA,NA,NA,NA,NA,NA,NA,NA,NA,NA,NA,NA,NA,NA,NA,"Gardner","Minshew","ARI","QB",30,1
"QB","14067","robust",319.75,111.195,2.4,0.29652,0.975,1.33434,16,1.4826,0,0,0,0,NA,NA,NA,NA,NA,NA,NA,NA,NA,NA,NA,NA,NA,NA,NA,NA,NA,NA,NA,NA,NA,NA,NA,NA,NA,NA,NA,NA,"Gardner","Minshew","ARI","QB",30,1
"QB","14067","weighted",303.182926829268,140.259344291404,2.22341463414634,1.11411734010911,0.958048780487805,0.975227505388505,15.9463414634146,0.989269873100131,0,0,0,0,NA,NA,NA,NA,NA,NA,NA,NA,NA,NA,NA,NA,NA,NA,NA,NA,NA,NA,NA,NA,NA,NA,NA,NA,NA,NA,NA,NA,"Gardner","Minshew","ARI","QB",30,1
"QB","16384","average",143,60.9015599143405,0.866666666666667,0.23094010767585,0.0666666666666667,0.115470053837925,7.66666666666667,5.68624070307733,0,0,0,0,NA,NA,NA,NA,NA,NA,NA,NA,NA,NA,NA,NA,NA,NA,NA,NA,NA,NA,NA,NA,NA,NA,NA,NA,NA,NA,NA,NA,"Tyson","Bagent","CHI","QB",26,-3
"QB","16384","robust",146.75,54.8562,0.9,0,0.05,0,7.25,4.4478,0,0,0,0,NA,NA,NA,NA,NA,NA,NA,NA,NA,NA,NA,NA,NA,NA,NA,NA,NA,NA,NA,NA,NA,NA,NA,NA,NA,NA,NA,NA,"Tyson","Bagent","CHI","QB",26,-3
"QB","16384","weighted",144.171232876712,60.7634139705546,0.870319634703196,0.229346892002991,0.0648401826484018,0.114673446001495,7.67579908675799,5.6529261738472,0,0,0,0,NA,NA,NA,NA,NA,NA,NA,NA,NA,NA,NA,NA,NA,NA,NA,NA,NA,NA,NA,NA,NA,NA,NA,NA,NA,NA,NA,NA,"Tyson","Bagent","CHI","QB",26,-3
"QB","14057","average",114,63.6396103067893,1.15,0.212132034355964,0.75,0.353553390593274,12,12.7279220613579,0,0,0.1,0.14142135623731,NA,NA,NA,NA,NA,NA,NA,NA,NA,NA,NA,NA,NA,NA,NA,NA,NA,NA,NA,NA,NA,NA,NA,NA,NA,NA,NA,NA,"Drew","Lock","SEA","QB",30,1
"QB","14057","robust",114,66.717,1.15,0.22239,0.75,0.37065,12,13.3434,0,0,0.1,0.14826,NA,NA,NA,NA,NA,NA,NA,NA,NA,NA,NA,NA,NA,NA,NA,NA,NA,NA,NA,NA,NA,NA,NA,NA,NA,NA,NA,NA,"Drew","Lock","SEA","QB",30,1
"QB","14057","weighted",114.470383275261,63.6396103067893,1.14843205574913,0.212132034355964,0.752613240418118,0.353553390593274,12.0940766550523,12.7279220613579,0,0,0.0989547038327526,0.14142135623731,NA,NA,NA,NA,NA,NA,NA,NA,NA,NA,NA,NA,NA,NA,NA,NA,NA,NA,NA,NA,NA,NA,NA,NA,NA,NA,NA,NA,"Drew","Lock","SEA","QB",30,1
"QB","15241","average",345.2,253.932471338346,2.76,2.4265201420965,1.1,0.741619848709566,19.4,16.6823259769134,0.2,0.447213595499958,0.55,0.388908729652601,NA,NA,NA,NA,NA,NA,NA,NA,NA,NA,NA,NA,NA,NA,NA,NA,NA,NA,NA,NA,NA,NA,NA,NA,NA,NA,NA,NA,"Mac","Jones","SFO","QB",28,-1
"QB","15241","robust",382,32.6172,3,0,1,0.7413,18,19.2738,0,0,0.55,0,NA,NA,NA,NA,NA,NA,NA,NA,NA,NA,NA,NA,NA,NA,NA,NA,NA,NA,NA,NA,NA,NA,NA,NA,NA,NA,NA,NA,"Mac","Jones","SFO","QB",28,-1
"QB","15241","weighted",330.059888579387,249.475481239949,2.63454038997214,2.40658806869178,1.05988857938719,0.731573959708778,18.2785515320334,16.4253975184128,0.197771587743733,0.445692622940214,0.547701949860724,0.389077760674901,NA,NA,NA,NA,NA,NA,NA,NA,NA,NA,NA,NA,NA,NA,NA,NA,NA,NA,NA,NA,NA,NA,NA,NA,NA,NA,NA,NA,"Mac","Jones","SFO","QB",28,-1
"QB","17040","average",64,84.8528137423857,0.5,0.707106781186548,0.5,0.707106781186548,9.5,13.4350288425444,0,0,0,0,NA,NA,NA,NA,NA,NA,NA,NA,NA,NA,NA,NA,NA,NA,NA,NA,NA,NA,NA,NA,NA,NA,NA,NA,NA,NA,NA,NA,"Brady","Cook","MIA","QB",25,-5
"QB","17040","robust",64,88.956,0.5,0.7413,0.5,0.7413,9.5,14.0847,0,0,0,0,NA,NA,NA,NA,NA,NA,NA,NA,NA,NA,NA,NA,NA,NA,NA,NA,NA,NA,NA,NA,NA,NA,NA,NA,NA,NA,NA,NA,"Brady","Cook","MIA","QB",25,-5
"QB","17040","weighted",64.6271777003484,84.8528137423857,0.505226480836237,0.707106781186548,0.505226480836237,0.707106781186548,9.5993031358885,13.4350288425444,0,0,0,0,NA,NA,NA,NA,NA,NA,NA,NA,NA,NA,NA,NA,NA,NA,NA,NA,NA,NA,NA,NA,NA,NA,NA,NA,NA,NA,NA,NA,"Brady","Cook","MIA","QB",25,-5
"QB","15238","average",321.8,255.130750792608,2.24,1.69941166289984,0.84,0.477493455452533,53,48.150804770014,0.52,0.867179335547152,0.35,0.247487373415292,NA,NA,NA,NA,NA,NA,NA,NA,NA,NA,NA,NA,NA,NA,NA,NA,NA,NA,NA,NA,NA,NA,NA,NA,NA,NA,NA,NA,"Justin","Fields","KCC","QB",27,-1
"QB","15238","robust",237,131.9514,2.5,0,1,0,56.5,8.8956,0.3,0,0.35,0,NA,NA,NA,NA,NA,NA,NA,NA,NA,NA,NA,NA,NA,NA,NA,NA,NA,NA,NA,NA,NA,NA,NA,NA,NA,NA,NA,NA,"Justin","Fields","KCC","QB",27,-1
"QB","15238","weighted",304.690807799443,242.74596827888,2.14679665738162,1.67908015710583,0.820891364902507,0.493466281859801,49.9791086350975,47.0606487680526,0.461281337047354,0.825022508610408,0.348537604456824,0.247594938611301,NA,NA,NA,NA,NA,NA,NA,NA,NA,NA,NA,NA,NA,NA,NA,NA,NA,NA,NA,NA,NA,NA,NA,NA,NA,NA,NA,NA,"Justin","Fields","KCC","QB",27,-1
"QB","17034","average",350.333333333333,352.325606979302,2.56666666666667,2.13619599600162,1.7,1.12694276695846,16.3333333333333,9.29157324317757,0,0,0,0,NA,NA,NA,NA,NA,NA,NA,NA,NA,NA,NA,NA,NA,NA,NA,NA,NA,NA,NA,NA,NA,NA,NA,NA,NA,NA,NA,NA,"Quinn","Ewers","JAC","QB",23,-5
"QB","17034","robust",302,29.652,2.35,1.03782,1.55,0.14826,17,7.413,0,0,0,0,NA,NA,NA,NA,NA,NA,NA,NA,NA,NA,NA,NA,NA,NA,NA,NA,NA,NA,NA,NA,NA,NA,NA,NA,NA,NA,NA,NA,"Quinn","Ewers","JAC","QB",23,-5
"QB","17034","weighted",330.073170731707,342.89208196098,2.44243902439024,2.08438277528803,1.63463414634146,1.09732083078367,15.9975609756098,9.25977334153979,0,0,0,0,NA,NA,NA,NA,NA,NA,NA,NA,NA,NA,NA,NA,NA,NA,NA,NA,NA,NA,NA,NA,NA,NA,NA,NA,NA,NA,NA,NA,"Quinn","Ewers","JAC","QB",23,-5
"QB","15692","average",232.333333333333,127.754973810546,2.23333333333333,2.13619599600162,1.4,0.692820323027551,18.3333333333333,10.9696551146029,0,0,0,0,NA,NA,NA,NA,NA,NA,NA,NA,NA,NA,NA,NA,NA,NA,NA,NA,NA,NA,NA,NA,NA,NA,NA,NA,NA,NA,NA,NA,"Kenny","Pickett","CAR","QB",28,-2
"QB","15692","robust",220.5,74.13,1.925,0,1.3,0,19.25,7.413,0,0,0,0,NA,NA,NA,NA,NA,NA,NA,NA,NA,NA,NA,NA,NA,NA,NA,NA,NA,NA,NA,NA,NA,NA,NA,NA,NA,NA,NA,NA,"Kenny","Pickett","CAR","QB",28,-2
"QB","15692","weighted",230.694063926941,126.656223033233,2.19954337899543,2.12145875102766,1.38904109589041,0.688040676008972,18.1050228310502,11.0374286610773,0,0,0,0,NA,NA,NA,NA,NA,NA,NA,NA,NA,NA,NA,NA,NA,NA,NA,NA,NA,NA,NA,NA,NA,NA,NA,NA,NA,NA,NA,NA,"Kenny","Pickett","CAR","QB",28,-2
"QB","15240","average",181.333333333333,50.0632932729493,0.933333333333333,0.901849950564579,0.866666666666667,0.23094010767585,31.3333333333333,12.0138808606267,0,0,0,0,NA,NA,NA,NA,NA,NA,NA,NA,NA,NA,NA,NA,NA,NA,NA,NA,NA,NA,NA,NA,NA,NA,NA,NA,NA,NA,NA,NA,"Trey","Lance","LAC","QB",26,-1
"QB","15240","robust",175,10.3782,0.95,1.18608,0.9,0,31.5,16.3086,0,0,0,0,NA,NA,NA,NA,NA,NA,NA,NA,NA,NA,NA,NA,NA,NA,NA,NA,NA,NA,NA,NA,NA,NA,NA,NA,NA,NA,NA,NA,"Trey","Lance","LAC","QB",26,-1
"QB","15240","weighted",178.424390243902,48.7627314205773,0.977073170731707,0.885262695216087,0.861463414634146,0.233391815700717,30.7024390243902,11.9137519473412,0,0,0,0,NA,NA,NA,NA,NA,NA,NA,NA,NA,NA,NA,NA,NA,NA,NA,NA,NA,NA,NA,NA,NA,NA,NA,NA,NA,NA,NA,NA,"Trey","Lance","LAC","QB",26,-1
"QB","13879","average",92.6666666666667,90.046284394934,0.666666666666667,0.577350269189626,0.333333333333333,0.577350269189626,4.33333333333333,2.08166599946613,0,0,0,0,NA,NA,NA,NA,NA,NA,NA,NA,NA,NA,NA,NA,NA,NA,NA,NA,NA,NA,NA,NA,NA,NA,NA,NA,NA,NA,NA,NA,"Kyle","Allen","BUF","QB",30,2
"QB","13879","robust",93.5,126.021,0.75,0,0.25,0,4.5,1.4826,0,0,0,0,NA,NA,NA,NA,NA,NA,NA,NA,NA,NA,NA,NA,NA,NA,NA,NA,NA,NA,NA,NA,NA,NA,NA,NA,NA,NA,NA,NA,"Kyle","Allen","BUF","QB",30,2
"QB","13879","weighted",94.5045662100457,90.1354487385954,0.675799086757991,0.573367230007477,0.344748858447489,0.582200081805452,4.35159817351598,2.08736551932552,0,0,0,0,NA,NA,NA,NA,NA,NA,NA,NA,NA,NA,NA,NA,NA,NA,NA,NA,NA,NA,NA,NA,NA,NA,NA,NA,NA,NA,NA,NA,"Kyle","Allen","BUF","QB",30,2
"QB","17033","average",44.5,62.9325035256027,0.5,0.707106781186548,0,0,12.5,2.12132034355964,0,0,0,0,NA,NA,NA,NA,NA,NA,NA,NA,NA,NA,NA,NA,NA,NA,NA,NA,NA,NA,NA,NA,NA,NA,NA,NA,NA,NA,NA,NA,"Jalen","Milroe","SEA","QB",24,-5
"QB","17033","robust",44.5,65.9757,0.5,0.7413,0,0,12.5,2.2239,0,0,0,0,NA,NA,NA,NA,NA,NA,NA,NA,NA,NA,NA,NA,NA,NA,NA,NA,NA,NA,NA,NA,NA,NA,NA,NA,NA,NA,NA,NA,"Jalen","Milroe","SEA","QB",24,-5
"QB","17033","weighted",44.9651567944251,62.9325035256027,0.505226480836237,0.707106781186548,0,0,12.5156794425087,2.12132034355964,0,0,0,0,NA,NA,NA,NA,NA,NA,NA,NA,NA,NA,NA,NA,NA,NA,NA,NA,NA,NA,NA,NA,NA,NA,NA,NA,NA,NA,NA,NA,"Jalen","Milroe","SEA","QB",24,-5
"QB","16584","average",503.4,428.064597928864,3.8,4.08656334834051,2.26,1.72858323490655,36.2,32.9347840436217,0.38,0.84970583144992,0.45,0.318198051533946,NA,NA,NA,NA,NA,NA,NA,NA,NA,NA,NA,NA,NA,NA,NA,NA,NA,NA,NA,NA,NA,NA,NA,NA,NA,NA,NA,NA,"J.J.","McCarthy","MIN","QB",23,-4
"QB","16584","robust",526.5,220.9074,3.5,0,2.5,0,34.5,19.2738,0,0,0.45,0,NA,NA,NA,NA,NA,NA,NA,NA,NA,NA,NA,NA,NA,NA,NA,NA,NA,NA,NA,NA,NA,NA,NA,NA,NA,NA,NA,NA,"J.J.","McCarthy","MIN","QB",23,-4
"QB","16584","weighted",477.848189415042,418.970108977773,3.63649025069638,4.08849785444442,2.16657381615599,1.70967143712764,34.8774373259053,33.098283074717,0.375766016713092,0.846815983586406,0.448119777158774,0.318336349643101,NA,NA,NA,NA,NA,NA,NA,NA,NA,NA,NA,NA,NA,NA,NA,NA,NA,NA,NA,NA,NA,NA,NA,NA,NA,NA,NA,NA,"J.J.","McCarthy","MIN","QB",23,-4
"QB","10313","average",209.666666666667,97.4286063398904,1.46666666666667,0.808290376865476,0.466666666666667,0.503322295684717,13,9.53939201416946,0,0,0.5,0.5,NA,NA,NA,NA,NA,NA,NA,NA,NA,NA,NA,NA,NA,NA,NA,NA,NA,NA,NA,NA,NA,NA,NA,NA,NA,NA,NA,NA,"Andy","Dalton","PHI","QB",39,9
"QB","10313","robust",199.25,41.5128,1.35,0,0.45,0.59304,12.75,11.8608,0,0,0.5,0.7413,NA,NA,NA,NA,NA,NA,NA,NA,NA,NA,NA,NA,NA,NA,NA,NA,NA,NA,NA,NA,NA,NA,NA,NA,NA,NA,NA,NA,"Andy","Dalton","PHI","QB",39,9
"QB","10313","weighted",203.99756097561,95.0218463593395,1.48487804878049,0.816871354952509,0.438536585365854,0.495250925022251,13.490243902439,9.48082848045546,0,0,0.503658536585366,0.512979882842501,NA,NA,NA,NA,NA,NA,NA,NA,NA,NA,NA,NA,NA,NA,NA,NA,NA,NA,NA,NA,NA,NA,NA,NA,NA,NA,NA,NA,"Andy","Dalton","PHI","QB",39,9
"QB","17467","average",162,65.7951365983839,1.7,1.21243556529821,1.36666666666667,1.58219257150744,27.3333333333333,31.7542648054294,0,0,0.85,0.85,NA,NA,NA,NA,NA,NA,NA,NA,NA,NA,NA,NA,NA,NA,NA,NA,NA,NA,NA,NA,NA,NA,NA,NA,NA,NA,NA,NA,"Cade","Klubnik","NYJ","QB",23,-6
"QB","17467","robust",165.75,62.2692,1.525,0,1.275,1.4826,22.75,0,0,0,0.85,1.26021,NA,NA,NA,NA,NA,NA,NA,NA,NA,NA,NA,NA,NA,NA,NA,NA,NA,NA,NA,NA,NA,NA,NA,NA,NA,NA,NA,NA,"Cade","Klubnik","NYJ","QB",23,-6
"QB","17467","weighted",161.815068493151,65.3601104476617,1.68082191780822,1.2040711830157,1.34977168949772,1.56794814008632,26.8310502283105,31.5351976504112,0,0,0.844178082191781,0.842799408421933,NA,NA,NA,NA,NA,NA,NA,NA,NA,NA,NA,NA,NA,NA,NA,NA,NA,NA,NA,NA,NA,NA,NA,NA,NA,NA,NA,NA,"Cade","Klubnik","NYJ","QB",23,-6
"QB","16586","average",560.333333333333,479.679406826407,5.1,6.25539766921337,2.13333333333333,1.96299091524473,54.6666666666667,42.6653645634645,0,0,1.35,1.35,NA,NA,NA,NA,NA,NA,NA,NA,NA,NA,NA,NA,NA,NA,NA,NA,NA,NA,NA,NA,NA,NA,NA,NA,NA,NA,NA,NA,"Spencer","Rattler","NOS","QB",26,-4
"QB","16586","robust",527.5,398.8194,4.325,1.4826,1.85,0,52.5,42.9954,0,0,1.35,2.00151,NA,NA,NA,NA,NA,NA,NA,NA,NA,NA,NA,NA,NA,NA,NA,NA,NA,NA,NA,NA,NA,NA,NA,NA,NA,NA,NA,NA,"Spencer","Rattler","NOS","QB",26,-4
"QB","16586","weighted",563.490243902439,490.129430830837,5.21365853658537,6.34479253116388,2.17756097560976,1.98383043345609,54.7926829268293,43.6639511801211,0,0,1.34012195121951,1.38504568367475,NA,NA,NA,NA,NA,NA,NA,NA,NA,NA,NA,NA,NA,NA,NA,NA,NA,NA,NA,NA,NA,NA,NA,NA,NA,NA,NA,NA,"Spencer","Rattler","NOS","QB",26,-4
"QB","12140","average",353.6,236.769508171977,2.52,2.3349518196314,1.66,0.614817045957576,17.6,17.3579952759528,0.3,0.670820393249937,1.05,0.0353553390593274,NA,NA,NA,NA,NA,NA,NA,NA,NA,NA,NA,NA,NA,NA,NA,NA,NA,NA,NA,NA,NA,NA,NA,NA,NA,NA,NA,NA,"Jameis","Winston","NYG","QB",32,5
"QB","12140","robust",323.5,198.6684,2,1.4826,1.65,0.44478,15,8.8956,0,0,1.05,0,NA,NA,NA,NA,NA,NA,NA,NA,NA,NA,NA,NA,NA,NA,NA,NA,NA,NA,NA,NA,NA,NA,NA,NA,NA,NA,NA,NA,"Jameis","Winston","NYG","QB",32,5
"QB","12140","weighted",344.327298050139,236.91298221609,2.4891364902507,2.33806479468304,1.63871866295265,0.620870312088693,17.4206128133705,17.4084803479217,0.296657381615599,0.668538934410321,1.04979108635097,0.0353707055159001,NA,NA,NA,NA,NA,NA,NA,NA,NA,NA,NA,NA,NA,NA,NA,NA,NA,NA,NA,NA,NA,NA,NA,NA,NA,NA,NA,NA,"Jameis","Winston","NYG","QB",32,5
"QB","17038","average",46.5,65.7609306503489,0.6,0.565685424949238,0.55,0.636396103067893,2.85,7.28319984622144,0,0,0,0,NA,NA,NA,NA,NA,NA,NA,NA,NA,NA,NA,NA,NA,NA,NA,NA,NA,NA,NA,NA,NA,NA,NA,NA,NA,NA,NA,NA,"Kyle","McCord","MIA","QB",24,-5
"QB","17038","robust",46.5,68.9409,0.6,0.59304,0.55,0.66717,2.85,7.63539,0,0,0,0,NA,NA,NA,NA,NA,NA,NA,NA,NA,NA,NA,NA,NA,NA,NA,NA,NA,NA,NA,NA,NA,NA,NA,NA,NA,NA,NA,NA,"Kyle","McCord","MIA","QB",24,-5
"QB","17038","weighted",46.98606271777,65.7609306503489,0.60418118466899,0.565685424949238,0.554703832752613,0.636396103067893,2.90383275261324,7.28319984622144,0,0,0,0,NA,NA,NA,NA,NA,NA,NA,NA,NA,NA,NA,NA,NA,NA,NA,NA,NA,NA,NA,NA,NA,NA,NA,NA,NA,NA,NA,NA,"Kyle","McCord","MIA","QB",24,-5
"QB","9064","average",391.25,274.478141206181,3.15,2.49466096560902,1.65,0.94339811320566,11.75,9.17877987534291,0.075,0.15,0.65,0.285773803324704,NA,NA,NA,NA,NA,NA,NA,NA,NA,NA,NA,NA,NA,NA,NA,NA,NA,NA,NA,NA,NA,NA,NA,NA,NA,NA,NA,NA,"Joe","Flacco","CIN","QB",41,12
"QB","9064","robust",391.25,242.4051,3.15,2.9652,1.45,0.44478,11.75,10.3782,0,0,0.65,0.259455,NA,NA,NA,NA,NA,NA,NA,NA,NA,NA,NA,NA,NA,NA,NA,NA,NA,NA,NA,NA,NA,NA,NA,NA,NA,NA,NA,NA,"Joe","Flacco","CIN","QB",41,12
"QB","9064","weighted",372.62962962963,268.470373100681,3.01975308641975,2.50397709614329,1.58412698412698,0.907894381493637,11.6137566137566,9.3897131159865,0.0751322751322751,0.150273530133743,0.651851851851852,0.287879744727468,NA,NA,NA,NA,NA,NA,NA,NA,NA,NA,NA,NA,NA,NA,NA,NA,NA,NA,NA,NA,NA,NA,NA,NA,NA,NA,NA,NA,"Joe","Flacco","CIN","QB",41,12
"QB","17466","average",450,1.4142135623731,3,0,2,0,26.5,3.53553390593274,0,0,NA,NA,NA,NA,NA,NA,NA,NA,NA,NA,NA,NA,NA,NA,NA,NA,NA,NA,NA,NA,NA,NA,NA,NA,NA,NA,NA,NA,NA,NA,"Carson","Beck","ARI","QB",25,-6
"QB","17466","robust",450,1.4826,3,0,2,0,26.5,3.7065,0,0,NA,NA,NA,NA,NA,NA,NA,NA,NA,NA,NA,NA,NA,NA,NA,NA,NA,NA,NA,NA,NA,NA,NA,NA,NA,NA,NA,NA,NA,NA,"Carson","Beck","ARI","QB",25,-6
"QB","17466","weighted",450.019480519481,1.41421356237309,3,0,2,0,26.5487012987013,3.53553390593274,0,0,NA,NA,NA,NA,NA,NA,NA,NA,NA,NA,NA,NA,NA,NA,NA,NA,NA,NA,NA,NA,NA,NA,NA,NA,NA,NA,NA,NA,NA,NA,"Carson","Beck","ARI","QB",25,-6
"QB","17035","average",512,367.868182913391,4.2,2.02977831301844,2.36666666666667,1.18462370959446,34.3333333333333,34.7898452617044,1.03333333333333,1.05039675043925,0,0,NA,NA,NA,NA,NA,NA,NA,NA,NA,NA,NA,NA,NA,NA,NA,NA,NA,NA,NA,NA,NA,NA,NA,NA,NA,NA,NA,NA,"Riley","Leonard","IND","QB",24,-5
"QB","17035","robust",469.75,124.5384,4.3,2.07564,2.525,0.14826,30.75,16.3086,1.025,1.4826,0,0,NA,NA,NA,NA,NA,NA,NA,NA,NA,NA,NA,NA,NA,NA,NA,NA,NA,NA,NA,NA,NA,NA,NA,NA,NA,NA,NA,NA,"Riley","Leonard","IND","QB",24,-5
"QB","17035","weighted",487.252403846154,357.759009248581,4.07019230769231,2.03556793570309,2.30817307692308,1.21254941805691,31.9735576923077,33.8847013797658,1.0125,1.08070211013562,0,0,NA,NA,NA,NA,NA,NA,NA,NA,NA,NA,NA,NA,NA,NA,NA,NA,NA,NA,NA,NA,NA,NA,NA,NA,NA,NA,NA,NA,"Riley","Leonard","IND","QB",24,-5
"QB","12610","average",209.5,50.2045814642449,1.55,0.777817459305202,0.85,0.212132034355964,16,7.07106781186548,0,0,0,0,NA,NA,NA,NA,NA,NA,NA,NA,NA,NA,NA,NA,NA,NA,NA,NA,NA,NA,NA,NA,NA,NA,NA,NA,NA,NA,NA,NA,"Carson","Wentz","MIN","QB",34,4
"QB","12610","robust",209.5,52.6323,1.55,0.81543,0.85,0.22239,16,7.413,0,0,0,0,NA,NA,NA,NA,NA,NA,NA,NA,NA,NA,NA,NA,NA,NA,NA,NA,NA,NA,NA,NA,NA,NA,NA,NA,NA,NA,NA,NA,"Carson","Wentz","MIN","QB",34,4
"QB","12610","weighted",212.045283018868,50.2045814642449,1.58943396226415,0.777817459305202,0.839245283018868,0.212132034355964,15.6415094339623,7.07106781186547,0,0,0,0,NA,NA,NA,NA,NA,NA,NA,NA,NA,NA,NA,NA,NA,NA,NA,NA,NA,NA,NA,NA,NA,NA,NA,NA,NA,NA,NA,NA,"Carson","Wentz","MIN","QB",34,4
"QB","17037","average",444,578.413347010596,2.25,2.47487373415292,0.55,0.636396103067893,21,28.2842712474619,0,0,0,0,NA,NA,NA,NA,NA,NA,NA,NA,NA,NA,NA,NA,NA,NA,NA,NA,NA,NA,NA,NA,NA,NA,NA,NA,NA,NA,NA,NA,"Dillon","Gabriel","CLE","QB",26,-5
"QB","17037","robust",444,606.3834,2.25,2.59455,0.55,0.66717,21,29.652,0,0,0,0,NA,NA,NA,NA,NA,NA,NA,NA,NA,NA,NA,NA,NA,NA,NA,NA,NA,NA,NA,NA,NA,NA,NA,NA,NA,NA,NA,NA,"Dillon","Gabriel","CLE","QB",26,-5
"QB","17037","weighted",414.675471698113,578.413347010596,2.12452830188679,2.47487373415292,0.517735849056604,0.636396103067893,19.5660377358491,28.2842712474619,0,0,0,0,NA,NA,NA,NA,NA,NA,NA,NA,NA,NA,NA,NA,NA,NA,NA,NA,NA,NA,NA,NA,NA,NA,NA,NA,NA,NA,NA,NA,"Dillon","Gabriel","CLE","QB",26,-5
"RB","16162","average",NA,NA,NA,NA,NA,NA,1371.14285714286,120.807254985547,13.8714285714286,1.23249649859447,1,0.1,69.9571428571429,5.54762926628938,576.657142857143,31.9156626722605,4.02857142857143,0.579408565447807,NA,NA,NA,NA,NA,NA,NA,NA,NA,NA,NA,NA,NA,NA,NA,NA,NA,NA,NA,NA,NA,NA,"Jahmyr","Gibbs","DET","RB",24,-3
"RB","16162","robust",NA,NA,NA,NA,NA,NA,1415.5,9.6369,14,0.148259999999999,1,0,71.7,1.92738,577.95,17.4946799999999,4.05,0.148259999999999,NA,NA,NA,NA,NA,NA,NA,NA,NA,NA,NA,NA,NA,NA,NA,NA,NA,NA,NA,NA,NA,NA,"Jahmyr","Gibbs","DET","RB",24,-3
"RB","16162","weighted",NA,NA,NA,NA,NA,NA,1353.52924791086,142.493167387476,13.7657381615599,1.51509205635372,0.960445682451254,0.0891385245880427,69.1930362116992,6.59394647947501,573.174094707521,38.8923144365018,3.98328690807799,0.725439953894261,NA,NA,NA,NA,NA,NA,NA,NA,NA,NA,NA,NA,NA,NA,NA,NA,NA,NA,NA,NA,NA,NA,"Jahmyr","Gibbs","DET","RB",24,-3
"RB","14802","average",NA,NA,NA,NA,NA,NA,1473.51428571429,79.9030960720845,13.1142857142857,1.07459848537112,1.625,0.266926956300783,42.4428571428571,5.54312100501067,337.714285714286,49.3244844058685,1.47142857142857,0.415187851918806,NA,NA,NA,NA,NA,NA,NA,NA,NA,NA,NA,NA,NA,NA,NA,NA,NA,NA,NA,NA,NA,NA,"Jonathan","Taylor","IND","RB",27,0
"RB","14802","robust",NA,NA,NA,NA,NA,NA,1479.7,69.6822,12.975,1.33434,1.6625,0.111195,42.9,3.26172,346,48.9258,1.5,0.7413,NA,NA,NA,NA,NA,NA,NA,NA,NA,NA,NA,NA,NA,NA,NA,NA,NA,NA,NA,NA,NA,NA,"Jonathan","Taylor","IND","RB",27,0
"RB","14802","weighted",NA,NA,NA,NA,NA,NA,1461.41643454039,94.05798683709,13.1462395543175,1.31763304837629,1.59690111420613,0.320649173525274,41.924791086351,6.75741316808694,333.271587743733,59.6581413135184,1.43259052924791,0.505287520228513,NA,NA,NA,NA,NA,NA,NA,NA,NA,NA,NA,NA,NA,NA,NA,NA,NA,NA,NA,NA,NA,NA,"Jonathan","Taylor","IND","RB",27,0
"RB","16161","average",NA,NA,NA,NA,NA,NA,1396.42857142857,72.7521068259817,9.57142857142857,1.99809433020089,1.775,0.145773797371133,73.9285714285714,6.95310824636826,673.2,57.677840921218,3.21428571428571,0.487950036474267,NA,NA,NA,NA,NA,NA,NA,NA,NA,NA,NA,NA,NA,NA,NA,NA,NA,NA,NA,NA,NA,NA,"Bijan","Robinson","ATL","RB",24,-3
"RB","16161","robust",NA,NA,NA,NA,NA,NA,1393.625,15.5673,9,0.296519999999999,1.7875,0.0370650000000002,73.95,7.413,702.05,4.15127999999993,3.25,0.7413,NA,NA,NA,NA,NA,NA,NA,NA,NA,NA,NA,NA,NA,NA,NA,NA,NA,NA,NA,NA,NA,NA,"Bijan","Robinson","ATL","RB",24,-3
"RB","16161","weighted",NA,NA,NA,NA,NA,NA,1394.33844011142,85.1128414433914,9.71699164345404,2.24316528099376,1.76605153203343,0.177272885536492,72.9880222841226,8.23473013310518,663.111420612813,65.4320821669219,3.10306406685237,0.549042753252792,NA,NA,NA,NA,NA,NA,NA,NA,NA,NA,NA,NA,NA,NA,NA,NA,NA,NA,NA,NA,NA,NA,"Bijan","Robinson","ATL","RB",24,-3
"RB","12626","average",NA,NA,NA,NA,NA,NA,1532.74285714286,91.4411077714842,13.4142857142857,0.924533344321288,1.85,0.122474487139159,16.9571428571429,2.60311169107099,165.714285714286,25.4670655665593,0.542857142857143,0.423702501200795,NA,NA,NA,NA,NA,NA,NA,NA,NA,NA,NA,NA,NA,NA,NA,NA,NA,NA,NA,NA,NA,NA,"Derrick","Henry","BAL","RB",32,4
"RB","12626","robust",NA,NA,NA,NA,NA,NA,1539.9,99.3342,13.4,0.59304,1.85,0.22239,17.05,1.63086,163.5,28.1694,0.525,0.44478,NA,NA,NA,NA,NA,NA,NA,NA,NA,NA,NA,NA,NA,NA,NA,NA,NA,NA,NA,NA,NA,NA,"Derrick","Henry","BAL","RB",32,4
"RB","12626","weighted",NA,NA,NA,NA,NA,NA,1519.49582172702,102.698271510267,13.3846796657382,1.14296484026392,1.9099582172702,0.0822149646410127,16.6030640668524,3.11046335311216,163.07938718663,31.0610198468139,0.499721448467967,0.503563497099415,NA,NA,NA,NA,NA,NA,NA,NA,NA,NA,NA,NA,NA,NA,NA,NA,NA,NA,NA,NA,NA,NA,"Derrick","Henry","BAL","RB",32,4
"RB","13130","average",NA,NA,NA,NA,NA,NA,1077.17142857143,73.5242752267511,8.5,1.21380943040221,0.95,0.168325082306035,78.0857142857143,2.24457016778162,687.285714285714,16.265651802846,4.87142857142857,0.579408565447807,NA,NA,NA,NA,NA,NA,NA,NA,NA,NA,NA,NA,NA,NA,NA,NA,NA,NA,NA,NA,NA,NA,"Christian","McCaffrey","SFO","RB",30,3
"RB","13130","robust",NA,NA,NA,NA,NA,NA,1093.6,53.9666400000001,8.7,0.444780000000001,0.975,0.0741299999999999,77.9,2.37215999999999,687.5,8.8956,4.8,0.59304,NA,NA,NA,NA,NA,NA,NA,NA,NA,NA,NA,NA,NA,NA,NA,NA,NA,NA,NA,NA,NA,NA,"Christian","McCaffrey","SFO","RB",30,3
"RB","13130","weighted",NA,NA,NA,NA,NA,NA,1071.03342618384,89.1043801034991,8.3958217270195,1.44662491747913,0.890877437325905,0.163059120551397,77.966295264624,2.75848046689643,685.850974930362,19.1689480424842,4.96768802228412,0.6801216802575,NA,NA,NA,NA,NA,NA,NA,NA,NA,NA,NA,NA,NA,NA,NA,NA,NA,NA,NA,NA,NA,NA,"Christian","McCaffrey","SFO","RB",30,3
"RB","16167","average",NA,NA,NA,NA,NA,NA,1174.42857142857,93.5656759409438,6.55714285714286,1.6246611368294,0.8,0.282842712474619,65.1571428571429,7.07974979380325,486.514285714286,54.4693010961657,3.95714285714286,1.00640803994063,NA,NA,NA,NA,NA,NA,NA,NA,NA,NA,NA,NA,NA,NA,NA,NA,NA,NA,NA,NA,NA,NA,"De'Von","Achane","MIA","RB",25,-3
"RB","16167","robust",NA,NA,NA,NA,NA,NA,1180.75,58.5627,6,0.148259999999999,0.9,0.29652,65.375,8.1543,491.8,59.60052,3.85,0.44478,NA,NA,NA,NA,NA,NA,NA,NA,NA,NA,NA,NA,NA,NA,NA,NA,NA,NA,NA,NA,NA,NA,"De'Von","Achane","MIA","RB",25,-3
"RB","16167","weighted",NA,NA,NA,NA,NA,NA,1165.56406685237,114.109652597151,6.64874651810585,1.85306606351927,0.721727019498607,0.302627917317888,64.7941504178273,8.66277772599737,483.096100278552,66.6366418061636,3.91559888579387,1.24972692497048,NA,NA,NA,NA,NA,NA,NA,NA,NA,NA,NA,NA,NA,NA,NA,NA,NA,NA,NA,NA,NA,NA,"De'Von","Achane","MIA","RB",25,-3
"RB","15715","average",NA,NA,NA,NA,NA,NA,1396.02857142857,48.7362190533801,10.8714285714286,1.23249649859447,2.55,0.212132034355964,34.0285714285714,3.02032795444153,288.285714285714,27.0398735556356,1.91428571428571,0.14638501094228,NA,NA,NA,NA,NA,NA,NA,NA,NA,NA,NA,NA,NA,NA,NA,NA,NA,NA,NA,NA,NA,NA,"James","Cook","BUF","RB",27,-2
"RB","15715","robust",NA,NA,NA,NA,NA,NA,1405.45,42.4023599999999,10.9,1.03782,2.475,0.22239,33.3,1.92738,283.5,15.5673,1.95,0,NA,NA,NA,NA,NA,NA,NA,NA,NA,NA,NA,NA,NA,NA,NA,NA,NA,NA,NA,NA,NA,NA,"James","Cook","BUF","RB",27,-2
"RB","15715","weighted",NA,NA,NA,NA,NA,NA,1391.03203342618,58.182294974574,11.0376044568245,1.38904065332993,2.61121169916435,0.228212717341445,34.1660167130919,3.50324830910664,288.813370473538,31.4307026683473,1.92089136490251,0.178277049176085,NA,NA,NA,NA,NA,NA,NA,NA,NA,NA,NA,NA,NA,NA,NA,NA,NA,NA,NA,NA,NA,NA,"James","Cook","BUF","RB",27,-2
"RB","16181","average",NA,NA,NA,NA,NA,NA,1039.17142857143,53.3968074665429,7.65714285714286,1.09978352848359,0.9,0.238047614284762,64.7142857142857,5.9482290281586,429.914285714286,31.5185886195976,4.02857142857143,0.601980857154904,NA,NA,NA,NA,NA,NA,NA,NA,NA,NA,NA,NA,NA,NA,NA,NA,NA,NA,NA,NA,NA,NA,"Chase","Brown","CIN","RB",26,-3
"RB","16181","robust",NA,NA,NA,NA,NA,NA,1036.6,42.4023599999999,7.65,1.18608,0.95,0.14826,64.075,3.40998,429.275,26.24202,4,0.14826,NA,NA,NA,NA,NA,NA,NA,NA,NA,NA,NA,NA,NA,NA,NA,NA,NA,NA,NA,NA,NA,NA,"Chase","Brown","CIN","RB",26,-3
"RB","16181","weighted",NA,NA,NA,NA,NA,NA,1037.84540389972,62.8925474519082,7.54874651810585,1.31905428816167,0.821309192200557,0.23807316956511,64.6888579387187,7.2747576732413,429.565459610028,38.6645831452996,4.06239554317549,0.749237299884419,NA,NA,NA,NA,NA,NA,NA,NA,NA,NA,NA,NA,NA,NA,NA,NA,NA,NA,NA,NA,NA,NA,"Chase","Brown","CIN","RB",26,-3
"RB","13604","average",NA,NA,NA,NA,NA,NA,1300,43.692104549907,8.68571428571429,1.22124058703786,0.975,0.0353553390593274,40.0571428571429,4.83799446839189,314.028571428571,39.0600270645799,1.91428571428571,0.318478525851542,NA,NA,NA,NA,NA,NA,NA,NA,NA,NA,NA,NA,NA,NA,NA,NA,NA,NA,NA,NA,NA,NA,"Saquon","Barkley","PHI","RB",29,2
"RB","13604","robust",NA,NA,NA,NA,NA,NA,1298,31.1346,8.6,0.889559999999999,0.9875,0.037065,41.55,1.4826,316.8,24.61116,2,0,NA,NA,NA,NA,NA,NA,NA,NA,NA,NA,NA,NA,NA,NA,NA,NA,NA,NA,NA,NA,NA,NA,"Saquon","Barkley","PHI","RB",29,2
"RB","13604","weighted",NA,NA,NA,NA,NA,NA,1299.09052924791,53.8208416801042,8.82005571030641,1.38488326942057,0.965215877437326,0.037828489664736,39.3139275766017,5.68125827751654,308.867688022284,46.6794896551605,1.84178272980501,0.356554098352171,NA,NA,NA,NA,NA,NA,NA,NA,NA,NA,NA,NA,NA,NA,NA,NA,NA,NA,NA,NA,NA,NA,"Saquon","Barkley","PHI","RB",29,2
"RB","15711","average",NA,NA,NA,NA,NA,NA,1193.6,40.6019293466045,8.71428571428571,1.31457036255015,0.775,0.226384628453435,44.4428571428571,3.27508633110495,340.942857142857,28.4381115842137,1.42857142857143,0.725061573739973,NA,NA,NA,NA,NA,NA,NA,NA,NA,NA,NA,NA,NA,NA,NA,NA,NA,NA,NA,NA,NA,NA,"Kenneth","Walker III","KCC","RB",26,-2
"RB","15711","robust",NA,NA,NA,NA,NA,NA,1206.05,3.11345999999986,8.75,0.444780000000001,0.8375,0.185325,44.9,2.66868,343.15,27.13158,1.6,0.59304,NA,NA,NA,NA,NA,NA,NA,NA,NA,NA,NA,NA,NA,NA,NA,NA,NA,NA,NA,NA,NA,NA,"Kenneth","Walker III","KCC","RB",26,-2
"RB","15711","weighted",NA,NA,NA,NA,NA,NA,1188.64066852368,48.776765372724,8.66601671309192,1.54834195418821,0.72649721448468,0.2563638896866,43.9721448467967,3.89851708745868,337.208913649025,34.0331160015858,1.51699164345404,0.871150188592428,NA,NA,NA,NA,NA,NA,NA,NA,NA,NA,NA,NA,NA,NA,NA,NA,NA,NA,NA,NA,NA,NA,"Kenneth","Walker III","KCC","RB",26,-2
"RB","15256","average",NA,NA,NA,NA,NA,NA,1186.6,85.4651975952785,10.7,0.974679434480896,1.8,0.141421356237309,35.32,4.31416272293941,194.2,38.6613502092206,1.42,0.53103672189407,NA,NA,NA,NA,NA,NA,NA,NA,NA,NA,NA,NA,NA,NA,NA,NA,NA,NA,NA,NA,NA,NA,"Javonte","Williams","DAL","RB",26,-1
"RB","15256","robust",NA,NA,NA,NA,NA,NA,1194.5,106.7472,10.75,1.4826,1.8,0,35,3.85476,189,20.7564,1.5,0.14826,NA,NA,NA,NA,NA,NA,NA,NA,NA,NA,NA,NA,NA,NA,NA,NA,NA,NA,NA,NA,NA,NA,"Javonte","Williams","DAL","RB",26,-1
"RB","15256","weighted",NA,NA,NA,NA,NA,NA,1185.25069637883,84.895520380649,10.6643454038997,0.945441415515343,1.8008356545961,0.1414828220636,35.1311977715877,4.14332745473343,193.811977715877,38.3405658816031,1.40974930362117,0.529641679009175,NA,NA,NA,NA,NA,NA,NA,NA,NA,NA,NA,NA,NA,NA,NA,NA,NA,NA,NA,NA,NA,NA,"Javonte","Williams","DAL","RB",26,-1
"RB","14797","average",NA,NA,NA,NA,NA,NA,1009.4,95.6362901831726,7.82,0.843800924389159,0.8,0.14142135623731,33.64,3.68076079092353,288.8,29.9115362360411,0.82,0.402492235949962,NA,NA,NA,NA,NA,NA,NA,NA,NA,NA,NA,NA,NA,NA,NA,NA,NA,NA,NA,NA,NA,NA,"D'Andre","Swift","CHI","RB",27,0
"RB","14797","robust",NA,NA,NA,NA,NA,NA,1014.5,78.5778,8,1.4826,0.8,0,33.5,0.296519999999999,291,28.1694,1,0,NA,NA,NA,NA,NA,NA,NA,NA,NA,NA,NA,NA,NA,NA,NA,NA,NA,NA,NA,NA,NA,NA,"D'Andre","Swift","CHI","RB",27,0
"RB","14797","weighted",NA,NA,NA,NA,NA,NA,1013.59610027855,91.9176397917262,7.84011142061281,0.837317707490464,0.8008356545961,0.1414828220636,33.7317548746518,3.72014560013692,289.740947075209,29.6522311319354,0.822005571030641,0.401123360646192,NA,NA,NA,NA,NA,NA,NA,NA,NA,NA,NA,NA,NA,NA,NA,NA,NA,NA,NA,NA,NA,NA,"D'Andre","Swift","CHI","RB",27,0
"RB","17045","average",NA,NA,NA,NA,NA,NA,966.6,111.663781057243,7.6,1.14017542509914,1.8,0.141421356237309,44.64,1.161034021896,355.8,23.5732899697942,2.28,1.37549990912395,NA,NA,NA,NA,NA,NA,NA,NA,NA,NA,NA,NA,NA,NA,NA,NA,NA,NA,NA,NA,NA,NA,"Cam","Skattebo","NYG","RB",24,-5
"RB","17045","robust",NA,NA,NA,NA,NA,NA,977.5,80.0604,7.5,1.4826,1.8,0,44.6,1.4826,351,7.413,2.2,1.4826,NA,NA,NA,NA,NA,NA,NA,NA,NA,NA,NA,NA,NA,NA,NA,NA,NA,NA,NA,NA,NA,NA,"Cam","Skattebo","NYG","RB",24,-5
"RB","17045","weighted",NA,NA,NA,NA,NA,NA,965.689415041783,110.443763248268,7.58774373259053,1.1420496006891,1.8008356545961,0.1414828220636,44.5966573816156,1.13814931714431,355.181058495822,23.7978214542342,2.25181058495822,1.3979926572847,NA,NA,NA,NA,NA,NA,NA,NA,NA,NA,NA,NA,NA,NA,NA,NA,NA,NA,NA,NA,NA,NA,"Cam","Skattebo","NYG","RB",24,-5
"RB","15710","average",NA,NA,NA,NA,NA,NA,1112,58.0215477215146,9.94,1.29151074327704,1.85,0.106066017177982,32.88,2.11471038206181,233.2,11.3666177907063,2.32,0.460434577328854,NA,NA,NA,NA,NA,NA,NA,NA,NA,NA,NA,NA,NA,NA,NA,NA,NA,NA,NA,NA,NA,NA,"Kyren","Williams","LAR","RB",26,-2
"RB","15710","robust",NA,NA,NA,NA,NA,NA,1109.5,80.0604,10,1.4826,1.85,0,33,1.4826,233,14.826,2.3,0,NA,NA,NA,NA,NA,NA,NA,NA,NA,NA,NA,NA,NA,NA,NA,NA,NA,NA,NA,NA,NA,NA,"Kyren","Williams","LAR","RB",26,-2
"RB","15710","weighted",NA,NA,NA,NA,NA,NA,1109.9721448468,57.7016387869648,9.88356545961003,1.22974035439996,1.85062674094708,0.1061121165477,32.8409470752089,2.07331109358905,233.128133704735,11.5438866856342,2.32061281337047,0.461829839790516,NA,NA,NA,NA,NA,NA,NA,NA,NA,NA,NA,NA,NA,NA,NA,NA,NA,NA,NA,NA,NA,NA,"Kyren","Williams","LAR","RB",26,-2
"RB","16598","average",NA,NA,NA,NA,NA,NA,1018.8,69.373626112522,6.16,1.68166584076623,0.95,0.0353553390593274,41.84,4.49755489127148,352.2,57.9456642036313,2.24,0.433589667773576,NA,NA,NA,NA,NA,NA,NA,NA,NA,NA,NA,NA,NA,NA,NA,NA,NA,NA,NA,NA,NA,NA,"Bucky","Irving","TBB","RB",24,-4
"RB","16598","robust",NA,NA,NA,NA,NA,NA,1009.5,48.9258,6,1.4826,0.95,0,42.2,6.22692,352.5,63.7518,2.1,0,NA,NA,NA,NA,NA,NA,NA,NA,NA,NA,NA,NA,NA,NA,NA,NA,NA,NA,NA,NA,NA,NA,"Bucky","Irving","TBB","RB",24,-4
"RB","16598","weighted",NA,NA,NA,NA,NA,NA,1014.96378830084,65.979629248188,6.05793871866295,1.59889362266541,0.950208913649025,0.0353707055159001,41.5367688022284,4.41939762797663,348.66573816156,57.1832155196664,2.24150417827298,0.435575094296214,NA,NA,NA,NA,NA,NA,NA,NA,NA,NA,NA,NA,NA,NA,NA,NA,NA,NA,NA,NA,NA,NA,"Bucky","Irving","TBB","RB",24,-4
"RB","17042","average",NA,NA,NA,NA,NA,NA,1080,165.487159622733,7.58,2.22081066279861,0.6,0.282842712474619,60.18,7.8493311816995,409.6,72.6106052860049,3.24,1.33716117203574,NA,NA,NA,NA,NA,NA,NA,NA,NA,NA,NA,NA,NA,NA,NA,NA,NA,NA,NA,NA,NA,NA,"Ashton","Jeanty","LVR","RB",23,-5
"RB","17042","robust",NA,NA,NA,NA,NA,NA,1093,210.5292,7.5,1.4826,0.6,0,60.5,8.74734,406,72.6474,3.1,1.4826,NA,NA,NA,NA,NA,NA,NA,NA,NA,NA,NA,NA,NA,NA,NA,NA,NA,NA,NA,NA,NA,NA,"Ashton","Jeanty","LVR","RB",23,-5
"RB","17042","weighted",NA,NA,NA,NA,NA,NA,1074.37186629526,160.013665193325,7.47186629526462,2.12078935798612,0.601671309192201,0.282965644127201,59.9481894150418,7.74046211082245,409.616991643454,73.4459025264645,3.21225626740947,1.35963474894569,NA,NA,NA,NA,NA,NA,NA,NA,NA,NA,NA,NA,NA,NA,NA,NA,NA,NA,NA,NA,NA,NA,"Ashton","Jeanty","LVR","RB",23,-5
"RB","15253","average",NA,NA,NA,NA,NA,NA,1072.2,91.2589721616456,6.5,2.06155281280883,0.65,0.247487373415292,43.54,3.29514794812008,338.4,39.055089297043,2.72,1.30076900332073,NA,NA,NA,NA,NA,NA,NA,NA,NA,NA,NA,NA,NA,NA,NA,NA,NA,NA,NA,NA,NA,NA,"Travis","Etienne","NOS","RB",27,-1
"RB","15253","robust",NA,NA,NA,NA,NA,NA,1073,133.434,6,1.4826,0.65,0,43.85,4.4478,337.5,50.4084,2.3,0,NA,NA,NA,NA,NA,NA,NA,NA,NA,NA,NA,NA,NA,NA,NA,NA,NA,NA,NA,NA,NA,NA,"Travis","Etienne","NOS","RB",27,-1
"RB","15253","weighted",NA,NA,NA,NA,NA,NA,1070.62534818942,89.6307491659427,6.37186629526462,1.95872961088886,0.651462395543176,0.247594938611301,43.6621169916435,3.26879584521555,339.688022284123,39.7114144142684,2.72451253481894,1.30672528288864,NA,NA,NA,NA,NA,NA,NA,NA,NA,NA,NA,NA,NA,NA,NA,NA,NA,NA,NA,NA,NA,NA,"Travis","Etienne","NOS","RB",27,-1
"RB","17044","average",NA,NA,NA,NA,NA,NA,1072,125.837196408693,9.38,0.567450438364444,0.5,0.353553390593274,51.82,5.74560701753957,334,54.3000920809532,2.02,0.0447213595499958,NA,NA,NA,NA,NA,NA,NA,NA,NA,NA,NA,NA,NA,NA,NA,NA,NA,NA,NA,NA,NA,NA,"Omarion","Hampton","LAC","RB",23,-5
"RB","17044","robust",NA,NA,NA,NA,NA,NA,1073,100.8168,9.45,0.148259999999999,0.5,0,52,5.78214,332,34.0998,2,0,NA,NA,NA,NA,NA,NA,NA,NA,NA,NA,NA,NA,NA,NA,NA,NA,NA,NA,NA,NA,NA,NA,"Omarion","Hampton","LAC","RB",23,-5
"RB","17044","weighted",NA,NA,NA,NA,NA,NA,1067.99025069638,122.565546496181,9.35348189415042,0.559788406164435,0.502089136490251,0.353707055159001,51.5587743732591,5.47702659840451,333.480501392758,53.62151099863,2.01977715877437,0.0445692622940214,NA,NA,NA,NA,NA,NA,NA,NA,NA,NA,NA,NA,NA,NA,NA,NA,NA,NA,NA,NA,NA,NA,"Omarion","Hampton","LAC","RB",23,-5
"RB","17052","average",NA,NA,NA,NA,NA,NA,938.6,122.592006264683,8.16,2.37234061635339,1.65,0.954594154601839,30.86,10.1905838890615,236.4,83.6468768095976,2.3,0.974679434480896,NA,NA,NA,NA,NA,NA,NA,NA,NA,NA,NA,NA,NA,NA,NA,NA,NA,NA,NA,NA,NA,NA,"Bhayshul","Tuten","JAC","RB",23,-5
"RB","17052","robust",NA,NA,NA,NA,NA,NA,948,88.956,7.9,1.4826,1.65,0,31.65,10.3782,233,109.7124,2.25,1.4826,NA,NA,NA,NA,NA,NA,NA,NA,NA,NA,NA,NA,NA,NA,NA,NA,NA,NA,NA,NA,NA,NA,"Bhayshul","Tuten","JAC","RB",23,-5
"RB","17052","weighted",NA,NA,NA,NA,NA,NA,939.281337047354,122.663434166757,8.19442896935933,2.35619318282856,1.65564066852368,0.955009048929303,30.6846796657382,10.0808931830205,234.284122562674,81.8861011801216,2.27994428969359,0.992785250274475,NA,NA,NA,NA,NA,NA,NA,NA,NA,NA,NA,NA,NA,NA,NA,NA,NA,NA,NA,NA,NA,NA,"Bhayshul","Tuten","JAC","RB",23,-5
"RB","15708","average",NA,NA,NA,NA,NA,NA,1083.4,84.0166650135555,6.3,1.6431676725155,1.75,0.176776695296637,46.52,5.63489130329947,410,35.1354521815217,2.18,0.460434577328854,NA,NA,NA,NA,NA,NA,NA,NA,NA,NA,NA,NA,NA,NA,NA,NA,NA,NA,NA,NA,NA,NA,"Breece","Hall","NYJ","RB",25,-2
"RB","15708","robust",NA,NA,NA,NA,NA,NA,1088,96.369,6.25,2.2239,1.75,0,46.8,7.413,411,48.9258,2,0,NA,NA,NA,NA,NA,NA,NA,NA,NA,NA,NA,NA,NA,NA,NA,NA,NA,NA,NA,NA,NA,NA,"Breece","Hall","NYJ","RB",25,-2
"RB","15708","weighted",NA,NA,NA,NA,NA,NA,1085.37186629526,85.2487184217962,6.27298050139276,1.63711277473742,1.75104456824513,0.176853527579501,46.4682451253482,5.60909724862653,409.260445682451,34.5870298478445,2.19888579387187,0.476152255766946,NA,NA,NA,NA,NA,NA,NA,NA,NA,NA,NA,NA,NA,NA,NA,NA,NA,NA,NA,NA,NA,NA,"Breece","Hall","NYJ","RB",25,-2
"RB","17472","average",NA,NA,NA,NA,NA,NA,1046,131.177360851635,7.12,1.21326007104825,1.85,0.81317279836453,53.04,8.21023751178978,410.4,46.6293898737695,1.94,0.134164078649987,NA,NA,NA,NA,NA,NA,NA,NA,NA,NA,NA,NA,NA,NA,NA,NA,NA,NA,NA,NA,NA,NA,"Jeremiyah","Love","ARI","RB",21,-6
"RB","17472","robust",NA,NA,NA,NA,NA,NA,1041.5,179.3946,7,0,1.85,0,52.5,5.63388,402,29.652,2,0,NA,NA,NA,NA,NA,NA,NA,NA,NA,NA,NA,NA,NA,NA,NA,NA,NA,NA,NA,NA,NA,NA,"Jeremiyah","Love","ARI","RB",21,-6
"RB","17472","weighted",NA,NA,NA,NA,NA,NA,1043.40389972145,128.180057282608,7.06573816155989,1.15664852296249,1.85480501392758,0.813526226865703,53.391922005571,8.39492329771053,413.144846796657,47.2251048961382,1.94066852367688,0.133707786882064,NA,NA,NA,NA,NA,NA,NA,NA,NA,NA,NA,NA,NA,NA,NA,NA,NA,NA,NA,NA,NA,NA,"Jeremiyah","Love","ARI","RB",21,-6
"RB","17051","average",NA,NA,NA,NA,NA,NA,1090,153.816449055359,8.02,1.84445113787273,0.5,0.353553390593274,37.66,7.26828728105872,254,50.5667875190821,0.84,0.792464510246358,NA,NA,NA,NA,NA,NA,NA,NA,NA,NA,NA,NA,NA,NA,NA,NA,NA,NA,NA,NA,NA,NA,"Quinshon","Judkins","CLE","RB",23,-5
"RB","17051","robust",NA,NA,NA,NA,NA,NA,1098,200.151,8.05,1.33434,0.5,0,37,7.413,243.5,32.6172,1,1.18608,NA,NA,NA,NA,NA,NA,NA,NA,NA,NA,NA,NA,NA,NA,NA,NA,NA,NA,NA,NA,NA,NA,"Quinshon","Judkins","CLE","RB",23,-5
"RB","17051","weighted",NA,NA,NA,NA,NA,NA,1089.08635097493,153.180203436466,7.94178272980501,1.81549302434858,0.502089136490251,0.353707055159001,37.1693593314763,7.08808392019594,250.527855153203,48.6334428033402,0.811142061281337,0.762326342654509,NA,NA,NA,NA,NA,NA,NA,NA,NA,NA,NA,NA,NA,NA,NA,NA,NA,NA,NA,NA,NA,NA,"Quinshon","Judkins","CLE","RB",23,-5
"RB","14071","average",NA,NA,NA,NA,NA,NA,971.6,68.2627277509477,7.94,1.47241298554448,1.3,0.494974746830583,31,2.54950975679639,230.2,13.6821051011897,0.86,0.497995983919549,NA,NA,NA,NA,NA,NA,NA,NA,NA,NA,NA,NA,NA,NA,NA,NA,NA,NA,NA,NA,NA,NA,"David","Montgomery","HOU","RB",29,1
"RB","14071","robust",NA,NA,NA,NA,NA,NA,974.5,74.13,8,0.44478,1.3,0,31,1.4826,228.5,22.239,1,0,NA,NA,NA,NA,NA,NA,NA,NA,NA,NA,NA,NA,NA,NA,NA,NA,NA,NA,NA,NA,NA,NA,"David","Montgomery","HOU","RB",29,1
"RB","14071","weighted",NA,NA,NA,NA,NA,NA,969.550139275766,66.6834573554746,7.85849582172702,1.42871992974802,1.30292479108635,0.495189877222602,31.041782729805,2.58589320442562,229.889972144847,13.5515841589731,0.857381615598886,0.499662987871256,NA,NA,NA,NA,NA,NA,NA,NA,NA,NA,NA,NA,NA,NA,NA,NA,NA,NA,NA,NA,NA,NA,"David","Montgomery","HOU","RB",29,1
"RB","17473","average",NA,NA,NA,NA,NA,NA,924.6,114.74885620345,9.16,2.10428135001002,1.5,1.06066017177982,26.6,5.59464029227975,227.4,55.0027272051123,0.66,0.477493455452533,NA,NA,NA,NA,NA,NA,NA,NA,NA,NA,NA,NA,NA,NA,NA,NA,NA,NA,NA,NA,NA,NA,"Jadarian","Price","SEA","RB",23,-6
"RB","17473","robust",NA,NA,NA,NA,NA,NA,923,127.5036,9.4,1.4826,1.5,0,26.5,7.413,221,13.3434,0.65,0,NA,NA,NA,NA,NA,NA,NA,NA,NA,NA,NA,NA,NA,NA,NA,NA,NA,NA,NA,NA,NA,NA,"Jadarian","Price","SEA","RB",23,-6
"RB","17473","weighted",NA,NA,NA,NA,NA,NA,919.324512534819,110.654999251387,9.05515320334262,2.09170718024985,1.50626740947075,1.061121165477,26.7576601671309,5.5502086847875,228.738161559889,53.508965202084,0.69025069637883,0.464421834384394,NA,NA,NA,NA,NA,NA,NA,NA,NA,NA,NA,NA,NA,NA,NA,NA,NA,NA,NA,NA,NA,NA,"Jadarian","Price","SEA","RB",23,-6
"RB","16604","average",NA,NA,NA,NA,NA,NA,687.8,232.836208524362,5.3,2.2248595461287,2,0.707106781186548,19.62,5.64995575203913,145.4,36.5417569364145,0.64,0.497995983919549,NA,NA,NA,NA,NA,NA,NA,NA,NA,NA,NA,NA,NA,NA,NA,NA,NA,NA,NA,NA,NA,NA,"MarShawn","Lloyd","GBP","RB",25,-4
"RB","16604","robust",NA,NA,NA,NA,NA,NA,670.5,246.1116,5.25,2.9652,2,0,20,8.8956,147,26.6868,0.6,0,NA,NA,NA,NA,NA,NA,NA,NA,NA,NA,NA,NA,NA,NA,NA,NA,NA,NA,NA,NA,NA,NA,"MarShawn","Lloyd","GBP","RB",25,-4
"RB","16604","weighted",NA,NA,NA,NA,NA,NA,693.949860724234,231.705113306427,5.36072423398329,2.21990248624712,2.0041782729805,0.707414110318002,19.8359331476323,5.65556723042782,147.317548746518,35.8264729242657,0.670473537604457,0.48682672717432,NA,NA,NA,NA,NA,NA,NA,NA,NA,NA,NA,NA,NA,NA,NA,NA,NA,NA,NA,NA,NA,NA,"MarShawn","Lloyd","GBP","RB",25,-4
"RB","14800","average",NA,NA,NA,NA,NA,NA,961.6,118.984452765897,6.22,1.0686440005914,0.7,0.212132034355964,23.06,5.74177672850486,124.6,34.6164700684515,0.5,0.5,NA,NA,NA,NA,NA,NA,NA,NA,NA,NA,NA,NA,NA,NA,NA,NA,NA,NA,NA,NA,NA,NA,"J.K.","Dobbins","DEN","RB",28,0
"RB","14800","robust",NA,NA,NA,NA,NA,NA,958,63.7518,6.05,0,0.7,0,23.5,7.413,124.5,41.5128,0.5,0.7413,NA,NA,NA,NA,NA,NA,NA,NA,NA,NA,NA,NA,NA,NA,NA,NA,NA,NA,NA,NA,NA,NA,"J.K.","Dobbins","DEN","RB",28,0
"RB","14800","weighted",NA,NA,NA,NA,NA,NA,963.821727019499,118.811606117336,6.28161559888579,1.05150989939054,0.70125348189415,0.212224233095401,22.7097493036212,5.59699032711212,123.228412256267,33.91711980467,0.527855153203343,0.500128700443355,NA,NA,NA,NA,NA,NA,NA,NA,NA,NA,NA,NA,NA,NA,NA,NA,NA,NA,NA,NA,NA,NA,"J.K.","Dobbins","DEN","RB",28,0
"RB","17043","average",NA,NA,NA,NA,NA,NA,902.4,97.5925202051879,7.5,0.866025403784439,0.8,0.14142135623731,38.28,5.95751626099333,263.4,38.7981958343426,1.24,0.433589667773576,NA,NA,NA,NA,NA,NA,NA,NA,NA,NA,NA,NA,NA,NA,NA,NA,NA,NA,NA,NA,NA,NA,"TreVeyon","Henderson","NEP","RB",24,-5
"RB","17043","robust",NA,NA,NA,NA,NA,NA,875,53.3736,7.25,0,0.8,0,37.4,5.04084,263,13.3434,1.1,0,NA,NA,NA,NA,NA,NA,NA,NA,NA,NA,NA,NA,NA,NA,NA,NA,NA,NA,NA,NA,NA,NA,"TreVeyon","Henderson","NEP","RB",24,-5
"RB","17043","weighted",NA,NA,NA,NA,NA,NA,895.703342618384,92.7326445277863,7.44150417827298,0.822057698294015,0.8008356545961,0.1414828220636,37.9621169916435,5.68711285327733,261.786908077994,37.549984852958,1.2108635097493,0.410751876811891,NA,NA,NA,NA,NA,NA,NA,NA,NA,NA,NA,NA,NA,NA,NA,NA,NA,NA,NA,NA,NA,NA,"TreVeyon","Henderson","NEP","RB",24,-5
"RB","14823","average",NA,NA,NA,NA,NA,NA,844.2,124.18413747335,5.52,1.28530152104477,1.05,0.0353553390593274,31.94,2.94414673547362,230.6,22.2328585656456,1.18,0.460434577328854,NA,NA,NA,NA,NA,NA,NA,NA,NA,NA,NA,NA,NA,NA,NA,NA,NA,NA,NA,NA,NA,NA,"Rico","Dowdle","PIT","RB",28,0
"RB","14823","robust",NA,NA,NA,NA,NA,NA,834,134.9166,5.5,1.4826,1.05,0,32,2.52042,229.5,19.2738,1,0,NA,NA,NA,NA,NA,NA,NA,NA,NA,NA,NA,NA,NA,NA,NA,NA,NA,NA,NA,NA,NA,NA,"Rico","Dowdle","PIT","RB",28,0
"RB","14823","weighted",NA,NA,NA,NA,NA,NA,844.58635097493,125.167543095672,5.51699164345404,1.28464323483324,1.04979108635097,0.0353707055159001,31.816713091922,2.9659702414691,229.473537604457,22.4133667424893,1.15153203342618,0.433830430156536,NA,NA,NA,NA,NA,NA,NA,NA,NA,NA,NA,NA,NA,NA,NA,NA,NA,NA,NA,NA,NA,NA,"Rico","Dowdle","PIT","RB",28,0
"RB","15742","average",NA,NA,NA,NA,NA,NA,765.8,102.585086635436,4.7,0.447213595499958,0.5,0.353553390593274,42.26,6.65867854757984,321.6,43.0383549871507,1.62,0.521536192416212,NA,NA,NA,NA,NA,NA,NA,NA,NA,NA,NA,NA,NA,NA,NA,NA,NA,NA,NA,NA,NA,NA,"Jaylen","Warren","PIT","RB",28,-2
"RB","15742","robust",NA,NA,NA,NA,NA,NA,780.5,66.717,4.75,0,0.5,0,42.15,7.413,321.5,13.3434,1.55,0,NA,NA,NA,NA,NA,NA,NA,NA,NA,NA,NA,NA,NA,NA,NA,NA,NA,NA,NA,NA,NA,NA,"Jaylen","Warren","PIT","RB",28,-2
"RB","15742","weighted",NA,NA,NA,NA,NA,NA,772.356545961003,98.536285188413,4.72980501392758,0.430094072296952,0.502089136490251,0.353707055159001,42.0816155988858,6.46230922076167,320.037604456825,41.3736353941569,1.6033426183844,0.526637512548962,NA,NA,NA,NA,NA,NA,NA,NA,NA,NA,NA,NA,NA,NA,NA,NA,NA,NA,NA,NA,NA,NA,"Jaylen","Warren","PIT","RB",28,-2
"RB","16597","average",NA,NA,NA,NA,NA,NA,780.4,164.415023644435,3.9,2.30217288664427,1.95,0.0353553390593274,29.4,7.12741187248218,211,49.6940640318338,0.6,0.547722557505166,NA,NA,NA,NA,NA,NA,NA,NA,NA,NA,NA,NA,NA,NA,NA,NA,NA,NA,NA,NA,NA,NA,"Jonathon","Brooks","CAR","RB",23,-4
"RB","16597","robust",NA,NA,NA,NA,NA,NA,779.5,238.6986,4,0,1.95,0,29,7.413,210.5,34.0998,0.5,0,NA,NA,NA,NA,NA,NA,NA,NA,NA,NA,NA,NA,NA,NA,NA,NA,NA,NA,NA,NA,NA,NA,"Jonathon","Brooks","CAR","RB",23,-4
"RB","16597","weighted",NA,NA,NA,NA,NA,NA,785.172701949861,160.619872797343,3.91364902506964,2.30206749709239,1.95020891364903,0.0353707055159001,29.8175487465181,6.99560923421855,214.422005571031,48.9928906823574,0.63091922005571,0.539948165305197,NA,NA,NA,NA,NA,NA,NA,NA,NA,NA,NA,NA,NA,NA,NA,NA,NA,NA,NA,NA,NA,NA,"Jonathon","Brooks","CAR","RB",23,-4
"RB","14085","average",NA,NA,NA,NA,NA,NA,982.2,74.3552284644463,4.94,0.817312669668102,2.4,0.424264068711929,30.68,2.34776489453267,195.4,23.7234061635339,0.2,0.447213595499958,NA,NA,NA,NA,NA,NA,NA,NA,NA,NA,NA,NA,NA,NA,NA,NA,NA,NA,NA,NA,NA,NA,"Tony","Pollard","TEN","RB",29,1
"RB","14085","robust",NA,NA,NA,NA,NA,NA,983.5,111.195,5,0,2.4,0,30.7,2.9652,198,14.826,0,0,NA,NA,NA,NA,NA,NA,NA,NA,NA,NA,NA,NA,NA,NA,NA,NA,NA,NA,NA,NA,NA,NA,"Tony","Pollard","TEN","RB",29,1
"RB","14085","weighted",NA,NA,NA,NA,NA,NA,986.424791086351,74.0959041773819,4.94484679665738,0.817007252120795,2.4025069637883,0.424448466190801,30.7671309192201,2.30412616134033,195.948467966574,23.9432148159983,0.210306406685237,0.455994952015707,NA,NA,NA,NA,NA,NA,NA,NA,NA,NA,NA,NA,NA,NA,NA,NA,NA,NA,NA,NA,NA,NA,"Tony","Pollard","TEN","RB",29,1
"RB","15259","average",NA,NA,NA,NA,NA,NA,731.2,51.2806006205076,6.2,1.30384048104053,2.45,0.388908729652601,38.38,4.10755401668682,327.8,43.3439730527786,1.94,0.606630035524124,NA,NA,NA,NA,NA,NA,NA,NA,NA,NA,NA,NA,NA,NA,NA,NA,NA,NA,NA,NA,NA,NA,"Rhamondre","Stevenson","NEP","RB",28,-1
"RB","15259","robust",NA,NA,NA,NA,NA,NA,735,54.8562,6.5,0,2.45,0,38,5.9304,333,25.2042,2,0,NA,NA,NA,NA,NA,NA,NA,NA,NA,NA,NA,NA,NA,NA,NA,NA,NA,NA,NA,NA,NA,NA,"Rhamondre","Stevenson","NEP","RB",28,-1
"RB","15259","weighted",NA,NA,NA,NA,NA,NA,732.874651810585,49.9789643817967,6.28412256267409,1.24158931262171,2.45229805013928,0.389077760674901,38.5275766016713,4.1772805061858,330.033426183844,41.367254207989,1.92813370473538,0.614955507008526,NA,NA,NA,NA,NA,NA,NA,NA,NA,NA,NA,NA,NA,NA,NA,NA,NA,NA,NA,NA,NA,NA,"Rhamondre","Stevenson","NEP","RB",28,-1
"RB","17068","average",NA,NA,NA,NA,NA,NA,483.8,160.75820352318,4.56,1.50598804776134,0.75,0.176776695296637,46.94,3.43773181036567,346.4,20.1816748561659,3.5,0.707106781186548,NA,NA,NA,NA,NA,NA,NA,NA,NA,NA,NA,NA,NA,NA,NA,NA,NA,NA,NA,NA,NA,NA,"RJ","Harvey","DEN","RB",25,-5
"RB","17068","robust",NA,NA,NA,NA,NA,NA,470,143.8122,4.5,1.77912,0.75,0,46.85,1.4826,347.5,17.7912,3.5,0,NA,NA,NA,NA,NA,NA,NA,NA,NA,NA,NA,NA,NA,NA,NA,NA,NA,NA,NA,NA,NA,NA,"RJ","Harvey","DEN","RB",25,-5
"RB","17068","weighted",NA,NA,NA,NA,NA,NA,472.58356545961,156.112066663503,4.47576601671309,1.51044739894221,0.751044568245125,0.176853527579501,46.8041782729805,3.33168202426248,345.91643454039,20.1224054187564,3.49860724233983,0.706194308463066,NA,NA,NA,NA,NA,NA,NA,NA,NA,NA,NA,NA,NA,NA,NA,NA,NA,NA,NA,NA,NA,NA,"RJ","Harvey","DEN","RB",25,-5
"RB","15972","average",NA,NA,NA,NA,NA,NA,848.2,68.3498354058003,6.3,1.48323969741913,0.75,0.176776695296637,15.58,3.36630361078736,83.4,24.7345911629847,0.04,0.0894427190999916,NA,NA,NA,NA,NA,NA,NA,NA,NA,NA,NA,NA,NA,NA,NA,NA,NA,NA,NA,NA,NA,NA,"Jordan","Mason","MIN","RB",27,-2
"RB","15972","robust",NA,NA,NA,NA,NA,NA,856,68.1996,6.25,1.4826,0.75,0,15.5,4.29954,82,25.2042,0,0,NA,NA,NA,NA,NA,NA,NA,NA,NA,NA,NA,NA,NA,NA,NA,NA,NA,NA,NA,NA,NA,NA,"Jordan","Mason","MIN","RB",27,-2
"RB","15972","weighted",NA,NA,NA,NA,NA,NA,849.1643454039,68.7378360852057,6.25626740947075,1.45696598484573,0.751044568245125,0.176853527579501,15.3743732590529,3.30597389153503,82.0640668523677,23.5863889049407,0.0395543175487465,0.0891385245880428,NA,NA,NA,NA,NA,NA,NA,NA,NA,NA,NA,NA,NA,NA,NA,NA,NA,NA,NA,NA,NA,NA,"Jordan","Mason","MIN","RB",27,-2
"RB","17256","average",NA,NA,NA,NA,NA,NA,807.4,44.7303029276574,7.22,0.861394218694321,1.6,0.282842712474619,14.3,4.96990945591567,100.8,32.4684462209081,0.2,0.447213595499958,NA,NA,NA,NA,NA,NA,NA,NA,NA,NA,NA,NA,NA,NA,NA,NA,NA,NA,NA,NA,NA,NA,"Jacory","Croskey-Merritt","WAS","RB",25,-5
"RB","17256","robust",NA,NA,NA,NA,NA,NA,804.5,65.2344,7.05,1.4826,1.6,0,14,5.1891,100,19.2738,0,0,NA,NA,NA,NA,NA,NA,NA,NA,NA,NA,NA,NA,NA,NA,NA,NA,NA,NA,NA,NA,NA,NA,"Jacory","Croskey-Merritt","WAS","RB",25,-5
"RB","17256","weighted",NA,NA,NA,NA,NA,NA,808.533426183844,45.088169586409,7.24818941504178,0.830551102120902,1.6016713091922,0.282965644127201,14.0807799442897,4.7691893483772,99.5696378830084,31.3529084677748,0.21866295264624,0.462499522480005,NA,NA,NA,NA,NA,NA,NA,NA,NA,NA,NA,NA,NA,NA,NA,NA,NA,NA,NA,NA,NA,NA,"Jacory","Croskey-Merritt","WAS","RB",25,-5
"RB","15261","average",NA,NA,NA,NA,NA,NA,761,29.3001706479672,5.44,1.21161049846888,1.15,0.106066017177982,35.16,3.3508207949695,242,37.4966665185054,1.6,0.894427190999916,NA,NA,NA,NA,NA,NA,NA,NA,NA,NA,NA,NA,NA,NA,NA,NA,NA,NA,NA,NA,NA,NA,"Chuba","Hubbard","CAR","RB",27,-1
"RB","15261","robust",NA,NA,NA,NA,NA,NA,767,4.4478,5.5,1.4826,1.15,0,34,1.4826,236,26.6868,1.5,0,NA,NA,NA,NA,NA,NA,NA,NA,NA,NA,NA,NA,NA,NA,NA,NA,NA,NA,NA,NA,NA,NA,"Chuba","Hubbard","CAR","RB",27,-1
"RB","15261","weighted",NA,NA,NA,NA,NA,NA,760.160167130919,28.8642406605463,5.42674094707521,1.2278107388381,1.14937325905292,0.1061121165477,35.3155988857939,3.44579306311117,244.019498607242,38.1949815304481,1.6016713091922,0.897635246543248,NA,NA,NA,NA,NA,NA,NA,NA,NA,NA,NA,NA,NA,NA,NA,NA,NA,NA,NA,NA,NA,NA,"Chuba","Hubbard","CAR","RB",27,-1
"RB","17066","average",NA,NA,NA,NA,NA,NA,807.8,36.8944440261674,5.04,0.712741187248218,0.5,0.353553390593274,24.82,3.28816058002039,215.2,34.4847792511421,0.4,0.547722557505166,NA,NA,NA,NA,NA,NA,NA,NA,NA,NA,NA,NA,NA,NA,NA,NA,NA,NA,NA,NA,NA,NA,"Kyle","Monangai","CHI","RB",24,-5
"RB","17066","robust",NA,NA,NA,NA,NA,NA,811,56.3388,5,0.29652,0.5,0,25.05,2.9652,216,32.6172,0.5,0,NA,NA,NA,NA,NA,NA,NA,NA,NA,NA,NA,NA,NA,NA,NA,NA,NA,NA,NA,NA,NA,NA,"Kyle","Monangai","CHI","RB",24,-5
"RB","17066","weighted",NA,NA,NA,NA,NA,NA,807.133704735376,36.9052939139135,5.04791086350975,0.737635361686941,0.502089136490251,0.353707055159001,24.6924791086351,3.28202800224747,213.91643454039,34.6880851733631,0.389972144846797,0.545752963639882,NA,NA,NA,NA,NA,NA,NA,NA,NA,NA,NA,NA,NA,NA,NA,NA,NA,NA,NA,NA,NA,NA,"Kyle","Monangai","CHI","RB",24,-5
"RB","16593","average",NA,NA,NA,NA,NA,NA,787.2,71.0542046609488,6.04,1.14367827643966,0.5,0.353553390593274,12.74,4.10950118627553,84.8,30.3100643351346,0.2,0.447213595499958,NA,NA,NA,NA,NA,NA,NA,NA,NA,NA,NA,NA,NA,NA,NA,NA,NA,NA,NA,NA,NA,NA,"Blake","Corum","LAR","RB",26,-4
"RB","16593","robust",NA,NA,NA,NA,NA,NA,791,47.4432,6,1.4826,0.5,0,13,2.52042,89,16.3086,0,0,NA,NA,NA,NA,NA,NA,NA,NA,NA,NA,NA,NA,NA,NA,NA,NA,NA,NA,NA,NA,NA,NA,"Blake","Corum","LAR","RB",26,-4
"RB","16593","weighted",NA,NA,NA,NA,NA,NA,789.955431754875,70.5422563443558,6.03398328690808,1.13537194297592,0.502089136490251,0.353707055159001,12.7972144846797,4.17537665294981,85.3955431754875,30.807106850575,0.21866295264624,0.462499522480005,NA,NA,NA,NA,NA,NA,NA,NA,NA,NA,NA,NA,NA,NA,NA,NA,NA,NA,NA,NA,NA,NA,"Blake","Corum","LAR","RB",26,-4
"RB","15255","average",NA,NA,NA,NA,NA,NA,453.2,86.021508938172,3.36,1.53231850475024,0.75,0.176776695296637,46.62,9.49852620146936,326,69.0108687092113,1.94,0.134164078649987,NA,NA,NA,NA,NA,NA,NA,NA,NA,NA,NA,NA,NA,NA,NA,NA,NA,NA,NA,NA,NA,NA,"Kenneth","Gainwell","TBB","RB",27,-1
"RB","15255","robust",NA,NA,NA,NA,NA,NA,458.5,84.5082,3.4,1.4826,0.75,0,45.5,10.22994,308.5,53.3736,2,0,NA,NA,NA,NA,NA,NA,NA,NA,NA,NA,NA,NA,NA,NA,NA,NA,NA,NA,NA,NA,NA,NA,"Kenneth","Gainwell","TBB","RB",27,-1
"RB","15255","weighted",NA,NA,NA,NA,NA,NA,458.440111420613,83.6089460656553,3.46740947075209,1.48510160200582,0.751044568245125,0.176853527579501,46.8693593314763,9.51340162201229,327.671309192201,68.6951005889618,1.94066852367688,0.133707786882064,NA,NA,NA,NA,NA,NA,NA,NA,NA,NA,NA,NA,NA,NA,NA,NA,NA,NA,NA,NA,NA,NA,"Kenneth","Gainwell","TBB","RB",27,-1
"RB","15721","average",NA,NA,NA,NA,NA,NA,583.4,71.577231016574,4.28,1.51393526942205,0.65,0.247487373415292,36.28,7.442580197754,236,61.9717677656528,1.4,0.894427190999916,NA,NA,NA,NA,NA,NA,NA,NA,NA,NA,NA,NA,NA,NA,NA,NA,NA,NA,NA,NA,NA,NA,"Rachaad","White","WAS","RB",27,-2
"RB","15721","robust",NA,NA,NA,NA,NA,NA,556,16.3086,4.2,1.4826,0.65,0,37.2,2.9652,238.5,72.6474,1.5,0,NA,NA,NA,NA,NA,NA,NA,NA,NA,NA,NA,NA,NA,NA,NA,NA,NA,NA,NA,NA,NA,NA,"Rachaad","White","WAS","RB",27,-2
"RB","15721","weighted",NA,NA,NA,NA,NA,NA,584.045961002785,71.7413175332666,4.34512534818941,1.49923035008744,0.651462395543176,0.247594938611301,36.2309192200557,7.43754505357121,236.604456824513,62.5863157646465,1.4025069637883,0.892372348342519,NA,NA,NA,NA,NA,NA,NA,NA,NA,NA,NA,NA,NA,NA,NA,NA,NA,NA,NA,NA,NA,NA,"Rachaad","White","WAS","RB",27,-2
"RB","16174","average",NA,NA,NA,NA,NA,NA,554.6,97.2435087807921,5.04,1.8729655629509,0.5,0.353553390593274,7.3,4.17731971484108,56.2,27.3258119732973,0.2,0.447213595499958,NA,NA,NA,NA,NA,NA,NA,NA,NA,NA,NA,NA,NA,NA,NA,NA,NA,NA,NA,NA,NA,NA,"Chris","Rodriguez","JAC","RB",26,-3
"RB","16174","robust",NA,NA,NA,NA,NA,NA,556,75.6126,5,1.4826,0.5,0,7,5.1891,53.5,22.239,0,0,NA,NA,NA,NA,NA,NA,NA,NA,NA,NA,NA,NA,NA,NA,NA,NA,NA,NA,NA,NA,NA,NA,"Chris","Rodriguez","JAC","RB",26,-3
"RB","16174","weighted",NA,NA,NA,NA,NA,NA,551.885793871866,99.0860685978541,4.99777158774373,1.90889384025718,0.502089136490251,0.353707055159001,7.11838440111421,4.12993857349871,55.0738161559889,27.2527858778355,0.197771587743733,0.445692622940214,NA,NA,NA,NA,NA,NA,NA,NA,NA,NA,NA,NA,NA,NA,NA,NA,NA,NA,NA,NA,NA,NA,"Chris","Rodriguez","JAC","RB",26,-3
"RB","13319","average",NA,NA,NA,NA,NA,NA,640,81.6792507311373,2.86,0.497995983919549,1.35,0.247487373415292,37.02,6.42666320885108,266.8,55.287430759622,1.42,0.53103672189407,NA,NA,NA,NA,NA,NA,NA,NA,NA,NA,NA,NA,NA,NA,NA,NA,NA,NA,NA,NA,NA,NA,"Aaron","Jones","MIN","RB",32,3
"RB","13319","robust",NA,NA,NA,NA,NA,NA,639.5,77.0952,3,0,1.35,0,37,5.78214,268,77.0952,1.5,0.14826,NA,NA,NA,NA,NA,NA,NA,NA,NA,NA,NA,NA,NA,NA,NA,NA,NA,NA,NA,NA,NA,NA,"Aaron","Jones","MIN","RB",32,3
"RB","13319","weighted",NA,NA,NA,NA,NA,NA,642.857938718663,78.8695941748213,2.88802228412256,0.470178184763692,1.34853760445682,0.247594938611301,37.4181058495822,6.45651967132722,269.898328690808,55.6173377691096,1.44038997214485,0.535041441367316,NA,NA,NA,NA,NA,NA,NA,NA,NA,NA,NA,NA,NA,NA,NA,NA,NA,NA,NA,NA,NA,NA,"Aaron","Jones","MIN","RB",32,3
"RB","17053","average",NA,NA,NA,NA,NA,NA,597.2,77.9628116476054,2.66,0.477493455452533,0.9,0.0707106781186547,24.76,4.31138028942008,199,27.4681633896407,1.7,0.836660026534076,NA,NA,NA,NA,NA,NA,NA,NA,NA,NA,NA,NA,NA,NA,NA,NA,NA,NA,NA,NA,NA,NA,"Woody","Marks","HOU","RB",26,-5
"RB","17053","robust",NA,NA,NA,NA,NA,NA,586.5,50.4084,2.65,0,0.9,0,24,4.4478,199,29.652,1.5,0.7413,NA,NA,NA,NA,NA,NA,NA,NA,NA,NA,NA,NA,NA,NA,NA,NA,NA,NA,NA,NA,NA,NA,"Woody","Marks","HOU","RB",26,-5
"RB","17053","weighted",NA,NA,NA,NA,NA,NA,597.530640668524,77.8668792804485,2.65125348189415,0.482038995090607,0.90041782729805,0.0707414110318002,24.591364902507,4.15363097872977,198.125348189415,26.5820257999546,1.67409470752089,0.847844779294108,NA,NA,NA,NA,NA,NA,NA,NA,NA,NA,NA,NA,NA,NA,NA,NA,NA,NA,NA,NA,NA,NA,"Woody","Marks","HOU","RB",26,-5
"RB","17482","average",NA,NA,NA,NA,NA,NA,407.2,115.456485309401,2,1.4142135623731,1.4,0.424264068711929,18.24,9.31063907580999,133.4,75.0286611902412,0.2,0.447213595499958,NA,NA,NA,NA,NA,NA,NA,NA,NA,NA,NA,NA,NA,NA,NA,NA,NA,NA,NA,NA,NA,NA,"Mike","Washington Jr.","LVR","RB",23,-6
"RB","17482","robust",NA,NA,NA,NA,NA,NA,368,13.3434,2,0,1.4,0,18,13.3434,130,97.8516,0,0,NA,NA,NA,NA,NA,NA,NA,NA,NA,NA,NA,NA,NA,NA,NA,NA,NA,NA,NA,NA,NA,NA,"Mike","Washington Jr.","LVR","RB",23,-6
"RB","17482","weighted",NA,NA,NA,NA,NA,NA,407.533426183844,116.008382434097,2.008356545961,1.414828220636,1.4025069637883,0.424448466190801,17.9740947075209,9.47334378218225,131.473537604457,76.3801478519441,0.201949860724234,0.449201651147306,NA,NA,NA,NA,NA,NA,NA,NA,NA,NA,NA,NA,NA,NA,NA,NA,NA,NA,NA,NA,NA,NA,"Mike","Washington Jr.","LVR","RB",23,-6
"RB","14073","average",NA,NA,NA,NA,NA,NA,768.8,246.940681136179,7.96,3.03446865200483,1.7,0.494974746830583,26,10.8857705285386,207,81.9878039710785,0.98,0.0447213595499958,NA,NA,NA,NA,NA,NA,NA,NA,NA,NA,NA,NA,NA,NA,NA,NA,NA,NA,NA,NA,NA,NA,"Josh","Jacobs","GBP","RB",28,1
"RB","14073","robust",NA,NA,NA,NA,NA,NA,735,191.2554,8,4.15128,1.7,0,24,4.4478,196,56.3388,1,0,NA,NA,NA,NA,NA,NA,NA,NA,NA,NA,NA,NA,NA,NA,NA,NA,NA,NA,NA,NA,NA,NA,"Josh","Jacobs","GBP","RB",28,1
"RB","14073","weighted",NA,NA,NA,NA,NA,NA,754.760445682451,236.90878206544,7.82256267409471,3.00939792550958,1.69707520891365,0.495189877222601,25.3231197771588,10.4016628945257,201.777158774373,78.6402840856967,0.980222841225627,0.0445692622940214,NA,NA,NA,NA,NA,NA,NA,NA,NA,NA,NA,NA,NA,NA,NA,NA,NA,NA,NA,NA,NA,NA,"Josh","Jacobs","GBP","RB",28,1
"RB","17485","average",NA,NA,NA,NA,NA,NA,343.4,150.778977314478,2.3,1.56524758424985,1,0.707106781186548,10.02,4.33612730440424,83.2,44.6844491965605,0.46,0.638748776906853,NA,NA,NA,NA,NA,NA,NA,NA,NA,NA,NA,NA,NA,NA,NA,NA,NA,NA,NA,NA,NA,NA,"Kaelon","Black","SFO","RB",25,-6
"RB","17485","robust",NA,NA,NA,NA,NA,NA,311,91.9212,2,0.7413,1,0,10,2.9652,87.5,26.6868,0.5,0,NA,NA,NA,NA,NA,NA,NA,NA,NA,NA,NA,NA,NA,NA,NA,NA,NA,NA,NA,NA,NA,NA,"Kaelon","Black","SFO","RB",25,-6
"RB","17485","weighted",NA,NA,NA,NA,NA,NA,342.306406685237,151.683280269397,2.2966573816156,1.57817003483046,1.0041782729805,0.707414110318002,10.0587743732591,4.28736204439527,83.5278551532033,44.3780142306747,0.459052924791086,0.638336170503762,NA,NA,NA,NA,NA,NA,NA,NA,NA,NA,NA,NA,NA,NA,NA,NA,NA,NA,NA,NA,NA,NA,"Kaelon","Black","SFO","RB",25,-6
"RB","16596","average",NA,NA,NA,NA,NA,NA,386.8,103.146497759255,3.02,1.84445113787273,1.65,0.954594154601839,13.4,2.07364413533277,100.6,15.7257750206468,0.24,0.433589667773576,NA,NA,NA,NA,NA,NA,NA,NA,NA,NA,NA,NA,NA,NA,NA,NA,NA,NA,NA,NA,NA,NA,"Braelon","Allen","NYJ","RB",22,-4
"RB","16596","robust",NA,NA,NA,NA,NA,NA,372,35.5824,3,1.4826,1.65,0,14,1.4826,100.5,19.2738,0.1,0,NA,NA,NA,NA,NA,NA,NA,NA,NA,NA,NA,NA,NA,NA,NA,NA,NA,NA,NA,NA,NA,NA,"Braelon","Allen","NYJ","RB",22,-4
"RB","16596","weighted",NA,NA,NA,NA,NA,NA,386.242339832869,103.520788905937,3.05877437325905,1.83837791955453,1.65564066852368,0.955009048929303,13.3133704735376,2.08895253419911,99.6768802228412,15.5826555834865,0.241504178272981,0.435575094296214,NA,NA,NA,NA,NA,NA,NA,NA,NA,NA,NA,NA,NA,NA,NA,NA,NA,NA,NA,NA,NA,NA,"Braelon","Allen","NYJ","RB",22,-4
"RB","16164","average",NA,NA,NA,NA,NA,NA,465.8,112.723999219332,3.44,0.876356092008266,0.75,0.176776695296637,6.4,3.04959013639538,50.4,27.4554184087586,0,0,NA,NA,NA,NA,NA,NA,NA,NA,NA,NA,NA,NA,NA,NA,NA,NA,NA,NA,NA,NA,NA,NA,"Tank","Bigsby","PHI","RB",25,-3
"RB","16164","robust",NA,NA,NA,NA,NA,NA,456,120.0906,3.1,0,0.75,0,6,1.4826,48,8.8956,0,0,NA,NA,NA,NA,NA,NA,NA,NA,NA,NA,NA,NA,NA,NA,NA,NA,NA,NA,NA,NA,NA,NA,"Tank","Bigsby","PHI","RB",25,-3
"RB","16164","weighted",NA,NA,NA,NA,NA,NA,463.727019498607,114.50717680081,3.44345403899721,0.880380540313966,0.751044568245125,0.176853527579501,6.20055710306407,2.94480616482491,48.5445682451253,26.534534233881,0,0,NA,NA,NA,NA,NA,NA,NA,NA,NA,NA,NA,NA,NA,NA,NA,NA,NA,NA,NA,NA,NA,NA,"Tank","Bigsby","PHI","RB",25,-3
"RB","17055","average",NA,NA,NA,NA,NA,NA,264.4,138.88952444299,1.4,1.51657508881031,1,0.707106781186548,11.72,8.8313079439005,93.8,86.5372752055437,0.2,0.447213595499958,NA,NA,NA,NA,NA,NA,NA,NA,NA,NA,NA,NA,NA,NA,NA,NA,NA,NA,NA,NA,NA,NA,"Jordan","James","SFO","RB",22,-5
"RB","17055","robust",NA,NA,NA,NA,NA,NA,226.5,91.9212,1,0,1,0,11.5,5.33736,77.5,25.2042,0,0,NA,NA,NA,NA,NA,NA,NA,NA,NA,NA,NA,NA,NA,NA,NA,NA,NA,NA,NA,NA,NA,NA,"Jordan","James","SFO","RB",22,-5
"RB","17055","weighted",NA,NA,NA,NA,NA,NA,261.912256267409,140.430154929165,1.40807799442897,1.52141811560963,1.0041782729805,0.707414110318002,11.3596100278552,8.87887447446358,91.6866295264624,87.4667965917801,0.201949860724234,0.449201651147306,NA,NA,NA,NA,NA,NA,NA,NA,NA,NA,NA,NA,NA,NA,NA,NA,NA,NA,NA,NA,NA,NA,"Jordan","James","SFO","RB",22,-5
"RB","16165","average",NA,NA,NA,NA,NA,NA,383.8,42.0499702734734,2.88,0.878635305459552,0.5,0.353553390593274,47.72,5.91540362105579,309.8,32.3836378438248,1.04,0.638748776906853,NA,NA,NA,NA,NA,NA,NA,NA,NA,NA,NA,NA,NA,NA,NA,NA,NA,NA,NA,NA,NA,NA,"Tyjae","Spears","TEN","RB",25,-3
"RB","16165","robust",NA,NA,NA,NA,NA,NA,382,51.891,3,1.4826,0.5,0,48.5,4.4478,317,17.7912,1,0,NA,NA,NA,NA,NA,NA,NA,NA,NA,NA,NA,NA,NA,NA,NA,NA,NA,NA,NA,NA,NA,NA,"Tyjae","Spears","TEN","RB",25,-3
"RB","16165","weighted",NA,NA,NA,NA,NA,NA,384.494428969359,43.4020975642337,2.89944289693593,0.870396310660607,0.502089136490251,0.353707055159001,47.6743732590529,6.0236163469319,309.356545961003,33.1419690805156,1.06044568245125,0.65396221544998,NA,NA,NA,NA,NA,NA,NA,NA,NA,NA,NA,NA,NA,NA,NA,NA,NA,NA,NA,NA,NA,NA,"Tyjae","Spears","TEN","RB",25,-3
"RB","17047","average",NA,NA,NA,NA,NA,NA,234.2,44.4825808603772,0.8,0.836660026534076,1.65,0.247487373415292,34.44,7.18108626880363,265,64.8806596760545,1.86,0.773304597167248,NA,NA,NA,NA,NA,NA,NA,NA,NA,NA,NA,NA,NA,NA,NA,NA,NA,NA,NA,NA,NA,NA,"Dylan","Sampson","CLE","RB",22,-5
"RB","17047","robust",NA,NA,NA,NA,NA,NA,236,13.3434,1,1.4826,1.65,0,35,5.63388,263.5,45.9606,2,1.03782,NA,NA,NA,NA,NA,NA,NA,NA,NA,NA,NA,NA,NA,NA,NA,NA,NA,NA,NA,NA,NA,NA,"Dylan","Sampson","CLE","RB",22,-5
"RB","17047","weighted",NA,NA,NA,NA,NA,NA,236.433147632312,42.5738438678071,0.832869080779944,0.82460039109335,1.65146239554318,0.247594938611301,34.5479108635097,7.22134375935316,265.495821727019,65.6588838871861,1.84484679665738,0.786005052235983,NA,NA,NA,NA,NA,NA,NA,NA,NA,NA,NA,NA,NA,NA,NA,NA,NA,NA,NA,NA,NA,NA,"Dylan","Sampson","CLE","RB",22,-5
"RB","16169","average",NA,NA,NA,NA,NA,NA,492.6,52.9650828376582,5.6,1.67332005306815,0.5,0.353553390593274,16.74,2.6717035763722,123.6,18.6225669551756,0.2,0.447213595499958,NA,NA,NA,NA,NA,NA,NA,NA,NA,NA,NA,NA,NA,NA,NA,NA,NA,NA,NA,NA,NA,NA,"Zach","Charbonnet","SEA","RB",25,-3
"RB","16169","robust",NA,NA,NA,NA,NA,NA,493,72.6474,6,1.4826,0.5,0,16.85,3.40998,122.5,23.7216,0,0,NA,NA,NA,NA,NA,NA,NA,NA,NA,NA,NA,NA,NA,NA,NA,NA,NA,NA,NA,NA,NA,NA,"Zach","Charbonnet","SEA","RB",25,-3
"RB","16169","weighted",NA,NA,NA,NA,NA,NA,494.399721448468,54.0044774077243,5.6142061281337,1.70858860101802,0.502089136490251,0.353707055159001,16.8793871866295,2.70299905074167,124.598885793872,18.6908381048023,0.210306406685237,0.455994952015707,NA,NA,NA,NA,NA,NA,NA,NA,NA,NA,NA,NA,NA,NA,NA,NA,NA,NA,NA,NA,NA,NA,"Zach","Charbonnet","SEA","RB",25,-3
"RB","15738","average",NA,NA,NA,NA,NA,NA,384.5,118.705517984633,2.8,0.979795897113271,0.75,0.204124145231932,9.35,1.07548438699345,67.5,10.4721853816033,0,0,NA,NA,NA,NA,NA,NA,NA,NA,NA,NA,NA,NA,NA,NA,NA,NA,NA,NA,NA,NA,NA,NA,"Malik","Davis","DAL","RB",28,-2
"RB","15738","robust",NA,NA,NA,NA,NA,NA,362,64.4931,2.8,0.88956,0.75,0.185325,9.35,1.03782,67.5,12.6021,0,0,NA,NA,NA,NA,NA,NA,NA,NA,NA,NA,NA,NA,NA,NA,NA,NA,NA,NA,NA,NA,NA,NA,"Malik","Davis","DAL","RB",28,-2
"RB","15738","weighted",NA,NA,NA,NA,NA,NA,381.951260504202,118.470012581195,2.77378151260504,0.979847583263882,0.751260504201681,0.200534449783081,9.32403361344538,1.08373082645158,67.4823529411765,10.4773525538023,0,0,NA,NA,NA,NA,NA,NA,NA,NA,NA,NA,NA,NA,NA,NA,NA,NA,NA,NA,NA,NA,NA,NA,"Malik","Davis","DAL","RB",28,-2
"RB","15716","average",NA,NA,NA,NA,NA,NA,482.2,59.4112783905548,3.9,0.894427190999916,0.8,0.14142135623731,9.04,3.25699247773156,59.8,29.3035833986221,0,0,NA,NA,NA,NA,NA,NA,NA,NA,NA,NA,NA,NA,NA,NA,NA,NA,NA,NA,NA,NA,NA,NA,"Brian","Robinson","ATL","RB",27,-2
"RB","15716","robust",NA,NA,NA,NA,NA,NA,481,51.891,4,0,0.8,0,9,1.77912,58,5.9304,0,0,NA,NA,NA,NA,NA,NA,NA,NA,NA,NA,NA,NA,NA,NA,NA,NA,NA,NA,NA,NA,NA,NA,"Brian","Robinson","ATL","RB",27,-2
"RB","15716","weighted",NA,NA,NA,NA,NA,NA,485.228412256267,59.6635557504423,3.87465181058496,0.86714361035282,0.8008356545961,0.1414828220636,8.91281337047354,3.17802536933812,58.4108635097493,28.0632751831013,0,0,NA,NA,NA,NA,NA,NA,NA,NA,NA,NA,NA,NA,NA,NA,NA,NA,NA,NA,NA,NA,NA,NA,"Brian","Robinson","ATL","RB",27,-2
"RB","15712","average",NA,NA,NA,NA,NA,NA,413,42.5029410747068,3.9,1.02469507659596,0.5,0.353553390593274,18.66,2.00698779268834,130.2,23.4776489453267,0.06,0.134164078649987,NA,NA,NA,NA,NA,NA,NA,NA,NA,NA,NA,NA,NA,NA,NA,NA,NA,NA,NA,NA,NA,NA,"Tyler","Allgeier","ARI","RB",26,-2
"RB","15712","robust",NA,NA,NA,NA,NA,NA,416.5,32.6172,4,0.7413,0.5,0,18.5,2.9652,128,25.2042,0,0,NA,NA,NA,NA,NA,NA,NA,NA,NA,NA,NA,NA,NA,NA,NA,NA,NA,NA,NA,NA,NA,NA,"Tyler","Allgeier","ARI","RB",26,-2
"RB","15712","weighted",NA,NA,NA,NA,NA,NA,410.824512534819,41.1418107039386,3.84540389972145,1.01802788232612,0.502089136490251,0.353707055159001,18.5649025069638,1.9626622612588,129.541782729805,23.3449232255421,0.0593314763231198,0.133707786882064,NA,NA,NA,NA,NA,NA,NA,NA,NA,NA,NA,NA,NA,NA,NA,NA,NA,NA,NA,NA,NA,NA,"Tyler","Allgeier","ARI","RB",26,-2
"RB","14086","average",NA,NA,NA,NA,NA,NA,263.4,39.3738491895319,2.1,0.547722557505166,0,0,29.38,5.61444565384687,240.2,62.0660938032997,1.48,0.501996015920445,NA,NA,NA,NA,NA,NA,NA,NA,NA,NA,NA,NA,NA,NA,NA,NA,NA,NA,NA,NA,NA,NA,"Justice","Hill","BAL","RB",29,1
"RB","14086","robust",NA,NA,NA,NA,NA,NA,263,32.6172,2,0,0,0,28,2.9652,222,7.413,1.5,0.59304,NA,NA,NA,NA,NA,NA,NA,NA,NA,NA,NA,NA,NA,NA,NA,NA,NA,NA,NA,NA,NA,NA,"Justice","Hill","BAL","RB",29,1
"RB","14086","weighted",NA,NA,NA,NA,NA,NA,263.483286908078,39.5444046348456,2.10306406685237,0.549042753252792,0,0,29.5596100278552,5.80397096305234,242.494428969359,64.1440849668242,1.49972144846797,0.503563497099415,NA,NA,NA,NA,NA,NA,NA,NA,NA,NA,NA,NA,NA,NA,NA,NA,NA,NA,NA,NA,NA,NA,"Justice","Hill","BAL","RB",29,1
"RB","14805","average",NA,NA,NA,NA,NA,NA,279.5,357.088924499206,1.5,2.12132034355964,2.75,3.18198051533946,9.7,11.7379725676967,78,96.1665222413705,0.5,0.707106781186548,NA,NA,NA,NA,NA,NA,NA,NA,NA,NA,NA,NA,NA,NA,NA,NA,NA,NA,NA,NA,NA,NA,"AJ","Dillon","CAR","RB",28,0
"RB","14805","robust",NA,NA,NA,NA,NA,NA,279.5,374.3565,1.5,2.2239,2.75,3.33585,9.7,12.30558,78,100.8168,0.5,0.7413,NA,NA,NA,NA,NA,NA,NA,NA,NA,NA,NA,NA,NA,NA,NA,NA,NA,NA,NA,NA,NA,NA,"AJ","Dillon","CAR","RB",28,0
"RB","14805","weighted",NA,NA,NA,NA,NA,NA,282.1393728223,357.088924499207,1.51567944250871,2.12132034355964,2.77351916376307,3.18198051533946,9.78675958188153,11.7379725676967,78.7108013937282,96.1665222413705,0.505226480836237,0.707106781186548,NA,NA,NA,NA,NA,NA,NA,NA,NA,NA,NA,NA,NA,NA,NA,NA,NA,NA,NA,NA,NA,NA,"AJ","Dillon","CAR","RB",28,0
"RB","16432","average",NA,NA,NA,NA,NA,NA,271.2,212.924164903846,1.1,1.34164078649987,0.5,0.353553390593274,7.48,6.02096337806501,49.4,37.3670978268316,0,0,NA,NA,NA,NA,NA,NA,NA,NA,NA,NA,NA,NA,NA,NA,NA,NA,NA,NA,NA,NA,NA,NA,"Emanuel","Wilson","SEA","RB",27,-3
"RB","16432","robust",NA,NA,NA,NA,NA,NA,272,293.5548,1,0.7413,0.5,0,7.5,8.30256,49.5,51.891,0,0,NA,NA,NA,NA,NA,NA,NA,NA,NA,NA,NA,NA,NA,NA,NA,NA,NA,NA,NA,NA,NA,NA,"Emanuel","Wilson","SEA","RB",27,-3
"RB","16432","weighted",NA,NA,NA,NA,NA,NA,260.860724233983,214.857163811856,1.04735376044568,1.34982520879864,0.502089136490251,0.353707055159001,7.15710306406685,6.0462997608412,47.4902506963788,37.552795063251,0,0,NA,NA,NA,NA,NA,NA,NA,NA,NA,NA,NA,NA,NA,NA,NA,NA,NA,NA,NA,NA,NA,NA,"Emanuel","Wilson","SEA","RB",27,-3
"RB","16747","average",NA,NA,NA,NA,NA,NA,381,174.801315784521,1.7,0.447213595499958,0.6,0.282842712474619,19.44,6.37714669738748,149.8,53.2231152789838,0.98,0.708519583356734,NA,NA,NA,NA,NA,NA,NA,NA,NA,NA,NA,NA,NA,NA,NA,NA,NA,NA,NA,NA,NA,NA,"Tyrone","Tracy","NYG","RB",27,-4
"RB","16747","robust",NA,NA,NA,NA,NA,NA,368,45.9606,1.75,0,0.6,0,19.1,6.22692,151.5,75.6126,1,0.14826,NA,NA,NA,NA,NA,NA,NA,NA,NA,NA,NA,NA,NA,NA,NA,NA,NA,NA,NA,NA,NA,NA,"Tyrone","Tracy","NYG","RB",27,-4
"RB","16747","weighted",NA,NA,NA,NA,NA,NA,371.994428969359,177.676583983105,1.68245125348189,0.457627108734433,0.601671309192201,0.282965644127201,19.0005571030641,6.27442907012381,146.259052924791,52.6062728934111,0.932869080779944,0.696479846130121,NA,NA,NA,NA,NA,NA,NA,NA,NA,NA,NA,NA,NA,NA,NA,NA,NA,NA,NA,NA,NA,NA,"Tyrone","Tracy","NYG","RB",27,-4
"RB","14095","average",NA,NA,NA,NA,NA,NA,207,19.6341539160719,1.76,0.433589667773576,0,0,22.76,3.03117139073329,233.2,29.1410363576864,1.74,0.829457654133109,NA,NA,NA,NA,NA,NA,NA,NA,NA,NA,NA,NA,NA,NA,NA,NA,NA,NA,NA,NA,NA,NA,"Ty","Johnson","BUF","RB",29,1
"RB","14095","robust",NA,NA,NA,NA,NA,NA,211,13.3434,1.9,0,0,0,23.5,1.4826,230,29.652,1.7,1.03782,NA,NA,NA,NA,NA,NA,NA,NA,NA,NA,NA,NA,NA,NA,NA,NA,NA,NA,NA,NA,NA,NA,"Ty","Johnson","BUF","RB",29,1
"RB","14095","weighted",NA,NA,NA,NA,NA,NA,207.476323119777,19.6876336865563,1.75013927576602,0.441641552618447,0,0,22.7181058495822,3.00561477311534,232.701949860724,29.4660052562487,1.71364902506964,0.842343887392897,NA,NA,NA,NA,NA,NA,NA,NA,NA,NA,NA,NA,NA,NA,NA,NA,NA,NA,NA,NA,NA,NA,"Ty","Johnson","BUF","RB",29,1
"RB","13132","average",NA,NA,NA,NA,NA,NA,404.6,60.5747472136698,1.96,0.779743547584717,1.3,0.212132034355964,29.34,2.41412510032103,196,21.783020910792,0.62,0.521536192416212,NA,NA,NA,NA,NA,NA,NA,NA,NA,NA,NA,NA,NA,NA,NA,NA,NA,NA,NA,NA,NA,NA,"Alvin","Kamara","NOS","RB",31,3
"RB","13132","robust",NA,NA,NA,NA,NA,NA,403,66.717,2,0,1.3,0,29.5,0,200,14.826,0.55,0,NA,NA,NA,NA,NA,NA,NA,NA,NA,NA,NA,NA,NA,NA,NA,NA,NA,NA,NA,NA,NA,NA,"Alvin","Kamara","NOS","RB",31,3
"RB","13132","weighted",NA,NA,NA,NA,NA,NA,403.030640668524,60.4330463460626,1.96462395543175,0.779640495926243,1.29874651810585,0.212224233095401,29.3459610027855,2.40950629224699,196.632311977716,21.881358254682,0.620055710306407,0.522180482690962,NA,NA,NA,NA,NA,NA,NA,NA,NA,NA,NA,NA,NA,NA,NA,NA,NA,NA,NA,NA,NA,NA,"Alvin","Kamara","NOS","RB",31,3
"RB","16387","average",NA,NA,NA,NA,NA,NA,247.4,167.716427340914,1.32,0.641872261435249,0.55,0.318198051533946,15.16,2.30824608740056,106,17.8605710994918,0.2,0.447213595499958,NA,NA,NA,NA,NA,NA,NA,NA,NA,NA,NA,NA,NA,NA,NA,NA,NA,NA,NA,NA,NA,NA,"Chris","Brooks","GBP","RB",26,-3
"RB","16387","robust",NA,NA,NA,NA,NA,NA,206,111.195,1.3,0.59304,0.55,0,15,1.77912,101,2.9652,0,0,NA,NA,NA,NA,NA,NA,NA,NA,NA,NA,NA,NA,NA,NA,NA,NA,NA,NA,NA,NA,NA,NA,"Chris","Brooks","GBP","RB",26,-3
"RB","16387","weighted",NA,NA,NA,NA,NA,NA,247.962395543176,168.68920641572,1.34150417827298,0.648239685805683,0.551880222841226,0.318336349643101,15.233426183844,2.38327954127929,106.66713091922,18.4697741366745,0.21866295264624,0.462499522480005,NA,NA,NA,NA,NA,NA,NA,NA,NA,NA,NA,NA,NA,NA,NA,NA,NA,NA,NA,NA,NA,NA,"Chris","Brooks","GBP","RB",26,-3
"RB","13133","average",NA,NA,NA,NA,NA,NA,345.4,89.0522318642267,2.62,0.878635305459552,2.15,0.601040764008565,17.32,1.61616830806695,123,20.9880918618154,0.4,0.547722557505166,NA,NA,NA,NA,NA,NA,NA,NA,NA,NA,NA,NA,NA,NA,NA,NA,NA,NA,NA,NA,NA,NA,"Samaje","Perine","CIN","RB",31,3
"RB","13133","robust",NA,NA,NA,NA,NA,NA,352,63.7518,2.5,0.14826,2.15,0,17.3,2.07564,121,16.3086,0.5,0,NA,NA,NA,NA,NA,NA,NA,NA,NA,NA,NA,NA,NA,NA,NA,NA,NA,NA,NA,NA,NA,NA,"Samaje","Perine","CIN","RB",31,3
"RB","13133","weighted",NA,NA,NA,NA,NA,NA,349.022284122563,89.4587924558254,2.64233983286908,0.878088520906852,2.15355153203343,0.601301993770302,17.2927576601671,1.61068996749314,122.529247910864,20.9688312856387,0.428969359331476,0.553792817061149,NA,NA,NA,NA,NA,NA,NA,NA,NA,NA,NA,NA,NA,NA,NA,NA,NA,NA,NA,NA,NA,NA,"Samaje","Perine","CIN","RB",31,3
"RB","15749","average",NA,NA,NA,NA,NA,NA,398.8,104.241066763536,1.84,0.792464510246358,0.5,0.353553390593274,15.46,7.28065931080421,98,43.5488231758333,0.46,0.507937003968012,NA,NA,NA,NA,NA,NA,NA,NA,NA,NA,NA,NA,NA,NA,NA,NA,NA,NA,NA,NA,NA,NA,"Isiah","Pacheco","DET","RB",27,-2
"RB","15749","robust",NA,NA,NA,NA,NA,NA,400.5,136.3992,2,1.18608,0.5,0,15.15,4.4478,92,32.6172,0.5,0.44478,NA,NA,NA,NA,NA,NA,NA,NA,NA,NA,NA,NA,NA,NA,NA,NA,NA,NA,NA,NA,NA,NA,"Isiah","Pacheco","DET","RB",27,-2
"RB","15749","weighted",NA,NA,NA,NA,NA,NA,394.490250696379,101.258878214873,1.85013927576602,0.816963553965744,0.502089136490251,0.353707055159001,15.0217270194986,7.06880176568484,95.3467966573816,42.0636487937054,0.432590529247911,0.505287520228513,NA,NA,NA,NA,NA,NA,NA,NA,NA,NA,NA,NA,NA,NA,NA,NA,NA,NA,NA,NA,NA,NA,"Isiah","Pacheco","DET","RB",27,-2
"RB","16178","average",NA,NA,NA,NA,NA,NA,361.2,114.2287179303,1.94,0.817312669668102,0.5,0.353553390593274,14.9,5.00499750249688,108.4,49.1609601208113,0.4,0.547722557505166,NA,NA,NA,NA,NA,NA,NA,NA,NA,NA,NA,NA,NA,NA,NA,NA,NA,NA,NA,NA,NA,NA,"Keaton","Mitchell","LAC","RB",24,-3
"RB","16178","robust",NA,NA,NA,NA,NA,NA,362,121.5732,2,0,0.5,0,15,5.9304,109.5,50.4084,0.5,0,NA,NA,NA,NA,NA,NA,NA,NA,NA,NA,NA,NA,NA,NA,NA,NA,NA,NA,NA,NA,NA,NA,"Keaton","Mitchell","LAC","RB",24,-3
"RB","16178","weighted",NA,NA,NA,NA,NA,NA,358.065459610028,114.308087139937,1.9142061281337,0.789766572405449,0.502089136490251,0.353707055159001,15.0125348189415,5.07725796673154,109.360724233983,49.775472056953,0.428969359331476,0.553792817061149,NA,NA,NA,NA,NA,NA,NA,NA,NA,NA,NA,NA,NA,NA,NA,NA,NA,NA,NA,NA,NA,NA,"Keaton","Mitchell","LAC","RB",24,-3
"RB","16757","average",NA,NA,NA,NA,NA,NA,311,140.534693225552,1.9,0.547722557505166,0,0,12.54,3.0996774025695,106.8,32.0811471116605,0.24,0.433589667773576,NA,NA,NA,NA,NA,NA,NA,NA,NA,NA,NA,NA,NA,NA,NA,NA,NA,NA,NA,NA,NA,NA,"Kimani","Vidal","LAC","RB",25,-4
"RB","16757","robust",NA,NA,NA,NA,NA,NA,303,68.1996,2,0,0,0,12.5,3.40998,105,42.9954,0.1,0,NA,NA,NA,NA,NA,NA,NA,NA,NA,NA,NA,NA,NA,NA,NA,NA,NA,NA,NA,NA,NA,NA,"Kimani","Vidal","LAC","RB",25,-4
"RB","16757","weighted",NA,NA,NA,NA,NA,NA,307.559888579387,142.677014414729,1.88022284122563,0.563657700214849,0,0,12.4016713091922,3.17185096331786,105.552924791086,32.8418318953924,0.241504178272981,0.435575094296214,NA,NA,NA,NA,NA,NA,NA,NA,NA,NA,NA,NA,NA,NA,NA,NA,NA,NA,NA,NA,NA,NA,"Kimani","Vidal","LAC","RB",25,-4
"RB","13146","average",NA,NA,NA,NA,NA,NA,236.75,101.809564874819,1.54257419944916,0.477932278080686,0,0,15.1,7.64395185751454,113.5,57.9935341223485,0.74849722835002,0.839873195503735,NA,NA,NA,NA,NA,NA,NA,NA,NA,NA,NA,NA,NA,NA,NA,NA,NA,NA,NA,NA,NA,NA,"James","Conner","ARI","RB",31,3
"RB","13146","robust",NA,NA,NA,NA,NA,NA,217,53.3736,1.55,0.573957459483398,0,0,13.55,4.00302,98.25,32.6172,0.642486141750099,0.952549953758697,NA,NA,NA,NA,NA,NA,NA,NA,NA,NA,NA,NA,NA,NA,NA,NA,NA,NA,NA,NA,NA,NA,"James","Conner","ARI","RB",31,3
"RB","13146","weighted",NA,NA,NA,NA,NA,NA,230.974582172702,96.9900279668042,1.52704839354817,0.474181131512138,0,0,15.1469359331476,7.69496832023129,113.967270194986,58.2824482966103,0.761936384755941,0.834950892633969,NA,NA,NA,NA,NA,NA,NA,NA,NA,NA,NA,NA,NA,NA,NA,NA,NA,NA,NA,NA,NA,NA,"James","Conner","ARI","RB",31,3
"RB","15254","average",NA,NA,NA,NA,NA,NA,371.2,41.6497298910809,2.04,0.638748776906853,0,0,9.76,1.47918896696805,65.6,14.4152696818339,0,0,NA,NA,NA,NA,NA,NA,NA,NA,NA,NA,NA,NA,NA,NA,NA,NA,NA,NA,NA,NA,NA,NA,"Najee","Harris","NYG","RB",28,-1
"RB","15254","robust",NA,NA,NA,NA,NA,NA,373,29.652,2,0,0,0,9.8,1.18608,70,7.413,0,0,NA,NA,NA,NA,NA,NA,NA,NA,NA,NA,NA,NA,NA,NA,NA,NA,NA,NA,NA,NA,NA,NA,"Najee","Harris","NYG","RB",28,-1
"RB","15254","weighted",NA,NA,NA,NA,NA,NA,372.456824512535,42.6108923329059,2.04373259052925,0.639469699983799,0,0,9.84484679665738,1.48191535225871,65.9401114206128,14.4709300587512,0,0,NA,NA,NA,NA,NA,NA,NA,NA,NA,NA,NA,NA,NA,NA,NA,NA,NA,NA,NA,NA,NA,NA,"Najee","Harris","NYG","RB",28,-1
"RB","17652","average",NA,NA,NA,NA,NA,NA,173.333333333333,137.638011545584,0.915913181684181,0.833636034924461,0.5,0.408248290463863,9.33333333333333,6.64997911442,88,62.6578007912822,0.666666666666667,0.471404520791032,NA,NA,NA,NA,NA,NA,NA,NA,NA,NA,NA,NA,NA,NA,NA,NA,NA,NA,NA,NA,NA,NA,"Adam","Randall","BAL","RB",22,-6
"RB","17652","robust",NA,NA,NA,NA,NA,NA,174.75,122.8087,0.915913181684181,0.7413,0.5,0.37065,10.25,4.2007,96.75,39.2889,0.75,0.2471,NA,NA,NA,NA,NA,NA,NA,NA,NA,NA,NA,NA,NA,NA,NA,NA,NA,NA,NA,NA,NA,NA,"Adam","Randall","BAL","RB",22,-6
"RB","17652","weighted",NA,NA,NA,NA,NA,NA,174.01998824221,138.623913459789,0.912157809696059,0.841500011053362,0.502645502645503,0.411256778182097,9.16284538506761,6.55955253833259,87.1075837742504,62.502660074274,0.657260435038213,0.467819912821612,NA,NA,NA,NA,NA,NA,NA,NA,NA,NA,NA,NA,NA,NA,NA,NA,NA,NA,NA,NA,NA,NA,"Adam","Randall","BAL","RB",22,-6
"RB","16610","average",NA,NA,NA,NA,NA,NA,321,65.6048778674269,1.98,0.672309452558864,1.6,0.282842712474619,9.62,3.71106453729924,72.8,22.5765364925624,0.08,0.178885438199983,NA,NA,NA,NA,NA,NA,NA,NA,NA,NA,NA,NA,NA,NA,NA,NA,NA,NA,NA,NA,NA,NA,"Jaylen","Wright","MIA","RB",23,-4
"RB","16610","robust",NA,NA,NA,NA,NA,NA,320,87.4734,2,0,1.6,0,9,2.9652,71,22.239,0,0,NA,NA,NA,NA,NA,NA,NA,NA,NA,NA,NA,NA,NA,NA,NA,NA,NA,NA,NA,NA,NA,NA,"Jaylen","Wright","MIA","RB",23,-4
"RB","16610","weighted",NA,NA,NA,NA,NA,NA,317.286908077994,65.7058398862411,1.95933147632312,0.687214993926135,1.6016713091922,0.282965644127201,9.37771587743733,3.52702309004548,71.4484679665738,21.8271274684804,0.079108635097493,0.178277049176086,NA,NA,NA,NA,NA,NA,NA,NA,NA,NA,NA,NA,NA,NA,NA,NA,NA,NA,NA,NA,NA,NA,"Jaylen","Wright","MIA","RB",23,-4
"RB","11367","average",NA,NA,NA,NA,NA,NA,5.975,9.87264739908535,0,0,0,0,22.775,2.97811461610642,201.25,38.2306595984602,1.75,0.5,NA,NA,NA,NA,NA,NA,NA,NA,NA,NA,NA,NA,NA,NA,NA,NA,NA,NA,NA,NA,NA,NA,"Kyle","Juszczyk","SFO","RB",35,7
"RB","11367","robust",NA,NA,NA,NA,NA,NA,5.975,9.6369,0,0,0,0,22.075,1.55673,191,15.5673,2,0,NA,NA,NA,NA,NA,NA,NA,NA,NA,NA,NA,NA,NA,NA,NA,NA,NA,NA,NA,NA,NA,NA,"Kyle","Juszczyk","SFO","RB",35,7
"RB","11367","weighted",NA,NA,NA,NA,NA,NA,NA,11.7944505832389,NA,0,NA,0,NA,1.148085619525,NA,11.1886200098188,NA,0.589975878050693,NA,NA,NA,NA,NA,NA,NA,NA,NA,NA,NA,NA,NA,NA,NA,NA,NA,NA,NA,NA,NA,NA,"Kyle","Juszczyk","SFO","RB",35,7
"RB","17049","average",NA,NA,NA,NA,NA,NA,157,28.3666470818577,0.5,0.577350269189626,0,0,18.7,2.2420228961067,128,13.3416640641263,1.025,0.05,NA,NA,NA,NA,NA,NA,NA,NA,NA,NA,NA,NA,NA,NA,NA,NA,NA,NA,NA,NA,NA,NA,"Brashard","Smith","KCC","RB",23,-5
"RB","17049","robust",NA,NA,NA,NA,NA,NA,157,32.6172,0.5,0.7413,0,0,18.7,2.37216,128,15.5673,1,0,NA,NA,NA,NA,NA,NA,NA,NA,NA,NA,NA,NA,NA,NA,NA,NA,NA,NA,NA,NA,NA,NA,"Brashard","Smith","KCC","RB",23,-5
"RB","17049","weighted",NA,NA,NA,NA,NA,NA,158.132275132275,28.525289999074,0.532627865961199,0.576831548635404,0,0,18.5971781305115,2.29201817247364,127.620811287478,13.3721692668812,1.02504409171076,0.0500911767112477,NA,NA,NA,NA,NA,NA,NA,NA,NA,NA,NA,NA,NA,NA,NA,NA,NA,NA,NA,NA,NA,NA,"Brashard","Smith","KCC","RB",23,-5
"RB","16175","average",NA,NA,NA,NA,NA,NA,82,33.5111921602321,1.43333333333333,1.50443787951957,0,0,3.9,2.47588368062799,20,9.16515138991168,0,0,NA,NA,NA,NA,NA,NA,NA,NA,NA,NA,NA,NA,NA,NA,NA,NA,NA,NA,NA,NA,NA,NA,"Roschon","Johnson","CHI","RB",25,-3
"RB","16175","robust",NA,NA,NA,NA,NA,NA,81.75,47.4432,1.4,1.92738,0,0,3.675,1.4826,19.5,8.8956,0,0,NA,NA,NA,NA,NA,NA,NA,NA,NA,NA,NA,NA,NA,NA,NA,NA,NA,NA,NA,NA,NA,NA,"Roschon","Johnson","CHI","RB",25,-3
"RB","16175","weighted",NA,NA,NA,NA,NA,NA,82.2123287671233,33.2330479082826,1.41461187214612,1.51330410712168,0,0,3.85479452054795,2.46588226477897,19.8219178082192,9.14834644700047,0,0,NA,NA,NA,NA,NA,NA,NA,NA,NA,NA,NA,NA,NA,NA,NA,NA,NA,NA,NA,NA,NA,NA,"Roschon","Johnson","CHI","RB",25,-3
"RB","17061","average",NA,NA,NA,NA,NA,NA,114,75.8814865431615,0.44,0.517687164221791,0,0,15.34,6.39749951152792,95.8,46.0239068311242,0.4,0.547722557505166,NA,NA,NA,NA,NA,NA,NA,NA,NA,NA,NA,NA,NA,NA,NA,NA,NA,NA,NA,NA,NA,NA,"LeQuint","Allen","JAC","RB",22,-5
"RB","17061","robust",NA,NA,NA,NA,NA,NA,119,74.13,0.5,0.29652,0,0,14.5,0,92.5,44.478,0.5,0,NA,NA,NA,NA,NA,NA,NA,NA,NA,NA,NA,NA,NA,NA,NA,NA,NA,NA,NA,NA,NA,NA,"LeQuint","Allen","JAC","RB",22,-5
"RB","17061","weighted",NA,NA,NA,NA,NA,NA,110.944289693593,76.4870171794272,0.412813370473538,0.513680947737737,0,0,15.3459610027855,6.39818148489413,96.6476323119777,46.6538456890365,0.428969359331476,0.553792817061149,NA,NA,NA,NA,NA,NA,NA,NA,NA,NA,NA,NA,NA,NA,NA,NA,NA,NA,NA,NA,NA,NA,"LeQuint","Allen","JAC","RB",22,-5
"RB","17475","average",NA,NA,NA,NA,NA,NA,156.2,60.2013288889872,1.12,0.521536192416212,0,0,8,3.74165738677394,61.4,21.7554590850205,0.06,0.134164078649987,NA,NA,NA,NA,NA,NA,NA,NA,NA,NA,NA,NA,NA,NA,NA,NA,NA,NA,NA,NA,NA,NA,"Seth","McGowan","IND","RB",25,-6
"RB","17475","robust",NA,NA,NA,NA,NA,NA,153,38.5476,1,0,0,0,9,2.9652,68,13.3434,0,0,NA,NA,NA,NA,NA,NA,NA,NA,NA,NA,NA,NA,NA,NA,NA,NA,NA,NA,NA,NA,NA,NA,"Seth","McGowan","IND","RB",25,-6
"RB","17475","weighted",NA,NA,NA,NA,NA,NA,153.452646239554,57.5041211195759,1.12284122562674,0.523038338969989,0,0,8.05988857938719,3.76621993692552,61.2186629526462,21.8677164336551,0.0593314763231198,0.133707786882064,NA,NA,NA,NA,NA,NA,NA,NA,NA,NA,NA,NA,NA,NA,NA,NA,NA,NA,NA,NA,NA,NA,"Seth","McGowan","IND","RB",25,-6
"RB","16752","average",NA,NA,NA,NA,NA,NA,190.6,41.3799468341853,0.88,0.268328157299975,0,0,13.12,3.72451339103513,107.4,32.5622480796397,0.1,0.223606797749979,NA,NA,NA,NA,NA,NA,NA,NA,NA,NA,NA,NA,NA,NA,NA,NA,NA,NA,NA,NA,NA,NA,"Isaiah","Davis","NYJ","RB",24,-4
"RB","16752","robust",NA,NA,NA,NA,NA,NA,188,40.0302,1,0,0,0,13.8,1.4826,107,26.6868,0,0,NA,NA,NA,NA,NA,NA,NA,NA,NA,NA,NA,NA,NA,NA,NA,NA,NA,NA,NA,NA,NA,NA,"Isaiah","Davis","NYJ","RB",24,-4
"RB","16752","weighted",NA,NA,NA,NA,NA,NA,188.005571030641,39.9141995736077,0.881337047353761,0.267415573764128,0,0,13.000278551532,3.66487080787986,105.888579387187,31.7390443422304,0.0988857938718663,0.222846311470107,NA,NA,NA,NA,NA,NA,NA,NA,NA,NA,NA,NA,NA,NA,NA,NA,NA,NA,NA,NA,NA,NA,"Isaiah","Davis","NYJ","RB",24,-4
"RB","16166","average",NA,NA,NA,NA,NA,NA,232,94.8920439236083,2.76,0.766811580507232,0,0,6.2,4.96990945591567,48.6,40.097381460639,0.14,0.313049516849971,NA,NA,NA,NA,NA,NA,NA,NA,NA,NA,NA,NA,NA,NA,NA,NA,NA,NA,NA,NA,NA,NA,"Sean","Tucker","TBB","RB",25,-3
"RB","16166","robust",NA,NA,NA,NA,NA,NA,214,47.4432,2.9,1.18608,0,0,6,5.9304,52,56.3388,0,0,NA,NA,NA,NA,NA,NA,NA,NA,NA,NA,NA,NA,NA,NA,NA,NA,NA,NA,NA,NA,NA,NA,"Sean","Tucker","TBB","RB",25,-3
"RB","16166","weighted",NA,NA,NA,NA,NA,NA,226.295264623955,90.1941528306023,2.73760445682451,0.773874703271451,0,0,5.94568245125348,4.85562075484001,46.4637883008357,39.1301410275555,0.138440111420613,0.31198483605815,NA,NA,NA,NA,NA,NA,NA,NA,NA,NA,NA,NA,NA,NA,NA,NA,NA,NA,NA,NA,NA,NA,"Sean","Tucker","TBB","RB",25,-3
"RB","17478","average",NA,NA,NA,NA,NA,NA,138.4,50.3815442399298,0.6,0.547722557505166,0,0,5.48,2.43967210911631,35.4,15.6300991679516,0,0,NA,NA,NA,NA,NA,NA,NA,NA,NA,NA,NA,NA,NA,NA,NA,NA,NA,NA,NA,NA,NA,NA,"Kaytron","Allen","WAS","RB",23,-6
"RB","17478","robust",NA,NA,NA,NA,NA,NA,148,34.0998,0.5,0,0,0,5.5,2.37216,34,10.3782,0,0,NA,NA,NA,NA,NA,NA,NA,NA,NA,NA,NA,NA,NA,NA,NA,NA,NA,NA,NA,NA,NA,NA,"Kaytron","Allen","WAS","RB",23,-6
"RB","17478","weighted",NA,NA,NA,NA,NA,NA,135.888579387187,51.6815466229411,0.583565459610028,0.551597942413407,0,0,5.38690807799443,2.41470899167368,34.7325905292479,15.0978242507984,0,0,NA,NA,NA,NA,NA,NA,NA,NA,NA,NA,NA,NA,NA,NA,NA,NA,NA,NA,NA,NA,NA,NA,"Kaytron","Allen","WAS","RB",23,-6
"RB","16385","average",NA,NA,NA,NA,NA,NA,172.8,50.4351068205471,0.6,0.547722557505166,0.25,0.176776695296637,7.66,4.32180517839479,54,28.2134719593318,0.14,0.313049516849971,NA,NA,NA,NA,NA,NA,NA,NA,NA,NA,NA,NA,NA,NA,NA,NA,NA,NA,NA,NA,NA,NA,"Emari","Demercado","DAL","RB",27,-3
"RB","16385","robust",NA,NA,NA,NA,NA,NA,170,51.891,0.5,0,0.25,0,7.65,1.4826,55,19.2738,0,0,NA,NA,NA,NA,NA,NA,NA,NA,NA,NA,NA,NA,NA,NA,NA,NA,NA,NA,NA,NA,NA,NA,"Emari","Demercado","DAL","RB",27,-3
"RB","16385","weighted",NA,NA,NA,NA,NA,NA,169.777158774373,50.2972895733331,0.600278551532033,0.548099764273418,0.248955431754875,0.176853527579501,7.37130919220056,4.19070353683395,52.1601671309192,27.6458067500128,0.138440111420613,0.31198483605815,NA,NA,NA,NA,NA,NA,NA,NA,NA,NA,NA,NA,NA,NA,NA,NA,NA,NA,NA,NA,NA,NA,"Emari","Demercado","DAL","RB",27,-3
"RB","16850","average",NA,NA,NA,NA,NA,NA,148.5,105.607764866036,1,0.816496580927726,0,0,4.25,3.09569593683445,32.25,21.792582836063,0,0,NA,NA,NA,NA,NA,NA,NA,NA,NA,NA,NA,NA,NA,NA,NA,NA,NA,NA,NA,NA,NA,NA,"Jacob","Saylors","DET","RB",25,-3
"RB","16850","robust",NA,NA,NA,NA,NA,NA,157,72.6474,1,0.7413,0,0,4.5,2.2239,40.25,5.9304,0,0,NA,NA,NA,NA,NA,NA,NA,NA,NA,NA,NA,NA,NA,NA,NA,NA,NA,NA,NA,NA,NA,NA,"Jacob","Saylors","DET","RB",25,-3
"RB","16850","weighted",NA,NA,NA,NA,NA,NA,151.532773109244,104.6921108002,1.02521008403361,0.818239174970349,0,0,4.34453781512605,3.07533053541806,32.818487394958,21.5279531519627,0,0,NA,NA,NA,NA,NA,NA,NA,NA,NA,NA,NA,NA,NA,NA,NA,NA,NA,NA,NA,NA,NA,NA,"Jacob","Saylors","DET","RB",25,-3
"RB","14319","average",NA,NA,NA,NA,NA,NA,4,5.65685424949238,0,0,0,0,5.85,1.20208152801713,45.5,14.8492424049175,1.8,0.282842712474619,NA,NA,NA,NA,NA,NA,NA,NA,NA,NA,NA,NA,NA,NA,NA,NA,NA,NA,NA,NA,NA,NA,"Andrew","Beck","NYJ","RB",30,1
"RB","14319","robust",NA,NA,NA,NA,NA,NA,4,5.9304,0,0,0,0,5.85,1.26021,45.5,15.5673,1.8,0.29652,NA,NA,NA,NA,NA,NA,NA,NA,NA,NA,NA,NA,NA,NA,NA,NA,NA,NA,NA,NA,NA,NA,"Andrew","Beck","NYJ","RB",30,1
"RB","14319","weighted",NA,NA,NA,NA,NA,NA,NA,NA,NA,NA,NA,NA,NA,NA,NA,NA,NA,NA,NA,NA,NA,NA,NA,NA,NA,NA,NA,NA,NA,NA,NA,NA,NA,NA,NA,NA,NA,NA,NA,NA,"Andrew","Beck","NYJ","RB",30,1
"RB","12325","average",NA,NA,NA,NA,NA,NA,6,5.65685424949238,0.5,0.707106781186548,0,0,3,4.24264068711928,20,28.2842712474619,0.5,0.707106781186548,NA,NA,NA,NA,NA,NA,NA,NA,NA,NA,NA,NA,NA,NA,NA,NA,NA,NA,NA,NA,NA,NA,"Michael","Burton","CLE","RB",34,5
"RB","12325","robust",NA,NA,NA,NA,NA,NA,6,5.9304,0.5,0.7413,0,0,3,4.4478,20,29.652,0.5,0.7413,NA,NA,NA,NA,NA,NA,NA,NA,NA,NA,NA,NA,NA,NA,NA,NA,NA,NA,NA,NA,NA,NA,"Michael","Burton","CLE","RB",34,5
"RB","12325","weighted",NA,NA,NA,NA,NA,NA,NA,NA,NA,NA,NA,NA,NA,NA,NA,NA,NA,NA,NA,NA,NA,NA,NA,NA,NA,NA,NA,NA,NA,NA,NA,NA,NA,NA,NA,NA,NA,NA,NA,NA,"Michael","Burton","CLE","RB",34,5
"RB","17274","average",NA,NA,NA,NA,NA,NA,123,39.5979797464467,0.5,0.707106781186548,0.15,0.212132034355964,1.95,0.0707106781186548,14.5,7.77817459305202,0,0,NA,NA,NA,NA,NA,NA,NA,NA,NA,NA,NA,NA,NA,NA,NA,NA,NA,NA,NA,NA,NA,NA,"Corey","Kiner","NEP","RB",24,-5
"RB","17274","robust",NA,NA,NA,NA,NA,NA,123,41.5128,0.5,0.7413,0.15,0.22239,1.95,0.0741300000000001,14.5,8.1543,0,0,NA,NA,NA,NA,NA,NA,NA,NA,NA,NA,NA,NA,NA,NA,NA,NA,NA,NA,NA,NA,NA,NA,"Corey","Kiner","NEP","RB",24,-5
"RB","17274","weighted",NA,NA,NA,NA,NA,NA,123.292682926829,39.5979797464467,0.505226480836237,0.707106781186548,0.148432055749129,0.212132034355964,1.95052264808362,0.0707106781186548,14.5574912891986,7.77817459305202,0,0,NA,NA,NA,NA,NA,NA,NA,NA,NA,NA,NA,NA,NA,NA,NA,NA,NA,NA,NA,NA,NA,NA,"Corey","Kiner","NEP","RB",24,-5
"RB","17474","average",NA,NA,NA,NA,NA,NA,241.6,71.6819363577743,1.3,0.670820393249937,0,0,11.56,7.34629158147157,89.4,56.3586728019743,0,0,NA,NA,NA,NA,NA,NA,NA,NA,NA,NA,NA,NA,NA,NA,NA,NA,NA,NA,NA,NA,NA,NA,"Emmett","Johnson","KCC","RB",23,-6
"RB","17474","robust",NA,NA,NA,NA,NA,NA,251.5,31.1346,1.25,0.7413,0,0,10.9,11.8608,92,75.6126,0,0,NA,NA,NA,NA,NA,NA,NA,NA,NA,NA,NA,NA,NA,NA,NA,NA,NA,NA,NA,NA,NA,NA,"Emmett","Johnson","KCC","RB",23,-6
"RB","17474","weighted",NA,NA,NA,NA,NA,NA,239.6643454039,70.441150577164,1.33008356545961,0.68012146600556,0,0,11.5676880222841,7.40489112640195,89.341225626741,56.6147797506804,0,0,NA,NA,NA,NA,NA,NA,NA,NA,NA,NA,NA,NA,NA,NA,NA,NA,NA,NA,NA,NA,NA,NA,"Emmett","Johnson","KCC","RB",23,-6
"RB","17481","average",NA,NA,NA,NA,NA,NA,143.8,78.4391483890538,0.6,0.547722557505166,0.35,0.247487373415292,6.6,5.45893762558247,47,43.7721372564786,0,0,NA,NA,NA,NA,NA,NA,NA,NA,NA,NA,NA,NA,NA,NA,NA,NA,NA,NA,NA,NA,NA,NA,"Demond","Claiborne","MIN","RB",23,-6
"RB","17481","robust",NA,NA,NA,NA,NA,NA,134,35.5824,0.5,0,0.35,0,5,1.4826,30,2.9652,0,0,NA,NA,NA,NA,NA,NA,NA,NA,NA,NA,NA,NA,NA,NA,NA,NA,NA,NA,NA,NA,NA,NA,"Demond","Claiborne","MIN","RB",23,-6
"RB","17481","weighted",NA,NA,NA,NA,NA,NA,138.636490250696,75.5851961082298,0.583565459610028,0.551597942413407,0.348537604456824,0.247594938611301,6.26601671309192,5.17030346362226,44.2256267409471,41.2745878573474,0,0,NA,NA,NA,NA,NA,NA,NA,NA,NA,NA,NA,NA,NA,NA,NA,NA,NA,NA,NA,NA,NA,NA,"Demond","Claiborne","MIN","RB",23,-6
"RB","16595","average",NA,NA,NA,NA,NA,NA,170.333333333333,58.2437407223586,0.933333333333333,0.115470053837925,0,0,8.46666666666667,4.8839874419713,70.6666666666667,45.0924975282289,0,0,NA,NA,NA,NA,NA,NA,NA,NA,NA,NA,NA,NA,NA,NA,NA,NA,NA,NA,NA,NA,NA,NA,"Audric","Estime","NOS","RB",23,-4
"RB","16595","robust",NA,NA,NA,NA,NA,NA,166.25,47.4432,0.95,0,0,0,8.85,3.55824,71.5,59.304,0,0,NA,NA,NA,NA,NA,NA,NA,NA,NA,NA,NA,NA,NA,NA,NA,NA,NA,NA,NA,NA,NA,NA,"Audric","Estime","NOS","RB",23,-4
"RB","16595","weighted",NA,NA,NA,NA,NA,NA,166.982926829268,57.0183585190668,0.930731707317073,0.116695907850358,0,0,8.35560975609756,4.99937513763789,70.1707317073171,46.2696688226385,0,0,NA,NA,NA,NA,NA,NA,NA,NA,NA,NA,NA,NA,NA,NA,NA,NA,NA,NA,NA,NA,NA,NA,"Audric","Estime","NOS","RB",23,-4
"RB","17477","average",NA,NA,NA,NA,NA,NA,320.4,140.599786628572,1.78,0.861394218694321,0.3,0.212132034355964,13.44,6.70581836914779,101,55.8211429478115,0.2,0.447213595499958,NA,NA,NA,NA,NA,NA,NA,NA,NA,NA,NA,NA,NA,NA,NA,NA,NA,NA,NA,NA,NA,NA,"Jonah","Coleman","DEN","RB",23,-6
"RB","17477","robust",NA,NA,NA,NA,NA,NA,310,212.0118,1.95,1.4826,0.3,0,14,6.22692,97,65.2344,0,0,NA,NA,NA,NA,NA,NA,NA,NA,NA,NA,NA,NA,NA,NA,NA,NA,NA,NA,NA,NA,NA,NA,"Jonah","Coleman","DEN","RB",23,-6
"RB","17477","weighted",NA,NA,NA,NA,NA,NA,315.08635097493,139.272051293365,1.75181058495822,0.830551102120902,0.29874651810585,0.212224233095401,13.3724233983287,6.73133271419493,100.227019498607,56.0013427737714,0.21866295264624,0.462499522480005,NA,NA,NA,NA,NA,NA,NA,NA,NA,NA,NA,NA,NA,NA,NA,NA,NA,NA,NA,NA,NA,NA,"Jonah","Coleman","DEN","RB",23,-6
"RB","17060","average",NA,NA,NA,NA,NA,NA,141.2,85.5990654154588,0.8,0.836660026534076,0,0,2.68,1.73551145199333,19,11.8321595661992,0,0,NA,NA,NA,NA,NA,NA,NA,NA,NA,NA,NA,NA,NA,NA,NA,NA,NA,NA,NA,NA,NA,NA,"DJ","Giddens","IND","RB",23,-5
"RB","17060","robust",NA,NA,NA,NA,NA,NA,133,66.717,1,1.4826,0,0,2.7,1.4826,19,17.7912,0,0,NA,NA,NA,NA,NA,NA,NA,NA,NA,NA,NA,NA,NA,NA,NA,NA,NA,NA,NA,NA,NA,NA,"DJ","Giddens","IND","RB",23,-5
"RB","17060","weighted",NA,NA,NA,NA,NA,NA,135.062674094708,82.7485377103711,0.754874651810585,0.812793926951723,0,0,2.63064066852368,1.69394729719425,18.7799442896936,11.624196156826,0,0,NA,NA,NA,NA,NA,NA,NA,NA,NA,NA,NA,NA,NA,NA,NA,NA,NA,NA,NA,NA,NA,NA,"DJ","Giddens","IND","RB",23,-5
"RB","16171","average",NA,NA,NA,NA,NA,NA,171.6,61.6668468465836,0.8,0.447213595499958,0,0,5,2.73861278752583,33.8,20.3887223729198,0,0,NA,NA,NA,NA,NA,NA,NA,NA,NA,NA,NA,NA,NA,NA,NA,NA,NA,NA,NA,NA,NA,NA,"Kendre","Miller","NOS","RB",24,-3
"RB","16171","robust",NA,NA,NA,NA,NA,NA,172,77.0952,1,0,0,0,5,2.9652,32,14.826,0,0,NA,NA,NA,NA,NA,NA,NA,NA,NA,NA,NA,NA,NA,NA,NA,NA,NA,NA,NA,NA,NA,NA,"Kendre","Miller","NOS","RB",24,-3
"RB","16171","weighted",NA,NA,NA,NA,NA,NA,167.786908077994,60.7863593794576,0.78133704735376,0.462499522480005,0,0,4.91922005571031,2.74568481544081,33.2980501392758,20.4188951633019,0,0,NA,NA,NA,NA,NA,NA,NA,NA,NA,NA,NA,NA,NA,NA,NA,NA,NA,NA,NA,NA,NA,NA,"Kendre","Miller","NOS","RB",24,-3
"RB","16608","average",NA,NA,NA,NA,NA,NA,276.6,149.642240026003,2.08,0.729383301152419,0.35,0.247487373415292,10.62,5.54274300324307,73.8,34.2666018157622,0,0,NA,NA,NA,NA,NA,NA,NA,NA,NA,NA,NA,NA,NA,NA,NA,NA,NA,NA,NA,NA,NA,NA,"George","Holani","SEA","RB",27,-4
"RB","16608","robust",NA,NA,NA,NA,NA,NA,282,170.499,2,0.59304,0.35,0,11,4.4478,74,17.7912,0,0,NA,NA,NA,NA,NA,NA,NA,NA,NA,NA,NA,NA,NA,NA,NA,NA,NA,NA,NA,NA,NA,NA,"George","Holani","SEA","RB",27,-4
"RB","16608","weighted",NA,NA,NA,NA,NA,NA,268.555710306407,147.106243863578,2.04846796657382,0.709931106549085,0.348537604456824,0.247594938611301,10.5323119777159,5.55205220722147,73.4178272980501,34.3039014193775,0,0,NA,NA,NA,NA,NA,NA,NA,NA,NA,NA,NA,NA,NA,NA,NA,NA,NA,NA,NA,NA,NA,NA,"George","Holani","SEA","RB",27,-4
"RB","14080","average",NA,NA,NA,NA,NA,NA,298.666666666667,150.440464414776,2.66666666666667,1.52752523165195,0,0,10.6666666666667,8.38649708360608,79,60.00833275471,0,0,NA,NA,NA,NA,NA,NA,NA,NA,NA,NA,NA,NA,NA,NA,NA,NA,NA,NA,NA,NA,NA,NA,"Devin","Singletary","NYG","RB",29,1
"RB","14080","robust",NA,NA,NA,NA,NA,NA,310.75,106.7472,2.75,1.4826,0,0,11.75,1.4826,86.25,16.3086,0,0,NA,NA,NA,NA,NA,NA,NA,NA,NA,NA,NA,NA,NA,NA,NA,NA,NA,NA,NA,NA,NA,NA,"Devin","Singletary","NYG","RB",29,1
"RB","14080","weighted",NA,NA,NA,NA,NA,NA,291.856097560976,151.028491367601,2.6390243902439,1.56596212937457,0,0,10.3487804878049,8.494594643759,77.1512195121951,61.1530405572575,0,0,NA,NA,NA,NA,NA,NA,NA,NA,NA,NA,NA,NA,NA,NA,NA,NA,NA,NA,NA,NA,NA,NA,"Devin","Singletary","NYG","RB",29,1
"RB","15414","average",NA,NA,NA,NA,NA,NA,71,61,0.422979797979798,0.517490419773833,0,0,0,0,2,2,0,0,NA,NA,NA,NA,NA,NA,NA,NA,NA,NA,NA,NA,NA,NA,NA,NA,NA,NA,NA,NA,NA,NA,"Kene","Nwangwu","NYJ","RB",28,-1
"RB","15414","robust",NA,NA,NA,NA,NA,NA,71,90.4386,0.384469696969697,0.398729545454545,0,0,0,0,2,2.9652,0,0,NA,NA,NA,NA,NA,NA,NA,NA,NA,NA,NA,NA,NA,NA,NA,NA,NA,NA,NA,NA,NA,NA,"Kene","Nwangwu","NYJ","RB",28,-1
"RB","15414","weighted",NA,NA,NA,NA,NA,NA,71.4121621621622,60.0921684273558,0.421674515424515,0.511629850850751,0,0,0,0,2.01351351351351,1.97023503040511,0,0,NA,NA,NA,NA,NA,NA,NA,NA,NA,NA,NA,NA,NA,NA,NA,NA,NA,NA,NA,NA,NA,NA,"Kene","Nwangwu","NYJ","RB",28,-1
"RB","17476","average",NA,NA,NA,NA,NA,NA,133,150.522423578681,0.8,0.836660026534076,0,0,4.4,5.54977477020464,34,42.8544046744322,0,0,NA,NA,NA,NA,NA,NA,NA,NA,NA,NA,NA,NA,NA,NA,NA,NA,NA,NA,NA,NA,NA,NA,"Nicholas","Singleton","TEN","RB",22,-6
"RB","17476","robust",NA,NA,NA,NA,NA,NA,84,29.652,1,1.4826,0,0,3,2.9652,21,14.826,0,0,NA,NA,NA,NA,NA,NA,NA,NA,NA,NA,NA,NA,NA,NA,NA,NA,NA,NA,NA,NA,NA,NA,"Nicholas","Singleton","TEN","RB",22,-6
"RB","17476","weighted",NA,NA,NA,NA,NA,NA,124.030640668524,142.09214789727,0.763231197771588,0.809452457932052,0,0,4.0974930362117,5.24048117298883,31.6155988857939,40.4971876471277,0,0,NA,NA,NA,NA,NA,NA,NA,NA,NA,NA,NA,NA,NA,NA,NA,NA,NA,NA,NA,NA,NA,NA,"Nicholas","Singleton","TEN","RB",22,-6
"RB","17685","average",NA,NA,NA,NA,NA,NA,92.5,34.6482322781408,0.5,0.707106781186548,0,0,1.75,0.353553390593274,13.5,10.6066017177982,0,0,NA,NA,NA,NA,NA,NA,NA,NA,NA,NA,NA,NA,NA,NA,NA,NA,NA,NA,NA,NA,NA,NA,"Eli","Heidenreich","PIT","RB",23,-6
"RB","17685","robust",NA,NA,NA,NA,NA,NA,92.5,36.3237,0.5,0.7413,0,0,1.75,0.37065,13.5,11.1195,0,0,NA,NA,NA,NA,NA,NA,NA,NA,NA,NA,NA,NA,NA,NA,NA,NA,NA,NA,NA,NA,NA,NA,"Eli","Heidenreich","PIT","RB",23,-6
"RB","17685","weighted",NA,NA,NA,NA,NA,NA,92.7560975609756,34.6482322781408,0.505226480836237,0.707106781186548,0,0,1.75261324041812,0.353553390593274,13.5783972125436,10.6066017177982,0,0,NA,NA,NA,NA,NA,NA,NA,NA,NA,NA,NA,NA,NA,NA,NA,NA,NA,NA,NA,NA,NA,NA,"Eli","Heidenreich","PIT","RB",23,-6
"RB","15727","average",NA,NA,NA,NA,NA,NA,188.333333333333,74.271274542869,1.84042903745635,1.17859674399554,0.05,0.0408248290463863,11.3,6.20053761110008,83.6666666666667,47.7516724547133,0.120658436213992,0.19025816046493,NA,NA,NA,NA,NA,NA,NA,NA,NA,NA,NA,NA,NA,NA,NA,NA,NA,NA,NA,NA,NA,NA,"Bam","Knight","ARI","RB",25,-2
"RB","15727","robust",NA,NA,NA,NA,NA,NA,196,53.1265,1.64628711236907,0.638790181865584,0.05,0.037065,11.725,4.89258,86.75,38.0534,0.0619753086419753,0.0612563950617284,NA,NA,NA,NA,NA,NA,NA,NA,NA,NA,NA,NA,NA,NA,NA,NA,NA,NA,NA,NA,NA,NA,"Bam","Knight","ARI","RB",25,-2
"RB","15727","weighted",NA,NA,NA,NA,NA,NA,186.764256319812,74.6207874717914,1.86470799915801,1.16943073342807,0.0497354497354497,0.0411256778182097,11.1991181657848,6.24130292351566,82.9165196942975,48.0727922453988,0.123057315595039,0.18933038801981,NA,NA,NA,NA,NA,NA,NA,NA,NA,NA,NA,NA,NA,NA,NA,NA,NA,NA,NA,NA,NA,NA,"Bam","Knight","ARI","RB",25,-2
"RB","17062","average",NA,NA,NA,NA,NA,NA,140.666666666667,39.3996615890712,0.866666666666667,0.23094010767585,0,0,4.66666666666667,3.05505046330389,29.6666666666667,14.8436293854749,0,0,NA,NA,NA,NA,NA,NA,NA,NA,NA,NA,NA,NA,NA,NA,NA,NA,NA,NA,NA,NA,NA,NA,"Raheim","Sanders","CLE","RB",24,-5
"RB","17062","robust",NA,NA,NA,NA,NA,NA,138.25,35.5824,0.9,0,0,0,4.5,2.9652,28.75,13.3434,0,0,NA,NA,NA,NA,NA,NA,NA,NA,NA,NA,NA,NA,NA,NA,NA,NA,NA,NA,NA,NA,NA,NA,"Raheim","Sanders","CLE","RB",24,-5
"RB","17062","weighted",NA,NA,NA,NA,NA,NA,140.237442922374,39.0455255867248,0.870319634703196,0.229346892002991,0,0,4.63470319634703,3.02751730965685,29.5045662100457,14.710242530811,0,0,NA,NA,NA,NA,NA,NA,NA,NA,NA,NA,NA,NA,NA,NA,NA,NA,NA,NA,NA,NA,NA,NA,"Raheim","Sanders","CLE","RB",24,-5
"RB","12155","average",NA,NA,NA,NA,NA,NA,43,36.2904946232481,0.533333333333333,0.503322295684717,0,0,4.56666666666667,3.50190424388408,33.6666666666667,26.0832002126528,0,0,NA,NA,NA,NA,NA,NA,NA,NA,NA,NA,NA,NA,NA,NA,NA,NA,NA,NA,NA,NA,NA,NA,"Ameer","Abdullah","JAC","RB",33,5
"RB","12155","robust",NA,NA,NA,NA,NA,NA,46.25,22.239,0.55,0.59304,0,0,4.6,4.89258,35.25,23.7216,0,0,NA,NA,NA,NA,NA,NA,NA,NA,NA,NA,NA,NA,NA,NA,NA,NA,NA,NA,NA,NA,NA,NA,"Ameer","Abdullah","JAC","RB",33,5
"RB","12155","weighted",NA,NA,NA,NA,NA,NA,41.8040540540541,36.8224709933887,0.518468468468468,0.509511654881827,0,0,4.46936936936937,3.53950613829482,32.8490990990991,26.4408626438869,0,0,NA,NA,NA,NA,NA,NA,NA,NA,NA,NA,NA,NA,NA,NA,NA,NA,NA,NA,NA,NA,NA,NA,"Ameer","Abdullah","JAC","RB",33,5
"RB","16688","average",NA,NA,NA,NA,NA,NA,126.5,6.36396103067893,0.65,0.494974746830583,0,0,5.65,3.7476659402887,56,38.1837661840736,0,0,NA,NA,NA,NA,NA,NA,NA,NA,NA,NA,NA,NA,NA,NA,NA,NA,NA,NA,NA,NA,NA,NA,"Isaac","Guerendo","SFO","RB",26,-4
"RB","16688","robust",NA,NA,NA,NA,NA,NA,126.5,6.6717,0.65,0.51891,0,0,5.65,3.92889,56,40.0302,0,0,NA,NA,NA,NA,NA,NA,NA,NA,NA,NA,NA,NA,NA,NA,NA,NA,NA,NA,NA,NA,NA,NA,"Isaac","Guerendo","SFO","RB",26,-4
"RB","16688","weighted",NA,NA,NA,NA,NA,NA,126.452961672474,6.36396103067893,0.653658536585366,0.494974746830583,0,0,5.62229965156794,3.7476659402887,55.7177700348432,38.1837661840736,0,0,NA,NA,NA,NA,NA,NA,NA,NA,NA,NA,NA,NA,NA,NA,NA,NA,NA,NA,NA,NA,NA,NA,"Isaac","Guerendo","SFO","RB",26,-4
"RB","16746","average",NA,NA,NA,NA,NA,NA,60.25,15.2178623115513,0,0,0,0,6,1.4142135623731,42.25,10.4363148029688,0.275,0.485626742811116,NA,NA,NA,NA,NA,NA,NA,NA,NA,NA,NA,NA,NA,NA,NA,NA,NA,NA,NA,NA,NA,NA,"Rasheen","Ali","BAL","RB",25,-4
"RB","16746","robust",NA,NA,NA,NA,NA,NA,59.25,11.1195,0,0,0,0,6.25,0.7413,43.5,7.413,0.075,0.07413,NA,NA,NA,NA,NA,NA,NA,NA,NA,NA,NA,NA,NA,NA,NA,NA,NA,NA,NA,NA,NA,NA,"Rasheen","Ali","BAL","RB",25,-4
"RB","16746","weighted",NA,NA,NA,NA,NA,NA,60.5411764705882,15.20012451524,0,0,0,0,5.9546218487395,1.43132766212132,41.9865546218487,10.5684708494987,0.267563025210084,0.482467747678598,NA,NA,NA,NA,NA,NA,NA,NA,NA,NA,NA,NA,NA,NA,NA,NA,NA,NA,NA,NA,NA,NA,"Rasheen","Ali","BAL","RB",25,-4
"RB","17059","average",NA,NA,NA,NA,NA,NA,165.8,61.73086748135,1.54,0.870631954387157,0.35,0.247487373415292,5.86,3.49971427405153,32.8,19.0578067993146,0.1,0.223606797749979,NA,NA,NA,NA,NA,NA,NA,NA,NA,NA,NA,NA,NA,NA,NA,NA,NA,NA,NA,NA,NA,NA,"Ollie","Gordon","MIA","RB",22,-5
"RB","17059","robust",NA,NA,NA,NA,NA,NA,163.5,72.6474,1.35,0,0.35,0,6,3.40998,32,23.7216,0,0,NA,NA,NA,NA,NA,NA,NA,NA,NA,NA,NA,NA,NA,NA,NA,NA,NA,NA,NA,NA,NA,NA,"Ollie","Gordon","MIA","RB",22,-5
"RB","17059","weighted",NA,NA,NA,NA,NA,NA,164.25208913649,60.4019052333653,1.48105849582173,0.830372361285005,0.348537604456824,0.247594938611301,5.71810584958217,3.43858930162325,32.2618384401114,18.8606229522119,0.0988857938718663,0.222846311470107,NA,NA,NA,NA,NA,NA,NA,NA,NA,NA,NA,NA,NA,NA,NA,NA,NA,NA,NA,NA,NA,NA,"Ollie","Gordon","MIA","RB",22,-5
"RB","16603","average",NA,NA,NA,NA,NA,NA,248,73.4075382141825,1.475,0.607590871118606,0,0,12.65,3.51520506751266,119.25,54.8292804986533,0.925,1.2737739202857,NA,NA,NA,NA,NA,NA,NA,NA,NA,NA,NA,NA,NA,NA,NA,NA,NA,NA,NA,NA,NA,NA,"Ray","Davis","BUF","RB",27,-4
"RB","16603","robust",NA,NA,NA,NA,NA,NA,281.75,5.9304,1.475,0.7413,0,0,12.65,2.9652,119.25,56.3388,0.75,0.7413,NA,NA,NA,NA,NA,NA,NA,NA,NA,NA,NA,NA,NA,NA,NA,NA,NA,NA,NA,NA,NA,NA,"Ray","Davis","BUF","RB",27,-4
"RB","16603","weighted",NA,NA,NA,NA,NA,NA,244.44502617801,75.6836243457727,1.45340314136126,0.606441967511685,0,0,12.4069808027923,3.53142391380451,116.746945898778,55.7088134846184,0.932635253054101,1.26677706374311,NA,NA,NA,NA,NA,NA,NA,NA,NA,NA,NA,NA,NA,NA,NA,NA,NA,NA,NA,NA,NA,NA,"Ray","Davis","BUF","RB",27,-4
"RB","16601","average",NA,NA,NA,NA,NA,NA,83.75,39.7104100541239,0.55,0.525991127935317,0,0,10.05,1.9,68.75,19.1898410623955,0,0,NA,NA,NA,NA,NA,NA,NA,NA,NA,NA,NA,NA,NA,NA,NA,NA,NA,NA,NA,NA,NA,NA,"Will","Shipley","PHI","RB",24,-4
"RB","16601","robust",NA,NA,NA,NA,NA,NA,83.75,36.3237,0.55,0.59304,0,0,11,0,73.25,8.8956,0,0,NA,NA,NA,NA,NA,NA,NA,NA,NA,NA,NA,NA,NA,NA,NA,NA,NA,NA,NA,NA,NA,NA,"Will","Shipley","PHI","RB",24,-4
"RB","16601","weighted",NA,NA,NA,NA,NA,NA,83.2356020942408,41.0844167007868,0.527748691099477,0.529330298215332,0,0,10.0582897033159,1.89698807634048,69.2251308900524,19.3715505070055,0,0,NA,NA,NA,NA,NA,NA,NA,NA,NA,NA,NA,NA,NA,NA,NA,NA,NA,NA,NA,NA,NA,NA,"Will","Shipley","PHI","RB",24,-4
"RB","17048","average",NA,NA,NA,NA,NA,NA,164,224.305595115236,0.666666666666667,1.15470053837925,0,0,4.4,6.59393660873381,30,42.6731765867037,0,0,NA,NA,NA,NA,NA,NA,NA,NA,NA,NA,NA,NA,NA,NA,NA,NA,NA,NA,NA,NA,NA,NA,"Kaleb","Johnson","GBP","RB",23,-5
"RB","17048","robust",NA,NA,NA,NA,NA,NA,132,4.4478,0.5,0,0,0,3.55,1.18608,25,13.3434,0,0,NA,NA,NA,NA,NA,NA,NA,NA,NA,NA,NA,NA,NA,NA,NA,NA,NA,NA,NA,NA,NA,NA,"Kaleb","Johnson","GBP","RB",23,-5
"RB","17048","weighted",NA,NA,NA,NA,NA,NA,147.682464454976,216.806450915727,0.582938388625592,1.11587612651157,0,0,3.93696682464455,6.3627066693252,27.0829383886256,41.1454870091141,0,0,NA,NA,NA,NA,NA,NA,NA,NA,NA,NA,NA,NA,NA,NA,NA,NA,NA,NA,NA,NA,NA,NA,"Kaleb","Johnson","GBP","RB",23,-5
"RB","17058","average",NA,NA,NA,NA,NA,NA,86,40.1497197997695,0.333333333333333,0.577350269189626,0,0,1,0,8,1,0,0,NA,NA,NA,NA,NA,NA,NA,NA,NA,NA,NA,NA,NA,NA,NA,NA,NA,NA,NA,NA,NA,NA,"Tahj","Brooks","CIN","RB",24,-5
"RB","17058","robust",NA,NA,NA,NA,NA,NA,85,50.4084,0.25,0,0,0,1,0,8,1.4826,0,0,NA,NA,NA,NA,NA,NA,NA,NA,NA,NA,NA,NA,NA,NA,NA,NA,NA,NA,NA,NA,NA,NA,"Tahj","Brooks","CIN","RB",24,-5
"RB","17058","weighted",NA,NA,NA,NA,NA,NA,87.32,40.1678421157271,0.348888888888889,0.583982991376498,0,0,1,0,7.98,0.988378266327661,0,0,NA,NA,NA,NA,NA,NA,NA,NA,NA,NA,NA,NA,NA,NA,NA,NA,NA,NA,NA,NA,NA,NA,"Tahj","Brooks","CIN","RB",24,-5
"RB","16678","average",NA,NA,NA,NA,NA,NA,74.5,67.175144212722,0.35,0.494974746830583,0.2,0,3.15,3.04055915910215,26.5,24.7487373415292,0.05,0.0707106781186548,NA,NA,NA,NA,NA,NA,NA,NA,NA,NA,NA,NA,NA,NA,NA,NA,NA,NA,NA,NA,NA,NA,"Sione","Vaki","DET","RB",25,-4
"RB","16678","robust",NA,NA,NA,NA,NA,NA,74.5,70.4235,0.35,0.51891,0.2,0,3.15,3.18759,26.5,25.9455,0.05,0.07413,NA,NA,NA,NA,NA,NA,NA,NA,NA,NA,NA,NA,NA,NA,NA,NA,NA,NA,NA,NA,NA,NA,"Sione","Vaki","DET","RB",25,-4
"RB","16678","weighted",NA,NA,NA,NA,NA,NA,72.1170568561873,67.175144212722,0.332441471571906,0.494974746830583,0.2,3.9301799032338e-17,3.04214046822742,3.04055915910215,25.6220735785953,24.7487373415292,0.0474916387959866,0.0707106781186548,NA,NA,NA,NA,NA,NA,NA,NA,NA,NA,NA,NA,NA,NA,NA,NA,NA,NA,NA,NA,NA,NA,"Sione","Vaki","DET","RB",25,-4
"RB","16613","average",NA,NA,NA,NA,NA,NA,21,0,0,0,0.2,0,2.3,0,15,0,0,0,NA,NA,NA,NA,NA,NA,NA,NA,NA,NA,NA,NA,NA,NA,NA,NA,NA,NA,NA,NA,NA,NA,"Dylan","Laube","LVR","RB",27,-4
"RB","16613","robust",NA,NA,NA,NA,NA,NA,21,0,0,0,0.2,0,2.3,0,15,0,0,0,NA,NA,NA,NA,NA,NA,NA,NA,NA,NA,NA,NA,NA,NA,NA,NA,NA,NA,NA,NA,NA,NA,"Dylan","Laube","LVR","RB",27,-4
"RB","16613","weighted",NA,NA,NA,NA,NA,NA,21,0,0,0,0.2,3.9301799032338e-17,2.3,0,15,2.51531513806963e-15,0,0,NA,NA,NA,NA,NA,NA,NA,NA,NA,NA,NA,NA,NA,NA,NA,NA,NA,NA,NA,NA,NA,NA,"Dylan","Laube","LVR","RB",27,-4
"RB","15718","average",NA,NA,NA,NA,NA,NA,59.5,25.5,0,0,0,0,14.7,2.3,104,18,0,0,NA,NA,NA,NA,NA,NA,NA,NA,NA,NA,NA,NA,NA,NA,NA,NA,NA,NA,NA,NA,NA,NA,"Tyler","Badie","DEN","RB",26,-2
"RB","15718","robust",NA,NA,NA,NA,NA,NA,59.5,37.8063,0,0,0,0,14.7,3.40998,104,26.6868,0,0,NA,NA,NA,NA,NA,NA,NA,NA,NA,NA,NA,NA,NA,NA,NA,NA,NA,NA,NA,NA,NA,NA,"Tyler","Badie","DEN","RB",26,-2
"RB","15718","weighted",NA,NA,NA,NA,NA,NA,58.3518957345972,24.7693764461462,0,0,0,0,14.5964454976303,2.2341006206328,103.189573459716,17.4842657266915,0,0,NA,NA,NA,NA,NA,NA,NA,NA,NA,NA,NA,NA,NA,NA,NA,NA,NA,NA,NA,NA,NA,NA,"Tyler","Badie","DEN","RB",26,-2
"RB","17056","average",NA,NA,NA,NA,NA,NA,126.333333333333,120.765613207292,0.333333333333333,0.577350269189626,0,0,4.13333333333333,3.80175398116887,24,22.5166604983954,0,0,NA,NA,NA,NA,NA,NA,NA,NA,NA,NA,NA,NA,NA,NA,NA,NA,NA,NA,NA,NA,NA,NA,"Trevor","Etienne","CAR","RB",22,-5
"RB","17056","robust",NA,NA,NA,NA,NA,NA,115.25,71.1648,0.25,0,0,0,4.1,5.33736,24.25,31.1346,0,0,NA,NA,NA,NA,NA,NA,NA,NA,NA,NA,NA,NA,NA,NA,NA,NA,NA,NA,NA,NA,NA,NA,"Trevor","Etienne","CAR","RB",22,-5
"RB","17056","weighted",NA,NA,NA,NA,NA,NA,119.132211538462,117.003423935262,0.295673076923077,0.559898379564089,0,0,3.95384615384615,3.71180962096735,23.0168269230769,22.0529827803863,0,0,NA,NA,NA,NA,NA,NA,NA,NA,NA,NA,NA,NA,NA,NA,NA,NA,NA,NA,NA,NA,NA,NA,"Trevor","Etienne","CAR","RB",22,-5
"WR","16211","average",NA,NA,NA,NA,NA,NA,85.4285714285714,11.6741472616082,1.14285714285714,0.605136741729071,0.875,0.176776695296637,116.928571428571,11.4252227236809,1540.14285714286,151.197915077588,9.17142857142857,1.15717225124336,NA,NA,NA,NA,NA,NA,NA,NA,NA,NA,NA,NA,NA,NA,NA,NA,NA,NA,NA,NA,NA,NA,"Puka","Nacua","LAR","WR",25,-3
"WR","16211","robust",NA,NA,NA,NA,NA,NA,84.75,8.8956,1.175,0.44478,0.9375,0.185325,119.25,7.413,1562.5,37.065,9,0,0,NA,0,NA,0,NA,NA,NA,NA,NA,NA,NA,NA,NA,NA,NA,NA,NA,NA,NA,NA,NA,"Puka","Nacua","LAR","WR",25,-3
"WR","16211","weighted",NA,NA,NA,NA,NA,NA,85.8105849582173,14.3923805278614,1.10974930362117,0.701329414725684,0.82607938718663,0.18914244832368,116.935933147632,13.9624711059361,1539.99442896936,184.02463633278,9.20529247910864,1.37156604843967,NA,NA,NA,NA,NA,NA,NA,NA,NA,NA,NA,NA,NA,NA,NA,NA,NA,NA,NA,NA,NA,NA,"Puka","Nacua","LAR","WR",25,-3
"WR","16185","average",NA,NA,NA,NA,NA,NA,28.5428571428571,4.59088123089571,0.0285714285714286,0.0487950036474267,0.925,0.203100960115899,108.171428571429,8.57685145915335,1509.68571428571,125.209776356473,9.68571428571429,1.7150593492438,NA,NA,NA,NA,NA,NA,NA,NA,NA,NA,NA,NA,NA,NA,NA,NA,NA,NA,NA,NA,NA,NA,"Jaxon","Smith-Njigba","SEA","WR",24,-3
"WR","16185","robust",NA,NA,NA,NA,NA,NA,28.2,5.9304,0,0,0.9625,0.111195,110.9,1.63085999999999,1543.45,62.4174599999999,9.5,2.2239,0,NA,0,NA,0,NA,NA,NA,NA,NA,NA,NA,NA,NA,NA,NA,NA,NA,NA,NA,NA,NA,"Jaxon","Smith-Njigba","SEA","WR",24,-3
"WR","16185","weighted",NA,NA,NA,NA,NA,NA,27.8509749303621,5.42617111274181,0,0,0.856093314763231,0.200505762512131,107.147353760446,10.2976995874064,1489.4721448468,146.141268891747,9.67214484679666,2.0640163504404,NA,NA,NA,NA,NA,NA,NA,NA,NA,NA,NA,NA,NA,NA,NA,NA,NA,NA,NA,NA,NA,NA,"Jaxon","Smith-Njigba","SEA","WR",24,-3
"WR","15281","average",NA,NA,NA,NA,NA,NA,16.7142857142857,3.30223589477825,0,0,0.85,0.212132034355964,119.857142857143,5.46804570294761,1498.4,82.5994350263164,10.9714285714286,0.955186344322904,NA,NA,NA,NA,NA,NA,NA,NA,NA,NA,NA,NA,NA,NA,NA,NA,NA,NA,NA,NA,NA,NA,"Ja'Marr","Chase","CIN","WR",26,-1
"WR","15281","robust",NA,NA,NA,NA,NA,NA,17,2.9652,0,0,0.925,0.22239,120.65,1.92738,1510.3,55.4492400000001,10.8,0.59304,0,NA,0,NA,0,NA,NA,NA,NA,NA,NA,NA,NA,NA,NA,NA,NA,NA,NA,NA,NA,NA,"Ja'Marr","Chase","CIN","WR",26,-1
"WR","15281","weighted",NA,NA,NA,NA,NA,NA,16.7005571030641,4.11538478648816,0,0,0.791295264623955,0.226970937988416,119.218384401114,6.58087672638246,1490.72423398329,98.3718415770662,11.0615598885794,1.07034707289223,NA,NA,NA,NA,NA,NA,NA,NA,NA,NA,NA,NA,NA,NA,NA,NA,NA,NA,NA,NA,NA,NA,"Ja'Marr","Chase","CIN","WR",26,-1
"WR","15287","average",NA,NA,NA,NA,NA,NA,10.6571428571429,2.84186390880888,0,0,0.3,0.14142135623731,114.257142857143,9.12028090628374,1348.31428571429,104.73182306207,10.0714285714286,0.786795792469443,NA,NA,NA,NA,NA,NA,NA,NA,NA,NA,NA,NA,NA,NA,NA,NA,NA,NA,NA,NA,NA,NA,"Amon-Ra","St. Brown","DET","WR",27,-1
"WR","15287","robust",NA,NA,NA,NA,NA,NA,10.9,2.66868,0,0,0.35,0.14826,117.5,2.2239,1379.55,20.9046599999999,10.25,0.7413,0,NA,0,NA,0,NA,NA,NA,NA,NA,NA,NA,NA,NA,NA,NA,NA,NA,NA,NA,NA,NA,"Amon-Ra","St. Brown","DET","WR",27,-1
"WR","15287","weighted",NA,NA,NA,NA,NA,NA,10.3022284122563,3.39641576360235,0,0,0.259192200557103,0.152141811560964,112.989693593315,10.7859056050837,1332.94289693593,123.507133003241,9.90529247910863,0.893723927802248,NA,NA,NA,NA,NA,NA,NA,NA,NA,NA,NA,NA,NA,NA,NA,NA,NA,NA,NA,NA,NA,NA,"Amon-Ra","St. Brown","DET","WR",27,-1
"WR","15762","average",NA,NA,NA,NA,NA,NA,0,0.707106781186548,0,0,0,0,82.44,8.22605616319266,1221.6,135.537079797375,8.3,1.6431676725155,NA,NA,NA,NA,NA,NA,NA,NA,NA,NA,NA,NA,NA,NA,NA,NA,NA,NA,NA,NA,NA,NA,"George","Pickens","DAL","WR",25,-2
"WR","15762","robust",NA,NA,NA,NA,NA,NA,0,0,0,0,0,0,82.6,8.8956,1233.5,78.5778,8.25,2.2239,0,NA,0,NA,0,NA,NA,NA,NA,NA,NA,NA,NA,NA,NA,NA,NA,NA,NA,NA,NA,NA,"George","Pickens","DAL","WR",25,-2
"WR","15762","weighted",NA,NA,NA,NA,NA,NA,-0.0041782729805014,0.707414110318002,0,0,0,0,82.1537604456825,8.20673373718051,1215.10167130919,135.04931712107,8.23955431754875,1.61798880657399,NA,NA,NA,NA,NA,NA,NA,NA,NA,NA,NA,NA,NA,NA,NA,NA,NA,NA,NA,NA,NA,NA,"George","Pickens","DAL","WR",25,-2
"WR","16194","average",NA,NA,NA,NA,NA,NA,27.8285714285714,15.9562646303068,0.871428571428571,0.706433025167722,0.3,0.244948974278318,92.8571428571429,8.5279652013942,1044.62857142857,64.6081964430137,9.21428571428571,1.97013415061731,NA,NA,NA,NA,NA,NA,NA,NA,NA,NA,NA,NA,NA,NA,NA,NA,NA,NA,NA,NA,NA,NA,"Rashee","Rice","KCC","WR",26,-3
"WR","16194","robust",NA,NA,NA,NA,NA,NA,28.475,13.49166,0.925,0.59304,0.3,0.44478,94.25,5.1891,1066.8,11.5642799999999,9.15,0.889559999999999,0,NA,0,NA,0,NA,NA,NA,NA,NA,NA,NA,NA,NA,NA,NA,NA,NA,NA,NA,NA,NA,"Rashee","Rice","KCC","WR",26,-3
"WR","16194","weighted",NA,NA,NA,NA,NA,NA,28.849582172702,19.7573332791661,0.87966573816156,0.857197352549123,0.18008356545961,0.164429929282025,91.4693593314763,9.9854459658002,1035.54874651811,76.4020020337495,9.05097493036212,2.4106172831041,NA,NA,NA,NA,NA,NA,NA,NA,NA,NA,NA,NA,NA,NA,NA,NA,NA,NA,NA,NA,NA,NA,"Rashee","Rice","KCC","WR",26,-3
"WR","15751","average",NA,NA,NA,NA,NA,NA,-0.216666666666667,0.484481395124954,0,0,0.85,0.212132034355964,96.3285714285714,7.01206443346377,1247.68571428571,78.5592436439199,8.77142857142857,1.78672352432629,NA,NA,NA,NA,NA,NA,NA,NA,NA,NA,NA,NA,NA,NA,NA,NA,NA,NA,NA,NA,NA,NA,"Drake","London","ATL","WR",25,-2
"WR","15751","robust",NA,NA,NA,NA,NA,NA,0,0,0,0,0.925,0.22239,98.4,3.85475999999999,1268.225,29.8002599999999,8.65,1.77912,0,NA,0,NA,0,NA,NA,NA,NA,NA,NA,NA,NA,NA,NA,NA,NA,NA,NA,NA,NA,NA,"Drake","London","ATL","WR",25,-2
"WR","15751","weighted",NA,NA,NA,NA,NA,NA,-0.304480037140204,0.561467331302987,0,0,0.791295264623955,0.226970937988416,95.5278551532033,8.38929750410151,1237.40668523677,93.3770720352104,8.68189415041783,2.20641052586764,NA,NA,NA,NA,NA,NA,NA,NA,NA,NA,NA,NA,NA,NA,NA,NA,NA,NA,NA,NA,NA,NA,"Drake","London","ATL","WR",25,-2
"WR","15754","average",NA,NA,NA,NA,NA,NA,-0.2,0.447213595499958,0,0,0.15,0.122474487139159,94.1571428571429,7.55752542014848,1174.48571428571,97.5176296637592,8.35714285714286,1.58098823826232,NA,NA,NA,NA,NA,NA,NA,NA,NA,NA,NA,NA,NA,NA,NA,NA,NA,NA,NA,NA,NA,NA,"Chris","Olave","NOS","WR",26,-2
"WR","15754","robust",NA,NA,NA,NA,NA,NA,0,0,0,0,0.15,0.22239,95.7,6.37518,1195.525,72.2026200000001,8.2,1.77912,0,NA,0,NA,0,NA,NA,NA,NA,NA,NA,NA,NA,NA,NA,NA,NA,NA,NA,NA,NA,NA,"Chris","Olave","NOS","WR",26,-2
"WR","15754","weighted",NA,NA,NA,NA,NA,NA,-0.281058495821727,0.518277536587373,0,0,0.090041782729805,0.0822149646410127,93.3598885793872,9.04965704647193,1164.19498607242,116.512008628864,8.34150417827298,1.93006379471343,NA,NA,NA,NA,NA,NA,NA,NA,NA,NA,NA,NA,NA,NA,NA,NA,NA,NA,NA,NA,NA,NA,"Chris","Olave","NOS","WR",26,-2
"WR","14104","average",NA,NA,NA,NA,NA,NA,0.5,1.11803398874989,0,0,0.15,0.122474487139159,86.4857142857143,3.69974259078861,1213.8,71.7681452084883,7.78571428571429,1.3208943579113,NA,NA,NA,NA,NA,NA,NA,NA,NA,NA,NA,NA,NA,NA,NA,NA,NA,NA,NA,NA,NA,NA,"A.J.","Brown","NEP","WR",29,1
"WR","14104","robust",NA,NA,NA,NA,NA,NA,0,0,0,0,0.15,0.22239,86.925,2.52042,1222,17.4946799999999,7.7,1.03782,0,NA,0,NA,0,NA,NA,NA,NA,NA,NA,NA,NA,NA,NA,NA,NA,NA,NA,NA,NA,NA,"A.J.","Brown","NEP","WR",29,1
"WR","14104","weighted",NA,NA,NA,NA,NA,NA,0.702646239554317,1.29569384146843,0,0,0.090041782729805,0.0822149646410127,85.9679665738162,4.39440090167304,1205.10724233983,86.3829738347031,7.73983286908078,1.56747619135614,NA,NA,NA,NA,NA,NA,NA,NA,NA,NA,NA,NA,NA,NA,NA,NA,NA,NA,NA,NA,NA,NA,"A.J.","Brown","NEP","WR",29,1
"WR","15290","average",NA,NA,NA,NA,NA,NA,8,5.1478150704935,0.34,0.477493455452533,0.7,0.212132034355964,81.32,4.75520767159543,1197.4,62.7518924017436,7.82,1.61616830806695,NA,NA,NA,NA,NA,NA,NA,NA,NA,NA,NA,NA,NA,NA,NA,NA,NA,NA,NA,NA,NA,NA,"Nico","Collins","HOU","WR",27,-1
"WR","15290","robust",NA,NA,NA,NA,NA,NA,8,5.9304,0.35,0,0.7,0,81.5,4.4478,1196,75.6126,8,1.33434,0,NA,0,NA,0,NA,NA,NA,NA,NA,NA,NA,NA,NA,NA,NA,NA,NA,NA,NA,NA,NA,"Nico","Collins","HOU","WR",27,-1
"WR","15290","weighted",NA,NA,NA,NA,NA,NA,8.03064066852368,5.26937547688869,0.340389972144847,0.478653508464677,0.70125348189415,0.212224233095401,81.341504178273,4.80502676231233,1195.83147632312,61.5662804941846,7.73983286908078,1.56747619135614,NA,NA,NA,NA,NA,NA,NA,NA,NA,NA,NA,NA,NA,NA,NA,NA,NA,NA,NA,NA,NA,NA,"Nico","Collins","HOU","WR",27,-1
"WR","14835","average",NA,NA,NA,NA,NA,NA,0,0,0,0,0.05,0.0353553390593274,70.2,6.37965516309463,964.6,93.1466585552053,9.44,1.36674796506159,NA,NA,NA,NA,NA,NA,NA,NA,NA,NA,NA,NA,NA,NA,NA,NA,NA,NA,NA,NA,NA,NA,"Tee","Higgins","CIN","WR",27,0
"WR","14835","robust",NA,NA,NA,NA,NA,NA,0,0,0,0,0.05,0,69.5,5.9304,963.5,118.608,9.5,1.4826,0,NA,0,NA,0,NA,NA,NA,NA,NA,NA,NA,NA,NA,NA,NA,NA,NA,NA,NA,NA,NA,"Tee","Higgins","CIN","WR",27,0
"WR","14835","weighted",NA,NA,NA,NA,NA,NA,0,0,0,0,0.0497910863509749,0.0353707055159001,70.0292479108635,6.28074926463027,960.958217270195,90.7359782466429,9.38356545961003,1.39114893850446,NA,NA,NA,NA,NA,NA,NA,NA,NA,NA,NA,NA,NA,NA,NA,NA,NA,NA,NA,NA,NA,NA,"Tee","Higgins","CIN","WR",27,0
"WR","14832","average",NA,NA,NA,NA,NA,NA,16.7428571428571,10.3219599467764,0,0,0.25,0.122474487139159,96.9142857142857,5.67198629859316,1279.74285714286,66.3637164205174,7.34285714285714,1.65515069088099,NA,NA,NA,NA,NA,NA,NA,NA,NA,NA,NA,NA,NA,NA,NA,NA,NA,NA,NA,NA,NA,NA,"CeeDee","Lamb","DAL","WR",27,0
"WR","14832","robust",NA,NA,NA,NA,NA,NA,17.8,14.826,0,0,0.275,0.07413,97.2,5.63388,1278.3,53.9666400000001,7.5,2.2239,0,NA,0,NA,0,NA,NA,NA,NA,NA,NA,NA,NA,NA,NA,NA,NA,NA,NA,NA,NA,NA,"CeeDee","Lamb","DAL","WR",27,0
"WR","14832","weighted",NA,NA,NA,NA,NA,NA,17.7506963788301,12.1204254457243,0,0,0.229178272980501,0.14433026883878,96.7130919220056,7.05342359745655,1275.27298050139,82.5840722476974,7.27409470752089,2.01220080952284,NA,NA,NA,NA,NA,NA,NA,NA,NA,NA,NA,NA,NA,NA,NA,NA,NA,NA,NA,NA,NA,NA,"CeeDee","Lamb","DAL","WR",27,0
"WR","16190","average",NA,NA,NA,NA,NA,NA,57,2.54950975679639,0.36,0.497995983919549,1.75,0.176776695296637,81.5,6.70820393249937,1163.8,73.2304581441356,6.14,1.37767920794356,NA,NA,NA,NA,NA,NA,NA,NA,NA,NA,NA,NA,NA,NA,NA,NA,NA,NA,NA,NA,NA,NA,"Zay","Flowers","BAL","WR",26,-3
"WR","16190","robust",NA,NA,NA,NA,NA,NA,57,2.9652,0.4,0,1.75,0,81.75,4.4478,1170,78.5778,6,1.4826,0,NA,0,NA,0,NA,NA,NA,NA,NA,NA,NA,NA,NA,NA,NA,NA,NA,NA,NA,NA,NA,"Zay","Flowers","BAL","WR",26,-3
"WR","16190","weighted",NA,NA,NA,NA,NA,NA,57.0905292479109,2.53081006060271,0.36016713091922,0.498903196715577,1.75104456824513,0.176853527579501,81.2339832869081,6.45042471448743,1160.58635097493,70.3926646257878,6.09944289693593,1.3804746908807,NA,NA,NA,NA,NA,NA,NA,NA,NA,NA,NA,NA,NA,NA,NA,NA,NA,NA,NA,NA,NA,NA,"Zay","Flowers","BAL","WR",26,-3
"WR","16615","average",NA,NA,NA,NA,NA,NA,9.2,10.5214067500501,0,0,0,0,86.72,7.66759414679729,1080,55.3217859436949,7.86,2.19043374700081,NA,NA,NA,NA,NA,NA,NA,NA,NA,NA,NA,NA,NA,NA,NA,NA,NA,NA,NA,NA,NA,NA,"Malik","Nabers","NYG","WR",23,-4
"WR","16615","robust",NA,NA,NA,NA,NA,NA,10,4.4478,0,0,0,0,85,5.9304,1080.5,75.6126,8,2.52042,0,NA,0,NA,0,NA,NA,NA,NA,NA,NA,NA,NA,NA,NA,NA,NA,NA,NA,NA,NA,NA,"Malik","Nabers","NYG","WR",23,-4
"WR","16615","weighted",NA,NA,NA,NA,NA,NA,9.1100278551532,10.6605710170744,0,0,0,0,86.2593314763231,7.33456378897929,1079.10584958217,54.4999985071768,7.8142061281337,2.18838516250759,NA,NA,NA,NA,NA,NA,NA,NA,NA,NA,NA,NA,NA,NA,NA,NA,NA,NA,NA,NA,NA,NA,"Malik","Nabers","NYG","WR",23,-4
"WR","14836","average",NA,NA,NA,NA,NA,NA,6.02857142857143,3.29935058545076,0,0,0.15,0.122474487139159,99.5,7.5071077431103,1325.94285714286,95.3775455255386,7,1.79164728671689,NA,NA,NA,NA,NA,NA,NA,NA,NA,NA,NA,NA,NA,NA,NA,NA,NA,NA,NA,NA,NA,NA,"Justin","Jefferson","MIN","WR",27,0
"WR","14836","robust",NA,NA,NA,NA,NA,NA,5.9,0.59304,0,0,0.15,0.22239,99.2,9.04386000000001,1311.8,56.0422799999999,7.05,0.148259999999999,0,NA,0,NA,0,NA,NA,NA,NA,NA,NA,NA,NA,NA,NA,NA,NA,NA,NA,NA,NA,NA,"Justin","Jefferson","MIN","WR",27,0
"WR","14836","weighted",NA,NA,NA,NA,NA,NA,6.17409470752089,4.1404387310399,0,0,0.090041782729805,0.0822149646410127,99.542061281337,9.24349227973103,1326.90389972145,111.186837225128,6.88105849582173,2.10906943222878,NA,NA,NA,NA,NA,NA,NA,NA,NA,NA,NA,NA,NA,NA,NA,NA,NA,NA,NA,NA,NA,NA,"Justin","Jefferson","MIN","WR",27,0
"WR","17071","average",NA,NA,NA,NA,NA,NA,0.75,1.29903810567666,0,0,1,0,80.16,7.47181370217433,1138,98.1911401298508,6.96,1.00399203184089,NA,NA,NA,NA,NA,NA,NA,NA,NA,NA,NA,NA,NA,NA,NA,NA,NA,NA,NA,NA,NA,NA,"Tetairoa","McMillan","CAR","WR",23,-5
"WR","17071","robust",NA,NA,NA,NA,NA,NA,0.375,0,0,0,1,0,80.5,5.9304,1131.5,121.5732,7,1.18608,0,NA,0,NA,0,NA,NA,NA,NA,NA,NA,NA,NA,NA,NA,NA,NA,NA,NA,NA,NA,NA,"Tetairoa","McMillan","CAR","WR",23,-5
"WR","17071","weighted",NA,NA,NA,NA,NA,NA,0.757311977715877,1.29013662905873,0,0,1,0,79.9660167130919,7.27740346089934,1135.27715877437,95.9270985207131,6.90473537604457,1.00147027596726,NA,NA,NA,NA,NA,NA,NA,NA,NA,NA,NA,NA,NA,NA,NA,NA,NA,NA,NA,NA,NA,NA,"Tetairoa","McMillan","CAR","WR",23,-5
"WR","15768","average",NA,NA,NA,NA,NA,NA,0,0,0,0,0.1,0.0707106781186548,54.7,6.03738353924943,962.4,117.64267933025,7.38,2.27420315715197,NA,NA,NA,NA,NA,NA,NA,NA,NA,NA,NA,NA,NA,NA,NA,NA,NA,NA,NA,NA,NA,NA,"Alec","Pierce","IND","WR",26,-2
"WR","15768","robust",NA,NA,NA,NA,NA,NA,0,0,0,0,0.1,0,54.5,4.4478,943.5,186.8076,7.45,2.81694,0,NA,0,NA,0,NA,NA,NA,NA,NA,NA,NA,NA,NA,NA,NA,NA,NA,NA,NA,NA,NA,"Alec","Pierce","IND","WR",26,-2
"WR","15768","weighted",NA,NA,NA,NA,NA,NA,0,0,0,0,0.0995821727019499,0.0707414110318002,54.7924791086351,6.1042186197015,958.523676880223,115.221612270163,7.2908077994429,2.31315785217305,NA,NA,NA,NA,NA,NA,NA,NA,NA,NA,NA,NA,NA,NA,NA,NA,NA,NA,NA,NA,NA,NA,"Alec","Pierce","IND","WR",26,-2
"WR","17081","average",NA,NA,NA,NA,NA,NA,10.6,7.86129760281342,0,0,0,0,75.46,6.64514860631423,1097.6,88.821731575105,7.62,0.567450438364444,NA,NA,NA,NA,NA,NA,NA,NA,NA,NA,NA,NA,NA,NA,NA,NA,NA,NA,NA,NA,NA,NA,"Emeka","Egbuka","TBB","WR",24,-5
"WR","17081","robust",NA,NA,NA,NA,NA,NA,10.5,2.9652,0,0,0,0,74.65,2.9652,1098.5,106.7472,7.55,0.148259999999999,0,NA,0,NA,0,NA,NA,NA,NA,NA,NA,NA,NA,NA,NA,NA,NA,NA,NA,NA,NA,NA,"Emeka","Egbuka","TBB","WR",24,-5
"WR","17081","weighted",NA,NA,NA,NA,NA,NA,10.1922005571031,7.64933987661009,0,0,0,0,75.0844011142061,6.3892662615074,1094.51949860724,86.0476595436319,7.5908077994429,0.574383628354252,NA,NA,NA,NA,NA,NA,NA,NA,NA,NA,NA,NA,NA,NA,NA,NA,NA,NA,NA,NA,NA,NA,"Emeka","Egbuka","TBB","WR",24,-5
"WR","15756","average",NA,NA,NA,NA,NA,NA,47,7.87400787401181,0.56,0.517687164221791,0,0,64.5,3.87298334620742,1077.6,72.9746531338108,6.88,0.756306816047561,NA,NA,NA,NA,NA,NA,NA,NA,NA,NA,NA,NA,NA,NA,NA,NA,NA,NA,NA,NA,NA,NA,"Jameson","Williams","DET","WR",25,-2
"WR","15756","robust",NA,NA,NA,NA,NA,NA,45,4.4478,0.5,0.29652,0,0,64.5,2.9652,1083,84.5082,7,0.889559999999999,0,NA,0,NA,0,NA,NA,NA,NA,NA,NA,NA,NA,NA,NA,NA,NA,NA,NA,NA,NA,NA,"Jameson","Williams","DET","WR",25,-2
"WR","15756","weighted",NA,NA,NA,NA,NA,NA,46.5222841225627,7.50175520316038,0.57883008356546,0.51536886506517,0,0,64.3565459610028,3.72590847204321,1073.70055710306,70.0594694912128,6.83398328690808,0.736806253536299,NA,NA,NA,NA,NA,NA,NA,NA,NA,NA,NA,NA,NA,NA,NA,NA,NA,NA,NA,NA,NA,NA,"Jameson","Williams","DET","WR",25,-2
"WR","14109","average",NA,NA,NA,NA,NA,NA,1,1.22474487139159,0,0,0,0,69.6,7.73304597167248,984.4,88.9145657358793,7.54,1.76295206968312,NA,NA,NA,NA,NA,NA,NA,NA,NA,NA,NA,NA,NA,NA,NA,NA,NA,NA,NA,NA,NA,NA,"Terry","McLaurin","WAS","WR",31,1
"WR","14109","robust",NA,NA,NA,NA,NA,NA,1,1.4826,0,0,0,0,70.5,2.9652,988,50.4084,7.35,1.4826,0,NA,0,NA,0,NA,NA,NA,NA,NA,NA,NA,NA,NA,NA,NA,NA,NA,NA,NA,NA,NA,"Terry","McLaurin","WAS","WR",31,1
"WR","14109","weighted",NA,NA,NA,NA,NA,NA,1.01392757660167,1.21160868643718,0,0,0,0,69.424791086351,7.62833433737803,981.731197771588,86.6096145358576,7.51309192200557,1.78848036699873,NA,NA,NA,NA,NA,NA,NA,NA,NA,NA,NA,NA,NA,NA,NA,NA,NA,NA,NA,NA,NA,NA,"Terry","McLaurin","WAS","WR",31,1
"WR","15282","average",NA,NA,NA,NA,NA,NA,0,0,0,0,0,0,87.12,4.00898989771738,1120.4,31.7694822117075,6,1.4142135623731,NA,NA,NA,NA,NA,NA,NA,NA,NA,NA,NA,NA,NA,NA,NA,NA,NA,NA,NA,NA,NA,NA,"DeVonta","Smith","PHI","WR",28,-1
"WR","15282","robust",NA,NA,NA,NA,NA,NA,0,0,0,0,0,0,86.8,2.9652,1123,8.8956,6,0,0,NA,0,NA,0,NA,NA,NA,NA,NA,NA,NA,NA,NA,NA,NA,NA,NA,NA,NA,NA,NA,"DeVonta","Smith","PHI","WR",28,-1
"WR","15282","weighted",NA,NA,NA,NA,NA,NA,0,0,0,0,0,0,87.1116991643454,4.06262066657241,1120.68802228412,31.7601077819736,5.94707520891365,1.35825965541282,NA,NA,NA,NA,NA,NA,NA,NA,NA,NA,NA,NA,NA,NA,NA,NA,NA,NA,NA,NA,NA,NA,"DeVonta","Smith","PHI","WR",28,-1
"WR","15753","average",NA,NA,NA,NA,NA,NA,4.6,5.02991053598372,0,0,0.85,0.106066017177982,93.56,9.52722414977206,1063.8,140.150633248659,6.8,1.78885438199983,NA,NA,NA,NA,NA,NA,NA,NA,NA,NA,NA,NA,NA,NA,NA,NA,NA,NA,NA,NA,NA,NA,"Garrett","Wilson","NYJ","WR",26,-2
"WR","15753","robust",NA,NA,NA,NA,NA,NA,5,2.9652,0,0,0.85,0,94.5,0,1058,31.1346,7,2.9652,0,NA,0,NA,0,NA,NA,NA,NA,NA,NA,NA,NA,NA,NA,NA,NA,NA,NA,NA,NA,NA,"Garrett","Wilson","NYJ","WR",26,-2
"WR","15753","weighted",NA,NA,NA,NA,NA,NA,4.54874651810585,5.0845349017428,0,0,0.850626740947075,0.1061121165477,93.5857938718663,9.50635402569923,1064.29108635098,140.243777342948,6.74373259052925,1.82347643291648,NA,NA,NA,NA,NA,NA,NA,NA,NA,NA,NA,NA,NA,NA,NA,NA,NA,NA,NA,NA,NA,NA,"Garrett","Wilson","NYJ","WR",26,-2
"WR","15789","average",NA,NA,NA,NA,NA,NA,12.2,7.59605160593318,0,0,0.35,0.247487373415292,58.44,5.6451749308591,919.4,41.5066259770654,7.8,0.836660026534076,NA,NA,NA,NA,NA,NA,NA,NA,NA,NA,NA,NA,NA,NA,NA,NA,NA,NA,NA,NA,NA,NA,"Christian","Watson","GBP","WR",27,-2
"WR","15789","robust",NA,NA,NA,NA,NA,NA,13,1.4826,0,0,0.35,0,59,4.4478,914,31.1346,8,1.4826,0,NA,0,NA,0,NA,NA,NA,NA,NA,NA,NA,NA,NA,NA,NA,NA,NA,NA,NA,NA,NA,"Christian","Watson","GBP","WR",27,-2
"WR","15789","weighted",NA,NA,NA,NA,NA,NA,11.8342618384401,7.5347056746466,0,0,0.348537604456824,0.247594938611301,58.3013927576602,5.61260327623337,918.814763231198,42.2996065888396,7.77298050139276,0.85170017848274,NA,NA,NA,NA,NA,NA,NA,NA,NA,NA,NA,NA,NA,NA,NA,NA,NA,NA,NA,NA,NA,NA,"Christian","Watson","GBP","WR",27,-2
"WR","16627","average",NA,NA,NA,NA,NA,NA,0,0,0,0,0,0,80.28,5.11781203249982,1028.8,78.5219714474872,6.38,0.567450438364444,NA,NA,NA,NA,NA,NA,NA,NA,NA,NA,NA,NA,NA,NA,NA,NA,NA,NA,NA,NA,NA,NA,"Ladd","McConkey","LAC","WR",25,-4
"WR","16627","robust",NA,NA,NA,NA,NA,NA,0,0,0,0,0,0,80,5.9304,1032,99.3342,6.45,0.148259999999999,0,NA,0,NA,0,NA,NA,NA,NA,NA,NA,NA,NA,NA,NA,NA,NA,NA,NA,NA,NA,NA,"Ladd","McConkey","LAC","WR",25,-4
"WR","16627","weighted",NA,NA,NA,NA,NA,NA,0,0,0,0,0,0,80.0233983286908,4.91832146662043,1024.85376044568,75.3020526414136,6.35348189415042,0.559788406164435,NA,NA,NA,NA,NA,NA,NA,NA,NA,NA,NA,NA,NA,NA,NA,NA,NA,NA,NA,NA,NA,NA,"Ladd","McConkey","LAC","WR",25,-4
"WR","17070","average",NA,NA,NA,NA,NA,NA,43.2,9.83361581515162,0,0,0.15,0.106066017177982,75.52,8.4824524755521,1023.6,132.364270103378,5.58,1.85256578830551,NA,NA,NA,NA,NA,NA,NA,NA,NA,NA,NA,NA,NA,NA,NA,NA,NA,NA,NA,NA,NA,NA,"Luther","Burden","CHI","WR",23,-5
"WR","17070","robust",NA,NA,NA,NA,NA,NA,42,4.4478,0,0,0.15,0,73,3.55824000000001,998.5,40.0302,5.5,1.4826,0,NA,0,NA,0,NA,NA,NA,NA,NA,NA,NA,NA,NA,NA,NA,NA,NA,NA,NA,NA,NA,"Luther","Burden","CHI","WR",23,-5
"WR","17070","weighted",NA,NA,NA,NA,NA,NA,42.966573816156,9.86636979916731,0,0,0.149373259052925,0.1061121165477,75.0629526462396,8.03777092671752,1015.0069637883,126.545146645531,5.5108635097493,1.79212230816468,NA,NA,NA,NA,NA,NA,NA,NA,NA,NA,NA,NA,NA,NA,NA,NA,NA,NA,NA,NA,NA,NA,"Luther","Burden","CHI","WR",23,-5
"WR","11675","average",NA,NA,NA,NA,NA,NA,0.5,0.866025403784439,0,0,0,0,67.66,4.90183639057854,903.2,67.3587410808723,10.26,0.433589667773576,NA,NA,NA,NA,NA,NA,NA,NA,NA,NA,NA,NA,NA,NA,NA,NA,NA,NA,NA,NA,NA,NA,"Davante","Adams","LAR","WR",34,6
"WR","11675","robust",NA,NA,NA,NA,NA,NA,0.25,0,0,0,0,0,69,1.4826,891,59.304,10.15,0,0,NA,0,NA,0,NA,NA,NA,NA,NA,NA,NA,NA,NA,NA,NA,NA,NA,NA,NA,NA,NA,"Davante","Adams","LAR","WR",34,6
"WR","11675","weighted",NA,NA,NA,NA,NA,NA,0.504874651810585,0.860091086039155,0,0,0,0,67.5871866295265,4.82350626707349,905.708913649025,69.4153721942839,10.2779944289694,0.446427318673796,NA,NA,NA,NA,NA,NA,NA,NA,NA,NA,NA,NA,NA,NA,NA,NA,NA,NA,NA,NA,NA,NA,"Davante","Adams","LAR","WR",34,6
"WR","16616","average",NA,NA,NA,NA,NA,NA,8.5,6.98212002188447,0,0,0.25,0.176776695296637,64.1,8.50294066779253,964.2,90.9736225507152,8,0.707106781186548,NA,NA,NA,NA,NA,NA,NA,NA,NA,NA,NA,NA,NA,NA,NA,NA,NA,NA,NA,NA,NA,NA,"Rome","Odunze","CHI","WR",24,-4
"WR","16616","robust",NA,NA,NA,NA,NA,NA,8.5,6.6717,0,0,0.25,0,62.5,4.4478,963,131.9514,8,0,0,NA,0,NA,0,NA,NA,NA,NA,NA,NA,NA,NA,NA,NA,NA,NA,NA,NA,NA,NA,NA,"Rome","Odunze","CHI","WR",24,-4
"WR","16616","weighted",NA,NA,NA,NA,NA,NA,8.28203342618384,7.00420844893092,0,0,0.248955431754875,0.176853527579501,63.6490250696379,8.08882720185755,962.257660167131,89.0151769570431,7.96100278551532,0.689843298023836,NA,NA,NA,NA,NA,NA,NA,NA,NA,NA,NA,NA,NA,NA,NA,NA,NA,NA,NA,NA,NA,NA,"Rome","Odunze","CHI","WR",24,-4
"WR","16618","average",NA,NA,NA,NA,NA,NA,22,12.5896783120142,0.3,0.447213595499958,0,0,61.8,6.76017751246223,906.6,77.3162337416923,5.92,1.23773987574126,NA,NA,NA,NA,NA,NA,NA,NA,NA,NA,NA,NA,NA,NA,NA,NA,NA,NA,NA,NA,NA,NA,"Brian","Thomas Jr.","JAC","WR",24,-4
"WR","16618","robust",NA,NA,NA,NA,NA,NA,26,2.9652,0.25,0,0,0,61,5.9304,905,66.717,5.6,0.889559999999999,0,NA,0,NA,0,NA,NA,NA,NA,NA,NA,NA,NA,NA,NA,NA,NA,NA,NA,NA,NA,NA,"Brian","Thomas Jr.","JAC","WR",24,-4
"WR","16618","weighted",NA,NA,NA,NA,NA,NA,21.5933147632312,12.7715566378324,0.3008356545961,0.448817623271624,0,0,61.3272980501393,6.47779097425343,901.74651810585,75.5834859361065,5.83454038997214,1.18336077645249,NA,NA,NA,NA,NA,NA,NA,NA,NA,NA,NA,NA,NA,NA,NA,NA,NA,NA,NA,NA,NA,NA,"Brian","Thomas Jr.","JAC","WR",24,-4
"WR","16614","average",NA,NA,NA,NA,NA,NA,0,0,0,0,0.2,0.14142135623731,65.62,6.31046749456805,933.2,104.070649080324,6.1,0.894427190999916,NA,NA,NA,NA,NA,NA,NA,NA,NA,NA,NA,NA,NA,NA,NA,NA,NA,NA,NA,NA,NA,NA,"Marvin","Harrison Jr.","ARI","WR",24,-4
"WR","16614","robust",NA,NA,NA,NA,NA,NA,0,0,0,0,0.2,0,66,4.4478,943.5,28.1694,6,1.4826,0,NA,0,NA,0,NA,NA,NA,NA,NA,NA,NA,NA,NA,NA,NA,NA,NA,NA,NA,NA,NA,"Marvin","Harrison Jr.","ARI","WR",24,-4
"WR","16614","weighted",NA,NA,NA,NA,NA,NA,0,0,0,0,0.1991643454039,0.1414828220636,65.4766016713092,6.16054118188158,930.408077994429,101.067599193116,6.05571030640669,0.893930427823285,NA,NA,NA,NA,NA,NA,NA,NA,NA,NA,NA,NA,NA,NA,NA,NA,NA,NA,NA,NA,NA,NA,"Marvin","Harrison Jr.","ARI","WR",24,-4
"WR","15284","average",NA,NA,NA,NA,NA,NA,15.2,9.67987603226405,0,0,0,0,74.18,3.14833289218278,983,50.769085081376,6.12,0.521536192416212,NA,NA,NA,NA,NA,NA,NA,NA,NA,NA,NA,NA,NA,NA,NA,NA,NA,NA,NA,NA,NA,NA,"Jaylen","Waddle","DEN","WR",28,-1
"WR","15284","robust",NA,NA,NA,NA,NA,NA,16,8.8956,0,0,0,0,74.5,2.9652,991.5,8.8956,6,0,0,NA,0,NA,0,NA,NA,NA,NA,NA,NA,NA,NA,NA,NA,NA,NA,NA,NA,NA,NA,NA,"Jaylen","Waddle","DEN","WR",28,-1
"WR","15284","weighted",NA,NA,NA,NA,NA,NA,14.8565459610028,9.81276361224646,0,0,0,0,74.1403899721448,3.13656102093236,981.83147632312,49.5078594296841,6.09220055710306,0.493412732406571,NA,NA,NA,NA,NA,NA,NA,NA,NA,NA,NA,NA,NA,NA,NA,NA,NA,NA,NA,NA,NA,NA,"Jaylen","Waddle","DEN","WR",28,-1
"WR","13635","average",NA,NA,NA,NA,NA,NA,55,16.985287751463,0.4,0.547722557505166,0.65,0.247487373415292,72.08,11.0468094941481,952,168.447321142249,7.16,0.853229160308062,NA,NA,NA,NA,NA,NA,NA,NA,NA,NA,NA,NA,NA,NA,NA,NA,NA,NA,NA,NA,NA,NA,"D.J.","Moore","BUF","WR",29,2
"WR","13635","robust",NA,NA,NA,NA,NA,NA,54,13.3434,0.5,0,0.65,0,69,2.9652,946,189.7728,7,1.4826,0,NA,0,NA,0,NA,NA,NA,NA,NA,NA,NA,NA,NA,NA,NA,NA,NA,NA,NA,NA,NA,"D.J.","Moore","BUF","WR",29,2
"WR","13635","weighted",NA,NA,NA,NA,NA,NA,54.4805013927577,17.303905273172,0.399721448467967,0.548099764273418,0.651462395543176,0.247594938611301,71.4467966573816,10.4521639844465,944.027855153203,160.007244964153,7.12339832869081,0.849394871810341,NA,NA,NA,NA,NA,NA,NA,NA,NA,NA,NA,NA,NA,NA,NA,NA,NA,NA,NA,NA,NA,NA,"D.J.","Moore","BUF","WR",29,2
"WR","16192","average",NA,NA,NA,NA,NA,NA,16,15.9530561335438,0.06,0.134164078649987,0.1,0.0707106781186548,67.84,8.08875763019266,905,78.0832888651599,5.96,0.952890339965728,NA,NA,NA,NA,NA,NA,NA,NA,NA,NA,NA,NA,NA,NA,NA,NA,NA,NA,NA,NA,NA,NA,"Parker","Washington","JAC","WR",24,-3
"WR","16192","robust",NA,NA,NA,NA,NA,NA,17,22.239,0,0,0.1,0,66.1,2.9652,915,108.2298,6,1.4826,0,NA,0,NA,0,NA,NA,NA,NA,NA,NA,NA,NA,NA,NA,NA,NA,NA,NA,NA,NA,NA,"Parker","Washington","JAC","WR",24,-3
"WR","16192","weighted",NA,NA,NA,NA,NA,NA,16.0626740947075,16.4241176855561,0.0593314763231198,0.133707786882064,0.0995821727019499,0.0707414110318002,67.3139275766017,7.73422257477789,899.83147632312,76.2298890241177,5.93119777158774,0.970806192573266,NA,NA,NA,NA,NA,NA,NA,NA,NA,NA,NA,NA,NA,NA,NA,NA,NA,NA,NA,NA,NA,NA,"Parker","Washington","JAC","WR",24,-3
"WR","13630","average",NA,NA,NA,NA,NA,NA,0,0,0,0,0.2,0.14142135623731,69.78,5.81308867986718,932.4,100.07147445701,7.3,0.670820393249937,NA,NA,NA,NA,NA,NA,NA,NA,NA,NA,NA,NA,NA,NA,NA,NA,NA,NA,NA,NA,NA,NA,"Courtland","Sutton","DEN","WR",31,2
"WR","13630","robust",NA,NA,NA,NA,NA,NA,0,0,0,0,0.2,0,69,1.63085999999999,903,13.3434,7.25,0.7413,0,NA,0,NA,0,NA,NA,NA,NA,NA,NA,NA,NA,NA,NA,NA,NA,NA,NA,NA,NA,NA,"Courtland","Sutton","DEN","WR",31,2
"WR","13630","weighted",NA,NA,NA,NA,NA,NA,0,0,0,0,0.1991643454039,0.1414828220636,69.4356545961003,5.58945434924412,925.856545961003,94.9702268231692,7.29108635097493,0.666384886874693,NA,NA,NA,NA,NA,NA,NA,NA,NA,NA,NA,NA,NA,NA,NA,NA,NA,NA,NA,NA,NA,NA,"Courtland","Sutton","DEN","WR",31,2
"WR","14102","average",NA,NA,NA,NA,NA,NA,6.25,3.89711431702997,0.45,0.455521678957215,0,0,64.04,5.67520924724366,923,76.791926658992,6.3,0.974679434480896,NA,NA,NA,NA,NA,NA,NA,NA,NA,NA,NA,NA,NA,NA,NA,NA,NA,NA,NA,NA,NA,NA,"DK","Metcalf","PIT","WR",29,1
"WR","14102","robust",NA,NA,NA,NA,NA,NA,6.25,4.07715,0.45,0.66717,0,0,64,5.9304,918,78.5778,6,0,0,NA,0,NA,0,NA,NA,NA,NA,NA,NA,NA,NA,NA,NA,NA,NA,NA,NA,NA,NA,NA,"DK","Metcalf","PIT","WR",29,1
"WR","14102","weighted",NA,NA,NA,NA,NA,NA,6.19394150417827,3.96523216445655,0.458565459610028,0.451085371591334,0,0,63.900278551532,5.52096134680107,920.948467966574,74.3942950123071,6.24373259052925,0.919484725804919,NA,NA,NA,NA,NA,NA,NA,NA,NA,NA,NA,NA,NA,NA,NA,NA,NA,NA,NA,NA,NA,NA,"DK","Metcalf","PIT","WR",29,1
"WR","11671","average",NA,NA,NA,NA,NA,NA,0,0,0,0,0.2,0.14142135623731,66.1,5.61693866799345,907,51.8507473427336,7.42,1.15412304370028,NA,NA,NA,NA,NA,NA,NA,NA,NA,NA,NA,NA,NA,NA,NA,NA,NA,NA,NA,NA,NA,NA,"Mike","Evans","SFO","WR",33,6
"WR","11671","robust",NA,NA,NA,NA,NA,NA,0,0,0,0,0.2,0,66.75,2.9652,900,81.543,7.5,1.4826,0,NA,0,NA,0,NA,NA,NA,NA,NA,NA,NA,NA,NA,NA,NA,NA,NA,NA,NA,NA,NA,"Mike","Evans","SFO","WR",33,6
"WR","11671","weighted",NA,NA,NA,NA,NA,NA,0,0,0,0,0.1991643454039,0.1414828220636,65.8286908077994,5.71865868454756,905.846796657382,51.1847292597026,7.34150417827298,1.13370615132509,NA,NA,NA,NA,NA,NA,NA,NA,NA,NA,NA,NA,NA,NA,NA,NA,NA,NA,NA,NA,NA,NA,"Mike","Evans","SFO","WR",33,6
"WR","16188","average",NA,NA,NA,NA,NA,NA,5.8,4.32434966208793,0,0,0.75,0.176776695296637,55.18,8.37627602219507,746.4,122.618514099625,6.74,1.29923054151294,NA,NA,NA,NA,NA,NA,NA,NA,NA,NA,NA,NA,NA,NA,NA,NA,NA,NA,NA,NA,NA,NA,"Quentin","Johnston","LAC","WR",25,-3
"WR","16188","robust",NA,NA,NA,NA,NA,NA,5.5,5.9304,0,0,0.75,0,54.5,7.413,755.5,75.6126,6.35,0,0,NA,0,NA,0,NA,NA,NA,NA,NA,NA,NA,NA,NA,NA,NA,NA,NA,NA,NA,NA,NA,"Quentin","Johnston","LAC","WR",25,-3
"WR","16188","weighted",NA,NA,NA,NA,NA,NA,5.78272980501393,4.42757665592084,0,0,0.751044568245125,0.176853527579501,54.7545961002786,8.01625433700956,743.200557103064,119.350789539804,6.74428969359331,1.30512497792241,NA,NA,NA,NA,NA,NA,NA,NA,NA,NA,NA,NA,NA,NA,NA,NA,NA,NA,NA,NA,NA,NA,"Quentin","Johnston","LAC","WR",25,-3
"WR","16206","average",NA,NA,NA,NA,NA,NA,1.25,1.29903810567666,0,0,0.2,0.14142135623731,72.2,9.1214034007931,914.2,132.518677928811,5.26,1.68463645929916,NA,NA,NA,NA,NA,NA,NA,NA,NA,NA,NA,NA,NA,NA,NA,NA,NA,NA,NA,NA,NA,NA,"Michael","Wilson","ARI","WR",26,-3
"WR","16206","robust",NA,NA,NA,NA,NA,NA,1.25,1.85325,0,0,0.2,0,70,5.9304,872.5,56.3388,5.15,1.4826,0,NA,0,NA,0,NA,NA,NA,NA,NA,NA,NA,NA,NA,NA,NA,NA,NA,NA,NA,NA,NA,"Michael","Wilson","ARI","WR",26,-3
"WR","16206","weighted",NA,NA,NA,NA,NA,NA,1.27054317548746,1.28318103624372,0,0,0.1991643454039,0.1414828220636,71.6532033426184,8.63726178616391,905.508356545961,125.661238503444,5.15403899721448,1.69053519549996,NA,NA,NA,NA,NA,NA,NA,NA,NA,NA,NA,NA,NA,NA,NA,NA,NA,NA,NA,NA,NA,NA,"Michael","Wilson","ARI","WR",26,-3
"WR","13163","average",NA,NA,NA,NA,NA,NA,1,1.22474487139159,0,0,0,0,72.82,9.63389848399909,838.8,139.682497113991,5.82,0.843800924389159,NA,NA,NA,NA,NA,NA,NA,NA,NA,NA,NA,NA,NA,NA,NA,NA,NA,NA,NA,NA,NA,NA,"Chris","Godwin","TBB","WR",30,3
"WR","13163","robust",NA,NA,NA,NA,NA,NA,1,1.4826,0,0,0,0,73,10.3782,810,56.3388,6,1.4826,0,NA,0,NA,0,NA,NA,NA,NA,NA,NA,NA,NA,NA,NA,NA,NA,NA,NA,NA,NA,NA,"Chris","Godwin","TBB","WR",30,3
"WR","13163","weighted",NA,NA,NA,NA,NA,NA,1.01392757660167,1.21160868643718,0,0,0,0,72.1520891364902,9.50264037943274,829.015320334262,134.084818189454,5.76211699164345,0.826549173298524,NA,NA,NA,NA,NA,NA,NA,NA,NA,NA,NA,NA,NA,NA,NA,NA,NA,NA,NA,NA,NA,NA,"Chris","Godwin","TBB","WR",30,3
"WR","16186","average",NA,NA,NA,NA,NA,NA,32,26.6176633084123,0.44,0.606630035524124,0,0,56.38,10.1179049214746,776.6,123.210389172342,5.44,1.0807404868885,NA,NA,NA,NA,NA,NA,NA,NA,NA,NA,NA,NA,NA,NA,NA,NA,NA,NA,NA,NA,NA,NA,"Jordan","Addison","MIN","WR",24,-3
"WR","16186","robust",NA,NA,NA,NA,NA,NA,24.5,7.413,0.5,0,0,0,55.5,8.8956,769,44.478,5.5,1.18608,0,NA,0,NA,0,NA,NA,NA,NA,NA,NA,NA,NA,NA,NA,NA,NA,NA,NA,NA,NA,NA,"Jordan","Addison","MIN","WR",24,-3
"WR","16186","weighted",NA,NA,NA,NA,NA,NA,31.6532033426184,26.9031581906773,0.439275766016713,0.606476427102981,0,0,56.0456824512535,9.74545880901294,770.991643454039,117.167805602302,5.38635097493036,1.04036398499129,NA,NA,NA,NA,NA,NA,NA,NA,NA,NA,NA,NA,NA,NA,NA,NA,NA,NA,NA,NA,NA,NA,"Jordan","Addison","MIN","WR",24,-3
"WR","15779","average",NA,NA,NA,NA,NA,NA,0,0,0,0,0,0,57.4,10.4307238483242,740.2,107.390409255203,5.28,0.701427116670007,NA,NA,NA,NA,NA,NA,NA,NA,NA,NA,NA,NA,NA,NA,NA,NA,NA,NA,NA,NA,NA,NA,"Romeo","Doubs","NEP","WR",26,-2
"WR","15779","robust",NA,NA,NA,NA,NA,NA,0,0,0,0,0,0,58,8.8956,739.5,136.3992,5.2,0.889559999999999,0,NA,0,NA,0,NA,NA,NA,NA,NA,NA,NA,NA,NA,NA,NA,NA,NA,NA,NA,NA,NA,"Romeo","Doubs","NEP","WR",26,-2
"WR","15779","weighted",NA,NA,NA,NA,NA,NA,0,0,0,0,0,0,56.9233983286908,10.0623326895038,735.930362116992,105.188538281799,5.25459610027855,0.689428312453452,NA,NA,NA,NA,NA,NA,NA,NA,NA,NA,NA,NA,NA,NA,NA,NA,NA,NA,NA,NA,NA,NA,"Romeo","Doubs","NEP","WR",26,-2
"WR","17514","average",NA,NA,NA,NA,NA,NA,7.25,4.65698400254929,0,0,1,0.707106781186548,49.62,18.6459647108966,678.6,278.861614425507,4.08,2.1753160689886,NA,NA,NA,NA,NA,NA,NA,NA,NA,NA,NA,NA,NA,NA,NA,NA,NA,NA,NA,NA,NA,NA,"De'Zhaun","Stribling","SFO","WR",24,-6
"WR","17514","robust",NA,NA,NA,NA,NA,NA,7.625,1.11195,0,0,1,0,56,5.9304,767.5,94.8864,4.5,1.4826,0,NA,0,NA,0,NA,NA,NA,NA,NA,NA,NA,NA,NA,NA,NA,NA,NA,NA,NA,NA,NA,"De'Zhaun","Stribling","SFO","WR",24,-6
"WR","17514","weighted",NA,NA,NA,NA,NA,NA,7.1633008356546,4.73816554984237,0,0,1.0041782729805,0.707414110318002,49.4389972144847,18.4317725297352,677.093314763231,276.588042337564,4.05125348189415,2.14250078199089,NA,NA,NA,NA,NA,NA,NA,NA,NA,NA,NA,NA,NA,NA,NA,NA,NA,NA,NA,NA,NA,NA,"De'Zhaun","Stribling","SFO","WR",24,-6
"WR","16080","average",NA,NA,NA,NA,NA,NA,71.6,18.5687910214963,0.2,0.447213595499958,0.65,0.247487373415292,51.14,12.2962595938765,718.4,165.886406917505,3.68,1.67690190530037,NA,NA,NA,NA,NA,NA,NA,NA,NA,NA,NA,NA,NA,NA,NA,NA,NA,NA,NA,NA,NA,NA,"Rashid","Shaheed","SEA","WR",28,-2
"WR","16080","robust",NA,NA,NA,NA,NA,NA,71,23.7216,0,0,0.65,0,50,11.8608,713.5,217.9422,3.7,1.4826,0,NA,0,NA,0,NA,NA,NA,NA,NA,NA,NA,NA,NA,NA,NA,NA,NA,NA,NA,NA,NA,"Rashid","Shaheed","SEA","WR",28,-2
"WR","16080","weighted",NA,NA,NA,NA,NA,NA,71.8704735376045,18.9414482935952,0.21866295264624,0.462499522480005,0.651462395543176,0.247594938611301,50.4949860724234,11.8595818253957,711.532033426184,161.90507843339,3.60974930362117,1.6170590519404,NA,NA,NA,NA,NA,NA,NA,NA,NA,NA,NA,NA,NA,NA,NA,NA,NA,NA,NA,NA,NA,NA,"Rashid","Shaheed","SEA","WR",28,-2
"WR","14127","average",NA,NA,NA,NA,NA,NA,18.6,8.61974477580398,0,0,0.8,0.14142135623731,64.84,8.95700842915758,769.4,120.610115661996,4.82,1.05451410611713,NA,NA,NA,NA,NA,NA,NA,NA,NA,NA,NA,NA,NA,NA,NA,NA,NA,NA,NA,NA,NA,NA,"Jakobi","Meyers","JAC","WR",30,1
"WR","14127","robust",NA,NA,NA,NA,NA,NA,18,2.9652,0,0,0.8,0,66.5,7.413,767.5,71.1648,5,0,0,NA,0,NA,0,NA,NA,NA,NA,NA,NA,NA,NA,NA,NA,NA,NA,NA,NA,NA,NA,NA,"Jakobi","Meyers","JAC","WR",30,1
"WR","14127","weighted",NA,NA,NA,NA,NA,NA,18.9206128133705,8.83682591888596,0,0,0.8008356545961,0.1414828220636,64.7220055710306,8.83403500515253,764.717270194986,116.302778550995,4.79554317548747,1.02763111306707,NA,NA,NA,NA,NA,NA,NA,NA,NA,NA,NA,NA,NA,NA,NA,NA,NA,NA,NA,NA,NA,NA,"Jakobi","Meyers","JAC","WR",30,1
"WR","16809","average",NA,NA,NA,NA,NA,NA,0.5,0.866025403784439,0,0,0.8,0.14142135623731,56.96,4.87934421823261,694.8,71.1526527966456,3.96,1.45189531303052,NA,NA,NA,NA,NA,NA,NA,NA,NA,NA,NA,NA,NA,NA,NA,NA,NA,NA,NA,NA,NA,NA,"Jalen","Coker","CAR","WR",25,-4
"WR","16809","robust",NA,NA,NA,NA,NA,NA,0.25,0,0,0,0.8,0,57.4,2.9652,689.5,85.9908,4,0.29652,0,NA,0,NA,0,NA,NA,NA,NA,NA,NA,NA,NA,NA,NA,NA,NA,NA,NA,NA,NA,NA,"Jalen","Coker","CAR","WR",25,-4
"WR","16809","weighted",NA,NA,NA,NA,NA,NA,0.504874651810585,0.860091086039155,0,0,0.8008356545961,0.1414828220636,56.8587743732591,4.92300500688623,691.533426183844,69.4681621990378,3.90891364902507,1.45227650396799,NA,NA,NA,NA,NA,NA,NA,NA,NA,NA,NA,NA,NA,NA,NA,NA,NA,NA,NA,NA,NA,NA,"Jalen","Coker","CAR","WR",25,-4
"WR","13629","average",NA,NA,NA,NA,NA,NA,18.6,12.0124934963562,0.2,0.447213595499958,0,0,44.68,12.2152363873975,680.6,181.071256691944,3.14,1.88361354847538,NA,NA,NA,NA,NA,NA,NA,NA,NA,NA,NA,NA,NA,NA,NA,NA,NA,NA,NA,NA,NA,NA,"Calvin","Ridley","TEN","WR",32,2
"WR","13629","robust",NA,NA,NA,NA,NA,NA,19,11.8608,0,0,0,0,44.5,10.3782,677,250.5594,3,0,0,NA,0,NA,0,NA,NA,NA,NA,NA,NA,NA,NA,NA,NA,NA,NA,NA,NA,NA,NA,NA,"Calvin","Ridley","TEN","WR",32,2
"WR","13629","weighted",NA,NA,NA,NA,NA,NA,18.5487465181059,12.3492764547164,0.201949860724234,0.449201651147306,0,0,44.1376044568245,11.7561979437726,674.845403899721,177.795236461427,3.05905292479109,1.79884336108118,NA,NA,NA,NA,NA,NA,NA,NA,NA,NA,NA,NA,NA,NA,NA,NA,NA,NA,NA,NA,NA,NA,"Calvin","Ridley","TEN","WR",32,2
"WR","16184","average",NA,NA,NA,NA,NA,NA,83.6,37.7994708957678,0,0,0.3,0.212132034355964,60.66,9.84012195046383,746.2,144.345765438408,4.76,1.54531550176655,NA,NA,NA,NA,NA,NA,NA,NA,NA,NA,NA,NA,NA,NA,NA,NA,NA,NA,NA,NA,NA,NA,"Jayden","Reed","GBP","WR",26,-3
"WR","16184","robust",NA,NA,NA,NA,NA,NA,68,4.4478,0,0,0.3,0,62.5,5.9304,741,109.7124,4.9,1.4826,0,NA,0,NA,0,NA,NA,NA,NA,NA,NA,NA,NA,NA,NA,NA,NA,NA,NA,NA,NA,NA,"Jayden","Reed","GBP","WR",26,-3
"WR","16184","weighted",NA,NA,NA,NA,NA,NA,83.5891364902507,38.0602031499372,0,0,0.29874651810585,0.212224233095401,60.5899721448468,9.72354626790114,741.852367688022,139.837527727745,4.68885793871866,1.48624801247527,NA,NA,NA,NA,NA,NA,NA,NA,NA,NA,NA,NA,NA,NA,NA,NA,NA,NA,NA,NA,NA,NA,"Jayden","Reed","GBP","WR",26,-3
"WR","15293","average",NA,NA,NA,NA,NA,NA,0,0,0,0,0,0,36.3,6.76017751246223,518.2,102.628943285995,4.62,2.19590528028875,NA,NA,NA,NA,NA,NA,NA,NA,NA,NA,NA,NA,NA,NA,NA,NA,NA,NA,NA,NA,NA,NA,"Rashod","Bateman","BAL","WR",27,-1
"WR","15293","robust",NA,NA,NA,NA,NA,NA,0,0,0,0,0,0,36.5,7.413,517.5,60.7866,4.55,1.63086,0,NA,0,NA,0,NA,NA,NA,NA,NA,NA,NA,NA,NA,NA,NA,NA,NA,NA,NA,NA,NA,"Rashod","Bateman","BAL","WR",27,-1
"WR","15293","weighted",NA,NA,NA,NA,NA,NA,0,0,0,0,0,0,36.5348189415042,6.77579884478152,522.877437325905,102.771542961301,4.68272980501393,2.14929084380232,NA,NA,NA,NA,NA,NA,NA,NA,NA,NA,NA,NA,NA,NA,NA,NA,NA,NA,NA,NA,NA,NA,"Rashod","Bateman","BAL","WR",27,-1
"WR","17517","average",NA,NA,NA,NA,NA,NA,4.25,7.36121593216773,0,0,0.5,0.353553390593274,33.94,16.0504828587803,480.8,237.00569613408,3.76,2.23338308402298,NA,NA,NA,NA,NA,NA,NA,NA,NA,NA,NA,NA,NA,NA,NA,NA,NA,NA,NA,NA,NA,NA,"Ja'Kobi","Lane","BAL","WR",22,-6
"WR","17517","robust",NA,NA,NA,NA,NA,NA,2.125,0,0,0,0.5,0,34,14.826,513.5,231.2856,3.9,1.4826,0,NA,0,NA,0,NA,NA,NA,NA,NA,NA,NA,NA,NA,NA,NA,NA,NA,NA,NA,NA,NA,"Ja'Kobi","Lane","BAL","WR",22,-6
"WR","17517","weighted",NA,NA,NA,NA,NA,NA,4.3624651810585,7.36136193125608,0,0,0.502089136490251,0.353707055159001,33.4559888579387,15.6470935431079,474.905292479109,232.614257256858,3.76267409470752,2.23694825097391,NA,NA,NA,NA,NA,NA,NA,NA,NA,NA,NA,NA,NA,NA,NA,NA,NA,NA,NA,NA,NA,NA,"Ja'Kobi","Lane","BAL","WR",22,-6
"WR","16187","average",NA,NA,NA,NA,NA,NA,4.34,6.26721628795433,0,0,0.5,0.353553390593274,69.6,5.41294744108974,742,60.2785202207221,4.42,1.13225438837745,NA,NA,NA,NA,NA,NA,NA,NA,NA,NA,NA,NA,NA,NA,NA,NA,NA,NA,NA,NA,NA,NA,"Josh","Downs","IND","WR",25,-3
"WR","16187","robust",NA,NA,NA,NA,NA,NA,4.35,6.37518,0,0,0.5,0,69,1.4826,731,20.7564,4.5,1.33434,0,NA,0,NA,0,NA,NA,NA,NA,NA,NA,NA,NA,NA,NA,NA,NA,NA,NA,NA,NA,NA,"Josh","Downs","IND","WR",25,-3
"WR","16187","weighted",NA,NA,NA,NA,NA,NA,4.23871866295265,6.23738269848538,0,0,0.502089136490251,0.353707055159001,69.3635097493036,5.16320479775885,737.820334261838,57.6675461513048,4.37632311977716,1.15099658119036,NA,NA,NA,NA,NA,NA,NA,NA,NA,NA,NA,NA,NA,NA,NA,NA,NA,NA,NA,NA,NA,NA,"Josh","Downs","IND","WR",25,-3
"WR","14833","average",NA,NA,NA,NA,NA,NA,2,2,0,0,0.6,0.282842712474619,57.74,6.28792493593872,761,95.1866587290467,3.44,1.0807404868885,NA,NA,NA,NA,NA,NA,NA,NA,NA,NA,NA,NA,NA,NA,NA,NA,NA,NA,NA,NA,NA,NA,"Jerry","Jeudy","CLE","WR",27,0
"WR","14833","robust",NA,NA,NA,NA,NA,NA,2,2.9652,0,0,0.6,0,58.5,9.93342,764.5,118.608,3.5,1.18608,0,NA,0,NA,0,NA,NA,NA,NA,NA,NA,NA,NA,NA,NA,NA,NA,NA,NA,NA,NA,NA,"Jerry","Jeudy","CLE","WR",27,0
"WR","14833","weighted",NA,NA,NA,NA,NA,NA,2.03621169916435,1.97770974606286,0,0,0.601671309192201,0.282965644127201,57.4838440111421,6.37634786553502,755.743732590529,93.3599237109131,3.38635097493036,1.04036398499129,NA,NA,NA,NA,NA,NA,NA,NA,NA,NA,NA,NA,NA,NA,NA,NA,NA,NA,NA,NA,NA,NA,"Jerry","Jeudy","CLE","WR",27,0
"WR","14860","average",NA,NA,NA,NA,NA,NA,0.5,0.866025403784439,0,0,0.75,0.176776695296637,46.22,11.2290694182555,545.8,150.346932126998,4.82,1.79220534537759,NA,NA,NA,NA,NA,NA,NA,NA,NA,NA,NA,NA,NA,NA,NA,NA,NA,NA,NA,NA,NA,NA,"Jauan","Jennings","MIN","WR",29,0
"WR","14860","robust",NA,NA,NA,NA,NA,NA,0.25,0,0,0,0.75,0,47,14.826,549,149.7426,5,2.81694,0,NA,0,NA,0,NA,NA,NA,NA,NA,NA,NA,NA,NA,NA,NA,NA,NA,NA,NA,NA,NA,"Jauan","Jennings","MIN","WR",29,0
"WR","14860","weighted",NA,NA,NA,NA,NA,NA,0.504874651810585,0.860091086039155,0,0,0.751044568245125,0.176853527579501,45.7231197771588,10.8534957594236,538.16852367688,144.921671880298,4.73704735376045,1.81385371002742,NA,NA,NA,NA,NA,NA,NA,NA,NA,NA,NA,NA,NA,NA,NA,NA,NA,NA,NA,NA,NA,NA,"Jauan","Jennings","MIN","WR",29,0
"WR","17501","average",NA,NA,NA,NA,NA,NA,24.2,9.67987603226405,0,0,1.3,0.494974746830583,59.82,9.64168035147401,729.8,134.741233481069,3.1,1.67332005306815,NA,NA,NA,NA,NA,NA,NA,NA,NA,NA,NA,NA,NA,NA,NA,NA,NA,NA,NA,NA,NA,NA,"KC","Concepcion","CLE","WR",22,-6
"WR","17501","robust",NA,NA,NA,NA,NA,NA,24,10.3782,0,0,1.3,0,59,13.3434,752,85.9908,3,1.4826,0,NA,0,NA,0,NA,NA,NA,NA,NA,NA,NA,NA,NA,NA,NA,NA,NA,NA,NA,NA,NA,"KC","Concepcion","CLE","WR",22,-6
"WR","17501","weighted",NA,NA,NA,NA,NA,NA,24.1838440111421,9.76622927765937,0,0,1.30292479108635,0.495189877222602,59.6019498607242,9.50306658975062,728.616991643454,133.597622684724,3.05013927576602,1.62947879352214,NA,NA,NA,NA,NA,NA,NA,NA,NA,NA,NA,NA,NA,NA,NA,NA,NA,NA,NA,NA,NA,NA,"KC","Concepcion","CLE","WR",22,-6
"WR","15757","average",NA,NA,NA,NA,NA,NA,11.2,10.5688220724923,0,0,0,0,81.52,12.5996825356832,849.6,150.885055588683,3.68,2.00299775336869,NA,NA,NA,NA,NA,NA,NA,NA,NA,NA,NA,NA,NA,NA,NA,NA,NA,NA,NA,NA,NA,NA,"Wan'Dale","Robinson","TEN","WR",25,-2
"WR","15757","robust",NA,NA,NA,NA,NA,NA,11.5,8.8956,0,0,0,0,80.5,7.413,809.5,40.0302,3.2,1.4826,0,NA,0,NA,0,NA,NA,NA,NA,NA,NA,NA,NA,NA,NA,NA,NA,NA,NA,NA,NA,NA,"Wan'Dale","Robinson","TEN","WR",25,-2
"WR","15757","weighted",NA,NA,NA,NA,NA,NA,10.9512534818942,10.5405700600472,0,0,0,0,80.9055710306407,12.0295439855942,841.231197771588,142.393732492645,3.54986072423398,1.91544079369991,NA,NA,NA,NA,NA,NA,NA,NA,NA,NA,NA,NA,NA,NA,NA,NA,NA,NA,NA,NA,NA,NA,"Wan'Dale","Robinson","TEN","WR",25,-2
"WR","14136","average",NA,NA,NA,NA,NA,NA,82.2,31.4276947929688,0.8,0.447213595499958,0.5,0.353553390593274,56.12,10.524827789565,632.4,99.788776924061,4.08,0.91214034007931,NA,NA,NA,NA,NA,NA,NA,NA,NA,NA,NA,NA,NA,NA,NA,NA,NA,NA,NA,NA,NA,NA,"Deebo","Samuel","SFO","WR",30,1
"WR","14136","robust",NA,NA,NA,NA,NA,NA,81,41.5128,1,0,0.5,0,57,5.33736,625,100.8168,4,1.4826,0,NA,0,NA,0,NA,NA,NA,NA,NA,NA,NA,NA,NA,NA,NA,NA,NA,NA,NA,NA,NA,"Deebo","Samuel","SFO","WR",30,1
"WR","14136","weighted",NA,NA,NA,NA,NA,NA,82.7506963788301,31.7083532912767,0.802228412256267,0.445692622940214,0.502089136490251,0.353707055159001,55.5364902506964,10.3601245180234,626.995821727019,95.7097278598882,4.04428969359332,0.90405551368921,NA,NA,NA,NA,NA,NA,NA,NA,NA,NA,NA,NA,NA,NA,NA,NA,NA,NA,NA,NA,NA,NA,"Deebo","Samuel","SFO","WR",30,1
"WR","14842","average",NA,NA,NA,NA,NA,NA,0,0,0,0,0,0,75.94,8.31673012667839,763.2,120.682227357635,5.06,0.931665175908169,NA,NA,NA,NA,NA,NA,NA,NA,NA,NA,NA,NA,NA,NA,NA,NA,NA,NA,NA,NA,NA,NA,"Michael","Pittman","PIT","WR",29,0
"WR","14842","robust",NA,NA,NA,NA,NA,NA,0,0,0,0,0,0,76,2.9652,770,115.6428,5,1.4826,0,NA,0,NA,0,NA,NA,NA,NA,NA,NA,NA,NA,NA,NA,NA,NA,NA,NA,NA,NA,NA,"Michael","Pittman","PIT","WR",29,0
"WR","14842","weighted",NA,NA,NA,NA,NA,NA,0,0,0,0,0,0,76.2484679665738,8.48963261271031,765.403899721448,121.980354602477,5.01615598885794,0.92849213785826,NA,NA,NA,NA,NA,NA,NA,NA,NA,NA,NA,NA,NA,NA,NA,NA,NA,NA,NA,NA,NA,NA,"Michael","Pittman","PIT","WR",29,0
"WR","17075","average",NA,NA,NA,NA,NA,NA,34.8,27.6893481324498,0,0,0.15,0.106066017177982,55.62,7.00514096931675,742,87.1406908395842,4.38,0.9338094023943,NA,NA,NA,NA,NA,NA,NA,NA,NA,NA,NA,NA,NA,NA,NA,NA,NA,NA,NA,NA,NA,NA,"Matthew","Golden","GBP","WR",23,-5
"WR","17075","robust",NA,NA,NA,NA,NA,NA,33.5,35.5824,0,0,0.15,0,53,1.4826,726,57.8214,4.5,0,0,NA,0,NA,0,NA,NA,NA,NA,NA,NA,NA,NA,NA,NA,NA,NA,NA,NA,NA,NA,NA,"Matthew","Golden","GBP","WR",23,-5
"WR","17075","weighted",NA,NA,NA,NA,NA,NA,33.6323119777159,27.6721704318215,0,0,0.149373259052925,0.1061121165477,55.9125348189415,7.23791330005275,745.381615598886,89.7229683917879,4.38272980501393,0.931542014238266,NA,NA,NA,NA,NA,NA,NA,NA,NA,NA,NA,NA,NA,NA,NA,NA,NA,NA,NA,NA,NA,NA,"Matthew","Golden","GBP","WR",23,-5
"WR","12186","average",NA,NA,NA,NA,NA,NA,0.25,1.08972473588517,0,0,0,0,65.94,8.85821652478646,760.2,60.648165677125,4.12,0.985900603509299,NA,NA,NA,NA,NA,NA,NA,NA,NA,NA,NA,NA,NA,NA,NA,NA,NA,NA,NA,NA,NA,NA,"Stefon","Diggs","WAS","WR",33,5
"WR","12186","robust",NA,NA,NA,NA,NA,NA,0.125,0.37065,0,0,0,0,67,8.8956,759,26.6868,4,1.4826,0,NA,0,NA,0,NA,NA,NA,NA,NA,NA,NA,NA,NA,NA,NA,NA,NA,NA,NA,NA,NA,"Stefon","Diggs","WAS","WR",33,5
"WR","12186","weighted",NA,NA,NA,NA,NA,NA,0.260793871866295,1.09130433573661,0,0,0,0,65.9281337047354,8.88339066641626,758.188022284123,58.3838771594798,4.10473537604457,0.974358598364833,NA,NA,NA,NA,NA,NA,NA,NA,NA,NA,NA,NA,NA,NA,NA,NA,NA,NA,NA,NA,NA,NA,"Stefon","Diggs","WAS","WR",33,5
"WR","16620","average",NA,NA,NA,NA,NA,NA,94.8,33.5737993083893,0.68,0.460434577328854,0,0,55.18,4.79708244665443,687.8,81.5088952200924,4.34,1.236122971229,NA,NA,NA,NA,NA,NA,NA,NA,NA,NA,NA,NA,NA,NA,NA,NA,NA,NA,NA,NA,NA,NA,"Xavier","Worthy","KCC","WR",23,-4
"WR","16620","robust",NA,NA,NA,NA,NA,NA,87,5.9304,0.7,0,0,0,55.45,4.4478,681.5,108.2298,4.35,1.4826,0,NA,0,NA,0,NA,NA,NA,NA,NA,NA,NA,NA,NA,NA,NA,NA,NA,NA,NA,NA,NA,"Xavier","Worthy","KCC","WR",23,-4
"WR","16620","weighted",NA,NA,NA,NA,NA,NA,94.3259052924791,33.8780548837512,0.710027855153203,0.445362612370569,0,0,55.0178272980501,4.61208288541653,689.217270194986,82.6479581023173,4.3041782729805,1.19763019805647,NA,NA,NA,NA,NA,NA,NA,NA,NA,NA,NA,NA,NA,NA,NA,NA,NA,NA,NA,NA,NA,NA,"Xavier","Worthy","KCC","WR",23,-4
"WR","17500","average",NA,NA,NA,NA,NA,NA,7.25,7.91754381105656,0,0,1.2,0.565685424949238,51,11.3357840487546,643.2,119.82779310327,2.8,1.92353840616713,NA,NA,NA,NA,NA,NA,NA,NA,NA,NA,NA,NA,NA,NA,NA,NA,NA,NA,NA,NA,NA,NA,"Denzel","Boston","CLE","WR",23,-6
"WR","17500","robust",NA,NA,NA,NA,NA,NA,7.25,10.74885,0,0,1.2,0,50.5,11.8608,645.5,131.9514,3,1.4826,0,NA,0,NA,0,NA,NA,NA,NA,NA,NA,NA,NA,NA,NA,NA,NA,NA,NA,NA,NA,NA,"Denzel","Boston","CLE","WR",23,-6
"WR","17500","weighted",NA,NA,NA,NA,NA,NA,7.3624651810585,7.8227898871243,0,0,1.2033426183844,0.565931288254402,50.7841225626741,11.3209940338803,641.689415041783,120.288322087572,2.74094707520891,1.87578496895296,NA,NA,NA,NA,NA,NA,NA,NA,NA,NA,NA,NA,NA,NA,NA,NA,NA,NA,NA,NA,NA,NA,"Denzel","Boston","CLE","WR",23,-6
"WR","17497","average",NA,NA,NA,NA,NA,NA,8,4.84767985741633,0,0,1.2,0.565685424949238,64.86,10.7609479136366,881.8,141.865076745477,5.34,1.44152696818339,NA,NA,NA,NA,NA,NA,NA,NA,NA,NA,NA,NA,NA,NA,NA,NA,NA,NA,NA,NA,NA,NA,"Carnell","Tate","TEN","WR",21,-6
"WR","17497","robust",NA,NA,NA,NA,NA,NA,9,1.4826,0,0,1.2,0,65,14.826,874.5,217.9422,5.35,1.4826,0,NA,0,NA,0,NA,NA,NA,NA,NA,NA,NA,NA,NA,NA,NA,NA,NA,NA,NA,NA,NA,"Carnell","Tate","TEN","WR",21,-6
"WR","17497","weighted",NA,NA,NA,NA,NA,NA,7.77158774373259,4.83648842446373,0,0,1.2033426183844,0.565931288254402,64.741782729805,10.6613069525334,880.201949860724,140.722228415386,5.25821727019499,1.4200913967376,NA,NA,NA,NA,NA,NA,NA,NA,NA,NA,NA,NA,NA,NA,NA,NA,NA,NA,NA,NA,NA,NA,"Carnell","Tate","TEN","WR",21,-6
"WR","11222","average",NA,NA,NA,NA,NA,NA,0,0,0,0,0,0,55.18,4.60564870566569,568,63.2099675684144,3.06,1.31072499022488,NA,NA,NA,NA,NA,NA,NA,NA,NA,NA,NA,NA,NA,NA,NA,NA,NA,NA,NA,NA,NA,NA,"Keenan","Allen","IND","WR",34,7
"WR","11222","robust",NA,NA,NA,NA,NA,NA,0,0,0,0,0,0,55,0.148260000000002,552.5,23.7216,3,0,0,NA,0,NA,0,NA,NA,NA,NA,NA,NA,NA,NA,NA,NA,NA,NA,NA,NA,NA,NA,NA,"Keenan","Allen","IND","WR",34,7
"WR","11222","weighted",NA,NA,NA,NA,NA,NA,0,0,0,0,0,0,55.3660167130919,4.46603047080912,569.350974930362,62.6542873220506,3.06768802228412,1.31196034911304,NA,NA,NA,NA,NA,NA,NA,NA,NA,NA,NA,NA,NA,NA,NA,NA,NA,NA,NA,NA,NA,NA,"Keenan","Allen","IND","WR",34,7
"WR","17499","average",NA,NA,NA,NA,NA,NA,11.5,7.0178344238091,0,0,1,0.707106781186548,52.74,14.029896649655,726.6,94.9726276355456,3.8,2.28035085019828,NA,NA,NA,NA,NA,NA,NA,NA,NA,NA,NA,NA,NA,NA,NA,NA,NA,NA,NA,NA,NA,NA,"Makai","Lemon","PHI","WR",22,-6
"WR","17499","robust",NA,NA,NA,NA,NA,NA,12.75,2.2239,0,0,1,0,53,4.4478,736,115.6428,4,1.4826,0,NA,0,NA,0,NA,NA,NA,NA,NA,NA,NA,NA,NA,NA,NA,NA,NA,NA,NA,NA,NA,"Makai","Lemon","PHI","WR",22,-6
"WR","17499","weighted",NA,NA,NA,NA,NA,NA,11.5341225626741,7.03318639609195,0,0,1.0041782729805,0.707414110318002,52.283286908078,13.5584569879565,722.110027855153,90.9679637221044,3.77019498607242,2.24218149679293,NA,NA,NA,NA,NA,NA,NA,NA,NA,NA,NA,NA,NA,NA,NA,NA,NA,NA,NA,NA,NA,NA,"Makai","Lemon","PHI","WR",22,-6
"WR","16193","average",NA,NA,NA,NA,NA,NA,3.5,6.06217782649107,0,0,0,0,42.62,11.4835534570097,601.4,175.455977384642,4.16,1.82428068015862,NA,NA,NA,NA,NA,NA,NA,NA,NA,NA,NA,NA,NA,NA,NA,NA,NA,NA,NA,NA,NA,NA,"Kayshon","Boutte","HOU","WR",24,-3
"WR","16193","robust",NA,NA,NA,NA,NA,NA,1.75,0,0,0,0,0,42.55,11.8608,590,213.4944,4,2.9652,0,NA,0,NA,0,NA,NA,NA,NA,NA,NA,NA,NA,NA,NA,NA,NA,NA,NA,NA,NA,NA,"Kayshon","Boutte","HOU","WR",24,-3
"WR","16193","weighted",NA,NA,NA,NA,NA,NA,3.53412256267409,6.02063760227408,0,0,0,0,42.2272980501393,11.2519782329159,593.805013927577,169.18255900707,4.08857938718663,1.80811102737842,NA,NA,NA,NA,NA,NA,NA,NA,NA,NA,NA,NA,NA,NA,NA,NA,NA,NA,NA,NA,NA,NA,"Kayshon","Boutte","HOU","WR",24,-3
"WR","17073","average",NA,NA,NA,NA,NA,NA,0.5,0.866025403784439,0,0,0,0,27.28,14.9228683569882,347.2,196.428612987009,2.64,2.06106768447812,NA,NA,NA,NA,NA,NA,NA,NA,NA,NA,NA,NA,NA,NA,NA,NA,NA,NA,NA,NA,NA,NA,"Elic","Ayomanor","TEN","WR",23,-5
"WR","17073","robust",NA,NA,NA,NA,NA,NA,0.25,0,0,0,0,0,26.5,14.23296,342,266.868,2.2,1.77912,0,NA,0,NA,0,NA,NA,NA,NA,NA,NA,NA,NA,NA,NA,NA,NA,NA,NA,NA,NA,NA,"Elic","Ayomanor","TEN","WR",23,-5
"WR","17073","weighted",NA,NA,NA,NA,NA,NA,0.504874651810585,0.860091086039155,0,0,0,0,26.483008356546,15.0950610430245,337.391364902507,198.925754727189,2.58969359331476,2.09083491715003,NA,NA,NA,NA,NA,NA,NA,NA,NA,NA,NA,NA,NA,NA,NA,NA,NA,NA,NA,NA,NA,NA,"Elic","Ayomanor","TEN","WR",23,-5
"WR","16287","average",NA,NA,NA,NA,NA,NA,40.8,24.0977177342586,0,0,0,0,50,1.87082869338697,629,26.580067720004,3.66,0.853229160308062,NA,NA,NA,NA,NA,NA,NA,NA,NA,NA,NA,NA,NA,NA,NA,NA,NA,NA,NA,NA,NA,NA,"Tre","Tucker","LVR","WR",25,-3
"WR","16287","robust",NA,NA,NA,NA,NA,NA,47.5,7.413,0,0,0,0,50,1.4826,630,26.6868,3.5,0.44478,0,NA,0,NA,0,NA,NA,NA,NA,NA,NA,NA,NA,NA,NA,NA,NA,NA,NA,NA,NA,NA,"Tre","Tucker","LVR","WR",25,-3
"WR","16287","weighted",NA,NA,NA,NA,NA,NA,40.2451253481894,24.4891683766705,0,0,0,0,50.0181058495822,1.90298731177306,630.037604456825,27.0914162389793,3.63454038997214,0.862571543731787,NA,NA,NA,NA,NA,NA,NA,NA,NA,NA,NA,NA,NA,NA,NA,NA,NA,NA,NA,NA,NA,NA,"Tre","Tucker","LVR","WR",25,-3
"WR","13164","average",NA,NA,NA,NA,NA,NA,2.225,2.51035356075593,0,0,0.9,0.0707106781186547,42.08,8.52830581065196,514.4,102.918900110718,2.96,0.712741187248218,NA,NA,NA,NA,NA,NA,NA,NA,NA,NA,NA,NA,NA,NA,NA,NA,NA,NA,NA,NA,NA,NA,"Cooper","Kupp","SEA","WR",33,3
"WR","13164","robust",NA,NA,NA,NA,NA,NA,2.225,3.298785,0,0,0.9,0,39.5,3.55824,480.5,40.0302,3,0.29652,0,NA,0,NA,0,NA,NA,NA,NA,NA,NA,NA,NA,NA,NA,NA,NA,NA,NA,NA,NA,NA,"Cooper","Kupp","SEA","WR",33,3
"WR","13164","weighted",NA,NA,NA,NA,NA,NA,2.10045264623955,2.41474005852208,0,0,0.90041782729805,0.0707414110318002,42.0094707520891,8.61235419442348,513.643454038997,103.82126964761,2.99108635097493,0.690746219191372,NA,NA,NA,NA,NA,NA,NA,NA,NA,NA,NA,NA,NA,NA,NA,NA,NA,NA,NA,NA,NA,NA,"Cooper","Kupp","SEA","WR",33,3
"WR","15786","average",NA,NA,NA,NA,NA,NA,8.6,5.31977443130815,0,0,0,0,44.72,10.5019998095601,589.6,164.524466265659,3.66,1.3145341380124,NA,NA,NA,NA,NA,NA,NA,NA,NA,NA,NA,NA,NA,NA,NA,NA,NA,NA,NA,NA,NA,NA,"Jalen","Nailor","LVR","WR",27,-2
"WR","15786","robust",NA,NA,NA,NA,NA,NA,9.5,2.9652,0,0,0,0,44,1.4826,588,45.9606,3.5,1.92738,0,NA,0,NA,0,NA,NA,NA,NA,NA,NA,NA,NA,NA,NA,NA,NA,NA,NA,NA,NA,NA,"Jalen","Nailor","LVR","WR",27,-2
"WR","15786","weighted",NA,NA,NA,NA,NA,NA,8.44568245125348,5.3797493750983,0,0,0,0,44.257938718663,10.0113730293053,583.401114206128,157.723370788375,3.59554317548747,1.30799049604413,NA,NA,NA,NA,NA,NA,NA,NA,NA,NA,NA,NA,NA,NA,NA,NA,NA,NA,NA,NA,NA,NA,"Jalen","Nailor","LVR","WR",27,-2
"WR","16619","average",NA,NA,NA,NA,NA,NA,9.5,6.75771164423776,0,0,0.85,0.122474487139159,36.25,17.5380538639079,400,169.131112848386,3.025,1.41509716980849,NA,NA,NA,NA,NA,NA,NA,NA,NA,NA,NA,NA,NA,NA,NA,NA,NA,NA,NA,NA,NA,NA,"Troy","Franklin","DEN","WR",23,-4
"WR","16619","robust",NA,NA,NA,NA,NA,NA,11,3.7065,0,0,0.85,0.111195,36.25,20.7564,400,200.151,2.825,0.81543,0,NA,0,NA,0,NA,NA,NA,NA,NA,NA,NA,NA,NA,NA,NA,NA,NA,NA,NA,NA,NA,"Troy","Franklin","DEN","WR",23,-4
"WR","16619","weighted",NA,NA,NA,NA,NA,NA,9.40168067226891,6.74649458579152,0,0,0.850756302521008,0.120320669869848,35.7243697478992,17.612957335951,394.927731092437,169.81990193332,2.99361344537815,1.41210502619513,NA,NA,NA,NA,NA,NA,NA,NA,NA,NA,NA,NA,NA,NA,NA,NA,NA,NA,NA,NA,NA,NA,"Troy","Franklin","DEN","WR",23,-4
"WR","16628","average",NA,NA,NA,NA,NA,NA,22.6,13.8311243216161,0,0,0.15,0.106066017177982,45.06,3.53807857459384,585,30.2241625194148,4.06,0.817312669668102,NA,NA,NA,NA,NA,NA,NA,NA,NA,NA,NA,NA,NA,NA,NA,NA,NA,NA,NA,NA,NA,NA,"Jalen","McMillan","TBB","WR",25,-4
"WR","16628","robust",NA,NA,NA,NA,NA,NA,25,5.9304,0,0,0.15,0,46,1.4826,588,48.9258,4,0,0,NA,0,NA,0,NA,NA,NA,NA,NA,NA,NA,NA,NA,NA,NA,NA,NA,NA,NA,NA,NA,"Jalen","McMillan","TBB","WR",25,-4
"WR","16628","weighted",NA,NA,NA,NA,NA,NA,22.0125348189415,13.8040464391078,0,0,0.149373259052925,0.1061121165477,44.9506963788301,3.57442654513018,584.373259052925,30.2632924946027,4.0857938718663,0.789766572405449,NA,NA,NA,NA,NA,NA,NA,NA,NA,NA,NA,NA,NA,NA,NA,NA,NA,NA,NA,NA,NA,NA,"Jalen","McMillan","TBB","WR",25,-4
"WR","17519","average",NA,NA,NA,NA,NA,NA,8,2,0,0,1.4,0.6,31.7,19.8411189200609,389.333333333333,283.299017529771,1.43333333333333,1.40118997046558,NA,NA,NA,NA,NA,NA,NA,NA,NA,NA,NA,NA,NA,NA,NA,NA,NA,NA,NA,NA,NA,NA,"Bryce","Lance","NOS","WR",24,-6
"WR","17519","robust",NA,NA,NA,NA,NA,NA,8,2.9652,0,0,1.4,0.88956,30.05,13.49166,352.25,44.478,1.325,1.03782,0,NA,0,NA,0,NA,NA,NA,NA,NA,NA,NA,NA,NA,NA,NA,NA,NA,NA,NA,NA,NA,"Bryce","Lance","NOS","WR",24,-6
"WR","17519","weighted",NA,NA,NA,NA,NA,NA,8.01351351351351,1.97023503040511,0,0,1.40405405405405,0.591070509121532,31.3202702702703,19.8847767819289,385.515765765766,282.404631837747,1.42927927927928,1.38562140794818,NA,NA,NA,NA,NA,NA,NA,NA,NA,NA,NA,NA,NA,NA,NA,NA,NA,NA,NA,NA,NA,NA,"Bryce","Lance","NOS","WR",24,-6
"WR","15761","average",NA,NA,NA,NA,NA,NA,5.4,4.77493455452533,0,0,0.95,0.0353553390593274,69.44,1.91520233917986,717.8,54.0064810925504,3.62,0.84970583144992,NA,NA,NA,NA,NA,NA,NA,NA,NA,NA,NA,NA,NA,NA,NA,NA,NA,NA,NA,NA,NA,NA,"Khalil","Shakir","BUF","WR",26,-2
"WR","15761","robust",NA,NA,NA,NA,NA,NA,5,2.9652,0,0,0.95,0,69.5,2.66868,721,45.9606,4,0,0,NA,0,NA,0,NA,NA,NA,NA,NA,NA,NA,NA,NA,NA,NA,NA,NA,NA,NA,NA,NA,"Khalil","Shakir","BUF","WR",26,-2
"WR","15761","weighted",NA,NA,NA,NA,NA,NA,5.46935933147632,4.95408860528494,0,0,0.950208913649025,0.0353707055159001,69.4587743732591,1.94019064903734,718.635097493036,54.7711004940047,3.62423398328691,0.846815983586406,NA,NA,NA,NA,NA,NA,NA,NA,NA,NA,NA,NA,NA,NA,NA,NA,NA,NA,NA,NA,NA,NA,"Khalil","Shakir","BUF","WR",26,-2
"WR","14105","average",NA,NA,NA,NA,NA,NA,0,0,0,0,0,0,23.675,14.1805911959504,291.75,180.085859152424,2.15,1.92093727122985,NA,NA,NA,NA,NA,NA,NA,NA,NA,NA,NA,NA,NA,NA,NA,NA,NA,NA,NA,NA,NA,NA,"Marquise","Brown","PHI","WR",29,1
"WR","14105","robust",NA,NA,NA,NA,NA,NA,0,0,0,0,0,0,20.775,7.19061,258.75,96.369,1.45,0.44478,0,NA,0,NA,0,NA,NA,NA,NA,NA,NA,NA,NA,NA,NA,NA,NA,NA,NA,NA,NA,NA,"Marquise","Brown","PHI","WR",29,1
"WR","14105","weighted",NA,NA,NA,NA,NA,NA,0,0,0,0,0,0,23.3771428571429,14.1446537996664,287.884033613445,179.671666874836,2.11798319327731,1.91016836670645,NA,NA,NA,NA,NA,NA,NA,NA,NA,NA,NA,NA,NA,NA,NA,NA,NA,NA,NA,NA,NA,NA,"Marquise","Brown","PHI","WR",29,1
"WR","16788","average",NA,NA,NA,NA,NA,NA,2.75,4.76313972081441,0,0,0,0,47.7,7.54652237789036,559,88.6510011223788,3.5,0.5,NA,NA,NA,NA,NA,NA,NA,NA,NA,NA,NA,NA,NA,NA,NA,NA,NA,NA,NA,NA,NA,NA,"Devaughn","Vele","NOS","WR",29,-4
"WR","16788","robust",NA,NA,NA,NA,NA,NA,1.375,0,0,0,0,0,47.5,3.7065,562,78.5778,3.5,0.7413,0,NA,0,NA,0,NA,NA,NA,NA,NA,NA,NA,NA,NA,NA,NA,NA,NA,NA,NA,NA,NA,"Devaughn","Vele","NOS","WR",29,-4
"WR","16788","weighted",NA,NA,NA,NA,NA,NA,2.77681058495822,4.73050097321535,0,0,0,0,47.2994428969359,7.31510085453056,554.071030640668,86.3554619600537,3.47214484679666,0.500128700443355,NA,NA,NA,NA,NA,NA,NA,NA,NA,NA,NA,NA,NA,NA,NA,NA,NA,NA,NA,NA,NA,NA,"Devaughn","Vele","NOS","WR",29,-4
"WR","17512","average",NA,NA,NA,NA,NA,NA,13.8,8.31865373723417,0,0,1.2,0.565685424949238,35.1,13.0307329034095,456.8,165.709685896751,2.52,1.28530152104477,NA,NA,NA,NA,NA,NA,NA,NA,NA,NA,NA,NA,NA,NA,NA,NA,NA,NA,NA,NA,NA,NA,"Antonio","Williams","WAS","WR",22,-6
"WR","17512","robust",NA,NA,NA,NA,NA,NA,15,4.4478,0,0,1.2,0,35.5,3.7065,466.5,152.7078,2.5,1.4826,0,NA,0,NA,0,NA,NA,NA,NA,NA,NA,NA,NA,NA,NA,NA,NA,NA,NA,NA,NA,NA,"Antonio","Williams","WAS","WR",22,-6
"WR","17512","weighted",NA,NA,NA,NA,NA,NA,13.6922005571031,8.52614804912915,0,0,1.2033426183844,0.565931288254402,34.3760445682451,12.6734020352956,450.087743732591,163.913875874448,2.50863509749304,1.28474758639872,NA,NA,NA,NA,NA,NA,NA,NA,NA,NA,NA,NA,NA,NA,NA,NA,NA,NA,NA,NA,NA,NA,"Antonio","Williams","WAS","WR",22,-6
"WR","17098","average",NA,NA,NA,NA,NA,NA,13.3333333333333,14.8174071805952,0,0,0.5,0.408248290463863,22.125,11.6072893763646,304,141.426070203953,3.075,1.95512147960172,NA,NA,NA,NA,NA,NA,NA,NA,NA,NA,NA,NA,NA,NA,NA,NA,NA,NA,NA,NA,NA,NA,"Tory","Horton","SEA","WR",24,-5
"WR","17098","robust",NA,NA,NA,NA,NA,NA,11.5,9.884,0,0,0.5,0.37065,21,8.52495,285.5,94.8864,2.225,0.22239,0,NA,0,NA,0,NA,NA,NA,NA,NA,NA,NA,NA,NA,NA,NA,NA,NA,NA,NA,NA,NA,"Tory","Horton","SEA","WR",24,-5
"WR","17098","weighted",NA,NA,NA,NA,NA,NA,13.0946778711485,14.6140456930007,0,0,0.502521008403361,0.401068899566161,22.1394957983193,11.4332148035702,303.974789915966,139.410803651904,3.04638655462185,1.94152081200853,NA,NA,NA,NA,NA,NA,NA,NA,NA,NA,NA,NA,NA,NA,NA,NA,NA,NA,NA,NA,NA,NA,"Tory","Horton","SEA","WR",24,-5
"WR","15787","average",NA,NA,NA,NA,NA,NA,1.33333333333333,1.88561808316413,0,0,0,0,24.875,3.01039864469807,431.75,102.421921481683,3.3,0.476095228569523,NA,NA,NA,NA,NA,NA,NA,NA,NA,NA,NA,NA,NA,NA,NA,NA,NA,NA,NA,NA,NA,NA,"Tyquan","Thornton","KCC","WR",26,-2
"WR","15787","robust",NA,NA,NA,NA,NA,NA,1,0.9884,0,0,0,0,24.875,2.59455,419,62.2692,3.15,0.14826,0,NA,0,NA,0,NA,NA,NA,NA,NA,NA,NA,NA,NA,NA,NA,NA,NA,NA,NA,NA,NA,"Tyquan","Thornton","KCC","WR",26,-2
"WR","15787","weighted",NA,NA,NA,NA,NA,NA,1.30644257703081,1.85547134759857,0,0,0,0,24.8050420168067,3.00136091609991,429.472268907563,102.202070694672,3.29142857142857,0.473845654093181,NA,NA,NA,NA,NA,NA,NA,NA,NA,NA,NA,NA,NA,NA,NA,NA,NA,NA,NA,NA,NA,NA,"Tyquan","Thornton","KCC","WR",26,-2
"WR","17506","average",NA,NA,NA,NA,NA,NA,3.75,4.49305018890286,0,0,0.5,0.353553390593274,29.42,16.8873325306278,368.6,223.623120450458,1.8,1.48323969741913,NA,NA,NA,NA,NA,NA,NA,NA,NA,NA,NA,NA,NA,NA,NA,NA,NA,NA,NA,NA,NA,NA,"Chris","Bell","MIA","WR",22,-6
"WR","17506","robust",NA,NA,NA,NA,NA,NA,3.75,5.55975,0,0,0.5,0,29.5,19.2738,379.5,198.6684,2,1.4826,0,NA,0,NA,0,NA,NA,NA,NA,NA,NA,NA,NA,NA,NA,NA,NA,NA,NA,NA,NA,NA,"Chris","Bell","MIA","WR",22,-6
"WR","17506","weighted",NA,NA,NA,NA,NA,NA,3.8325208913649,4.47391881069812,0,0,0.502089136490251,0.353707055159001,29.1005571030641,16.7831457854488,365.037604456825,222.142065848289,1.79805013927577,1.48797545498676,NA,NA,NA,NA,NA,NA,NA,NA,NA,NA,NA,NA,NA,NA,NA,NA,NA,NA,NA,NA,NA,NA,"Chris","Bell","MIA","WR",22,-6
"WR","17171","average",NA,NA,NA,NA,NA,NA,20.6,20.3297811104793,0.2,0.447213595499958,0.5,0.353553390593274,29.88,16.4642643321832,288.6,158.452832098388,2.84,2.05621010599598,NA,NA,NA,NA,NA,NA,NA,NA,NA,NA,NA,NA,NA,NA,NA,NA,NA,NA,NA,NA,NA,NA,"Chimere","Dike","TEN","WR",25,-5
"WR","17171","robust",NA,NA,NA,NA,NA,NA,18,20.7564,0,0,0.5,0,28,8.30256,279.5,145.2948,3,2.9652,0,NA,0,NA,0,NA,NA,NA,NA,NA,NA,NA,NA,NA,NA,NA,NA,NA,NA,NA,NA,NA,"Chimere","Dike","TEN","WR",25,-5
"WR","17171","weighted",NA,NA,NA,NA,NA,NA,20.6657381615599,20.8590603639182,0.21866295264624,0.462499522480005,0.502089136490251,0.353707055159001,29.0428969359331,16.6883319525207,279.626740947075,159.300743187022,2.7874651810585,2.09218699630217,NA,NA,NA,NA,NA,NA,NA,NA,NA,NA,NA,NA,NA,NA,NA,NA,NA,NA,NA,NA,NA,NA,"Chimere","Dike","TEN","WR",25,-5
"WR","17502","average",NA,NA,NA,NA,NA,NA,13,12.3085336250912,0,0,0.7,0.212132034355964,39.32,14.7109483038994,454.6,174.849363739191,2.9,1.7464249196573,NA,NA,NA,NA,NA,NA,NA,NA,NA,NA,NA,NA,NA,NA,NA,NA,NA,NA,NA,NA,NA,NA,"Omar","Cooper Jr.","NYJ","WR",23,-6
"WR","17502","robust",NA,NA,NA,NA,NA,NA,12,7.413,0,0,0.7,0,36.3,7.413,437.5,176.4294,3,1.4826,0,NA,0,NA,0,NA,NA,NA,NA,NA,NA,NA,NA,NA,NA,NA,NA,NA,NA,NA,NA,NA,"Omar","Cooper Jr.","NYJ","WR",23,-6
"WR","17502","weighted",NA,NA,NA,NA,NA,NA,12.2869080779944,11.7831455216625,0,0,0.70125348189415,0.212224233095401,38.4389972144847,14.0700350186946,445.245125348189,167.380506609782,2.83147632311978,1.70192834711078,NA,NA,NA,NA,NA,NA,NA,NA,NA,NA,NA,NA,NA,NA,NA,NA,NA,NA,NA,NA,NA,NA,"Omar","Cooper Jr.","NYJ","WR",23,-6
"WR","17498","average",NA,NA,NA,NA,NA,NA,8.5,5.7227615711298,0,0,0.5,0.353553390593274,44.86,20.856605668229,581.8,278.459512317321,3.58,2.22081066279861,NA,NA,NA,NA,NA,NA,NA,NA,NA,NA,NA,NA,NA,NA,NA,NA,NA,NA,NA,NA,NA,NA,"Jordyn","Tyson","NOS","WR",22,-6
"WR","17498","robust",NA,NA,NA,NA,NA,NA,8.5,2.2239,0,0,0.5,0,42.5,10.3782,593,161.6034,3.5,1.4826,0,NA,0,NA,0,NA,NA,NA,NA,NA,NA,NA,NA,NA,NA,NA,NA,NA,NA,NA,NA,NA,"Jordyn","Tyson","NOS","WR",22,-6
"WR","17498","weighted",NA,NA,NA,NA,NA,NA,8.19289693593315,5.62056284265384,0,0,0.502089136490251,0.353707055159001,43.8643454038997,19.9435202762779,569.775766016713,267.439798779839,3.48022284122563,2.1209075342146,NA,NA,NA,NA,NA,NA,NA,NA,NA,NA,NA,NA,NA,NA,NA,NA,NA,NA,NA,NA,NA,NA,"Jordyn","Tyson","NOS","WR",22,-6
"WR","17353","average",NA,NA,NA,NA,NA,NA,2.33333333333333,4.04145188432738,0,0,0,0,15.3333333333333,14.742229591664,200.333333333333,201.376099210739,2.36666666666667,2.28108161479008,NA,NA,NA,NA,NA,NA,NA,NA,NA,NA,NA,NA,NA,NA,NA,NA,NA,NA,NA,NA,NA,NA,"Jahdae","Walker","CHI","WR",24,-5
"WR","17353","robust",NA,NA,NA,NA,NA,NA,1.75,0,0,0,0,0,14,8.8956,179.5,93.4038,2.05,0.14826,0,NA,0,NA,0,NA,NA,NA,NA,NA,NA,NA,NA,NA,NA,NA,NA,NA,NA,NA,NA,NA,"Jahdae","Walker","CHI","WR",24,-5
"WR","17353","weighted",NA,NA,NA,NA,NA,NA,2.31735159817352,4.03514078201302,0,0,0,0,15.337899543379,14.669022502873,200.194063926941,200.525425409223,2.35662100456621,2.27840786445192,NA,NA,NA,NA,NA,NA,NA,NA,NA,NA,NA,NA,NA,NA,NA,NA,NA,NA,NA,NA,NA,NA,"Jahdae","Walker","CHI","WR",24,-5
"WR","17157","average",NA,NA,NA,NA,NA,NA,1,1.73205080756888,0,0,0,0,28.5,4.06201920231798,393.6,73.968236426185,4.62,1.17132403714771,NA,NA,NA,NA,NA,NA,NA,NA,NA,NA,NA,NA,NA,NA,NA,NA,NA,NA,NA,NA,NA,NA,"Isaac","TeSlaa","DET","WR",24,-5
"WR","17157","robust",NA,NA,NA,NA,NA,NA,0.5,0,0,0,0,0,28,2.2239,387.5,26.6868,4.55,1.4826,0,NA,0,NA,0,NA,NA,NA,NA,NA,NA,NA,NA,NA,NA,NA,NA,NA,NA,NA,NA,NA,"Isaac","TeSlaa","DET","WR",24,-5
"WR","17157","weighted",NA,NA,NA,NA,NA,NA,1.00974930362117,1.72018217207831,0,0,0,0,28.2339832869081,3.92420681905593,388.451253481894,72.1121005329761,4.56991643454039,1.19432249462199,NA,NA,NA,NA,NA,NA,NA,NA,NA,NA,NA,NA,NA,NA,NA,NA,NA,NA,NA,NA,NA,NA,"Isaac","TeSlaa","DET","WR",24,-5
"WR","14122","average",NA,NA,NA,NA,NA,NA,5.75,4.92442890089805,0,0,0.75,0.204124145231932,34.825,9.73597281562899,474.75,124.390179140745,1.9,0.2,NA,NA,NA,NA,NA,NA,NA,NA,NA,NA,NA,NA,NA,NA,NA,NA,NA,NA,NA,NA,NA,NA,"Darius","Slayton","NYG","WR",29,1
"WR","14122","robust",NA,NA,NA,NA,NA,NA,5.75,4.4478,0,0,0.75,0.185325,34.825,12.08319,474.75,148.26,2,0,0,NA,0,NA,0,NA,NA,NA,NA,NA,NA,NA,NA,NA,NA,NA,NA,NA,NA,NA,NA,NA,"Darius","Slayton","NYG","WR",29,1
"WR","14122","weighted",NA,NA,NA,NA,NA,NA,5.81680672268908,5.01396165167445,0,0,0.751260504201681,0.200534449783081,34.5405042016807,9.71008195427364,471.504201680672,124.225707360183,1.90453781512605,0.19693107889266,NA,NA,NA,NA,NA,NA,NA,NA,NA,NA,NA,NA,NA,NA,NA,NA,NA,NA,NA,NA,NA,NA,"Darius","Slayton","NYG","WR",29,1
"WR","16201","average",NA,NA,NA,NA,NA,NA,8,7.30296743340222,0,0,0,0,36.275,7.29628901108867,444.5,83.843107448774,2.825,0.567890834580027,NA,NA,NA,NA,NA,NA,NA,NA,NA,NA,NA,NA,NA,NA,NA,NA,NA,NA,NA,NA,NA,NA,"Xavier","Hutchinson","HOU","WR",26,-3
"WR","16201","robust",NA,NA,NA,NA,NA,NA,8,8.8956,0,0,0,0,36.275,6.6717,449,61.5279,3,0.22239,0,NA,0,NA,0,NA,NA,NA,NA,NA,NA,NA,NA,NA,NA,NA,NA,NA,NA,NA,NA,NA,"Xavier","Hutchinson","HOU","WR",26,-3
"WR","16201","weighted",NA,NA,NA,NA,NA,NA,8.02016806722689,7.29369889729554,0,0,0,0,36.1112605042017,7.2817464370997,442.823529411765,83.7192081914391,2.80773109243697,0.57561728830763,NA,NA,NA,NA,NA,NA,NA,NA,NA,NA,NA,NA,NA,NA,NA,NA,NA,NA,NA,NA,NA,NA,"Xavier","Hutchinson","HOU","WR",26,-3
"WR","14315","average",NA,NA,NA,NA,NA,NA,39,23.388031127053,0,0,0.1,0.1,13.9333333333333,9.71665237277393,270.666666666667,241.928364052943,1,1,NA,NA,NA,NA,NA,NA,NA,NA,NA,NA,NA,NA,NA,NA,NA,NA,NA,NA,NA,NA,NA,NA,"Ashton","Dulin","IND","WR",29,1
"WR","14315","robust",NA,NA,NA,NA,NA,NA,35.75,1.4826,0,0,0.1,0.14826,12.95,4.74432,236.5,8.8956,1,1.4826,0,NA,0,NA,0,NA,NA,NA,NA,NA,NA,NA,NA,NA,NA,NA,NA,NA,NA,NA,NA,NA,"Ashton","Dulin","IND","WR",29,1
"WR","14315","weighted",NA,NA,NA,NA,NA,NA,38.7432432432432,23.2636412076696,0,0,0.0993243243243243,0.0985117515202554,13.8752252252252,9.62781597452434,267.734234234234,240.876539831276,1.00675675675676,0.985117515202554,NA,NA,NA,NA,NA,NA,NA,NA,NA,NA,NA,NA,NA,NA,NA,NA,NA,NA,NA,NA,NA,NA,"Ashton","Dulin","IND","WR",29,1
"WR","17706","average",NA,NA,NA,NA,NA,NA,4.33333333333333,3.29983164553722,0,0,1,0.816496580927726,23.575,17.9068655362499,278.5,207.886988529826,1.25,1.25830573921179,NA,NA,NA,NA,NA,NA,NA,NA,NA,NA,NA,NA,NA,NA,NA,NA,NA,NA,NA,NA,NA,NA,"Malik","Benson","LVR","WR",24,-6
"WR","17706","robust",NA,NA,NA,NA,NA,NA,4.5,2.7181,0,0,1,0.7413,21.75,13.12101,272,176.4294,1,0.7413,0,NA,0,NA,0,NA,NA,NA,NA,NA,NA,NA,NA,NA,NA,NA,NA,NA,NA,NA,NA,NA,"Malik","Benson","LVR","WR",24,-6
"WR","17706","weighted",NA,NA,NA,NA,NA,NA,4.28627450980392,3.29641405543409,0,0,1.00504201680672,0.802137799132323,23.5993277310924,17.6325918148028,279.309243697479,204.526414744923,1.24873949579832,1.23943539605136,NA,NA,NA,NA,NA,NA,NA,NA,NA,NA,NA,NA,NA,NA,NA,NA,NA,NA,NA,NA,NA,NA,"Malik","Benson","LVR","WR",24,-6
"WR","17503","average",NA,NA,NA,NA,NA,NA,8.2,8.19756061276768,0,0,0.5,0.353553390593274,37.5,15.7797338380595,447.4,219.58893414742,2.4,1.34164078649987,NA,NA,NA,NA,NA,NA,NA,NA,NA,NA,NA,NA,NA,NA,NA,NA,NA,NA,NA,NA,NA,NA,"Germie","Bernard","PIT","WR",23,-6
"WR","17503","robust",NA,NA,NA,NA,NA,NA,9.5,13.3434,0,0,0.5,0,41.5,2.9652,511,17.7912,3,0,0,NA,0,NA,0,NA,NA,NA,NA,NA,NA,NA,NA,NA,NA,NA,NA,NA,NA,NA,NA,NA,"Germie","Bernard","PIT","WR",23,-6
"WR","17503","weighted",NA,NA,NA,NA,NA,NA,8.63927576601671,8.14334763988721,0,0,0.502089136490251,0.353707055159001,37.2562674094708,15.5024556914961,444.884401114206,216.342964443755,2.4066852367688,1.33707786882064,NA,NA,NA,NA,NA,NA,NA,NA,NA,NA,NA,NA,NA,NA,NA,NA,NA,NA,NA,NA,NA,NA,"Germie","Bernard","PIT","WR",23,-6
"WR","17080","average",NA,NA,NA,NA,NA,NA,11.2,9.88433103452125,0,0,0.15,0.106066017177982,37.46,8.52396621297856,429.8,96.133760979169,2.64,1.07144761887831,NA,NA,NA,NA,NA,NA,NA,NA,NA,NA,NA,NA,NA,NA,NA,NA,NA,NA,NA,NA,NA,NA,"Jaylin","Noel","HOU","WR",24,-5
"WR","17080","robust",NA,NA,NA,NA,NA,NA,11,13.3434,0,0,0.15,0,36.65,7.413,425.5,81.543,2.6,1.4826,0,NA,0,NA,0,NA,NA,NA,NA,NA,NA,NA,NA,NA,NA,NA,NA,NA,NA,NA,NA,NA,"Jaylin","Noel","HOU","WR",24,-5
"WR","17080","weighted",NA,NA,NA,NA,NA,NA,11.0863509749304,9.98857311557095,0,0,0.149373259052925,0.1061121165477,37.9339832869081,8.62139940896331,435.50139275766,96.4524878774132,2.67465181058496,1.06633152478903,NA,NA,NA,NA,NA,NA,NA,NA,NA,NA,NA,NA,NA,NA,NA,NA,NA,NA,NA,NA,NA,NA,"Jaylin","Noel","HOU","WR",24,-5
"WR","13633","average",NA,NA,NA,NA,NA,NA,0.333333333333333,0.577350269189626,0,0,0,0,33.6333333333333,19.9149022928392,394.333333333333,255.370971986507,2,1.73205080756888,NA,NA,NA,NA,NA,NA,NA,NA,NA,NA,NA,NA,NA,NA,NA,NA,NA,NA,NA,NA,NA,NA,"Christian","Kirk","SFO","WR",30,2
"WR","13633","robust",NA,NA,NA,NA,NA,NA,0.25,0,0,0,0,0,35.725,8.8956,417,158.6382,2.25,0,0,NA,0,NA,0,NA,NA,NA,NA,NA,NA,NA,NA,NA,NA,NA,NA,NA,NA,NA,NA,NA,"Christian","Kirk","SFO","WR",30,2
"WR","13633","weighted",NA,NA,NA,NA,NA,NA,0.346341463414634,0.583479539251792,0,0,0,0,33.0287804878049,19.9741497430865,385.836585365854,255.324933735524,1.9609756097561,1.75043861775538,NA,NA,NA,NA,NA,NA,NA,NA,NA,NA,NA,NA,NA,NA,NA,NA,NA,NA,NA,NA,NA,NA,"Christian","Kirk","SFO","WR",30,2
"WR","16204","average",NA,NA,NA,NA,NA,NA,26.5,16.8151717208002,0,0,0,0,27.375,13.2729753634971,440.25,171.648441589197,2.10544766711032,1.49047318062497,NA,NA,NA,NA,NA,NA,NA,NA,NA,NA,NA,NA,NA,NA,NA,NA,NA,NA,NA,NA,NA,NA,"Tank","Dell","HOU","WR",27,-3
"WR","16204","robust",NA,NA,NA,NA,NA,NA,26.5,20.0151,0,0,0,0,27.375,17.605875,483,84.5082,2.15,1.81950355628882,0,NA,0,NA,0,NA,NA,NA,NA,NA,NA,NA,NA,NA,NA,NA,NA,NA,NA,NA,NA,NA,"Tank","Dell","HOU","WR",27,-3
"WR","16204","weighted",NA,NA,NA,NA,NA,NA,25.8140668523677,16.8367275986103,0,0,0,0,26.8257311977716,13.0329068069131,432.880571030641,172.401458666032,2.0477387446819,1.44946882070815,NA,NA,NA,NA,NA,NA,NA,NA,NA,NA,NA,NA,NA,NA,NA,NA,NA,NA,NA,NA,NA,NA,"Tank","Dell","HOU","WR",27,-3
"WR","16207","average",NA,NA,NA,NA,NA,NA,7,5.22812904711937,0,0,0,0,28.575,5.49446691378396,368,94.3362779281297,2.425,0.505799696849784,NA,NA,NA,NA,NA,NA,NA,NA,NA,NA,NA,NA,NA,NA,NA,NA,NA,NA,NA,NA,NA,NA,"Andrei","Iosivas","CIN","WR",27,-3
"WR","16207","robust",NA,NA,NA,NA,NA,NA,7.25,3.7065,0,0,0,0,28.575,5.41149,368,109.7124,2.425,0.51891,0,NA,0,NA,0,NA,NA,NA,NA,NA,NA,NA,NA,NA,NA,NA,NA,NA,NA,NA,NA,NA,"Andrei","Iosivas","CIN","WR",27,-3
"WR","16207","weighted",NA,NA,NA,NA,NA,NA,7.01512605042017,5.26689421660846,0,0,0,0,28.4228571428571,5.49605991412656,365.186554621849,94.5292087489387,2.41075630252101,0.505982760680732,NA,NA,NA,NA,NA,NA,NA,NA,NA,NA,NA,NA,NA,NA,NA,NA,NA,NA,NA,NA,NA,NA,"Andrei","Iosivas","CIN","WR",27,-3
"WR","12785","average",NA,NA,NA,NA,NA,NA,5.5,0.5,0,0,0,0,20.3,12.5765655089138,290.666666666667,190.090329405084,2.1,1.01488915650922,NA,NA,NA,NA,NA,NA,NA,NA,NA,NA,NA,NA,NA,NA,NA,NA,NA,NA,NA,NA,NA,NA,"Demarcus","Robinson","SFO","WR",32,4
"WR","12785","robust",NA,NA,NA,NA,NA,NA,5.5,0.7413,0,0,0,0,20.7,14.97426,297.75,216.4596,2.15,1.03782,0,NA,0,NA,0,NA,NA,NA,NA,NA,NA,NA,NA,NA,NA,NA,NA,NA,NA,NA,NA,NA,"Demarcus","Robinson","SFO","WR",32,4
"WR","12785","weighted",NA,NA,NA,NA,NA,NA,5.49662162162162,0.492558757601277,0,0,0,0,19.9297297297297,12.7302333844863,284.997747747748,192.473919884334,2.06891891891892,1.02826792107693,NA,NA,NA,NA,NA,NA,NA,NA,NA,NA,NA,NA,NA,NA,NA,NA,NA,NA,NA,NA,NA,NA,"Demarcus","Robinson","SFO","WR",32,4
"WR","16626","average",NA,NA,NA,NA,NA,NA,4,5.24404424085076,0,0,0.65,0.247487373415292,40.32,7.86206079854385,542.4,123.936677380023,3.42,0.855569985448298,NA,NA,NA,NA,NA,NA,NA,NA,NA,NA,NA,NA,NA,NA,NA,NA,NA,NA,NA,NA,NA,NA,"Adonai","Mitchell","NYJ","WR",24,-4
"WR","16626","robust",NA,NA,NA,NA,NA,NA,4,4.4478,0,0,0.65,0,39,5.9304,551.5,105.2646,3.5,0,0,NA,0,NA,0,NA,NA,NA,NA,NA,NA,NA,NA,NA,NA,NA,NA,NA,NA,NA,NA,NA,"Adonai","Mitchell","NYJ","WR",24,-4
"WR","16626","weighted",NA,NA,NA,NA,NA,NA,3.96935933147632,5.32631728453911,0,0,0.651462395543176,0.247594938611301,39.9557103064067,7.4915634523242,538.472144846797,120.180574082632,3.42228412256267,0.853732469901705,NA,NA,NA,NA,NA,NA,NA,NA,NA,NA,NA,NA,NA,NA,NA,NA,NA,NA,NA,NA,NA,NA,"Adonai","Mitchell","NYJ","WR",24,-4
"WR","17520","average",NA,NA,NA,NA,NA,NA,4,5.33853912601566,0,0,0.5,0.353553390593274,22.12,8.22021897518552,297.6,148.880153143392,1.6,1.14017542509914,NA,NA,NA,NA,NA,NA,NA,NA,NA,NA,NA,NA,NA,NA,NA,NA,NA,NA,NA,NA,NA,NA,"Ted","Hurst","TBB","WR",22,-6
"WR","17520","robust",NA,NA,NA,NA,NA,NA,3,4.4478,0,0,0.5,0,22,6.52344,295,188.2902,1.5,1.4826,0,NA,0,NA,0,NA,NA,NA,NA,NA,NA,NA,NA,NA,NA,NA,NA,NA,NA,NA,NA,NA,"Ted","Hurst","TBB","WR",22,-6
"WR","17520","weighted",NA,NA,NA,NA,NA,NA,4.0933147632312,5.32556785070976,0,0,0.502089136490251,0.353707055159001,22.0810584958217,8.31370953021394,293.49582172702,148.80922171852,1.59610027855153,1.14120717715719,NA,NA,NA,NA,NA,NA,NA,NA,NA,NA,NA,NA,NA,NA,NA,NA,NA,NA,NA,NA,NA,NA,"Ted","Hurst","TBB","WR",22,-6
"WR","16635","average",NA,NA,NA,NA,NA,NA,0,0,0,0,0.1,0.1,13.9,7.57165767847438,208.666666666667,142.60902262246,1.83333333333333,2.02072594216369,NA,NA,NA,NA,NA,NA,NA,NA,NA,NA,NA,NA,NA,NA,NA,NA,NA,NA,NA,NA,NA,NA,"Luke","McCaffrey","WAS","WR",25,-4
"WR","16635","robust",NA,NA,NA,NA,NA,NA,0,0,0,0,0.1,0.14826,13.6,8.45082,202.5,154.1904,1.75,2.2239,0,NA,0,NA,0,NA,NA,NA,NA,NA,NA,NA,NA,NA,NA,NA,NA,NA,NA,NA,NA,NA,"Luke","McCaffrey","WAS","WR",25,-4
"WR","16635","weighted",NA,NA,NA,NA,NA,NA,0,0,0,0,0.0993243243243243,0.0985117515202554,13.7216216216216,7.62177220848564,205.355855855856,143.503929711942,1.78603603603604,2.03379159339533,NA,NA,NA,NA,NA,NA,NA,NA,NA,NA,NA,NA,NA,NA,NA,NA,NA,NA,NA,NA,NA,NA,"Luke","McCaffrey","WAS","WR",25,-4
"WR","16684","average",NA,NA,NA,NA,NA,NA,66,16.867127793433,0.62,0.567450438364444,0.85,0.106066017177982,49,7.74596669241483,495.8,107.771517573058,3.26,1.21983605455815,NA,NA,NA,NA,NA,NA,NA,NA,NA,NA,NA,NA,NA,NA,NA,NA,NA,NA,NA,NA,NA,NA,"Malik","Washington","MIA","WR",25,-4
"WR","16684","robust",NA,NA,NA,NA,NA,NA,64.5,14.826,0.55,0.14826,0.85,0,47,4.4478,478.5,180.8772,3,0,0,NA,0,NA,0,NA,NA,NA,NA,NA,NA,NA,NA,NA,NA,NA,NA,NA,NA,NA,NA,NA,"Malik","Washington","MIA","WR",25,-4
"WR","16684","weighted",NA,NA,NA,NA,NA,NA,65.8857938718663,17.0792063026302,0.590807799442897,0.574383628354253,0.850626740947075,0.1061121165477,48.4637883008357,7.3982318892286,491.505571030641,106.315589305527,3.23621169916435,1.23035873977755,NA,NA,NA,NA,NA,NA,NA,NA,NA,NA,NA,NA,NA,NA,NA,NA,NA,NA,NA,NA,NA,NA,"Malik","Washington","MIA","WR",25,-4
"WR","17599","average",NA,NA,NA,NA,NA,NA,7,7.3143694191639,0,0,0.5,0.353553390593274,36.02,9.95750972884285,464,174.195292703333,2,1.22474487139159,NA,NA,NA,NA,NA,NA,NA,NA,NA,NA,NA,NA,NA,NA,NA,NA,NA,NA,NA,NA,NA,NA,"Caleb","Douglas","MIA","WR",23,-6
"WR","17599","robust",NA,NA,NA,NA,NA,NA,7,10.3782,0,0,0.5,0,38.5,2.9652,507.5,123.0558,2,1.4826,0,NA,0,NA,0,NA,NA,NA,NA,NA,NA,NA,NA,NA,NA,NA,NA,NA,NA,NA,NA,NA,"Caleb","Douglas","MIA","WR",23,-6
"WR","17599","weighted",NA,NA,NA,NA,NA,NA,7.1142061281337,7.22509806065153,0,0,0.502089136490251,0.353707055159001,36.1047353760446,9.96069809612452,463.093314763231,172.464827774199,1.97771587743733,1.20712643785781,NA,NA,NA,NA,NA,NA,NA,NA,NA,NA,NA,NA,NA,NA,NA,NA,NA,NA,NA,NA,NA,NA,"Caleb","Douglas","MIA","WR",23,-6
"WR","15319","average",NA,NA,NA,NA,NA,NA,0,0,0,0,0,0,23.2,8.34425950379461,307.75,123.48380460611,1,0.816496580927726,NA,NA,NA,NA,NA,NA,NA,NA,NA,NA,NA,NA,NA,NA,NA,NA,NA,NA,NA,NA,NA,NA,"Joshua","Palmer","BUF","WR",27,-1
"WR","15319","robust",NA,NA,NA,NA,NA,NA,0,0,0,0,0,0,21.85,5.04084,296.25,84.5082,1,0.7413,0,NA,0,NA,0,NA,NA,NA,NA,NA,NA,NA,NA,NA,NA,NA,NA,NA,NA,NA,NA,NA,"Joshua","Palmer","BUF","WR",27,-1
"WR","15319","weighted",NA,NA,NA,NA,NA,NA,0,0,0,0,0,0,23.0447058823529,8.30927330273779,305.104201680672,123.144267669853,1.00504201680672,0.802137799132323,NA,NA,NA,NA,NA,NA,NA,NA,NA,NA,NA,NA,NA,NA,NA,NA,NA,NA,NA,NA,NA,NA,"Joshua","Palmer","BUF","WR",27,-1
"WR","17521","average",NA,NA,NA,NA,NA,NA,7,6,0,0,1,1,18.5333333333333,13.5739947448543,227,202.615399217335,1.33333333333333,1.52752523165195,NA,NA,NA,NA,NA,NA,NA,NA,NA,NA,NA,NA,NA,NA,NA,NA,NA,NA,NA,NA,NA,NA,"Zavion","Thomas","CHI","WR",22,-6
"WR","17521","robust",NA,NA,NA,NA,NA,NA,7,8.8956,0,0,1,1.4826,17.15,6.52344,208.75,123.0558,1.25,1.4826,0,NA,0,NA,0,NA,NA,NA,NA,NA,NA,NA,NA,NA,NA,NA,NA,NA,NA,NA,NA,NA,"Zavion","Thomas","CHI","WR",22,-6
"WR","17521","weighted",NA,NA,NA,NA,NA,NA,7.04054054054054,5.91070509121532,0,0,1.00675675675676,0.985117515202554,18.4509009009009,13.4507601310405,226.081081081081,200.568036274417,1.33333333333333,1.50821197004454,NA,NA,NA,NA,NA,NA,NA,NA,NA,NA,NA,NA,NA,NA,NA,NA,NA,NA,NA,NA,NA,NA,"Zavion","Thomas","CHI","WR",22,-6
"WR","16195","average",NA,NA,NA,NA,NA,NA,2.75,2.27760839478607,0,0,0,0,37.94,3.57323382946037,448.4,43.8782406210641,2.62,0.521536192416212,NA,NA,NA,NA,NA,NA,NA,NA,NA,NA,NA,NA,NA,NA,NA,NA,NA,NA,NA,NA,NA,NA,"Dontayvion","Wicks","PHI","WR",25,-3
"WR","16195","robust",NA,NA,NA,NA,NA,NA,2.75,3.33585,0,0,0,0,38,4.4478,444,19.2738,2.55,0,0,NA,0,NA,0,NA,NA,NA,NA,NA,NA,NA,NA,NA,NA,NA,NA,NA,NA,NA,NA,NA,"Dontayvion","Wicks","PHI","WR",25,-3
"WR","16195","weighted",NA,NA,NA,NA,NA,NA,2.66538997214485,2.25974335033306,0,0,0,0,38.0116991643454,3.56481464013621,450.128133704735,45.1561755812434,2.6116991643454,0.524497086248836,NA,NA,NA,NA,NA,NA,NA,NA,NA,NA,NA,NA,NA,NA,NA,NA,NA,NA,NA,NA,NA,NA,"Dontayvion","Wicks","PHI","WR",25,-3
"WR","17074","average",NA,NA,NA,NA,NA,NA,9.75,9.322910847298,0,0,0,0,42.825,8.1602185428251,494,92.8260021042955,2.975,2.19146070008111,1,0,0,0,0,0,NA,NA,NA,NA,NA,NA,NA,NA,NA,NA,NA,NA,NA,NA,NA,NA,"Travis","Hunter","JAC","WR",23,-5
"WR","17074","robust",NA,NA,NA,NA,NA,NA,9.75,8.1543,0,0,0,0,42.825,9.85929,494,101.5581,2.75,1.55673,1,0,0,0,0,0,NA,NA,NA,NA,NA,NA,NA,NA,NA,NA,NA,NA,NA,NA,NA,NA,"Travis","Hunter","JAC","WR",23,-5
"WR","17074","weighted",NA,NA,NA,NA,NA,NA,9.22338568935428,9.02318039282109,0,0,0,0,42.3884816753927,8.19718989718729,490.155322862129,93.6907815895927,2.86003490401396,2.09046929964994,1,0,0,0,0,0,NA,NA,NA,NA,NA,NA,NA,NA,NA,NA,NA,NA,NA,NA,NA,NA,"Travis","Hunter","JAC","WR",23,-5
"WR","17511","average",NA,NA,NA,NA,NA,NA,0,0,0,0,0,0,31.7,24.6081287382848,375,297.100431953013,2.25,2.06155281280883,NA,NA,NA,NA,NA,NA,NA,NA,NA,NA,NA,NA,NA,NA,NA,NA,NA,NA,NA,NA,NA,NA,"Malachi","Fields","NYG","WR",23,-6
"WR","17511","robust",NA,NA,NA,NA,NA,NA,0,0,0,0,0,0,31.7,23.12856,375,289.8483,2,1.4826,0,NA,0,NA,0,NA,NA,NA,NA,NA,NA,NA,NA,NA,NA,NA,NA,NA,NA,NA,NA,NA,"Malachi","Fields","NYG","WR",23,-6
"WR","17511","weighted",NA,NA,NA,NA,NA,NA,0,0,0,0,0,0,30.7026178010471,23.6639230333597,363.422338568935,286.067186264648,2.14834205933682,1.96943697780884,NA,NA,NA,NA,NA,NA,NA,NA,NA,NA,NA,NA,NA,NA,NA,NA,NA,NA,NA,NA,NA,NA,"Malachi","Fields","NYG","WR",23,-6
"WR","17072","average",NA,NA,NA,NA,NA,NA,6.33333333333333,6.94422221866655,0,0,0.2,0,39.925,12.775856135696,483,148.096815180701,2.9,2.07525098883645,NA,NA,NA,NA,NA,NA,NA,NA,NA,NA,NA,NA,NA,NA,NA,NA,NA,NA,NA,NA,NA,NA,"Tre","Harris","LAC","WR",24,-5
"WR","17072","robust",NA,NA,NA,NA,NA,NA,5.5,4.6949,0,0,0.2,0,34.675,2.2239,413.75,9.6369,2,0.29652,0,NA,0,NA,0,NA,NA,NA,NA,NA,NA,NA,NA,NA,NA,NA,NA,NA,NA,NA,NA,NA,"Tre","Harris","LAC","WR",24,-5
"WR","17072","weighted",NA,NA,NA,NA,NA,NA,5.91332169866201,6.66288409408922,0,0,0.2,3.20924636278927e-17,39.039092495637,12.1335090174797,472.659685863874,140.554752985768,2.75951134380454,1.96812729214149,NA,NA,NA,NA,NA,NA,NA,NA,NA,NA,NA,NA,NA,NA,NA,NA,NA,NA,NA,NA,NA,NA,"Tre","Harris","LAC","WR",24,-5
"WR","16778","average",NA,NA,NA,NA,NA,NA,13.25,9.9121138007995,0,0,0,0,35.7,3.00444115713166,415,46.4686274096119,3.275,0.984462628374824,NA,NA,NA,NA,NA,NA,NA,NA,NA,NA,NA,NA,NA,NA,NA,NA,NA,NA,NA,NA,NA,NA,"Ryan","Flournoy","DAL","WR",27,-4
"WR","16778","robust",NA,NA,NA,NA,NA,NA,13.5,8.1543,0,0,0,0,35.5,2.2239,408.5,27.4281,3.275,0.81543,0,NA,0,NA,0,NA,NA,NA,NA,NA,NA,NA,NA,NA,NA,NA,NA,NA,NA,NA,NA,NA,"Ryan","Flournoy","DAL","WR",27,-4
"WR","16778","weighted",NA,NA,NA,NA,NA,NA,12.8516579406632,10.0091775009864,0,0,0,0,35.7497382198953,2.95779139985617,415.35427574171,46.1269871170159,3.32146596858639,0.949751056828569,NA,NA,NA,NA,NA,NA,NA,NA,NA,NA,NA,NA,NA,NA,NA,NA,NA,NA,NA,NA,NA,NA,"Ryan","Flournoy","DAL","WR",27,-4
"WR","17507","average",NA,NA,NA,NA,NA,NA,8.66666666666667,12.2565175405668,0,0,0,0,28.55,24.2434183508294,324.5,266.716453685682,1.75,1.70782512765993,NA,NA,NA,NA,NA,NA,NA,NA,NA,NA,NA,NA,NA,NA,NA,NA,NA,NA,NA,NA,NA,NA,"Zachariah","Branch","ATL","WR",22,-6
"WR","17507","robust",NA,NA,NA,NA,NA,NA,6.5,6.4246,0,0,0,0,27.75,19.86684,324.5,254.2659,1.75,1.4826,0,NA,0,NA,0,NA,NA,NA,NA,NA,NA,NA,NA,NA,NA,NA,NA,NA,NA,NA,NA,NA,"Zachariah","Branch","ATL","WR",22,-6
"WR","17507","weighted",NA,NA,NA,NA,NA,NA,7.95578824898197,11.7002027835585,0,0,0,0,27.3724258289703,23.1990360855944,312.947643979058,256.456601434893,1.67015706806283,1.6370848811871,NA,NA,NA,NA,NA,NA,NA,NA,NA,NA,NA,NA,NA,NA,NA,NA,NA,NA,NA,NA,NA,NA,"Zachariah","Branch","ATL","WR",22,-6
"WR","16639","average",NA,NA,NA,NA,NA,NA,6,6.97614984548545,0,0,0.2,0,37.25,4.57347424467075,401.5,53.100533581751,2.75,0.5,NA,NA,NA,NA,NA,NA,NA,NA,NA,NA,NA,NA,NA,NA,NA,NA,NA,NA,NA,NA,NA,NA,"Xavier","Legette","CAR","WR",25,-4
"WR","16639","robust",NA,NA,NA,NA,NA,NA,6,8.1543,0,0,0.2,0,37.25,4.4478,419.5,16.3086,3,0,0,NA,0,NA,0,NA,NA,NA,NA,NA,NA,NA,NA,NA,NA,NA,NA,NA,NA,NA,NA,NA,"Xavier","Legette","CAR","WR",25,-4
"WR","16639","weighted",NA,NA,NA,NA,NA,NA,5.80453752181501,6.91226572069532,0,0,0.2,3.20924636278927e-17,37.0383944153578,4.39668989735884,401.062827225131,52.5552042897328,2.7521815008726,0.499207388510652,NA,NA,NA,NA,NA,NA,NA,NA,NA,NA,NA,NA,NA,NA,NA,NA,NA,NA,NA,NA,NA,NA,"Xavier","Legette","CAR","WR",25,-4
"WR","15755","average",NA,NA,NA,NA,NA,NA,5,5.71547606649408,0,0,0,0,32.525,15.2436598842491,410.75,190.028725898656,2.1,1.4742229591664,NA,NA,NA,NA,NA,NA,NA,NA,NA,NA,NA,NA,NA,NA,NA,NA,NA,NA,NA,NA,NA,NA,"Jahan","Dotson","ATL","WR",26,-2
"WR","15755","robust",NA,NA,NA,NA,NA,NA,4.25,3.7065,0,0,0,0,32.025,11.8608,399.5,132.6927,2,1.18608,0,NA,0,NA,0,NA,NA,NA,NA,NA,NA,NA,NA,NA,NA,NA,NA,NA,NA,NA,NA,NA,"Jahan","Dotson","ATL","WR",26,-2
"WR","15755","weighted",NA,NA,NA,NA,NA,NA,4.65619546247819,5.47709027046487,0,0,0,0,31.6984293193717,14.6805607918541,400.792321116928,182.584896805916,2.03280977312391,1.412322810627,NA,NA,NA,NA,NA,NA,NA,NA,NA,NA,NA,NA,NA,NA,NA,NA,NA,NA,NA,NA,NA,NA,"Jahan","Dotson","ATL","WR",26,-2
"WR","15788","average",NA,NA,NA,NA,NA,NA,5.66666666666667,8.01387685344754,0.3,0.424264068711929,0.4,0,41.9,12.8234160815284,507.75,150.316055917745,2.55,1.7156145643277,NA,NA,NA,NA,NA,NA,NA,NA,NA,NA,NA,NA,NA,NA,NA,NA,NA,NA,NA,NA,NA,NA,"Jalen","Tolbert","MIA","WR",27,-2
"WR","15788","robust",NA,NA,NA,NA,NA,NA,4.25,4.2007,0.225,0.22239,0.4,0,36.95,2.66868,445,25.9455,2.15,0.88956,0,NA,0,NA,0,NA,NA,NA,NA,NA,NA,NA,NA,NA,NA,NA,NA,NA,NA,NA,NA,NA,"Jalen","Tolbert","MIA","WR",27,-2
"WR","15788","weighted",NA,NA,NA,NA,NA,NA,5.76556137289122,7.94171336237992,0.305235602094241,0.420443648596584,0.4,6.41849272557854e-17,40.9619546247819,12.2094949109349,497.623036649215,142.558650304784,2.43001745200698,1.64353126506923,NA,NA,NA,NA,NA,NA,NA,NA,NA,NA,NA,NA,NA,NA,NA,NA,NA,NA,NA,NA,NA,NA,"Jalen","Tolbert","MIA","WR",27,-2
"WR","16342","average",NA,NA,NA,NA,NA,NA,8.33333333333333,11.1504857891185,0,0,0,0,30.1666666666667,2.25462487641145,402.333333333333,82.5913635517257,2.5,0.866025403784439,NA,NA,NA,NA,NA,NA,NA,NA,NA,NA,NA,NA,NA,NA,NA,NA,NA,NA,NA,NA,NA,NA,"Demario","Douglas","NEP","WR",26,-3
"WR","16342","robust",NA,NA,NA,NA,NA,NA,7.25,5.9304,0,0,0,0,30.125,2.9652,393,29.652,2.375,0,0,NA,0,NA,0,NA,NA,NA,NA,NA,NA,NA,NA,NA,NA,NA,NA,NA,NA,NA,NA,NA,"Demario","Douglas","NEP","WR",26,-3
"WR","16342","weighted",NA,NA,NA,NA,NA,NA,8.58888888888889,11.3056512330576,0,0,0,0,30.1177777777778,2.22599270399303,399.942222222222,81.3808799379268,2.47333333333333,0.85413663852384,NA,NA,NA,NA,NA,NA,NA,NA,NA,NA,NA,NA,NA,NA,NA,NA,NA,NA,NA,NA,NA,NA,"Demario","Douglas","NEP","WR",26,-3
"WR","16617","average",NA,NA,NA,NA,NA,NA,0,0,0,0,0.6,0,29.725,9.3862931980628,383.25,88.868348321173,2.7,0.476095228569523,NA,NA,NA,NA,NA,NA,NA,NA,NA,NA,NA,NA,NA,NA,NA,NA,NA,NA,NA,NA,NA,NA,"Keon","Coleman","BUF","WR",23,-4
"WR","16617","robust",NA,NA,NA,NA,NA,NA,0,0,0,0,0.6,0,29.725,8.08017,368.75,53.3736,2.85,0.14826,0,NA,0,NA,0,NA,NA,NA,NA,NA,NA,NA,NA,NA,NA,NA,NA,NA,NA,NA,NA,NA,"Keon","Coleman","BUF","WR",23,-4
"WR","16617","weighted",NA,NA,NA,NA,NA,NA,0,0,0,0,0.6,1.28369854511571e-16,29.0310645724258,9.10993772560906,376.698080279232,85.3527124226531,2.6869109947644,0.484266139408211,NA,NA,NA,NA,NA,NA,NA,NA,NA,NA,NA,NA,NA,NA,NA,NA,NA,NA,NA,NA,NA,NA,"Keon","Coleman","BUF","WR",23,-4
"WR","17082","average",NA,NA,NA,NA,NA,NA,2,2.82842712474619,0,0,0,0,32.15,4.75639919827314,379.25,78.6272853403957,2.025,0.776208734813001,NA,NA,NA,NA,NA,NA,NA,NA,NA,NA,NA,NA,NA,NA,NA,NA,NA,NA,NA,NA,NA,NA,"Pat","Bryant","DEN","WR",24,-5
"WR","17082","robust",NA,NA,NA,NA,NA,NA,1.5,1.4826,0,0,0,0,30.9,2.2239,370.25,48.9258,2,0.66717,0,NA,0,NA,0,NA,NA,NA,NA,NA,NA,NA,NA,NA,NA,NA,NA,NA,NA,NA,NA,NA,"Pat","Bryant","DEN","WR",24,-5
"WR","17082","weighted",NA,NA,NA,NA,NA,NA,2.03490401396161,2.80295765731056,0,0,0,0,31.7961605584642,4.56829165446252,374.198952879581,75.5660125458713,1.99162303664921,0.745153159456076,NA,NA,NA,NA,NA,NA,NA,NA,NA,NA,NA,NA,NA,NA,NA,NA,NA,NA,NA,NA,NA,NA,"Pat","Bryant","DEN","WR",24,-5
"WR","16189","average",NA,NA,NA,NA,NA,NA,43,2.82842712474619,0.2,0.282842712474619,0,0,31.1,10.040916292849,331.5,82.7314933988261,2.45,0.636396103067893,NA,NA,NA,NA,NA,NA,NA,NA,NA,NA,NA,NA,NA,NA,NA,NA,NA,NA,NA,NA,NA,NA,"Marvin","Mims","DEN","WR",24,-3
"WR","16189","robust",NA,NA,NA,NA,NA,NA,43,2.9652,0.2,0.29652,0,0,31.1,10.52646,331.5,86.7321,2.45,0.66717,NA,NA,NA,NA,NA,NA,NA,NA,NA,NA,NA,NA,NA,NA,NA,NA,NA,NA,NA,NA,NA,NA,"Marvin","Mims","DEN","WR",24,-3
"WR","16189","weighted",NA,NA,NA,NA,NA,NA,43.1003344481605,2.82842712474619,0.189966555183946,0.282842712474619,0,0,30.7438127090301,10.040916292849,328.565217391304,82.7314933988261,2.42742474916388,0.636396103067893,NA,NA,NA,NA,NA,NA,NA,NA,NA,NA,NA,NA,NA,NA,NA,NA,NA,NA,NA,NA,NA,NA,"Marvin","Mims","DEN","WR",24,-3
"WR","17528","average",NA,NA,NA,NA,NA,NA,0,0,0,0,NA,NA,23,5.65685424949238,293.5,82.7314933988261,1,0,NA,NA,NA,NA,NA,NA,NA,NA,NA,NA,NA,NA,NA,NA,NA,NA,NA,NA,NA,NA,NA,NA,"Kevin","Coleman","MIA","WR",23,-6
"WR","17528","robust",NA,NA,NA,NA,NA,NA,0,0,0,0,NA,NA,23,5.9304,293.5,86.7321,1,0,NA,NA,NA,NA,NA,NA,NA,NA,NA,NA,NA,NA,NA,NA,NA,NA,NA,NA,NA,NA,NA,NA,"Kevin","Coleman","MIA","WR",23,-6
"WR","17528","weighted",NA,NA,NA,NA,NA,NA,0,0,0,0,NA,NA,23.4857142857143,5.65685424949238,300.603571428571,82.7314933988261,1,0,NA,NA,NA,NA,NA,NA,NA,NA,NA,NA,NA,NA,NA,NA,NA,NA,NA,NA,NA,NA,NA,NA,"Kevin","Coleman","MIA","WR",23,-6
"WR","15981","average",NA,NA,NA,NA,NA,NA,94,8.54400374531753,0,0,0.4,0,20.1,1.82482875908947,282.333333333333,50.2128801537348,1.7,0.519615242270663,NA,NA,NA,NA,NA,NA,NA,NA,NA,NA,NA,NA,NA,NA,NA,NA,NA,NA,NA,NA,NA,NA,"KaVontae","Turpin","DAL","WR",30,-2
"WR","15981","robust",NA,NA,NA,NA,NA,NA,93.75,10.3782,0,0,0.4,0,20.325,0.444780000000001,285.5,44.478,1.775,0,0,NA,0,NA,0,NA,NA,NA,NA,NA,NA,NA,NA,NA,NA,NA,NA,NA,NA,NA,NA,NA,"KaVontae","Turpin","DAL","WR",30,-2
"WR","15981","weighted",NA,NA,NA,NA,NA,NA,94.28,8.5516560725201,0,0,0.4,0,20.048,1.84282710617406,281.342222222222,50.9439158735955,1.716,0.512481983114304,NA,NA,NA,NA,NA,NA,NA,NA,NA,NA,NA,NA,NA,NA,NA,NA,NA,NA,NA,NA,NA,NA,"KaVontae","Turpin","DAL","WR",30,-2
"WR","17078","average",NA,NA,NA,NA,NA,NA,1,1.4142135623731,0,0,0,0,30.8,8.51821577561874,352,99.5154929311679,1.5,1.29099444873581,NA,NA,NA,NA,NA,NA,NA,NA,NA,NA,NA,NA,NA,NA,NA,NA,NA,NA,NA,NA,NA,NA,"Jack","Bech","LVR","WR",24,-5
"WR","17078","robust",NA,NA,NA,NA,NA,NA,0.75,0.7413,0,0,0,0,28.75,4.29954,330.75,54.1149,1.5,1.4826,0,NA,0,NA,0,NA,NA,NA,NA,NA,NA,NA,NA,NA,NA,NA,NA,NA,NA,NA,NA,NA,"Jack","Bech","LVR","WR",24,-5
"WR","17078","weighted",NA,NA,NA,NA,NA,NA,1.0174520069808,1.40147882865528,0,0,0,0,30.2938917975567,8.09457548238007,346.071553228621,94.6347967150219,1.44502617801047,1.25171207664401,NA,NA,NA,NA,NA,NA,NA,NA,NA,NA,NA,NA,NA,NA,NA,NA,NA,NA,NA,NA,NA,NA,"Jack","Bech","LVR","WR",24,-5
"WR","14974","average",NA,NA,NA,NA,NA,NA,4.25,5.67890834580027,0,0,0,0,29.75,14.2214626533279,398.25,178.376708120763,1.825,1.12063969826762,NA,NA,NA,NA,NA,NA,NA,NA,NA,NA,NA,NA,NA,NA,NA,NA,NA,NA,NA,NA,NA,NA,"Darnell","Mooney","NYG","WR",29,0
"WR","14974","robust",NA,NA,NA,NA,NA,NA,3.75,3.7065,0,0,0,0,23.75,2.2239,322.25,25.2042,2,0.7413,0,NA,0,NA,0,NA,NA,NA,NA,NA,NA,NA,NA,NA,NA,NA,NA,NA,NA,NA,NA,NA,"Darnell","Mooney","NYG","WR",29,0
"WR","14974","weighted",NA,NA,NA,NA,NA,NA,4.36125654450262,5.87319898325766,0,0,0,0,28.7260034904014,13.5269521789952,385.923211169284,169.291479052423,1.7933682373473,1.08967766272741,NA,NA,NA,NA,NA,NA,NA,NA,NA,NA,NA,NA,NA,NA,NA,NA,NA,NA,NA,NA,NA,NA,"Darnell","Mooney","NYG","WR",29,0
"WR","13289","average",NA,NA,NA,NA,NA,NA,2.5,2.5,0,0,0,0,26.1333333333333,8.04072965179985,336.333333333333,123.751094271256,1.73333333333333,0.461880215351701,NA,NA,NA,NA,NA,NA,NA,NA,NA,NA,NA,NA,NA,NA,NA,NA,NA,NA,NA,NA,NA,NA,"Mack","Hollins","NEP","WR",33,3
"WR","13289","robust",NA,NA,NA,NA,NA,NA,2.5,3.7065,0,0,0,0,25.1,1.4826,320.25,20.7564,1.8,0,0,NA,0,NA,0,NA,NA,NA,NA,NA,NA,NA,NA,NA,NA,NA,NA,NA,NA,NA,NA,NA,"Mack","Hollins","NEP","WR",33,3
"WR","13289","weighted",NA,NA,NA,NA,NA,NA,2.45,2.47094566581915,0,0,0,0,25.8795555555556,7.93673943171646,332.435555555556,122.140683169778,1.74755555555556,0.455539540546048,NA,NA,NA,NA,NA,NA,NA,NA,NA,NA,NA,NA,NA,NA,NA,NA,NA,NA,NA,NA,NA,NA,"Mack","Hollins","NEP","WR",33,3
"WR","17518","average",NA,NA,NA,NA,NA,NA,5.33333333333333,4.10960933531265,0,0,0,0,14.325,10.1795137408424,173.25,130.737332082309,1,1.15470053837925,NA,NA,NA,NA,NA,NA,NA,NA,NA,NA,NA,NA,NA,NA,NA,NA,NA,NA,NA,NA,NA,NA,"Cyrus","Allen","KCC","WR",23,-6
"WR","17518","robust",NA,NA,NA,NA,NA,NA,5.5,3.4594,0,0,0,0,14.325,9.6369,173.25,126.021,1,1.4826,0,NA,0,NA,0,NA,NA,NA,NA,NA,NA,NA,NA,NA,NA,NA,NA,NA,NA,NA,NA,NA,"Cyrus","Allen","KCC","WR",23,-6
"WR","17518","weighted",NA,NA,NA,NA,NA,NA,5.09482257126236,4.04257087391481,0,0,0,0,14.6921465968586,10.2826374875621,178.465968586387,132.030777982117,1.07504363001745,1.15299251540135,NA,NA,NA,NA,NA,NA,NA,NA,NA,NA,NA,NA,NA,NA,NA,NA,NA,NA,NA,NA,NA,NA,"Cyrus","Allen","KCC","WR",23,-6
"WR","17134","average",NA,NA,NA,NA,NA,NA,12,14.142135623731,0,0,0,0,12.5,4.94974746830583,204.5,36.0624458405139,1.8,1.13137084989848,NA,NA,NA,NA,NA,NA,NA,NA,NA,NA,NA,NA,NA,NA,NA,NA,NA,NA,NA,NA,NA,NA,"Kyle","Williams","NEP","WR",24,-5
"WR","17134","robust",NA,NA,NA,NA,NA,NA,12,14.826,0,0,0,0,12.5,5.1891,204.5,37.8063,1.8,1.18608,NA,NA,NA,NA,NA,NA,NA,NA,NA,NA,NA,NA,NA,NA,NA,NA,NA,NA,NA,NA,NA,NA,"Kyle","Williams","NEP","WR",24,-5
"WR","17134","weighted",NA,NA,NA,NA,NA,NA,12.5016722408027,14.142135623731,0,0,0,0,12.6755852842809,4.94974746830583,205.779264214047,36.0624458405139,1.75986622073579,1.13137084989848,NA,NA,NA,NA,NA,NA,NA,NA,NA,NA,NA,NA,NA,NA,NA,NA,NA,NA,NA,NA,NA,NA,"Kyle","Williams","NEP","WR",24,-5
"WR","13418","average",NA,NA,NA,NA,NA,NA,1.5,1.5,0.15,0.15,0,0,23.0666666666667,0.115470053837925,283,38.1575680566778,1,1,NA,NA,NA,NA,NA,NA,NA,NA,NA,NA,NA,NA,NA,NA,NA,NA,NA,NA,NA,NA,NA,NA,"Kendrick","Bourne","ARI","WR",31,3
"WR","13418","robust",NA,NA,NA,NA,NA,NA,1.5,2.2239,0.15,0.22239,0,0,23.05,0,288,5.9304,1,1.4826,0,NA,0,NA,0,NA,NA,NA,NA,NA,NA,NA,NA,NA,NA,NA,NA,NA,NA,NA,NA,NA,"Kendrick","Bourne","ARI","WR",31,3
"WR","13418","weighted",NA,NA,NA,NA,NA,NA,1.47,1.48256739949149,0.147,0.148256739949149,0,0,23.0631111111111,0.113884885136512,282.013333333333,38.6293476825559,1.02,0.988378266327661,NA,NA,NA,NA,NA,NA,NA,NA,NA,NA,NA,NA,NA,NA,NA,NA,NA,NA,NA,NA,NA,NA,"Kendrick","Bourne","ARI","WR",31,3
"WR","13066","average",NA,NA,NA,NA,NA,NA,14,13.5277492584687,0,0,0,0,21.4333333333333,3.38575447032612,237,52.2589705218157,1.16666666666667,0.763762615825973,NA,NA,NA,NA,NA,NA,NA,NA,NA,NA,NA,NA,NA,NA,NA,NA,NA,NA,NA,NA,NA,NA,"Kalif","Raymond","CHI","WR",32,4
"WR","13066","robust",NA,NA,NA,NA,NA,NA,14.25,17.7912,0,0,0,0,21.075,1.4826,235.5,63.7518,1.125,0.7413,0,NA,0,NA,0,NA,NA,NA,NA,NA,NA,NA,NA,NA,NA,NA,NA,NA,NA,NA,NA,NA,"Kalif","Raymond","CHI","WR",32,4
"WR","13066","weighted",NA,NA,NA,NA,NA,NA,14.1533333333333,13.7001178768115,0,0,0,0,21.3235555555556,3.34679344271132,235.246666666667,52.0014317448907,1.17777777777778,0.758119119362505,NA,NA,NA,NA,NA,NA,NA,NA,NA,NA,NA,NA,NA,NA,NA,NA,NA,NA,NA,NA,NA,NA,"Kalif","Raymond","CHI","WR",32,4
"WR","15292","average",NA,NA,NA,NA,NA,NA,4.5,4.5,0,0,0,0,18.2666666666667,9.79863936132631,228.666666666667,142.423078654175,1.33333333333333,1.15470053837925,NA,NA,NA,NA,NA,NA,NA,NA,NA,NA,NA,NA,NA,NA,NA,NA,NA,NA,NA,NA,NA,NA,"Dyami","Brown","WAS","WR",27,-1
"WR","15292","robust",NA,NA,NA,NA,NA,NA,4.5,6.6717,0,0,0,0,17.7,9.19212,225.5,182.3598,1.5,0,0,NA,0,NA,0,NA,NA,NA,NA,NA,NA,NA,NA,NA,NA,NA,NA,NA,NA,NA,NA,NA,"Dyami","Brown","WAS","WR",27,-1
"WR","15292","weighted",NA,NA,NA,NA,NA,NA,4.41,4.44770219847447,0,0,0,0,18.4057777777778,9.72915971650934,231.211111111111,140.988233834182,1.36888888888889,1.13884885136512,NA,NA,NA,NA,NA,NA,NA,NA,NA,NA,NA,NA,NA,NA,NA,NA,NA,NA,NA,NA,NA,NA,"Dyami","Brown","WAS","WR",27,-1
"WR","15752","average",NA,NA,NA,NA,NA,NA,0.05,0.05,0,0,0,0,11.4,4.61302503786832,151,76.6028720088222,0.666666666666667,0.577350269189626,NA,NA,NA,NA,NA,NA,NA,NA,NA,NA,NA,NA,NA,NA,NA,NA,NA,NA,NA,NA,NA,NA,"Treylon","Burks","WAS","WR",26,-2
"WR","15752","robust",NA,NA,NA,NA,NA,NA,0.05,0.07413,0,0,0,0,11.8,2.9652,155.5,71.1648,0.75,0,0,NA,0,NA,0,NA,NA,NA,NA,NA,NA,NA,NA,NA,NA,NA,NA,NA,NA,NA,NA,NA,"Treylon","Burks","WAS","WR",26,-2
"WR","15752","weighted",NA,NA,NA,NA,NA,NA,0.049,0.0494189133163831,0,0,0,0,11.552,4.5664887730537,153.56,76.0105812987517,0.684444444444445,0.56942442568256,NA,NA,NA,NA,NA,NA,NA,NA,NA,NA,NA,NA,NA,NA,NA,NA,NA,NA,NA,NA,NA,NA,"Treylon","Burks","WAS","WR",26,-2
"WR","16621","average",NA,NA,NA,NA,NA,NA,0,0,0,0,0,0,10.4666666666667,4.50037035513005,168,53.113086899558,1.3,0.519615242270663,NA,NA,NA,NA,NA,NA,NA,NA,NA,NA,NA,NA,NA,NA,NA,NA,NA,NA,NA,NA,NA,NA,"Devontez","Walker","BAL","WR",25,-4
"WR","16621","robust",NA,NA,NA,NA,NA,NA,0,0,0,0,0,0,10.85,2.9652,172.75,32.6172,1.225,0,0,NA,0,NA,0,NA,NA,NA,NA,NA,NA,NA,NA,NA,NA,NA,NA,NA,NA,NA,NA,NA,"Devontez","Walker","BAL","WR",25,-4
"WR","16621","weighted",NA,NA,NA,NA,NA,NA,0,0,0,0,0,0,10.6151111111111,4.455515803205,169.746666666667,52.5659942850036,1.284,0.512481983114304,NA,NA,NA,NA,NA,NA,NA,NA,NA,NA,NA,NA,NA,NA,NA,NA,NA,NA,NA,NA,NA,NA,"Devontez","Walker","BAL","WR",25,-4
"WR","17096","average",NA,NA,NA,NA,NA,NA,20.6666666666667,23.3523731841827,0,0,0.2,0,11.6,2.42487113059643,132.666666666667,37.2871738448134,0.9,0.173205080756888,NA,NA,NA,NA,NA,NA,NA,NA,NA,NA,NA,NA,NA,NA,NA,NA,NA,NA,NA,NA,NA,NA,"Savion","Williams","GBP","WR",25,-5
"WR","17096","robust",NA,NA,NA,NA,NA,NA,19.5,23.7216,0,0,0.2,0,11.95,0,136.75,14.826,0.925,0,0,NA,0,NA,0,NA,NA,NA,NA,NA,NA,NA,NA,NA,NA,NA,NA,NA,NA,NA,NA,NA,"Savion","Williams","GBP","WR",25,-5
"WR","17096","weighted",NA,NA,NA,NA,NA,NA,21.0977777777778,23.6927489273418,0,0,0.2,0,11.6746666666667,2.39158258786675,133.737777777778,36.7388528558633,0.905333333333333,0.170827327704768,NA,NA,NA,NA,NA,NA,NA,NA,NA,NA,NA,NA,NA,NA,NA,NA,NA,NA,NA,NA,NA,NA,"Savion","Williams","GBP","WR",25,-5
"WR","17076","average",NA,NA,NA,NA,NA,NA,19.6666666666667,17.8978583448784,0,0,0,0,14.7666666666667,4.02036482589993,209,61.9919349593155,0.666666666666667,0.577350269189626,NA,NA,NA,NA,NA,NA,NA,NA,NA,NA,NA,NA,NA,NA,NA,NA,NA,NA,NA,NA,NA,NA,"Isaiah","Bond","CLE","WR",22,-5
"WR","17076","robust",NA,NA,NA,NA,NA,NA,20.75,16.3086,0,0,0,0,14.65,4.89258,206.75,71.1648,0.75,0,0,NA,0,NA,0,NA,NA,NA,NA,NA,NA,NA,NA,NA,NA,NA,NA,NA,NA,NA,NA,NA,"Isaiah","Bond","CLE","WR",22,-5
"WR","17076","weighted",NA,NA,NA,NA,NA,NA,19.4177777777778,17.7754045660796,0,0,0,0,14.7257777777778,4.06937182860693,208.42,62.7215069480399,0.684444444444445,0.56942442568256,NA,NA,NA,NA,NA,NA,NA,NA,NA,NA,NA,NA,NA,NA,NA,NA,NA,NA,NA,NA,NA,NA,"Isaiah","Bond","CLE","WR",22,-5
"WR","17508","average",NA,NA,NA,NA,NA,NA,-1,0,0,0,0,0,9.7,3.25269119345812,104.5,84.1457069611992,0.5,0.707106781186548,NA,NA,NA,NA,NA,NA,NA,NA,NA,NA,NA,NA,NA,NA,NA,NA,NA,NA,NA,NA,NA,NA,"Skyler","Bell","BUF","WR",24,-6
"WR","17508","robust",NA,NA,NA,NA,NA,NA,-1,0,0,0,0,0,9.7,3.40998,104.5,88.2147,0.5,0.7413,NA,NA,NA,NA,NA,NA,NA,NA,NA,NA,NA,NA,NA,NA,NA,NA,NA,NA,NA,NA,NA,NA,"Skyler","Bell","BUF","WR",24,-6
"WR","17508","weighted",NA,NA,NA,NA,NA,NA,-1,0,0,0,0,0,9.81538461538462,3.25269119345812,107.484949832776,84.1457069611992,0.525083612040134,0.707106781186548,NA,NA,NA,NA,NA,NA,NA,NA,NA,NA,NA,NA,NA,NA,NA,NA,NA,NA,NA,NA,NA,NA,"Skyler","Bell","BUF","WR",24,-6
"WR","14592","average",NA,NA,NA,NA,NA,NA,6,6,0,0,0,0,21.2333333333333,6.62293993127926,227.666666666667,113.957594452205,1.26666666666667,0.642910050732864,NA,NA,NA,NA,NA,NA,NA,NA,NA,NA,NA,NA,NA,NA,NA,NA,NA,NA,NA,NA,NA,NA,"Olamide","Zaccheaus","ATL","WR",29,1
"WR","14592","robust",NA,NA,NA,NA,NA,NA,6,8.8956,0,0,0,0,21.6,6.37518,216.75,62.2692,1.2,0.29652,0,NA,0,NA,0,NA,NA,NA,NA,NA,NA,NA,NA,NA,NA,NA,NA,NA,NA,NA,NA,NA,"Olamide","Zaccheaus","ATL","WR",29,1
"WR","14592","weighted",NA,NA,NA,NA,NA,NA,5.88,5.93026959796597,0,0,0,0,21.1075555555556,6.71952697457463,227.397777777778,114.775855237802,1.27244444444444,0.641307260675243,NA,NA,NA,NA,NA,NA,NA,NA,NA,NA,NA,NA,NA,NA,NA,NA,NA,NA,NA,NA,NA,NA,"Olamide","Zaccheaus","ATL","WR",29,1
"WR","16630","average",NA,NA,NA,NA,NA,NA,10.3333333333333,9.29157324317757,0,0,0,0,17.0333333333333,5.62168420789832,162.333333333333,46.1771949487334,0.333333333333333,0.577350269189626,NA,NA,NA,NA,NA,NA,NA,NA,NA,NA,NA,NA,NA,NA,NA,NA,NA,NA,NA,NA,NA,NA,"Isaiah","Williams","NYJ","WR",25,-4
"WR","16630","robust",NA,NA,NA,NA,NA,NA,11,7.413,0,0,0,0,16.775,5.9304,163.5,57.8214,0.25,0,0,NA,0,NA,0,NA,NA,NA,NA,NA,NA,NA,NA,NA,NA,NA,NA,NA,NA,NA,NA,NA,"Isaiah","Williams","NYJ","WR",25,-4
"WR","16630","weighted",NA,NA,NA,NA,NA,NA,10.2155555555556,9.23791288354143,0,0,0,0,16.8448888888889,5.58476935427219,161.595555555556,46.8364571931164,0.335555555555556,0.57854964283028,NA,NA,NA,NA,NA,NA,NA,NA,NA,NA,NA,NA,NA,NA,NA,NA,NA,NA,NA,NA,NA,NA,"Isaiah","Williams","NYJ","WR",25,-4
"WR","15301","average",NA,NA,NA,NA,NA,NA,6,8.48528137423857,0,0,0,0,11.5,2.12132034355964,160.5,30.4055915910215,0.8,0.282842712474619,NA,NA,NA,NA,NA,NA,NA,NA,NA,NA,NA,NA,NA,NA,NA,NA,NA,NA,NA,NA,NA,NA,"Tutu","Atwell","LAR","WR",27,-1
"WR","15301","robust",NA,NA,NA,NA,NA,NA,6,8.8956,0,0,0,0,11.5,2.2239,160.5,31.8759,0.8,0.29652,NA,NA,NA,NA,NA,NA,NA,NA,NA,NA,NA,NA,NA,NA,NA,NA,NA,NA,NA,NA,NA,NA,"Tutu","Atwell","LAR","WR",27,-1
"WR","15301","weighted",NA,NA,NA,NA,NA,NA,6.30100334448161,8.48528137423857,0,0,0,0,11.4247491638796,2.12132034355964,159.421404682274,30.4055915910215,0.810033444816053,0.282842712474619,NA,NA,NA,NA,NA,NA,NA,NA,NA,NA,NA,NA,NA,NA,NA,NA,NA,NA,NA,NA,NA,NA,"Tutu","Atwell","LAR","WR",27,-1
"WR","17542","average",NA,NA,NA,NA,NA,NA,1,0,0,0,0,0,6.55,6.29325035256027,73.5,81.317279836453,0.5,0.707106781186548,NA,NA,NA,NA,NA,NA,NA,NA,NA,NA,NA,NA,NA,NA,NA,NA,NA,NA,NA,NA,NA,NA,"Colbie","Young","CIN","WR",24,-6
"WR","17542","robust",NA,NA,NA,NA,NA,NA,1,0,0,0,0,0,6.55,6.59757,73.5,85.2495,0.5,0.7413,NA,NA,NA,NA,NA,NA,NA,NA,NA,NA,NA,NA,NA,NA,NA,NA,NA,NA,NA,NA,NA,NA,"Colbie","Young","CIN","WR",24,-6
"WR","17542","weighted",NA,NA,NA,NA,NA,NA,1,0,0,0,0,0,6.77324414715719,6.29325035256027,76.3846153846154,81.317279836453,0.525083612040134,0.707106781186548,NA,NA,NA,NA,NA,NA,NA,NA,NA,NA,NA,NA,NA,NA,NA,NA,NA,NA,NA,NA,NA,NA,"Colbie","Young","CIN","WR",24,-6
"WR","16629","average",NA,NA,NA,NA,NA,NA,0,0,0,0,0.1,0,11.2666666666667,10.9184858535116,138,139.524191450802,0.8,0.721110255092798,NA,NA,NA,NA,NA,NA,NA,NA,NA,NA,NA,NA,NA,NA,NA,NA,NA,NA,NA,NA,NA,NA,"Roman","Wilson","PIT","WR",25,-4
"WR","16629","robust",NA,NA,NA,NA,NA,NA,0,0,0,0,0.1,0,11.45,14.52948,137.25,200.151,0.85,0.59304,0,NA,0,NA,0,NA,NA,NA,NA,NA,NA,NA,NA,NA,NA,NA,NA,NA,NA,NA,NA,NA,"Roman","Wilson","PIT","WR",25,-4
"WR","16629","weighted",NA,NA,NA,NA,NA,NA,0,0,0,0,0.1,0,11.0657777777778,10.8040893737923,135.14,137.856115870453,0.790666666666667,0.716777406239647,NA,NA,NA,NA,NA,NA,NA,NA,NA,NA,NA,NA,NA,NA,NA,NA,NA,NA,NA,NA,NA,NA,"Roman","Wilson","PIT","WR",25,-4
"WR","17529","average",NA,NA,NA,NA,NA,NA,11.5,0.707106781186548,0,0,0.4,0,14.25,6.01040764008565,146.5,34.6482322781408,0.5,0.707106781186548,NA,NA,NA,NA,NA,NA,NA,NA,NA,NA,NA,NA,NA,NA,NA,NA,NA,NA,NA,NA,NA,NA,"Brenen","Thompson","LAC","WR",23,-6
"WR","17529","robust",NA,NA,NA,NA,NA,NA,11.5,0.7413,0,0,0.4,0,14.25,6.30105,146.5,36.3237,0.5,0.7413,NA,NA,NA,NA,NA,NA,NA,NA,NA,NA,NA,NA,NA,NA,NA,NA,NA,NA,NA,NA,NA,NA,"Brenen","Thompson","LAC","WR",23,-6
"WR","17529","weighted",NA,NA,NA,NA,NA,NA,11.4749163879599,0.707106781186548,0,0,0.4,7.8603598064676e-17,14.0367892976589,6.01040764008565,145.270903010033,34.6482322781408,0.525083612040134,0.707106781186548,NA,NA,NA,NA,NA,NA,NA,NA,NA,NA,NA,NA,NA,NA,NA,NA,NA,NA,NA,NA,NA,NA,"Brenen","Thompson","LAC","WR",23,-6
"WR","17505","average",NA,NA,NA,NA,NA,NA,0,0,0,0,0,0,4.55,4.87903679018718,65.5,82.7314933988261,0.5,0.707106781186548,NA,NA,NA,NA,NA,NA,NA,NA,NA,NA,NA,NA,NA,NA,NA,NA,NA,NA,NA,NA,NA,NA,"Elijah","Sarratt","BAL","WR",23,-6
"WR","17505","robust",NA,NA,NA,NA,NA,NA,0,0,0,0,0,0,4.55,5.11497,65.5,86.7321,0.5,0.7413,NA,NA,NA,NA,NA,NA,NA,NA,NA,NA,NA,NA,NA,NA,NA,NA,NA,NA,NA,NA,NA,NA,"Elijah","Sarratt","BAL","WR",23,-6
"WR","17505","weighted",NA,NA,NA,NA,NA,NA,0,0,0,0,0,0,4.72307692307692,4.87903679018718,68.4347826086957,82.7314933988261,0.525083612040134,0.707106781186548,NA,NA,NA,NA,NA,NA,NA,NA,NA,NA,NA,NA,NA,NA,NA,NA,NA,NA,NA,NA,NA,NA,"Elijah","Sarratt","BAL","WR",23,-6
"WR","11679","average",NA,NA,NA,NA,NA,NA,0,0,0,0,0,0,6.35,3.7476659402887,71,59.39696961967,0.5,0.707106781186548,NA,NA,NA,NA,NA,NA,NA,NA,NA,NA,NA,NA,NA,NA,NA,NA,NA,NA,NA,NA,NA,NA,"Odell","Beckham","NYG","WR",34,6
"WR","11679","robust",NA,NA,NA,NA,NA,NA,0,0,0,0,0,0,6.35,3.92889,71,62.2692,0.5,0.7413,NA,NA,NA,NA,NA,NA,NA,NA,NA,NA,NA,NA,NA,NA,NA,NA,NA,NA,NA,NA,NA,NA,"Odell","Beckham","NYG","WR",34,6
"WR","11679","weighted",NA,NA,NA,NA,NA,NA,0,0,0,0,0,0,6.48294314381271,3.7476659402887,73.1070234113712,59.39696961967,0.525083612040134,0.707106781186548,NA,NA,NA,NA,NA,NA,NA,NA,NA,NA,NA,NA,NA,NA,NA,NA,NA,NA,NA,NA,NA,NA,"Odell","Beckham","NYG","WR",34,6
"WR","16633","average",NA,NA,NA,NA,NA,NA,5.66666666666667,6.02771377334171,0,0,0,0,14,5.19615242270663,157,62.6418390534633,0.666666666666667,0.577350269189626,NA,NA,NA,NA,NA,NA,NA,NA,NA,NA,NA,NA,NA,NA,NA,NA,NA,NA,NA,NA,NA,NA,"Jordan","Whittington","LAR","WR",26,-4
"WR","16633","robust",NA,NA,NA,NA,NA,NA,5.5,7.413,0,0,0,0,14.75,0,164.5,17.7912,0.75,0,0,NA,0,NA,0,NA,NA,NA,NA,NA,NA,NA,NA,NA,NA,NA,NA,NA,NA,NA,NA,NA,"Jordan","Whittington","LAR","WR",26,-4
"WR","16633","weighted",NA,NA,NA,NA,NA,NA,5.76444444444444,6.11405515575688,0,0,0,0,13.86,5.25584692238848,155.2,63.2411045334527,0.684444444444445,0.56942442568256,NA,NA,NA,NA,NA,NA,NA,NA,NA,NA,NA,NA,NA,NA,NA,NA,NA,NA,NA,NA,NA,NA,"Jordan","Whittington","LAR","WR",26,-4
"WR","17079","average",NA,NA,NA,NA,NA,NA,25,2.82842712474619,0,0,0,0,12.6,7.91959594928933,135.5,82.7314933988261,1.9,1.27279220613579,NA,NA,NA,NA,NA,NA,NA,NA,NA,NA,NA,NA,NA,NA,NA,NA,NA,NA,NA,NA,NA,NA,"Tez","Johnson","TBB","WR",24,-5
"WR","17079","robust",NA,NA,NA,NA,NA,NA,25,2.9652,0,0,0,0,12.6,8.30256,135.5,86.7321,1.9,1.33434,NA,NA,NA,NA,NA,NA,NA,NA,NA,NA,NA,NA,NA,NA,NA,NA,NA,NA,NA,NA,NA,NA,"Tez","Johnson","TBB","WR",24,-5
"WR","17079","weighted",NA,NA,NA,NA,NA,NA,24.8996655518395,2.82842712474619,0,0,0,0,12.3190635451505,7.91959594928933,132.565217391304,82.7314933988261,1.85484949832776,1.27279220613579,NA,NA,NA,NA,NA,NA,NA,NA,NA,NA,NA,NA,NA,NA,NA,NA,NA,NA,NA,NA,NA,NA,"Tez","Johnson","TBB","WR",24,-5
"WR","17234","average",NA,NA,NA,NA,NA,NA,37.5,0.707106781186548,0,0,0,0,9.2,3.11126983722081,87.5,16.2634559672906,0,0,NA,NA,NA,NA,NA,NA,NA,NA,NA,NA,NA,NA,NA,NA,NA,NA,NA,NA,NA,NA,NA,NA,"Jimmy","Horn","CAR","WR",24,-5
"WR","17234","robust",NA,NA,NA,NA,NA,NA,37.5,0.7413,0,0,0,0,9.2,3.26172,87.5,17.0499,0,0,NA,NA,NA,NA,NA,NA,NA,NA,NA,NA,NA,NA,NA,NA,NA,NA,NA,NA,NA,NA,NA,NA,"Jimmy","Horn","CAR","WR",24,-5
"WR","17234","weighted",NA,NA,NA,NA,NA,NA,37.4749163879599,0.707106781186548,0,0,0,0,9.08963210702341,3.11126983722081,86.9230769230769,16.2634559672906,0,0,NA,NA,NA,NA,NA,NA,NA,NA,NA,NA,NA,NA,NA,NA,NA,NA,NA,NA,NA,NA,NA,NA,"Jimmy","Horn","CAR","WR",24,-5
"WR","17541","average",NA,NA,NA,NA,NA,NA,-2,0,0,0,0,0,5.55,2.05060966544099,67.5,33.2340187157677,0,0,NA,NA,NA,NA,NA,NA,NA,NA,NA,NA,NA,NA,NA,NA,NA,NA,NA,NA,NA,NA,NA,NA,"Barion","Brown","NOS","WR",23,-6
"WR","17541","robust",NA,NA,NA,NA,NA,NA,-2,0,0,0,0,0,5.55,2.14977,67.5,34.8411,0,0,NA,NA,NA,NA,NA,NA,NA,NA,NA,NA,NA,NA,NA,NA,NA,NA,NA,NA,NA,NA,NA,NA,"Barion","Brown","NOS","WR",23,-6
"WR","17541","weighted",NA,NA,NA,NA,NA,NA,-2,0,0,0,0,0,5.62274247491639,2.05060966544099,68.6789297658863,33.2340187157677,0,0,NA,NA,NA,NA,NA,NA,NA,NA,NA,NA,NA,NA,NA,NA,NA,NA,NA,NA,NA,NA,NA,NA,"Barion","Brown","NOS","WR",23,-6
"WR","17254","average",NA,NA,NA,NA,NA,NA,0,0,0,0,0,0,11.3,4.03360880601974,126,46.518813398452,0.833333333333333,0.288675134594813,NA,NA,NA,NA,NA,NA,NA,NA,NA,NA,NA,NA,NA,NA,NA,NA,NA,NA,NA,NA,NA,NA,"Konata","Mumpfield","LAR","WR",24,-5
"WR","17254","robust",NA,NA,NA,NA,NA,NA,0,0,0,0,0,0,11.45,4.59606,124,50.4084,0.875,0,0,NA,0,NA,0,NA,NA,NA,NA,NA,NA,NA,NA,NA,NA,NA,NA,NA,NA,NA,NA,NA,"Konata","Mumpfield","LAR","WR",24,-5
"WR","17254","weighted",NA,NA,NA,NA,NA,NA,0,0,0,0,0,0,11.2306666666667,4.09199165589747,125.6,47.046952859029,0.842222222222222,0.28471221284128,NA,NA,NA,NA,NA,NA,NA,NA,NA,NA,NA,NA,NA,NA,NA,NA,NA,NA,NA,NA,NA,NA,"Konata","Mumpfield","LAR","WR",24,-5
"WR","17086","average",NA,NA,NA,NA,NA,NA,4,0,0,0,0,0,10,4.24264068711928,87,12.7279220613579,0.5,0.707106781186548,NA,NA,NA,NA,NA,NA,NA,NA,NA,NA,NA,NA,NA,NA,NA,NA,NA,NA,NA,NA,NA,NA,"Jalen","Royals","KCC","WR",23,-5
"WR","17086","robust",NA,NA,NA,NA,NA,NA,4,0,0,0,0,0,10,4.4478,87,13.3434,0.5,0.7413,NA,NA,NA,NA,NA,NA,NA,NA,NA,NA,NA,NA,NA,NA,NA,NA,NA,NA,NA,NA,NA,NA,"Jalen","Royals","KCC","WR",23,-5
"WR","17086","weighted",NA,NA,NA,NA,NA,NA,4,0,0,0,0,0,9.8494983277592,4.24264068711928,86.5484949832776,12.7279220613579,0.525083612040134,0.707106781186548,NA,NA,NA,NA,NA,NA,NA,NA,NA,NA,NA,NA,NA,NA,NA,NA,NA,NA,NA,NA,NA,NA,"Jalen","Royals","KCC","WR",23,-5
"WR","17205","average",NA,NA,NA,NA,NA,NA,0,0,0,0,0,0,7.56666666666667,3.8940124978399,87,45.2990066116245,0.733333333333333,0.461880215351701,NA,NA,NA,NA,NA,NA,NA,NA,NA,NA,NA,NA,NA,NA,NA,NA,NA,NA,NA,NA,NA,NA,"KeAndre","Lambert-Smith","LAC","WR",25,-5
"WR","17205","robust",NA,NA,NA,NA,NA,NA,0,0,0,0,0,0,7.175,1.92738,85.5,53.3736,0.8,0,0,NA,0,NA,0,NA,NA,NA,NA,NA,NA,NA,NA,NA,NA,NA,NA,NA,NA,NA,NA,NA,"KeAndre","Lambert-Smith","LAC","WR",25,-5
"WR","17205","weighted",NA,NA,NA,NA,NA,NA,0,0,0,0,0,0,7.60311111111111,3.88300370544412,87.76,44.8811160373013,0.747555555555556,0.455539540546048,NA,NA,NA,NA,NA,NA,NA,NA,NA,NA,NA,NA,NA,NA,NA,NA,NA,NA,NA,NA,NA,NA,"KeAndre","Lambert-Smith","LAC","WR",25,-5
"WR","12645","average",NA,NA,NA,NA,NA,NA,10,0,0,0,0,0,3.5,4.94974746830583,39,55.1543289325507,0,0,NA,NA,NA,NA,NA,NA,NA,NA,NA,NA,NA,NA,NA,NA,NA,NA,NA,NA,NA,NA,NA,NA,"Laquon","Treadwell","IND","WR",31,4
"WR","12645","robust",NA,NA,NA,NA,NA,NA,10,0,0,0,0,0,3.5,5.1891,39,57.8214,0,0,NA,NA,NA,NA,NA,NA,NA,NA,NA,NA,NA,NA,NA,NA,NA,NA,NA,NA,NA,NA,NA,NA,"Laquon","Treadwell","IND","WR",31,4
"WR","12645","weighted",NA,NA,NA,NA,NA,NA,10,2.51531513806963e-15,0,0,0,0,3.67558528428094,4.94974746830583,40.9565217391304,55.1543289325507,0,0,NA,NA,NA,NA,NA,NA,NA,NA,NA,NA,NA,NA,NA,NA,NA,NA,NA,NA,NA,NA,NA,NA,"Laquon","Treadwell","IND","WR",31,4
"WR","15785","average",NA,NA,NA,NA,NA,NA,10.5,3.53553390593274,0,0,0,0,11.25,8.83883476483184,129.5,89.8025612106915,0.4,0.565685424949238,NA,NA,NA,NA,NA,NA,NA,NA,NA,NA,NA,NA,NA,NA,NA,NA,NA,NA,NA,NA,NA,NA,"Bo","Melton","GBP","WR",27,-2
"WR","15785","robust",NA,NA,NA,NA,NA,NA,10.5,3.7065,0,0,0,0,11.25,9.26625,129.5,94.1451,0.4,0.59304,NA,NA,NA,NA,NA,NA,NA,NA,NA,NA,NA,NA,NA,NA,NA,NA,NA,NA,NA,NA,NA,NA,"Bo","Melton","GBP","WR",27,-2
"WR","15785","weighted",NA,NA,NA,NA,NA,NA,10.6254180602007,3.53553390593274,0,0,0,0,10.9364548494983,8.83883476483184,126.314381270903,89.8025612106915,0.379933110367893,0.565685424949238,NA,NA,NA,NA,NA,NA,NA,NA,NA,NA,NA,NA,NA,NA,NA,NA,NA,NA,NA,NA,NA,NA,"Bo","Melton","GBP","WR",27,-2
"WR","16636","average",NA,NA,NA,NA,NA,NA,58.5,20.5060966544099,0,0,0,0,6.65,5.1618795026618,57,32.5269119345812,0,0,NA,NA,NA,NA,NA,NA,NA,NA,NA,NA,NA,NA,NA,NA,NA,NA,NA,NA,NA,NA,NA,NA,"Malachi","Corley","CLE","WR",24,-4
"WR","16636","robust",NA,NA,NA,NA,NA,NA,58.5,21.4977,0,0,0,0,6.65,5.41149,57,34.0998,0,0,NA,NA,NA,NA,NA,NA,NA,NA,NA,NA,NA,NA,NA,NA,NA,NA,NA,NA,NA,NA,NA,NA,"Malachi","Corley","CLE","WR",24,-4
"WR","16636","weighted",NA,NA,NA,NA,NA,NA,57.7725752508361,20.5060966544099,0,0,0,0,6.46688963210702,5.1618795026618,55.8461538461538,32.5269119345812,0,0,NA,NA,NA,NA,NA,NA,NA,NA,NA,NA,NA,NA,NA,NA,NA,NA,NA,NA,NA,NA,NA,NA,"Malachi","Corley","CLE","WR",24,-4
"WR","15771","average",NA,NA,NA,NA,NA,NA,14.5,16.2634559672906,0,0,0,0,3,0,39.5,2.12132034355964,0,0,NA,NA,NA,NA,NA,NA,NA,NA,NA,NA,NA,NA,NA,NA,NA,NA,NA,NA,NA,NA,NA,NA,"Tay","Martin","DET","WR",29,-2
"WR","15771","robust",NA,NA,NA,NA,NA,NA,14.5,17.0499,0,0,0,0,3,0,39.5,2.2239,0,0,NA,NA,NA,NA,NA,NA,NA,NA,NA,NA,NA,NA,NA,NA,NA,NA,NA,NA,NA,NA,NA,NA,"Tay","Martin","DET","WR",29,-2
"WR","15771","weighted",NA,NA,NA,NA,NA,NA,15.0769230769231,16.2634559672906,0,0,0,0,3,0,39.5752508361204,2.12132034355964,0,0,NA,NA,NA,NA,NA,NA,NA,NA,NA,NA,NA,NA,NA,NA,NA,NA,NA,NA,NA,NA,NA,NA,"Tay","Martin","DET","WR",29,-2
"WR","16299","average",NA,NA,NA,NA,NA,NA,3.7,10.3237590053236,0,0,0,0,4.2,1.69705627484771,46,11.3137084989848,0.65,0.919238815542512,NA,NA,NA,NA,NA,NA,NA,NA,NA,NA,NA,NA,NA,NA,NA,NA,NA,NA,NA,NA,NA,NA,"Derius","Davis","LAC","WR",26,-3
"WR","16299","robust",NA,NA,NA,NA,NA,NA,3.7,10.82298,0,0,0,0,4.2,1.77912,46,11.8608,0.65,0.96369,NA,NA,NA,NA,NA,NA,NA,NA,NA,NA,NA,NA,NA,NA,NA,NA,NA,NA,NA,NA,NA,NA,"Derius","Davis","LAC","WR",26,-3
"WR","16299","weighted",NA,NA,NA,NA,NA,NA,4.06622073578595,10.3237590053236,0,0,0,0,4.13979933110368,1.69705627484771,45.5986622073579,11.3137084989848,0.617391304347826,0.919238815542512,NA,NA,NA,NA,NA,NA,NA,NA,NA,NA,NA,NA,NA,NA,NA,NA,NA,NA,NA,NA,NA,NA,"Derius","Davis","LAC","WR",26,-3
"WR","16428","average",NA,NA,NA,NA,NA,NA,0,0,0,0,0,0,7.7,5.23259018078045,123.5,112.429978208661,0,0,NA,NA,NA,NA,NA,NA,NA,NA,NA,NA,NA,NA,NA,NA,NA,NA,NA,NA,NA,NA,NA,NA,"Xavier","Smith","LAR","WR",29,-3
"WR","16428","robust",NA,NA,NA,NA,NA,NA,0,0,0,0,0,0,7.7,5.48562,123.5,117.8667,0,0,NA,NA,NA,NA,NA,NA,NA,NA,NA,NA,NA,NA,NA,NA,NA,NA,NA,NA,NA,NA,NA,NA,"Xavier","Smith","LAR","WR",29,-3
"WR","16428","weighted",NA,NA,NA,NA,NA,NA,0,0,0,0,0,0,7.51438127090301,5.23259018078045,119.511705685619,112.429978208661,0,0,NA,NA,NA,NA,NA,NA,NA,NA,NA,NA,NA,NA,NA,NA,NA,NA,NA,NA,NA,NA,NA,NA,"Xavier","Smith","LAR","WR",29,-3
"WR","16640","average",NA,NA,NA,NA,NA,NA,0,0,0,0,0,0,1.55,2.05060966544099,23,29.698484809835,0,0,NA,NA,NA,NA,NA,NA,NA,NA,NA,NA,NA,NA,NA,NA,NA,NA,NA,NA,NA,NA,NA,NA,"Jacob","Cowing","SFO","WR",25,-4
"WR","16640","robust",NA,NA,NA,NA,NA,NA,0,0,0,0,0,0,1.55,2.14977,23,31.1346,0,0,NA,NA,NA,NA,NA,NA,NA,NA,NA,NA,NA,NA,NA,NA,NA,NA,NA,NA,NA,NA,NA,NA,"Jacob","Cowing","SFO","WR",25,-4
"WR","16640","weighted",NA,NA,NA,NA,NA,NA,0,0,0,0,0,0,1.62274247491639,2.05060966544099,24.0535117056856,29.698484809835,0,0,NA,NA,NA,NA,NA,NA,NA,NA,NA,NA,NA,NA,NA,NA,NA,NA,NA,NA,NA,NA,NA,NA,"Jacob","Cowing","SFO","WR",25,-4
"WR","14840","average",NA,NA,NA,NA,NA,NA,4.66666666666667,8.08290376865476,0,0,0,0,26.1666666666667,17.4092887084261,354.666666666667,247.811083959805,1.66666666666667,1.15470053837925,NA,NA,NA,NA,NA,NA,NA,NA,NA,NA,NA,NA,NA,NA,NA,NA,NA,NA,NA,NA,NA,NA,"Brandon","Aiyuk","SFO","WR",28,0
"WR","14840","robust",NA,NA,NA,NA,NA,NA,3.5,0,0,0,0,0,27.25,15.5673,358.25,335.0676,1.5,0,0,NA,0,NA,0,NA,NA,NA,NA,NA,NA,NA,NA,NA,NA,NA,NA,NA,NA,NA,NA,NA,"Brandon","Aiyuk","SFO","WR",28,0
"WR","14840","weighted",NA,NA,NA,NA,NA,NA,4.77884615384615,8.14461076445308,0,0,0,0,25.0745192307692,17.5075155285056,338.180288461538,246.661522976463,1.59134615384615,1.11979675912818,NA,NA,NA,NA,NA,NA,NA,NA,NA,NA,NA,NA,NA,NA,NA,NA,NA,NA,NA,NA,NA,NA,"Brandon","Aiyuk","SFO","WR",28,0
"WR","17097","average",NA,NA,NA,NA,NA,NA,0,0,0,0,0,0,7.05,0.0707106781186545,72,22.6274169979695,0,0,NA,NA,NA,NA,NA,NA,NA,NA,NA,NA,NA,NA,NA,NA,NA,NA,NA,NA,NA,NA,NA,NA,"Tai","Felton","MIN","WR",23,-5
"WR","17097","robust",NA,NA,NA,NA,NA,NA,0,0,0,0,0,0,7.05,0.0741299999999997,72,23.7216,0,0,NA,NA,NA,NA,NA,NA,NA,NA,NA,NA,NA,NA,NA,NA,NA,NA,NA,NA,NA,NA,NA,NA,"Tai","Felton","MIN","WR",23,-5
"WR","17097","weighted",NA,NA,NA,NA,NA,NA,0,0,0,0,0,0,7.04846416382253,0.0707106781186545,72.4914675767918,22.6274169979695,0,0,NA,NA,NA,NA,NA,NA,NA,NA,NA,NA,NA,NA,NA,NA,NA,NA,NA,NA,NA,NA,NA,NA,"Tai","Felton","MIN","WR",23,-5
"TE","15794","average",NA,NA,NA,NA,NA,NA,0.5,0.288675134594813,0.2,0.115470053837925,0.1,0.0816496580927726,108.2,4.40265071670844,1068.82857142857,44.2960011094197,7.1,1.57162336455017,NA,NA,NA,NA,NA,NA,NA,NA,NA,NA,NA,NA,NA,NA,NA,NA,NA,NA,NA,NA,NA,NA,"Trey","McBride","ARI","TE",27,-2
"TE","15794","robust",NA,NA,NA,NA,NA,NA,0.5,0,0.2,0,0.1,0.14826,108.45,3.11345999999999,1068.9,68.0513400000001,6.9,1.03782,NA,NA,NA,NA,NA,NA,NA,NA,NA,NA,NA,NA,NA,NA,NA,NA,NA,NA,NA,NA,NA,NA,"Trey","McBride","ARI","TE",27,-2
"TE","15794","weighted",NA,NA,NA,NA,NA,NA,0.513231197771588,0.339564913853206,0.205292479108635,0.135825965541282,0.0600278551532033,0.0548099764273418,107.82061281337,5.35112254375321,1066.56963788301,53.9686204746735,7.10055710306407,1.86176217721061,NA,NA,NA,NA,NA,NA,NA,NA,NA,NA,NA,NA,NA,NA,NA,NA,NA,NA,NA,NA,NA,NA,"Trey","McBride","ARI","TE",27,-2
"TE","17104","average",NA,NA,NA,NA,NA,NA,-0.95,0.548482755730144,0,0,0.1,0.0816496580927726,76.3857142857143,6.41025963369882,905.514285714286,70.4212664037275,6.45714285714286,0.996422170998389,NA,NA,NA,NA,NA,NA,NA,NA,NA,NA,NA,NA,NA,NA,NA,NA,NA,NA,NA,NA,NA,NA,"Colston","Loveland","CHI","TE",22,-5
"TE","17104","robust",NA,NA,NA,NA,NA,NA,-0.95,0,0,0,0.1,0.14826,76.575,6.96822,902.325,40.4749799999999,6.45,1.03782,NA,NA,NA,NA,NA,NA,NA,NA,NA,NA,NA,NA,NA,NA,NA,NA,NA,NA,NA,NA,NA,NA,"Colston","Loveland","CHI","TE",22,-5
"TE","17104","weighted",NA,NA,NA,NA,NA,NA,-0.975139275766017,0.645173336321091,0,0,0.0600278551532033,0.0548099764273418,75.408356545961,7.50379421992919,896.933147632312,84.4784786987429,6.33788300835655,1.19978468327365,NA,NA,NA,NA,NA,NA,NA,NA,NA,NA,NA,NA,NA,NA,NA,NA,NA,NA,NA,NA,NA,NA,"Colston","Loveland","CHI","TE",22,-5
"TE","16641","average",NA,NA,NA,NA,NA,NA,10.3333333333333,2.60341655863555,0,0,0.1,0.0816496580927726,98.0285714285714,5.08124469190843,1037.57142857143,41.2910690216708,7.61428571428571,0.701019665507731,NA,NA,NA,NA,NA,NA,NA,NA,NA,NA,NA,NA,NA,NA,NA,NA,NA,NA,NA,NA,NA,NA,"Brock","Bowers","LVR","TE",24,-4
"TE","16641","robust",NA,NA,NA,NA,NA,NA,10.3333333333333,0,0,0,0.1,0.14826,98.9,3.55824000000001,1036.75,60.7866,7.5,0.7413,NA,NA,NA,NA,NA,NA,NA,NA,NA,NA,NA,NA,NA,NA,NA,NA,NA,NA,NA,NA,NA,NA,"Brock","Bowers","LVR","TE",24,-4
"TE","16641","weighted",NA,NA,NA,NA,NA,NA,10.4396471680594,3.25904506578414,0,0,0.0600278551532033,0.0548099764273418,98.5557103064067,6.13565947852564,1042.07103064067,49.6250577439904,7.63454038997215,0.862571543731787,NA,NA,NA,NA,NA,NA,NA,NA,NA,NA,NA,NA,NA,NA,NA,NA,NA,NA,NA,NA,NA,NA,"Brock","Bowers","LVR","TE",24,-4
"TE","17103","average",NA,NA,NA,NA,NA,NA,15.3333333333333,3.17979733805649,0.815978835978836,0.367563650853785,0.875,0.067700320038633,80.5285714285714,9.20882082312285,817.371428571429,99.3693566831297,5.75714285714286,1.76904601679092,NA,NA,NA,NA,NA,NA,NA,NA,NA,NA,NA,NA,NA,NA,NA,NA,NA,NA,NA,NA,NA,NA,"Harold","Fannin","CLE","TE",22,-5
"TE","17103","robust",NA,NA,NA,NA,NA,NA,15.3333333333333,0,0.902962962962963,0,0.875,0.037065,82.6,6.52344000000001,831.975,49.3705799999999,5.75,0.44478,NA,NA,NA,NA,NA,NA,NA,NA,NA,NA,NA,NA,NA,NA,NA,NA,NA,NA,NA,NA,NA,NA,"Harold","Fannin","CLE","TE",22,-5
"TE","17103","weighted",NA,NA,NA,NA,NA,NA,15.4605385329619,3.97967353680529,0.76111007943877,0.457880809343634,0.905188022284123,0.0544468867870267,79.5403899721449,10.9996982946784,807.766016713092,118.230440516262,5.71977715877437,2.21517133402613,NA,NA,NA,NA,NA,NA,NA,NA,NA,NA,NA,NA,NA,NA,NA,NA,NA,NA,NA,NA,NA,NA,"Harold","Fannin","CLE","TE",22,-5
"TE","13674","average",NA,NA,NA,NA,NA,NA,3.5,2.02072594216369,0.45,0.259807621135332,0.1,0.0816496580927726,61.8714285714286,7.48992974727051,649.6,76.5004357286066,7.44285714285714,2.03949106630154,NA,NA,NA,NA,NA,NA,NA,NA,NA,NA,NA,NA,NA,NA,NA,NA,NA,NA,NA,NA,NA,NA,"Dallas","Goedert","PHI","TE",31,2
"TE","13674","robust",NA,NA,NA,NA,NA,NA,3.5,0,0.45,0,0.1,0.14826,61.75,8.1543,649.275,51.74274,7.45,2.37216,NA,NA,NA,NA,NA,NA,NA,NA,NA,NA,NA,NA,NA,NA,NA,NA,NA,NA,NA,NA,NA,NA,"Dallas","Goedert","PHI","TE",31,2
"TE","13674","weighted",NA,NA,NA,NA,NA,NA,3.59261838440111,2.37695439697244,0.461908077994429,0.305608422467885,0.0600278551532033,0.0548099764273418,60.8651810584958,8.65677452570519,637.591922005571,87.188613164983,7.41197771587744,2.47424464315331,NA,NA,NA,NA,NA,NA,NA,NA,NA,NA,NA,NA,NA,NA,NA,NA,NA,NA,NA,NA,NA,NA,"Dallas","Goedert","PHI","TE",31,2
"TE","13299","average",NA,NA,NA,NA,NA,NA,-0.7,0.404145188432738,0,0,0.25,0.177951304200522,67.8285714285714,7.88283246168835,784.771428571429,77.0395074898958,6.27142857142857,0.895757194992567,NA,NA,NA,NA,NA,NA,NA,NA,NA,NA,NA,NA,NA,NA,NA,NA,NA,NA,NA,NA,NA,NA,"George","Kittle","SFO","TE",33,3
"TE","13299","robust",NA,NA,NA,NA,NA,NA,-0.7,0,0,0,0.225,0.07413,68,10.08168,784.05,47.1466799999999,6.2,0.29652,NA,NA,NA,NA,NA,NA,NA,NA,NA,NA,NA,NA,NA,NA,NA,NA,NA,NA,NA,NA,NA,NA,"George","Kittle","SFO","TE",33,3
"TE","13299","weighted",NA,NA,NA,NA,NA,NA,-0.718523676880223,0.475390879394488,0,0,0.268732590529248,0.213766115683516,67.1654596100279,9.58741180456984,781.112813370474,95.2425860535906,6.2924791086351,1.10882054219036,NA,NA,NA,NA,NA,NA,NA,NA,NA,NA,NA,NA,NA,NA,NA,NA,NA,NA,NA,NA,NA,NA,"George","Kittle","SFO","TE",33,3
"TE","16222","average",NA,NA,NA,NA,NA,NA,7,4.63680924774785,0,0,0,0,60.22,6.28028661766324,769,38.4317577011513,6.28,2.34350165350912,NA,NA,NA,NA,NA,NA,NA,NA,NA,NA,NA,NA,NA,NA,NA,NA,NA,NA,NA,NA,NA,NA,"Tucker","Kraft","GBP","TE",26,-3
"TE","16222","robust",NA,NA,NA,NA,NA,NA,7,1.4826,0,0,0,0,60.55,2.9652,773,54.8562,6,2.07564,NA,NA,NA,NA,NA,NA,NA,NA,NA,NA,NA,NA,NA,NA,NA,NA,NA,NA,NA,NA,NA,NA,"Tucker","Kraft","GBP","TE",26,-3
"TE","16222","weighted",NA,NA,NA,NA,NA,NA,7.20612813370473,4.43217965314131,0,0,0,0,60.1674094707521,6.31216988586699,767.254874651811,37.4213156245775,6.21281337047354,2.37714191411645,NA,NA,NA,NA,NA,NA,NA,NA,NA,NA,NA,NA,NA,NA,NA,NA,NA,NA,NA,NA,NA,NA,"Tucker","Kraft","GBP","TE",26,-3
"TE","17102","average",NA,NA,NA,NA,NA,NA,10,2.3094010767585,0.322222222222222,0.247705520106755,0.15,0.122474487139159,77.3,4.31431724996358,846.085714285714,59.1289953849894,5.54285714285714,0.989708951926681,NA,NA,NA,NA,NA,NA,NA,NA,NA,NA,NA,NA,NA,NA,NA,NA,NA,NA,NA,NA,NA,NA,"Tyler","Warren","IND","TE",24,-5
"TE","17102","robust",NA,NA,NA,NA,NA,NA,10,0,0.388888888888889,0,0.15,0.22239,76.45,5.9304,851.2,38.8441200000001,5.5,0.7413,NA,NA,NA,NA,NA,NA,NA,NA,NA,NA,NA,NA,NA,NA,NA,NA,NA,NA,NA,NA,NA,NA,"Tyler","Warren","IND","TE",24,-5
"TE","17102","weighted",NA,NA,NA,NA,NA,NA,10.08356545961,2.88675639374137,0.298761993190963,0.296035236566022,0.090041782729805,0.0822149646410127,76.9103064066852,5.23928784937556,836.200557103064,67.3415540562391,5.52590529247911,1.18102639343041,NA,NA,NA,NA,NA,NA,NA,NA,NA,NA,NA,NA,NA,NA,NA,NA,NA,NA,NA,NA,NA,NA,"Tyler","Warren","IND","TE",24,-5
"TE","15798","average",NA,NA,NA,NA,NA,NA,0,0,0,0,1.45,0.388908729652601,63.88,7.00514096931675,755.6,98.0576361126455,5.04,1.38130373198656,NA,NA,NA,NA,NA,NA,NA,NA,NA,NA,NA,NA,NA,NA,NA,NA,NA,NA,NA,NA,NA,NA,"Isaiah","Likely","NYG","TE",26,-2
"TE","15798","robust",NA,NA,NA,NA,NA,NA,0,0,0,0,1.45,0,64,10.3782,747,114.1602,5,0.29652,NA,NA,NA,NA,NA,NA,NA,NA,NA,NA,NA,NA,NA,NA,NA,NA,NA,NA,NA,NA,NA,NA,"Isaiah","Likely","NYG","TE",26,-2
"TE","15798","weighted",NA,NA,NA,NA,NA,NA,0,0,0,0,1.45229805013928,0.389077760674901,63.6348189415042,6.97329828928665,751.903899721448,98.9950233692644,4.98802228412256,1.38608257336408,NA,NA,NA,NA,NA,NA,NA,NA,NA,NA,NA,NA,NA,NA,NA,NA,NA,NA,NA,NA,NA,NA,"Isaiah","Likely","NYG","TE",26,-2
"TE","16214","average",NA,NA,NA,NA,NA,NA,0,0,0,0,0.1,0.0816496580927726,68.0285714285714,6.63242396255303,780,77.4532116829251,5.57142857142857,0.449867705421219,NA,NA,NA,NA,NA,NA,NA,NA,NA,NA,NA,NA,NA,NA,NA,NA,NA,NA,NA,NA,NA,NA,"Sam","LaPorta","DET","TE",25,-3
"TE","16214","robust",NA,NA,NA,NA,NA,NA,0,0,0,0,0.1,0.14826,68.125,8.1543,779.5,62.2692,5.5,0.7413,NA,NA,NA,NA,NA,NA,NA,NA,NA,NA,NA,NA,NA,NA,NA,NA,NA,NA,NA,NA,NA,NA,"Sam","LaPorta","DET","TE",25,-3
"TE","16214","weighted",NA,NA,NA,NA,NA,NA,0,0,0,0,0.0600278551532033,0.0548099764273418,67.2679665738162,8.04729443517033,768.442896935933,90.3018306998835,5.57103064066852,0.553792817061149,NA,NA,NA,NA,NA,NA,NA,NA,NA,NA,NA,NA,NA,NA,NA,NA,NA,NA,NA,NA,NA,NA,"Sam","LaPorta","DET","TE",25,-3
"TE","13671","average",NA,NA,NA,NA,NA,NA,23.3333333333333,14.2886901662352,0.533333333333333,0.355902608401044,0.2,0.14142135623731,57.98,3.5779882615794,622.4,65.4660217211952,7.4,1.51657508881031,NA,NA,NA,NA,NA,NA,NA,NA,NA,NA,NA,NA,NA,NA,NA,NA,NA,NA,NA,NA,NA,NA,"Mark","Andrews","BAL","TE",31,2
"TE","13671","robust",NA,NA,NA,NA,NA,NA,23.3333333333333,17.297,0.533333333333333,0.09884,0.2,0,59,1.4826,619,41.5128,7,0,NA,NA,NA,NA,NA,NA,NA,NA,NA,NA,NA,NA,NA,NA,NA,NA,NA,NA,NA,NA,NA,NA,"Mark","Andrews","BAL","TE",31,2
"TE","13671","weighted",NA,NA,NA,NA,NA,NA,24.19452181987,13.6678630466819,0.55719591457753,0.347874123235263,0.1991643454039,0.1414828220636,57.999721448468,3.5790057281265,619.944289693593,62.8818434056878,7.39554317548746,1.53069222280849,NA,NA,NA,NA,NA,NA,NA,NA,NA,NA,NA,NA,NA,NA,NA,NA,NA,NA,NA,NA,NA,NA,"Mark","Andrews","BAL","TE",31,2
"TE","16213","average",NA,NA,NA,NA,NA,NA,0,0,0,0,0,0,57.54,4.26708331299027,688.6,53.1159109871986,5.7,1.30384048104053,NA,NA,NA,NA,NA,NA,NA,NA,NA,NA,NA,NA,NA,NA,NA,NA,NA,NA,NA,NA,NA,NA,"Dalton","Kincaid","BUF","TE",27,-3
"TE","16213","robust",NA,NA,NA,NA,NA,NA,0,0,0,0,0,0,57.5,5.9304,674.5,37.065,5.5,2.2239,NA,NA,NA,NA,NA,NA,NA,NA,NA,NA,NA,NA,NA,NA,NA,NA,NA,NA,NA,NA,NA,NA,"Dalton","Kincaid","BUF","TE",27,-3
"TE","16213","weighted",NA,NA,NA,NA,NA,NA,0,0,0,0,0,0,57.3626740947075,4.18994423068295,689.027855153203,53.4618656792192,5.62674094707521,1.3088839602735,NA,NA,NA,NA,NA,NA,NA,NA,NA,NA,NA,NA,NA,NA,NA,NA,NA,NA,NA,NA,NA,NA,"Dalton","Kincaid","BUF","TE",27,-3
"TE","15329","average",NA,NA,NA,NA,NA,NA,0,0,0,0,0.05,0.0408248290463863,75.4714285714286,2.87559517648914,833.971428571429,29.4041218361029,4.58571428571429,1.08078454749096,NA,NA,NA,NA,NA,NA,NA,NA,NA,NA,NA,NA,NA,NA,NA,NA,NA,NA,NA,NA,NA,NA,"Kyle","Pitts","ATL","TE",26,-1
"TE","15329","robust",NA,NA,NA,NA,NA,NA,0,0,0,0,0.05,0.07413,75.4,2.9652,840.975,16.45686,4.4,0.59304,NA,NA,NA,NA,NA,NA,NA,NA,NA,NA,NA,NA,NA,NA,NA,NA,NA,NA,NA,NA,NA,NA,"Kyle","Pitts","ATL","TE",26,-1
"TE","15329","weighted",NA,NA,NA,NA,NA,NA,0,0,0,0,0.0300139275766017,0.0274049882136709,75.1593314763231,3.34346482422994,831.990250696379,33.4777435947671,4.58718662952646,1.31669129390099,NA,NA,NA,NA,NA,NA,NA,NA,NA,NA,NA,NA,NA,NA,NA,NA,NA,NA,NA,NA,NA,NA,"Kyle","Pitts","ATL","TE",26,-1
"TE","11244","average",NA,NA,NA,NA,NA,NA,0.5,0.288675134594813,0,0,0.25,0.122474487139159,74.4714285714286,1.7471064513592,778.085714285714,30.0539197982242,4.62857142857143,0.769662882293899,NA,NA,NA,NA,NA,NA,NA,NA,NA,NA,NA,NA,NA,NA,NA,NA,NA,NA,NA,NA,NA,NA,"Travis","Kelce","KCC","TE",37,7
"TE","11244","robust",NA,NA,NA,NA,NA,NA,0.5,0,0,0,0.275,0.07413,74.1,1.33434000000001,781.35,21.9424799999999,4.5,1.18608,NA,NA,NA,NA,NA,NA,NA,NA,NA,NA,NA,NA,NA,NA,NA,NA,NA,NA,NA,NA,NA,NA,"Travis","Kelce","KCC","TE",37,7
"TE","11244","weighted",NA,NA,NA,NA,NA,NA,0.513231197771588,0.339564913853206,0,0,0.229178272980501,0.14433026883878,74.3272980501393,2.10975661286858,774.658774373259,35.9610856870773,4.53565459610028,0.936229984408165,NA,NA,NA,NA,NA,NA,NA,NA,NA,NA,NA,NA,NA,NA,NA,NA,NA,NA,NA,NA,NA,NA,"Travis","Kelce","KCC","TE",37,7
"TE","16269","average",NA,NA,NA,NA,NA,NA,0,0,0,0,0.1,0.0707106781186548,59.88,6.94060516093518,652,95.3205119583398,4.26,0.73348483283569,NA,NA,NA,NA,NA,NA,NA,NA,NA,NA,NA,NA,NA,NA,NA,NA,NA,NA,NA,NA,NA,NA,"Brenton","Strange","JAC","TE",26,-3
"TE","16269","robust",NA,NA,NA,NA,NA,NA,0,0,0,0,0.1,0,59.7,4.4478,625,38.5476,4.15,1.03782,NA,NA,NA,NA,NA,NA,NA,NA,NA,NA,NA,NA,NA,NA,NA,NA,NA,NA,NA,NA,NA,NA,"Brenton","Strange","JAC","TE",26,-3
"TE","16269","weighted",NA,NA,NA,NA,NA,NA,0,0,0,0,0.0995821727019499,0.0707414110318002,59.7364902506964,7.02359107989521,650.58077994429,96.4904579097652,4.23481894150418,0.720846433388051,NA,NA,NA,NA,NA,NA,NA,NA,NA,NA,NA,NA,NA,NA,NA,NA,NA,NA,NA,NA,NA,NA,"Brenton","Strange","JAC","TE",26,-3
"TE","14861","average",NA,NA,NA,NA,NA,NA,0,0,0,0,1.6,0.282842712474619,66.96,4.68059825236048,756.6,89.4052571161227,3.46,1.05261578935526,NA,NA,NA,NA,NA,NA,NA,NA,NA,NA,NA,NA,NA,NA,NA,NA,NA,NA,NA,NA,NA,NA,"Juwan","Johnson","NOS","TE",30,0
"TE","14861","robust",NA,NA,NA,NA,NA,NA,0,0,0,0,1.6,0,67.5,4.15128,769.5,149.7426,3.5,1.03782,NA,NA,NA,NA,NA,NA,NA,NA,NA,NA,NA,NA,NA,NA,NA,NA,NA,NA,NA,NA,NA,NA,"Juwan","Johnson","NOS","TE",30,0
"TE","14861","weighted",NA,NA,NA,NA,NA,NA,0,0,0,0,1.6016713091922,0.282965644127201,66.7724233983287,4.72674834468969,753.189415041783,91.0016556651561,3.40612813370474,1.01271542665501,NA,NA,NA,NA,NA,NA,NA,NA,NA,NA,NA,NA,NA,NA,NA,NA,NA,NA,NA,NA,NA,NA,"Juwan","Johnson","NOS","TE",30,0
"TE","12676","average",NA,NA,NA,NA,NA,NA,0,0,0,0,0,0,57.28,2.27859605898018,665.8,39.0858030491891,5.26,0.73348483283569,NA,NA,NA,NA,NA,NA,NA,NA,NA,NA,NA,NA,NA,NA,NA,NA,NA,NA,NA,NA,NA,NA,"Hunter","Henry","NEP","TE",32,4
"TE","12676","robust",NA,NA,NA,NA,NA,NA,0,0,0,0,0,0,57,1.4826,665.5,56.3388,5.15,1.03782,NA,NA,NA,NA,NA,NA,NA,NA,NA,NA,NA,NA,NA,NA,NA,NA,NA,NA,NA,NA,NA,NA,"Hunter","Henry","NEP","TE",32,4
"TE","12676","weighted",NA,NA,NA,NA,NA,NA,0,0,0,0,0,0,57.125069637883,2.18603074387285,663.568245125348,38.9914741039405,5.23481894150418,0.720846433388051,NA,NA,NA,NA,NA,NA,NA,NA,NA,NA,NA,NA,NA,NA,NA,NA,NA,NA,NA,NA,NA,NA,"Hunter","Henry","NEP","TE",32,4
"TE","15799","average",NA,NA,NA,NA,NA,NA,0.5,0.353553390593274,0,0,2,0,74.32,2.64801812682617,612.6,23.96455716261,5.66,1.03826778819339,NA,NA,NA,NA,NA,NA,NA,NA,NA,NA,NA,NA,NA,NA,NA,NA,NA,NA,NA,NA,NA,NA,"Jake","Ferguson","DAL","TE",27,-2
"TE","15799","robust",NA,NA,NA,NA,NA,NA,0.5,0,0,0,2,0,74.3,2.37215999999999,613,29.652,5.65,1.4826,NA,NA,NA,NA,NA,NA,NA,NA,NA,NA,NA,NA,NA,NA,NA,NA,NA,NA,NA,NA,NA,NA,"Jake","Ferguson","DAL","TE",27,-2
"TE","15799","weighted",NA,NA,NA,NA,NA,NA,0.513231197771588,0.339564913853206,0,0,2,0,74.274651810585,2.68858214503334,611.286908077994,23.6613772192885,5.65543175487465,1.04072225327384,NA,NA,NA,NA,NA,NA,NA,NA,NA,NA,NA,NA,NA,NA,NA,NA,NA,NA,NA,NA,NA,NA,"Jake","Ferguson","DAL","TE",27,-2
"TE","15802","average",NA,NA,NA,NA,NA,NA,0,0,0,0,0,0,56.32,8.49187847298818,566.4,98.1086132814036,3.34,1.17388244726633,NA,NA,NA,NA,NA,NA,NA,NA,NA,NA,NA,NA,NA,NA,NA,NA,NA,NA,NA,NA,NA,NA,"Cade","Otton","TBB","TE",27,-2
"TE","15802","robust",NA,NA,NA,NA,NA,NA,0,0,0,0,0,0,56,10.97124,563.5,63.7518,3.35,1.4826,NA,NA,NA,NA,NA,NA,NA,NA,NA,NA,NA,NA,NA,NA,NA,NA,NA,NA,NA,NA,NA,NA,"Cade","Otton","TBB","TE",27,-2
"TE","15802","weighted",NA,NA,NA,NA,NA,NA,0,0,0,0,0,0,55.9362116991643,8.61924991083012,562.881615598886,100.113137761929,3.26657381615599,1.14797799893776,NA,NA,NA,NA,NA,NA,NA,NA,NA,NA,NA,NA,NA,NA,NA,NA,NA,NA,NA,NA,NA,NA,"Cade","Otton","TBB","TE",27,-2
"TE","16723","average",NA,NA,NA,NA,NA,NA,12.6666666666667,3.34165627596057,0.193827160493827,0.207484553553801,0,0,46.22,5.36115659163207,453.2,42.4464368351455,4.96,1.38130373198656,NA,NA,NA,NA,NA,NA,NA,NA,NA,NA,NA,NA,NA,NA,NA,NA,NA,NA,NA,NA,NA,NA,"AJ","Barner","SEA","TE",24,-4
"TE","16723","robust",NA,NA,NA,NA,NA,NA,12.6666666666667,2.471,0.234567901234568,0.34777037037037,0,0,46.05,1.63086,451.5,50.4084,4.9,0,NA,NA,NA,NA,NA,NA,NA,NA,NA,NA,NA,NA,NA,NA,NA,NA,NA,NA,NA,NA,NA,NA,"AJ","Barner","SEA","TE",24,-4
"TE","16723","weighted",NA,NA,NA,NA,NA,NA,12.822191272052,3.41785282325046,0.195587881288903,0.205930931538701,0,0,46.4821727019499,5.25770847257027,455.104456824513,41.3341502336616,4.96183844011142,1.38548951937155,NA,NA,NA,NA,NA,NA,NA,NA,NA,NA,NA,NA,NA,NA,NA,NA,NA,NA,NA,NA,NA,NA,"AJ","Barner","SEA","TE",24,-4
"TE","13772","average",NA,NA,NA,NA,NA,NA,0,0,0,0,0,0,63,5.95818764390649,611.4,57.0815206524844,3.44,1.0807404868885,NA,NA,NA,NA,NA,NA,NA,NA,NA,NA,NA,NA,NA,NA,NA,NA,NA,NA,NA,NA,NA,NA,"Dalton","Schultz","HOU","TE",30,2
"TE","13772","robust",NA,NA,NA,NA,NA,NA,0,0,0,0,0,0,63.5,7.413,610,71.1648,3.5,1.18608,NA,NA,NA,NA,NA,NA,NA,NA,NA,NA,NA,NA,NA,NA,NA,NA,NA,NA,NA,NA,NA,NA,"Dalton","Schultz","HOU","TE",30,2
"TE","13772","weighted",NA,NA,NA,NA,NA,NA,0,0,0,0,0,0,63.0738161559889,5.98689886046165,611.243732590529,58.0867017859741,3.38635097493036,1.04036398499129,NA,NA,NA,NA,NA,NA,NA,NA,NA,NA,NA,NA,NA,NA,NA,NA,NA,NA,NA,NA,NA,NA,"Dalton","Schultz","HOU","TE",30,2
"TE","17543","average",NA,NA,NA,NA,NA,NA,0,0,0,0,0.5,0.353553390593274,48.56,12.7737230281543,518.2,177.543515792608,3.8,2.48997991959775,NA,NA,NA,NA,NA,NA,NA,NA,NA,NA,NA,NA,NA,NA,NA,NA,NA,NA,NA,NA,NA,NA,"Kenyon","Sadiq","NYJ","TE",21,-6
"TE","17543","robust",NA,NA,NA,NA,NA,NA,0,0,0,0,0.5,0,47,19.2738,528,139.3644,4,2.9652,NA,NA,NA,NA,NA,NA,NA,NA,NA,NA,NA,NA,NA,NA,NA,NA,NA,NA,NA,NA,NA,NA,"Kenyon","Sadiq","NYJ","TE",21,-6
"TE","17543","weighted",NA,NA,NA,NA,NA,NA,0,0,0,0,0.502089136490251,0.353707055159001,48.4186629526462,12.6527645428786,516,174.733050318214,3.74512534818942,2.4521578525152,NA,NA,NA,NA,NA,NA,NA,NA,NA,NA,NA,NA,NA,NA,NA,NA,NA,NA,NA,NA,NA,NA,"Kenyon","Sadiq","NYJ","TE",21,-6
"TE","15797","average",NA,NA,NA,NA,NA,NA,-5.05,3.57088924499207,0,0,1.75,0.176776695296637,53.62,3.1971862629506,601.2,44.985553236567,3.94,1.16961532137708,NA,NA,NA,NA,NA,NA,NA,NA,NA,NA,NA,NA,NA,NA,NA,NA,NA,NA,NA,NA,NA,NA,"Greg","Dulcich","MIA","TE",26,-2
"TE","15797","robust",NA,NA,NA,NA,NA,NA,-5.05,0,0,0,1.75,0,53,1.63086,593.5,26.6868,4,1.03782,NA,NA,NA,NA,NA,NA,NA,NA,NA,NA,NA,NA,NA,NA,NA,NA,NA,NA,NA,NA,NA,NA,"Greg","Dulcich","MIA","TE",26,-2
"TE","15797","weighted",NA,NA,NA,NA,NA,NA,-5.18363509749304,3.42960562991738,0,0,1.75104456824513,0.176853527579501,53.6827298050139,3.18030812445329,602.342618384401,44.4362236622653,3.87242339832869,1.1876488607721,NA,NA,NA,NA,NA,NA,NA,NA,NA,NA,NA,NA,NA,NA,NA,NA,NA,NA,NA,NA,NA,NA,"Greg","Dulcich","MIA","TE",26,-2
"TE","17107","average",NA,NA,NA,NA,NA,NA,0,0,0,0,0,0,30.94,14.5882829695616,422.8,172.592583849944,3.84,1.7111399708966,NA,NA,NA,NA,NA,NA,NA,NA,NA,NA,NA,NA,NA,NA,NA,NA,NA,NA,NA,NA,NA,NA,"Terrance","Ferguson","LAR","TE",23,-5
"TE","17107","robust",NA,NA,NA,NA,NA,NA,0,0,0,0,0,0,29,19.2738,449,131.9514,4,0,NA,NA,NA,NA,NA,NA,NA,NA,NA,NA,NA,NA,NA,NA,NA,NA,NA,NA,NA,NA,NA,NA,"Terrance","Ferguson","LAR","TE",23,-5
"TE","17107","weighted",NA,NA,NA,NA,NA,NA,0,0,0,0,0,0,31.4364902506964,14.7724118339095,428.772980501393,173.583470667058,3.9058495821727,1.71306325788827,NA,NA,NA,NA,NA,NA,NA,NA,NA,NA,NA,NA,NA,NA,NA,NA,NA,NA,NA,NA,NA,NA,"Terrance","Ferguson","LAR","TE",23,-5
"TE","15331","average",NA,NA,NA,NA,NA,NA,1.5,1.06066017177982,0.05,0.0353553390593274,0.25,0.176776695296637,51.9,7.53657747256671,548.6,58.6370190238215,4.48,1.24579292019179,NA,NA,NA,NA,NA,NA,NA,NA,NA,NA,NA,NA,NA,NA,NA,NA,NA,NA,NA,NA,NA,NA,"Pat","Freiermuth","PIT","TE",28,-1
"TE","15331","robust",NA,NA,NA,NA,NA,NA,1.5,0,0.05,0,0.25,0,52,10.3782,553.5,54.8562,4.5,1.4826,NA,NA,NA,NA,NA,NA,NA,NA,NA,NA,NA,NA,NA,NA,NA,NA,NA,NA,NA,NA,NA,NA,"Pat","Freiermuth","PIT","TE",28,-1
"TE","15331","weighted",NA,NA,NA,NA,NA,NA,1.53969359331476,1.01869474155962,0.0513231197771588,0.0339564913853206,0.248955431754875,0.176853527579501,51.8969359331476,7.54599051920944,548.512534818942,58.4619237622555,4.41754874651811,1.23235574685824,NA,NA,NA,NA,NA,NA,NA,NA,NA,NA,NA,NA,NA,NA,NA,NA,NA,NA,NA,NA,NA,NA,"Pat","Freiermuth","PIT","TE",28,-1
"TE","12263","average",NA,NA,NA,NA,NA,NA,3,0,0,0,0,0,37.7,11.4525106417763,384,129.465568138148,4.125,1.43614066163451,NA,NA,NA,NA,NA,NA,NA,NA,NA,NA,NA,NA,NA,NA,NA,NA,NA,NA,NA,NA,NA,NA,"Darren","Waller","CAR","TE",34,5
"TE","12263","robust",NA,NA,NA,NA,NA,NA,3,0,0,0,0,0,41.5,3.7065,415,56.3388,4,1.11195,NA,NA,NA,NA,NA,NA,NA,NA,NA,NA,NA,NA,NA,NA,NA,NA,NA,NA,NA,NA,NA,NA,"Darren","Waller","CAR","TE",34,5
"TE","12263","weighted",NA,NA,NA,NA,NA,NA,3,5.12918286249165e-16,0,0,0,0,37.9253781512605,11.261920063916,386.868907563025,127.734687034023,4.12941176470588,1.41221581485297,NA,NA,NA,NA,NA,NA,NA,NA,NA,NA,NA,NA,NA,NA,NA,NA,NA,NA,NA,NA,NA,NA,"Darren","Waller","CAR","TE",34,5
"TE","15889","average",NA,NA,NA,NA,NA,NA,0,0,0,0,0,0,56.38,5.62778819786246,597,60.757715559425,3.38,1.12782977438973,NA,NA,NA,NA,NA,NA,NA,NA,NA,NA,NA,NA,NA,NA,NA,NA,NA,NA,NA,NA,NA,NA,"Chigoziem","Okonkwo","WAS","TE",27,-2
"TE","15889","robust",NA,NA,NA,NA,NA,NA,0,0,0,0,0,0,55.95,4.4478,597.5,65.2344,3.45,1.33434,NA,NA,NA,NA,NA,NA,NA,NA,NA,NA,NA,NA,NA,NA,NA,NA,NA,NA,NA,NA,NA,NA,"Chigoziem","Okonkwo","WAS","TE",27,-2
"TE","15889","weighted",NA,NA,NA,NA,NA,NA,0,0,0,0,0,0,55.9955431754875,5.44320076856468,593.267409470752,59.7520770206655,3.30194986072423,1.10368022803494,NA,NA,NA,NA,NA,NA,NA,NA,NA,NA,NA,NA,NA,NA,NA,NA,NA,NA,NA,NA,NA,NA,"Chigoziem","Okonkwo","WAS","TE",27,-2
"TE","14871","average",NA,NA,NA,NA,NA,NA,0,0,0,0,0.5,0.353553390593274,34.72,8.09271277137648,380,131.508554854808,4.72,2.02286924935845,NA,NA,NA,NA,NA,NA,NA,NA,NA,NA,NA,NA,NA,NA,NA,NA,NA,NA,NA,NA,NA,NA,"Colby","Parkinson","LAR","TE",27,0
"TE","14871","robust",NA,NA,NA,NA,NA,NA,0,0,0,0,0.5,0,34.5,4.4478,362.5,22.239,4.5,1.4826,NA,NA,NA,NA,NA,NA,NA,NA,NA,NA,NA,NA,NA,NA,NA,NA,NA,NA,NA,NA,NA,NA,"Colby","Parkinson","LAR","TE",27,0
"TE","14871","weighted",NA,NA,NA,NA,NA,NA,0,0,0,0,0.502089136490251,0.353707055159001,34.7370473537604,8.06069098864894,379.863509749304,130.984581157017,4.68690807799443,2.04126377241973,NA,NA,NA,NA,NA,NA,NA,NA,NA,NA,NA,NA,NA,NA,NA,NA,NA,NA,NA,NA,NA,NA,"Colby","Parkinson","LAR","TE",27,0
"TE","13192","average",NA,NA,NA,NA,NA,NA,0,0,0,0,0,0,47.5,10.0374299499424,469,127.497058789605,4.72,1.30076900332073,NA,NA,NA,NA,NA,NA,NA,NA,NA,NA,NA,NA,NA,NA,NA,NA,NA,NA,NA,NA,NA,NA,"David","Njoku","LAC","TE",30,3
"TE","13192","robust",NA,NA,NA,NA,NA,NA,0,0,0,0,0,0,45,4.4478,435.5,71.1648,4.6,2.07564,NA,NA,NA,NA,NA,NA,NA,NA,NA,NA,NA,NA,NA,NA,NA,NA,NA,NA,NA,NA,NA,NA,"David","Njoku","LAC","TE",30,3
"TE","13192","weighted",NA,NA,NA,NA,NA,NA,0,0,0,0,0,0,46.8259052924791,9.52891145351658,460.589136490251,121.132747327695,4.65487465181058,1.29800183753436,NA,NA,NA,NA,NA,NA,NA,NA,NA,NA,NA,NA,NA,NA,NA,NA,NA,NA,NA,NA,NA,NA,"David","Njoku","LAC","TE",30,3
"TE","14138","average",NA,NA,NA,NA,NA,NA,0,0,0,0,0,0,65.1,8.86284378740819,612,70.5655723423257,3.66,0.853229160308062,NA,NA,NA,NA,NA,NA,NA,NA,NA,NA,NA,NA,NA,NA,NA,NA,NA,NA,NA,NA,NA,NA,"T.J.","Hockenson","MIN","TE",29,1
"TE","14138","robust",NA,NA,NA,NA,NA,NA,0,0,0,0,0,0,65.5,9.6369,609.5,96.369,3.5,0.44478,NA,NA,NA,NA,NA,NA,NA,NA,NA,NA,NA,NA,NA,NA,NA,NA,NA,NA,NA,NA,NA,NA,"T.J.","Hockenson","MIN","TE",29,1
"TE","14138","weighted",NA,NA,NA,NA,NA,NA,0,0,0,0,0,0,65.1740947075209,9.10959169329466,609.285515320334,68.9739360429206,3.60389972144847,0.82246688816231,NA,NA,NA,NA,NA,NA,NA,NA,NA,NA,NA,NA,NA,NA,NA,NA,NA,NA,NA,NA,NA,NA,"T.J.","Hockenson","MIN","TE",29,1
"TE","12678","average",NA,NA,NA,NA,NA,NA,0,0,0,0,0,0,27.1,9.80051019080129,312.4,129.993461374024,2.32,1.18827606220104,NA,NA,NA,NA,NA,NA,NA,NA,NA,NA,NA,NA,NA,NA,NA,NA,NA,NA,NA,NA,NA,NA,"Tyler","Higbee","LAR","TE",33,4
"TE","12678","robust",NA,NA,NA,NA,NA,NA,0,0,0,0,0,0,27.5,14.0847,318,121.5732,2.3,1.4826,NA,NA,NA,NA,NA,NA,NA,NA,NA,NA,NA,NA,NA,NA,NA,NA,NA,NA,NA,NA,NA,NA,"Tyler","Higbee","LAR","TE",33,4
"TE","12678","weighted",NA,NA,NA,NA,NA,NA,0,0,0,0,0,0,26.7089136490251,9.99642734342643,308.764623955432,132.850953867558,2.27743732590529,1.2011971995506,NA,NA,NA,NA,NA,NA,NA,NA,NA,NA,NA,NA,NA,NA,NA,NA,NA,NA,NA,NA,NA,NA,"Tyler","Higbee","LAR","TE",33,4
"TE","13672","average",NA,NA,NA,NA,NA,NA,0,0,0,0,0.35,0.247487373415292,43.98,5.14800932400088,465.8,74.0182409950412,3.2,0.836660026534076,NA,NA,NA,NA,NA,NA,NA,NA,NA,NA,NA,NA,NA,NA,NA,NA,NA,NA,NA,NA,NA,NA,"Mike","Gesicki","CIN","TE",31,2
"TE","13672","robust",NA,NA,NA,NA,NA,NA,0,0,0,0,0.35,0,43.9,6.07866,462,90.4386,3,1.4826,NA,NA,NA,NA,NA,NA,NA,NA,NA,NA,NA,NA,NA,NA,NA,NA,NA,NA,NA,NA,NA,NA,"Mike","Gesicki","CIN","TE",31,2
"TE","13672","weighted",NA,NA,NA,NA,NA,NA,0,0,0,0,0.348537604456824,0.247594938611301,43.7155988857939,5.23817969393844,462.045961002785,75.2771299785495,3.25766016713092,0.817580046644245,NA,NA,NA,NA,NA,NA,NA,NA,NA,NA,NA,NA,NA,NA,NA,NA,NA,NA,NA,NA,NA,NA,"Mike","Gesicki","CIN","TE",31,2
"TE","17106","average",NA,NA,NA,NA,NA,NA,0,0,0,0,0,0,44.24,8.36588309743807,394.2,65.3084986812589,2.12,1.12782977438973,NA,NA,NA,NA,NA,NA,NA,NA,NA,NA,NA,NA,NA,NA,NA,NA,NA,NA,NA,NA,NA,NA,"Mason","Taylor","NYJ","TE",22,-5
"TE","17106","robust",NA,NA,NA,NA,NA,NA,0,0,0,0,0,0,44.5,6.22692,407,11.8608,2,0.59304,NA,NA,NA,NA,NA,NA,NA,NA,NA,NA,NA,NA,NA,NA,NA,NA,NA,NA,NA,NA,NA,NA,"Mason","Taylor","NYJ","TE",22,-5
"TE","17106","weighted",NA,NA,NA,NA,NA,NA,0,0,0,0,0,0,44.0980501392758,8.55454930303536,392.119777158774,67.4956366312696,2.10612813370474,1.14484102563407,NA,NA,NA,NA,NA,NA,NA,NA,NA,NA,NA,NA,NA,NA,NA,NA,NA,NA,NA,NA,NA,NA,"Mason","Taylor","NYJ","TE",22,-5
"TE","17099","average",NA,NA,NA,NA,NA,NA,0,0,0,0,0.95,0.0353553390593274,38.78,9.64064313207371,496.8,139.813089515968,2.88,0.756306816047562,NA,NA,NA,NA,NA,NA,NA,NA,NA,NA,NA,NA,NA,NA,NA,NA,NA,NA,NA,NA,NA,NA,"Oronde","Gadsden","LAC","TE",23,-5
"TE","17099","robust",NA,NA,NA,NA,NA,NA,0,0,0,0,0.95,0,38,10.3782,488.5,179.3946,3,0.88956,NA,NA,NA,NA,NA,NA,NA,NA,NA,NA,NA,NA,NA,NA,NA,NA,NA,NA,NA,NA,NA,NA,"Oronde","Gadsden","LAC","TE",23,-5
"TE","17099","weighted",NA,NA,NA,NA,NA,NA,0,0,0,0,0.950208913649025,0.0353707055159001,38.4370473537604,9.73207937125313,489.449860724234,141.484554231753,2.84233983286908,0.731988674726807,NA,NA,NA,NA,NA,NA,NA,NA,NA,NA,NA,NA,NA,NA,NA,NA,NA,NA,NA,NA,NA,NA,"Oronde","Gadsden","LAC","TE",23,-5
"TE","16649","average",NA,NA,NA,NA,NA,NA,0,0,0,0,0,0,28.84,6.19903218252656,340.6,94.4367513206591,2.82,1.30843417870369,NA,NA,NA,NA,NA,NA,NA,NA,NA,NA,NA,NA,NA,NA,NA,NA,NA,NA,NA,NA,NA,NA,"Theo","Johnson","NYG","TE",25,-4
"TE","16649","robust",NA,NA,NA,NA,NA,NA,0,0,0,0,0,0,29.5,1.4826,333.5,19.2738,2.55,0,NA,NA,NA,NA,NA,NA,NA,NA,NA,NA,NA,NA,NA,NA,NA,NA,NA,NA,NA,NA,NA,NA,"Theo","Johnson","NYG","TE",25,-4
"TE","16649","weighted",NA,NA,NA,NA,NA,NA,0,0,0,0,0,0,28.8529247910864,6.18356995325435,340.228412256267,94.3576581148341,2.82339832869081,1.31391040906597,NA,NA,NA,NA,NA,NA,NA,NA,NA,NA,NA,NA,NA,NA,NA,NA,NA,NA,NA,NA,NA,NA,"Theo","Johnson","NYG","TE",25,-4
"TE","13189","average",NA,NA,NA,NA,NA,NA,2.5,1.76776695296637,0,0,0,0,50.44,7.48785683623826,456,39.9937495116424,2.22,0.801249024960405,NA,NA,NA,NA,NA,NA,NA,NA,NA,NA,NA,NA,NA,NA,NA,NA,NA,NA,NA,NA,NA,NA,"Evan","Engram","DEN","TE",32,3
"TE","13189","robust",NA,NA,NA,NA,NA,NA,2.5,0,0,0,0,0,51.5,5.63388,467,17.7912,2.05,1.33434,NA,NA,NA,NA,NA,NA,NA,NA,NA,NA,NA,NA,NA,NA,NA,NA,NA,NA,NA,NA,NA,NA,"Evan","Engram","DEN","TE",32,3
"TE","13189","weighted",NA,NA,NA,NA,NA,NA,2.56615598885794,1.69782456926603,0,0,0,0,50.7763231197772,7.22506456116059,458.466573816156,37.8287007566797,2.23426183844011,0.804989347326295,NA,NA,NA,NA,NA,NA,NA,NA,NA,NA,NA,NA,NA,NA,NA,NA,NA,NA,NA,NA,NA,NA,"Evan","Engram","DEN","TE",32,3
"TE","14143","average",NA,NA,NA,NA,NA,NA,0,0,0,0,0,0,28.54,3.90614899869424,338.4,50.5400831024248,2.82,0.402492235949962,NA,NA,NA,NA,NA,NA,NA,NA,NA,NA,NA,NA,NA,NA,NA,NA,NA,NA,NA,NA,NA,NA,"Dawson","Knox","BUF","TE",30,1
"TE","14143","robust",NA,NA,NA,NA,NA,NA,0,0,0,0,0,0,28,2.9652,332.5,56.3388,3,0,NA,NA,NA,NA,NA,NA,NA,NA,NA,NA,NA,NA,NA,NA,NA,NA,NA,NA,NA,NA,NA,NA,"Dawson","Knox","BUF","TE",30,1
"TE","14143","weighted",NA,NA,NA,NA,NA,NA,0,0,0,0,0,0,28.4754874651811,3.9679670646831,337.228412256267,51.8459959455195,2.82200557103064,0.401123360646192,NA,NA,NA,NA,NA,NA,NA,NA,NA,NA,NA,NA,NA,NA,NA,NA,NA,NA,NA,NA,NA,NA,"Dawson","Knox","BUF","TE",30,1
"TE","15795","average",NA,NA,NA,NA,NA,NA,0,0,0,0,0.15,0.106066017177982,21.68,4.25581954504652,259.4,69.0890729421086,2.02,1.22556109598828,NA,NA,NA,NA,NA,NA,NA,NA,NA,NA,NA,NA,NA,NA,NA,NA,NA,NA,NA,NA,NA,NA,"Charlie","Kolar","LAC","TE",27,-2
"TE","15795","robust",NA,NA,NA,NA,NA,NA,0,0,0,0,0.15,0,22.5,2.37216,270,40.0302,2,1.4826,NA,NA,NA,NA,NA,NA,NA,NA,NA,NA,NA,NA,NA,NA,NA,NA,NA,NA,NA,NA,NA,NA,"Charlie","Kolar","LAC","TE",27,-2
"TE","15795","weighted",NA,NA,NA,NA,NA,NA,0,0,0,0,0.149373259052925,0.1061121165477,21.6403899721448,4.38649831972076,256.986072423398,71.1671752480346,1.99470752089136,1.24534817690407,NA,NA,NA,NA,NA,NA,NA,NA,NA,NA,NA,NA,NA,NA,NA,NA,NA,NA,NA,NA,NA,NA,"Charlie","Kolar","LAC","TE",27,-2
"TE","17105","average",NA,NA,NA,NA,NA,NA,0.5,0.353553390593274,0,0,0,0,49.38,5.95163842987794,461.6,61.5369807514148,3.48,0.867179335547152,NA,NA,NA,NA,NA,NA,NA,NA,NA,NA,NA,NA,NA,NA,NA,NA,NA,NA,NA,NA,NA,NA,"Gunnar","Helm","TEN","TE",24,-5
"TE","17105","robust",NA,NA,NA,NA,NA,NA,0.5,0,0,0,0,0,49,4.29954,458,65.2344,3.2,0,NA,NA,NA,NA,NA,NA,NA,NA,NA,NA,NA,NA,NA,NA,NA,NA,NA,NA,NA,NA,NA,NA,"Gunnar","Helm","TEN","TE",24,-5
"TE","17105","weighted",NA,NA,NA,NA,NA,NA,0.513231197771588,0.339564913853206,0,0,0,0,49.3869080779944,6.08650429556023,459.896935933148,60.1933264395517,3.42172701949861,0.821503753623782,NA,NA,NA,NA,NA,NA,NA,NA,NA,NA,NA,NA,NA,NA,NA,NA,NA,NA,NA,NA,NA,NA,"Gunnar","Helm","TEN","TE",24,-5
"TE","15626","average",NA,NA,NA,NA,NA,NA,0,0,0,0,0,0,23.2333333333333,9.32541330630087,199.666666666667,90.5777750517937,2.9,1.01488915650922,NA,NA,NA,NA,NA,NA,NA,NA,NA,NA,NA,NA,NA,NA,NA,NA,NA,NA,NA,NA,NA,NA,"Brock","Wright","DET","TE",28,-1
"TE","15626","robust",NA,NA,NA,NA,NA,NA,0,0,0,0,0,0,21.925,0.444780000000001,190.25,41.5128,2.85,1.03782,NA,NA,NA,NA,NA,NA,NA,NA,NA,NA,NA,NA,NA,NA,NA,NA,NA,NA,NA,NA,NA,NA,"Brock","Wright","DET","TE",28,-1
"TE","15626","weighted",NA,NA,NA,NA,NA,NA,0,0,0,0,0,0,23.5546341463415,9.47622267722604,202.168292682927,92.4955139153764,2.94975609756098,1.01294796907606,NA,NA,NA,NA,NA,NA,NA,NA,NA,NA,NA,NA,NA,NA,NA,NA,NA,NA,NA,NA,NA,NA,"Brock","Wright","DET","TE",28,-1
"TE","13193","average",NA,NA,NA,NA,NA,NA,24.3333333333333,13.2748718344933,0.208796296296296,0.333612280402141,0,0,27.2,9.12286504704891,241,114.125661735942,1.5,1.29099444873581,NA,NA,NA,NA,NA,NA,NA,NA,NA,NA,NA,NA,NA,NA,NA,NA,NA,NA,NA,NA,NA,NA,"Jonnu","Smith","GBP","TE",31,3
"TE","13193","robust",NA,NA,NA,NA,NA,NA,23.5,10.6253,0.101388888888889,0.100212777777778,0,0,27.2,8.1543,229,71.9061,1.5,1.4826,NA,NA,NA,NA,NA,NA,NA,NA,NA,NA,NA,NA,NA,NA,NA,NA,NA,NA,NA,NA,NA,NA,"Jonnu","Smith","GBP","TE",31,3
"TE","13193","weighted",NA,NA,NA,NA,NA,NA,24.0658436213992,13.5514159294264,0.209879809262525,0.333758602337673,0,0,26.5389770723104,8.96897101255801,233.58024691358,110.239775945424,1.47795414462081,1.29870700759223,NA,NA,NA,NA,NA,NA,NA,NA,NA,NA,NA,NA,NA,NA,NA,NA,NA,NA,NA,NA,NA,NA,"Jonnu","Smith","GBP","TE",31,3
"TE","15873","average",NA,NA,NA,NA,NA,NA,0,0,0,0,0,0,24.7,2.3388031127053,271.333333333333,53.1444572211753,2.13333333333333,0.808290376865476,NA,NA,NA,NA,NA,NA,NA,NA,NA,NA,NA,NA,NA,NA,NA,NA,NA,NA,NA,NA,NA,NA,"Daniel","Bellinger","TEN","TE",26,-2
"TE","15873","robust",NA,NA,NA,NA,NA,NA,0,0,0,0,0,0,25.025,0.148260000000002,265.75,23.7216,2.1,0.88956,NA,NA,NA,NA,NA,NA,NA,NA,NA,NA,NA,NA,NA,NA,NA,NA,NA,NA,NA,NA,NA,NA,"Daniel","Bellinger","TEN","TE",26,-2
"TE","15873","weighted",NA,NA,NA,NA,NA,NA,0,0,0,0,0,0,24.8346341463415,2.27623371238607,273.553658536585,53.5976154316014,2.14585365853659,0.829064672615432,NA,NA,NA,NA,NA,NA,NA,NA,NA,NA,NA,NA,NA,NA,NA,NA,NA,NA,NA,NA,NA,NA,"Daniel","Bellinger","TEN","TE",26,-2
"TE","14137","average",NA,NA,NA,NA,NA,NA,22,15.556349186104,0,0,2.4,0.424264068711929,29.68,9.25267528880161,281.4,102.909183263691,1.6,0.547722557505166,NA,NA,NA,NA,NA,NA,NA,NA,NA,NA,NA,NA,NA,NA,NA,NA,NA,NA,NA,NA,NA,NA,"Noah","Fant","NOS","TE",29,1
"TE","14137","robust",NA,NA,NA,NA,NA,NA,22,0,0,0,2.4,0,29.2,7.413,282.5,120.0906,1.5,0,NA,NA,NA,NA,NA,NA,NA,NA,NA,NA,NA,NA,NA,NA,NA,NA,NA,NA,NA,NA,NA,NA,"Noah","Fant","NOS","TE",29,1
"TE","14137","weighted",NA,NA,NA,NA,NA,NA,22.5821727019499,14.9408562095411,0,0,2.4025069637883,0.424448466190801,29.4217270194986,9.41814839297615,277.696378830084,104.309891634712,1.58356545961003,0.551597942413407,NA,NA,NA,NA,NA,NA,NA,NA,NA,NA,NA,NA,NA,NA,NA,NA,NA,NA,NA,NA,NA,NA,"Noah","Fant","NOS","TE",29,1
"TE","16216","average",NA,NA,NA,NA,NA,NA,2.5,1.76776695296637,0,0,0.75,0.176776695296637,30.22,4.06103435099975,321,51.7300686255102,1.74,0.581377674149945,NA,NA,NA,NA,NA,NA,NA,NA,NA,NA,NA,NA,NA,NA,NA,NA,NA,NA,NA,NA,NA,NA,"Darnell","Washington","PIT","TE",25,-3
"TE","16216","robust",NA,NA,NA,NA,NA,NA,2.5,0,0,0,0.75,0,30.5,5.9304,319,74.13,2,0,NA,NA,NA,NA,NA,NA,NA,NA,NA,NA,NA,NA,NA,NA,NA,NA,NA,NA,NA,NA,NA,NA,"Darnell","Washington","PIT","TE",25,-3
"TE","16216","weighted",NA,NA,NA,NA,NA,NA,2.56615598885794,1.69782456926603,0,0,0.751044568245125,0.176853527579501,30.1298050139276,4.05995014664833,319.537604456825,51.2223150190594,1.74289693593315,0.579400409822278,NA,NA,NA,NA,NA,NA,NA,NA,NA,NA,NA,NA,NA,NA,NA,NA,NA,NA,NA,NA,NA,NA,"Darnell","Washington","PIT","TE",25,-3
"TE","14209","average",NA,NA,NA,NA,NA,NA,0,0,0,0,0,0,19.06,2.1255587500702,200.8,34.7951145996101,2.5,1.11803398874989,NA,NA,NA,NA,NA,NA,NA,NA,NA,NA,NA,NA,NA,NA,NA,NA,NA,NA,NA,NA,NA,NA,"Josh","Oliver","MIN","TE",29,1
"TE","14209","robust",NA,NA,NA,NA,NA,NA,0,0,0,0,0,0,19.3,3.40998,202,25.2042,2.5,0.7413,NA,NA,NA,NA,NA,NA,NA,NA,NA,NA,NA,NA,NA,NA,NA,NA,NA,NA,NA,NA,NA,NA,"Josh","Oliver","MIN","TE",29,1
"TE","14209","weighted",NA,NA,NA,NA,NA,NA,0,0,0,0,0,0,18.9785515320334,2.15872352007619,199.74791086351,35.7058494594323,2.45543175487465,1.14098157442022,NA,NA,NA,NA,NA,NA,NA,NA,NA,NA,NA,NA,NA,NA,NA,NA,NA,NA,NA,NA,NA,NA,"Josh","Oliver","MIN","TE",29,1
"TE","17605","average",NA,NA,NA,NA,NA,NA,3,0,0,0,0.9,0.1,22.4666666666667,11.0024239753489,217,97.0721381241806,1.33333333333333,1.52752523165195,NA,NA,NA,NA,NA,NA,NA,NA,NA,NA,NA,NA,NA,NA,NA,NA,NA,NA,NA,NA,NA,NA,"Will","Kacmarek","MIA","TE",23,-6
"TE","17605","robust",NA,NA,NA,NA,NA,NA,3,0,0,0,0.9,0.14826,21.35,5.33736,206.5,40.0302,1.25,1.4826,NA,NA,NA,NA,NA,NA,NA,NA,NA,NA,NA,NA,NA,NA,NA,NA,NA,NA,NA,NA,NA,NA,"Will","Kacmarek","MIA","TE",23,-6
"TE","17605","weighted",NA,NA,NA,NA,NA,NA,3,0,0,0,0.900675675675676,0.0985117515202554,22.4004504504504,10.9021212580199,216.331081081081,96.2468874849784,1.33333333333333,1.50821197004454,NA,NA,NA,NA,NA,NA,NA,NA,NA,NA,NA,NA,NA,NA,NA,NA,NA,NA,NA,NA,NA,NA,"Will","Kacmarek","MIA","TE",23,-6
"TE","16212","average",NA,NA,NA,NA,NA,NA,0,0,0,0,0,0,37.42,4.26403564713054,351.4,44.5735347487722,1.8,0.836660026534076,NA,NA,NA,NA,NA,NA,NA,NA,NA,NA,NA,NA,NA,NA,NA,NA,NA,NA,NA,NA,NA,NA,"Michael","Mayer","LVR","TE",25,-3
"TE","16212","robust",NA,NA,NA,NA,NA,NA,0,0,0,0,0,0,37.5,4.4478,346,34.0998,2,1.4826,NA,NA,NA,NA,NA,NA,NA,NA,NA,NA,NA,NA,NA,NA,NA,NA,NA,NA,NA,NA,NA,NA,"Michael","Mayer","LVR","TE",25,-3
"TE","16212","weighted",NA,NA,NA,NA,NA,NA,0,0,0,0,0,0,37.6353760445682,4.18390987671093,353.754874651811,44.3238728930017,1.79387186629526,0.855272743526627,NA,NA,NA,NA,NA,NA,NA,NA,NA,NA,NA,NA,NA,NA,NA,NA,NA,NA,NA,NA,NA,NA,"Michael","Mayer","LVR","TE",25,-3
"TE","17593","average",NA,NA,NA,NA,NA,NA,0,0,0,0,1,0,28,9.89949493661167,298.5,77.0746391493337,2,0,NA,NA,NA,NA,NA,NA,NA,NA,NA,NA,NA,NA,NA,NA,NA,NA,NA,NA,NA,NA,NA,NA,"Marlin","Klein","HOU","TE",24,-6
"TE","17593","robust",NA,NA,NA,NA,NA,NA,0,0,0,0,1,0,28,10.3782,298.5,80.8017,2,0,NA,NA,NA,NA,NA,NA,NA,NA,NA,NA,NA,NA,NA,NA,NA,NA,NA,NA,NA,NA,NA,NA,"Marlin","Klein","HOU","TE",24,-6
"TE","17593","weighted",NA,NA,NA,NA,NA,NA,0,0,0,0,1,0,28.5746268656716,9.89949493661166,302.973880597015,77.0746391493337,2,0,NA,NA,NA,NA,NA,NA,NA,NA,NA,NA,NA,NA,NA,NA,NA,NA,NA,NA,NA,NA,NA,NA,"Marlin","Klein","HOU","TE",24,-6
"TE","17544","average",NA,NA,NA,NA,NA,NA,6.66666666666667,9.42809041582063,0,0,0.5,0.408248290463863,21.275,19.3262127691899,234.75,226.136205268713,2,2.16024689946929,NA,NA,NA,NA,NA,NA,NA,NA,NA,NA,NA,NA,NA,NA,NA,NA,NA,NA,NA,NA,NA,NA,"Eli","Stowers","PHI","TE",23,-6
"TE","17544","robust",NA,NA,NA,NA,NA,NA,5,4.942,0,0,0.5,0.37065,21.275,22.90617,234.75,238.6986,1.75,1.4826,NA,NA,NA,NA,NA,NA,NA,NA,NA,NA,NA,NA,NA,NA,NA,NA,NA,NA,NA,NA,NA,NA,"Eli","Stowers","PHI","TE",23,-6
"TE","17544","weighted",NA,NA,NA,NA,NA,NA,7.24279835390946,9.64975849803467,0,0,0.502645502645503,0.411256778182097,20.3266313932981,18.8983203201257,222.680776014109,220.108230380832,1.87301587301587,2.07295771561377,NA,NA,NA,NA,NA,NA,NA,NA,NA,NA,NA,NA,NA,NA,NA,NA,NA,NA,NA,NA,NA,NA,"Eli","Stowers","PHI","TE",23,-6
"TE","16219","average",NA,NA,NA,NA,NA,NA,0,0,0,0,0,0,21.3,4.55741154604234,195.333333333333,39.5010548382361,2.06666666666667,1.00664459136943,NA,NA,NA,NA,NA,NA,NA,NA,NA,NA,NA,NA,NA,NA,NA,NA,NA,NA,NA,NA,NA,NA,"Davis","Allen","LAR","TE",25,-3
"TE","16219","robust",NA,NA,NA,NA,NA,NA,0,0,0,0,0,0,21.225,6.07866,191.75,23.7216,2.1,1.18608,NA,NA,NA,NA,NA,NA,NA,NA,NA,NA,NA,NA,NA,NA,NA,NA,NA,NA,NA,NA,NA,NA,"Davis","Allen","LAR","TE",25,-3
"TE","16219","weighted",NA,NA,NA,NA,NA,NA,0,0,0,0,0,0,21.3482926829268,4.67640711712267,196.324390243902,40.3919801345098,2.12292682926829,0.990501850044503,NA,NA,NA,NA,NA,NA,NA,NA,NA,NA,NA,NA,NA,NA,NA,NA,NA,NA,NA,NA,NA,NA,"Davis","Allen","LAR","TE",25,-3
"TE","16645","average",NA,NA,NA,NA,NA,NA,1,0.816496580927726,0,0,0,0,22.65,12.3432842739146,202.75,100.107858499387,1.25,0.957427107756338,NA,NA,NA,NA,NA,NA,NA,NA,NA,NA,NA,NA,NA,NA,NA,NA,NA,NA,NA,NA,NA,NA,"Erick","All","CIN","TE",26,-4
"TE","16645","robust",NA,NA,NA,NA,NA,NA,1,0.7413,0,0,0,0,22.65,14.826,202.75,126.021,1.25,0.7413,NA,NA,NA,NA,NA,NA,NA,NA,NA,NA,NA,NA,NA,NA,NA,NA,NA,NA,NA,NA,NA,NA,"Erick","All","CIN","TE",26,-4
"TE","16645","weighted",NA,NA,NA,NA,NA,NA,1.03350970017637,0.789431990165965,0,0,0,0,23.3389770723104,12.180786108114,208.462081128748,99.2307816726499,1.28218694885362,0.969658865270778,NA,NA,NA,NA,NA,NA,NA,NA,NA,NA,NA,NA,NA,NA,NA,NA,NA,NA,NA,NA,NA,NA,"Erick","All","CIN","TE",26,-4
"TE","14870","average",NA,NA,NA,NA,NA,NA,0.05,0.0408248290463863,0,0,0,0,21.5,4.50924975282289,216.25,53.8787218358664,1.525,0.55,NA,NA,NA,NA,NA,NA,NA,NA,NA,NA,NA,NA,NA,NA,NA,NA,NA,NA,NA,NA,NA,NA,"Adam","Trautman","DEN","TE",29,0
"TE","14870","robust",NA,NA,NA,NA,NA,NA,0.05,0.037065,0,0,0,0,21.5,4.4478,216.25,54.1149,1.525,0.66717,NA,NA,NA,NA,NA,NA,NA,NA,NA,NA,NA,NA,NA,NA,NA,NA,NA,NA,NA,NA,NA,NA,"Adam","Trautman","DEN","TE",29,0
"TE","14870","weighted",NA,NA,NA,NA,NA,NA,0.0516754850088183,0.0394715995082983,0,0,0,0,21.4003527336861,4.65603717763822,214.611992945326,55.5884335765771,1.49770723104056,0.551383108722929,NA,NA,NA,NA,NA,NA,NA,NA,NA,NA,NA,NA,NA,NA,NA,NA,NA,NA,NA,NA,NA,NA,"Adam","Trautman","DEN","TE",29,0
"TE","14867","average",NA,NA,NA,NA,NA,NA,0.5,0.353553390593274,0,0,0,0,28.32,5.98431282604778,294.8,67.2361509903712,2.4,0.547722557505166,NA,NA,NA,NA,NA,NA,NA,NA,NA,NA,NA,NA,NA,NA,NA,NA,NA,NA,NA,NA,NA,NA,"Cole","Kmet","CHI","TE",27,0
"TE","14867","robust",NA,NA,NA,NA,NA,NA,0.5,0,0,0,0,0,28.5,6.52344,297,72.6474,2.5,0,NA,NA,NA,NA,NA,NA,NA,NA,NA,NA,NA,NA,NA,NA,NA,NA,NA,NA,NA,NA,NA,NA,"Cole","Kmet","CHI","TE",27,0
"TE","14867","weighted",NA,NA,NA,NA,NA,NA,0.513231197771588,0.339564913853206,0,0,0,0,28.1479108635098,6.07768460260295,293.129526462396,68.6237667760774,2.40807799442897,0.549931133193601,NA,NA,NA,NA,NA,NA,NA,NA,NA,NA,NA,NA,NA,NA,NA,NA,NA,NA,NA,NA,NA,NA,"Cole","Kmet","CHI","TE",27,0
"TE","17591","average",NA,NA,NA,NA,NA,NA,0,0,0,0,0.75,0.25,20.7666666666667,7.92233130671353,225.666666666667,89.3662874541252,2.1,0.854400374531753,NA,NA,NA,NA,NA,NA,NA,NA,NA,NA,NA,NA,NA,NA,NA,NA,NA,NA,NA,NA,NA,NA,"Nate","Boerkircher","JAC","TE",25,-6
"TE","17591","robust",NA,NA,NA,NA,NA,NA,0,0,0,0,0.75,0.37065,21.075,8.8956,229.25,99.3342,2.075,1.03782,NA,NA,NA,NA,NA,NA,NA,NA,NA,NA,NA,NA,NA,NA,NA,NA,NA,NA,NA,NA,NA,NA,"Nate","Boerkircher","JAC","TE",25,-6
"TE","17591","weighted",NA,NA,NA,NA,NA,NA,0,0,0,0,0.751829268292683,0.25648994142125,20.440487804878,7.84788068093051,222.00243902439,88.544873178571,2.05756097560976,0.837479953078058,NA,NA,NA,NA,NA,NA,NA,NA,NA,NA,NA,NA,NA,NA,NA,NA,NA,NA,NA,NA,NA,NA,"Nate","Boerkircher","JAC","TE",25,-6
"TE","17607","average",NA,NA,NA,NA,NA,NA,0,0,0,0,0.5,0.408248290463863,21.375,1.88745860881769,227,25.4689353265241,1.425,0.67515430335097,NA,NA,NA,NA,NA,NA,NA,NA,NA,NA,NA,NA,NA,NA,NA,NA,NA,NA,NA,NA,NA,NA,"Eli","Raridon","NEP","TE",22,-6
"TE","17607","robust",NA,NA,NA,NA,NA,NA,0,0,0,0,0.5,0.37065,21.375,1.85325,237.25,4.4478,1.425,0.7413,NA,NA,NA,NA,NA,NA,NA,NA,NA,NA,NA,NA,NA,NA,NA,NA,NA,NA,NA,NA,NA,NA,"Eli","Raridon","NEP","TE",22,-6
"TE","17607","weighted",NA,NA,NA,NA,NA,NA,0,0,0,0,0.502645502645503,0.411256778182097,21.3280423280423,1.94179819702831,225.566137566138,26.2876114591495,1.39753086419753,0.671322848252619,NA,NA,NA,NA,NA,NA,NA,NA,NA,NA,NA,NA,NA,NA,NA,NA,NA,NA,NA,NA,NA,NA,"Eli","Raridon","NEP","TE",22,-6
"TE","15796","average",NA,NA,NA,NA,NA,NA,0,0,0,0,0,0,22.8333333333333,3.61708906903512,170.333333333333,22.3681320930768,1.16666666666667,0.763762615825973,NA,NA,NA,NA,NA,NA,NA,NA,NA,NA,NA,NA,NA,NA,NA,NA,NA,NA,NA,NA,NA,NA,"Jeremy","Ruckert","NYJ","TE",26,-2
"TE","15796","robust",NA,NA,NA,NA,NA,NA,0,0,0,0,0,0,22.375,0.7413,167.75,7.413,1.125,0.7413,NA,NA,NA,NA,NA,NA,NA,NA,NA,NA,NA,NA,NA,NA,NA,NA,NA,NA,NA,NA,NA,NA,"Jeremy","Ruckert","NYJ","TE",26,-2
"TE","15796","weighted",NA,NA,NA,NA,NA,NA,0,0,0,0,0,0,22.9487804878049,3.68310722710131,171,22.8105610976572,1.18048780487805,0.782981064687286,NA,NA,NA,NA,NA,NA,NA,NA,NA,NA,NA,NA,NA,NA,NA,NA,NA,NA,NA,NA,NA,NA,"Jeremy","Ruckert","NYJ","TE",26,-2
"TE","15332","average",NA,NA,NA,NA,NA,NA,0,0,0,0,0,0,23.86,5.66550968580939,225.6,56.5711940832081,2,0.707106781186548,NA,NA,NA,NA,NA,NA,NA,NA,NA,NA,NA,NA,NA,NA,NA,NA,NA,NA,NA,NA,NA,NA,"Tommy","Tremble","CAR","TE",26,-1
"TE","15332","robust",NA,NA,NA,NA,NA,NA,0,0,0,0,0,0,23,1.4826,212,14.826,2,0,NA,NA,NA,NA,NA,NA,NA,NA,NA,NA,NA,NA,NA,NA,NA,NA,NA,NA,NA,NA,NA,NA,"Tommy","Tremble","CAR","TE",26,-1
"TE","15332","weighted",NA,NA,NA,NA,NA,NA,0,0,0,0,0,0,23.733426183844,5.71867832190145,224.692200557103,56.8472078501988,1.97910863509749,0.721689098435341,NA,NA,NA,NA,NA,NA,NA,NA,NA,NA,NA,NA,NA,NA,NA,NA,NA,NA,NA,NA,NA,NA,"Tommy","Tremble","CAR","TE",26,-1
"TE","15800","average",NA,NA,NA,NA,NA,NA,33.5,2.5,1.05321087216249,0.0503083402641298,0,0,11.7,2.04205778566621,94,8.54400374531753,1.16666666666667,0.763762615825973,NA,NA,NA,NA,NA,NA,NA,NA,NA,NA,NA,NA,NA,NA,NA,NA,NA,NA,NA,NA,NA,NA,"Connor","Heyward","LVR","TE",27,-2
"TE","15800","robust",NA,NA,NA,NA,NA,NA,33.5,3.7065,1.05481630824373,0.0598486827956994,0,0,11.525,1.33434,94.25,10.3782,1.125,0.7413,NA,NA,NA,NA,NA,NA,NA,NA,NA,NA,NA,NA,NA,NA,NA,NA,NA,NA,NA,NA,NA,NA,"Connor","Heyward","LVR","TE",27,-2
"TE","15800","weighted",NA,NA,NA,NA,NA,NA,NA,3.53553390593274,NA,0.0707106781186548,NA,0,NA,0.636396103067893,NA,7.07106781186547,NA,0.353553390593274,NA,NA,NA,NA,NA,NA,NA,NA,NA,NA,NA,NA,NA,NA,NA,NA,NA,NA,NA,NA,NA,NA,"Connor","Heyward","LVR","TE",27,-2
"TE","12677","average",NA,NA,NA,NA,NA,NA,0.5,0.353553390593274,0,0,0,0,20.72,4.13424721079908,219.2,38.6678160748703,1.38,0.567450438364444,NA,NA,NA,NA,NA,NA,NA,NA,NA,NA,NA,NA,NA,NA,NA,NA,NA,NA,NA,NA,NA,NA,"Austin","Hooper","ATL","TE",32,4
"TE","12677","robust",NA,NA,NA,NA,NA,NA,0.5,0,0,0,0,0,22,1.4826,214,7.413,1.45,0.14826,NA,NA,NA,NA,NA,NA,NA,NA,NA,NA,NA,NA,NA,NA,NA,NA,NA,NA,NA,NA,NA,NA,"Austin","Hooper","ATL","TE",32,4
"TE","12677","weighted",NA,NA,NA,NA,NA,NA,0.513231197771588,0.339564913853206,0,0,0,0,20.6646239554318,4.07718791241969,218.118384401114,38.8256251619561,1.36183844011142,0.562442461634376,NA,NA,NA,NA,NA,NA,NA,NA,NA,NA,NA,NA,NA,NA,NA,NA,NA,NA,NA,NA,NA,NA,"Austin","Hooper","ATL","TE",32,4
"TE","15344","average",NA,NA,NA,NA,NA,NA,0,0,0,0,0.75,0.25,15.8333333333333,3.61708906903512,157,39.8873413503583,1.03333333333333,0.950438495292217,NA,NA,NA,NA,NA,NA,NA,NA,NA,NA,NA,NA,NA,NA,NA,NA,NA,NA,NA,NA,NA,NA,"John","Bates","WAS","TE",29,-1
"TE","15344","robust",NA,NA,NA,NA,NA,NA,0,0,0,0,0.75,0.37065,15.375,0.7413,151.75,5.9304,1.025,1.33434,NA,NA,NA,NA,NA,NA,NA,NA,NA,NA,NA,NA,NA,NA,NA,NA,NA,NA,NA,NA,NA,NA,"John","Bates","WAS","TE",29,-1
"TE","15344","weighted",NA,NA,NA,NA,NA,NA,0,0,0,0,0.751829268292683,0.25648994142125,15.9487804878049,3.68310722710131,158.309756097561,40.5865549430636,1.0419512195122,0.975227505388505,NA,NA,NA,NA,NA,NA,NA,NA,NA,NA,NA,NA,NA,NA,NA,NA,NA,NA,NA,NA,NA,NA,"John","Bates","WAS","TE",29,-1
"TE","16474","average",NA,NA,NA,NA,NA,NA,0,0,0,0,0,0,12.5666666666667,3.09246395829173,88.6666666666667,16.8621864932557,1.9,1.01488915650922,NA,NA,NA,NA,NA,NA,NA,NA,NA,NA,NA,NA,NA,NA,NA,NA,NA,NA,NA,NA,NA,NA,"Nate","Adkins","DEN","TE",27,-3
"TE","16474","robust",NA,NA,NA,NA,NA,NA,0,0,0,0,0,0,12.35,2.52042,86.75,5.9304,1.85,1.03782,NA,NA,NA,NA,NA,NA,NA,NA,NA,NA,NA,NA,NA,NA,NA,NA,NA,NA,NA,NA,NA,NA,"Nate","Adkins","DEN","TE",27,-3
"TE","16474","weighted",NA,NA,NA,NA,NA,NA,0,0,0,0,0,0,12.7107317073171,3.09858681841291,89.3487804878049,17.0325960696621,1.94975609756098,1.01294796907606,NA,NA,NA,NA,NA,NA,NA,NA,NA,NA,NA,NA,NA,NA,NA,NA,NA,NA,NA,NA,NA,NA,"Nate","Adkins","DEN","TE",27,-3
"TE","16333","average",NA,NA,NA,NA,NA,NA,0,0,0,0,0.8,0.163299316185545,22.925,1.35,216.5,23.9513395589196,0.75,0.5,NA,NA,NA,NA,NA,NA,NA,NA,NA,NA,NA,NA,NA,NA,NA,NA,NA,NA,NA,NA,NA,NA,"Elijah","Higgins","ARI","TE",26,-3
"TE","16333","robust",NA,NA,NA,NA,NA,NA,0,0,0,0,0.8,0.14826,23.175,0.7413,222.25,11.8608,1,0,NA,NA,NA,NA,NA,NA,NA,NA,NA,NA,NA,NA,NA,NA,NA,NA,NA,NA,NA,NA,NA,NA,"Elijah","Higgins","ARI","TE",26,-3
"TE","16333","weighted",NA,NA,NA,NA,NA,NA,0,0,0,0,0.801058201058201,0.164502711272839,22.8384479717813,1.37823369197489,214.924162257496,24.4169689687461,0.749559082892416,0.500911767112477,NA,NA,NA,NA,NA,NA,NA,NA,NA,NA,NA,NA,NA,NA,NA,NA,NA,NA,NA,NA,NA,NA,"Elijah","Higgins","ARI","TE",26,-3
"TE","14984","average",NA,NA,NA,NA,NA,NA,1,0,0,0,0,0,17.45,7.84888527117068,136,84.8528137423857,0.5,0.707106781186548,NA,NA,NA,NA,NA,NA,NA,NA,NA,NA,NA,NA,NA,NA,NA,NA,NA,NA,NA,NA,NA,NA,"Charlie","Woerner","ATL","TE",29,0
"TE","14984","robust",NA,NA,NA,NA,NA,NA,1,0,0,0,0,0,17.45,8.22843,136,88.956,0.5,0.7413,NA,NA,NA,NA,NA,NA,NA,NA,NA,NA,NA,NA,NA,NA,NA,NA,NA,NA,NA,NA,NA,NA,"Charlie","Woerner","ATL","TE",29,0
"TE","14984","weighted",NA,NA,NA,NA,NA,NA,1,0,0,0,0,0,17.5080139372822,7.84888527117068,136.627177700348,84.8528137423857,0.505226480836237,0.707106781186548,NA,NA,NA,NA,NA,NA,NA,NA,NA,NA,NA,NA,NA,NA,NA,NA,NA,NA,NA,NA,NA,NA,"Charlie","Woerner","ATL","TE",29,0
"TE","17109","average",NA,NA,NA,NA,NA,NA,0,0,0,0,0,0,17.5,3.04138126514911,162.666666666667,29.8384539367128,2,0,NA,NA,NA,NA,NA,NA,NA,NA,NA,NA,NA,NA,NA,NA,NA,NA,NA,NA,NA,NA,NA,NA,"Mitchell","Evans","CAR","TE",23,-5
"TE","17109","robust",NA,NA,NA,NA,NA,NA,0,0,0,0,0,0,17.125,0.7413,159,7.413,2,0,NA,NA,NA,NA,NA,NA,NA,NA,NA,NA,NA,NA,NA,NA,NA,NA,NA,NA,NA,NA,NA,NA,"Mitchell","Evans","CAR","TE",23,-5
"TE","17109","weighted",NA,NA,NA,NA,NA,NA,0,0,0,0,0,0,17.3268292682927,2.95996951821544,160.931707317073,29.06914314061,2,0,NA,NA,NA,NA,NA,NA,NA,NA,NA,NA,NA,NA,NA,NA,NA,NA,NA,NA,NA,NA,NA,NA,"Mitchell","Evans","CAR","TE",23,-5
"TE","16643","average",NA,NA,NA,NA,NA,NA,0,0,0,0,0,0,26.675,6.63494536526112,220.25,78.1808800155127,1.275,0.485626742811116,NA,NA,NA,NA,NA,NA,NA,NA,NA,NA,NA,NA,NA,NA,NA,NA,NA,NA,NA,NA,NA,NA,"Ja'Tavion","Sanders","CAR","TE",23,-4
"TE","16643","robust",NA,NA,NA,NA,NA,NA,0,0,0,0,0,0,26.675,6.44931,191.25,20.7564,1.075,0.0741300000000001,NA,NA,NA,NA,NA,NA,NA,NA,NA,NA,NA,NA,NA,NA,NA,NA,NA,NA,NA,NA,NA,NA,"Ja'Tavion","Sanders","CAR","TE",23,-4
"TE","16643","weighted",NA,NA,NA,NA,NA,NA,0,0,0,0,0,0,26.184126984127,6.54871703951786,214.733686067019,74.9327978805159,1.24197530864198,0.463726069217611,NA,NA,NA,NA,NA,NA,NA,NA,NA,NA,NA,NA,NA,NA,NA,NA,NA,NA,NA,NA,NA,NA,"Ja'Tavion","Sanders","CAR","TE",23,-4
"TE","17213","average",NA,NA,NA,NA,NA,NA,0,0,0,0,0,0,12.9333333333333,3.00222139978605,147,26.0576284415908,1.96666666666667,0.0577350269189626,NA,NA,NA,NA,NA,NA,NA,NA,NA,NA,NA,NA,NA,NA,NA,NA,NA,NA,NA,NA,NA,NA,"Jackson","Hawes","BUF","TE",26,-5
"TE","17213","robust",NA,NA,NA,NA,NA,NA,0,0,0,0,0,0,12.9,4.15128,147.5,34.0998,1.975,0,NA,NA,NA,NA,NA,NA,NA,NA,NA,NA,NA,NA,NA,NA,NA,NA,NA,NA,NA,NA,NA,NA,"Jackson","Hawes","BUF","TE",26,-5
"TE","17213","weighted",NA,NA,NA,NA,NA,NA,0,0,0,0,0,0,12.769756097561,2.96445191661933,145.643902439024,25.8649281299163,1.96536585365854,0.0583479539251793,NA,NA,NA,NA,NA,NA,NA,NA,NA,NA,NA,NA,NA,NA,NA,NA,NA,NA,NA,NA,NA,NA,"Jackson","Hawes","BUF","TE",26,-5
"TE","16644","average",NA,NA,NA,NA,NA,NA,0,0,0,0,0,0,14.0333333333333,4.33628104870214,155,35.7631094844953,1.4,0.529150262212918,NA,NA,NA,NA,NA,NA,NA,NA,NA,NA,NA,NA,NA,NA,NA,NA,NA,NA,NA,NA,NA,NA,"Ben","Sinnott","WAS","TE",24,-4
"TE","16644","robust",NA,NA,NA,NA,NA,NA,0,0,0,0,0,0,13.55,1.63086,153.75,41.5128,1.35,0.29652,NA,NA,NA,NA,NA,NA,NA,NA,NA,NA,NA,NA,NA,NA,NA,NA,NA,NA,NA,NA,NA,NA,"Ben","Sinnott","WAS","TE",24,-4
"TE","16644","weighted",NA,NA,NA,NA,NA,NA,0,0,0,0,0,0,13.7809756097561,4.2276793421357,152.99756097561,35.1797970826252,1.42292682926829,0.53262392956421,NA,NA,NA,NA,NA,NA,NA,NA,NA,NA,NA,NA,NA,NA,NA,NA,NA,NA,NA,NA,NA,NA,"Ben","Sinnott","WAS","TE",24,-4
"TE","14239","average",NA,NA,NA,NA,NA,NA,1,1,0,0,0,0,15.2333333333333,3.7233497463082,158.666666666667,45.3247540901584,1.33333333333333,1.15470053837925,NA,NA,NA,NA,NA,NA,NA,NA,NA,NA,NA,NA,NA,NA,NA,NA,NA,NA,NA,NA,NA,NA,"Foster","Moreau","HOU","TE",29,1
"TE","14239","robust",NA,NA,NA,NA,NA,NA,1,1.4826,0,0,0,0,15.6,1.92738,152.25,1.4826,1.5,0,NA,NA,NA,NA,NA,NA,NA,NA,NA,NA,NA,NA,NA,NA,NA,NA,NA,NA,NA,NA,NA,NA,"Foster","Moreau","HOU","TE",29,1
"TE","14239","weighted",NA,NA,NA,NA,NA,NA,1.04634146341463,0.98425183635695,0,0,0,0,15.0741463414634,3.75055731129159,156.046341463415,44.119998927293,1.30731707317073,1.16695907850358,NA,NA,NA,NA,NA,NA,NA,NA,NA,NA,NA,NA,NA,NA,NA,NA,NA,NA,NA,NA,NA,NA,"Foster","Moreau","HOU","TE",29,1
"TE","15804","average",NA,NA,NA,NA,NA,NA,0,0,0,0,0,0,14.1333333333333,7.71059876620054,146.666666666667,94.732958010047,0.7,0.519615242270663,NA,NA,NA,NA,NA,NA,NA,NA,NA,NA,NA,NA,NA,NA,NA,NA,NA,NA,NA,NA,NA,NA,"Grant","Calcaterra","PHI","TE",28,-2
"TE","15804","robust",NA,NA,NA,NA,NA,NA,0,0,0,0,0,0,14.85,4.4478,153.75,72.6474,0.775,0,NA,NA,NA,NA,NA,NA,NA,NA,NA,NA,NA,NA,NA,NA,NA,NA,NA,NA,NA,NA,NA,NA,"Grant","Calcaterra","PHI","TE",28,-2
"TE","15804","weighted",NA,NA,NA,NA,NA,NA,0,0,0,0,0,0,13.8824390243902,7.71543852457907,143.290243902439,94.4627671234446,0.688292682926829,0.525131585326613,NA,NA,NA,NA,NA,NA,NA,NA,NA,NA,NA,NA,NA,NA,NA,NA,NA,NA,NA,NA,NA,NA,"Grant","Calcaterra","PHI","TE",28,-2
"TE","16215","average",NA,NA,NA,NA,NA,NA,0,0,0,0,0,0,19.65,3.45784133046423,192.25,35.9849505580689,0.75,0.5,NA,NA,NA,NA,NA,NA,NA,NA,NA,NA,NA,NA,NA,NA,NA,NA,NA,NA,NA,NA,NA,NA,"Luke","Musgrave","GBP","TE",26,-3
"TE","16215","robust",NA,NA,NA,NA,NA,NA,0,0,0,0,0,0,19.65,3.7065,192.25,34.0998,1,0,NA,NA,NA,NA,NA,NA,NA,NA,NA,NA,NA,NA,NA,NA,NA,NA,NA,NA,NA,NA,NA,NA,"Luke","Musgrave","GBP","TE",26,-3
"TE","16215","weighted",NA,NA,NA,NA,NA,NA,0,0,0,0,0,0,19.6153297682709,3.48380524823769,191.527629233512,35.8329131603142,0.746880570409982,0.5025296574034,NA,NA,NA,NA,NA,NA,NA,NA,NA,NA,NA,NA,NA,NA,NA,NA,NA,NA,NA,NA,NA,NA,"Luke","Musgrave","GBP","TE",26,-3
"TE","15337","average",NA,NA,NA,NA,NA,NA,-1.1,0.777817459305202,0,0,0,0,25.08,7.00942223011284,245.6,65.7594099730221,1.6,0.547722557505166,NA,NA,NA,NA,NA,NA,NA,NA,NA,NA,NA,NA,NA,NA,NA,NA,NA,NA,NA,NA,NA,NA,"Noah","Gray","KCC","TE",27,-1
"TE","15337","robust",NA,NA,NA,NA,NA,NA,-1.1,0,0,0,0,0,25.5,5.9304,262,45.9606,1.5,0,NA,NA,NA,NA,NA,NA,NA,NA,NA,NA,NA,NA,NA,NA,NA,NA,NA,NA,NA,NA,NA,NA,"Noah","Gray","KCC","TE",27,-1
"TE","15337","weighted",NA,NA,NA,NA,NA,NA,-1.12910863509749,0.747042810477053,0,0,0,0,24.9147632311978,6.98727944509529,244.093314763231,65.3868373231814,1.57938718662953,0.552370108413996,NA,NA,NA,NA,NA,NA,NA,NA,NA,NA,NA,NA,NA,NA,NA,NA,NA,NA,NA,NA,NA,NA,"Noah","Gray","KCC","TE",27,-1
"TE","16642","average",NA,NA,NA,NA,NA,NA,10,8.16496580927726,0,0,0,0,17.725,2.73906918496047,131.75,21.6544837543329,0.75,0.5,NA,NA,NA,NA,NA,NA,NA,NA,NA,NA,NA,NA,NA,NA,NA,NA,NA,NA,NA,NA,NA,NA,"Cade","Stover","HOU","TE",26,-4
"TE","16642","robust",NA,NA,NA,NA,NA,NA,10,7.413,0,0,0,0,17.725,2.89107,130.5,17.0499,1,0,NA,NA,NA,NA,NA,NA,NA,NA,NA,NA,NA,NA,NA,NA,NA,NA,NA,NA,NA,NA,NA,NA,"Cade","Stover","HOU","TE",26,-4
"TE","16642","weighted",NA,NA,NA,NA,NA,NA,10.3350970017637,7.89431990165965,0,0,0,0,17.5552028218695,2.67826680194908,130.756613756614,20.7812950669914,0.749559082892416,0.500911767112477,NA,NA,NA,NA,NA,NA,NA,NA,NA,NA,NA,NA,NA,NA,NA,NA,NA,NA,NA,NA,NA,NA,"Cade","Stover","HOU","TE",26,-4
"TE","16221","average",NA,NA,NA,NA,NA,NA,0,0,0,0,0,0,15.5333333333333,2.24796204001165,142.333333333333,15.3079500042734,0.666666666666667,0.577350269189626,NA,NA,NA,NA,NA,NA,NA,NA,NA,NA,NA,NA,NA,NA,NA,NA,NA,NA,NA,NA,NA,NA,"Luke","Schoonmaker","DAL","TE",28,-3
"TE","16221","robust",NA,NA,NA,NA,NA,NA,0,0,0,0,0,0,15.4,2.07564,140.25,1.4826,0.75,0,NA,NA,NA,NA,NA,NA,NA,NA,NA,NA,NA,NA,NA,NA,NA,NA,NA,NA,NA,NA,NA,NA,"Luke","Schoonmaker","DAL","TE",28,-3
"TE","16221","weighted",NA,NA,NA,NA,NA,NA,0,0,0,0,0,0,15.4151219512195,2.19590600544977,141.446341463415,14.9037818041111,0.653658536585366,0.583479539251792,NA,NA,NA,NA,NA,NA,NA,NA,NA,NA,NA,NA,NA,NA,NA,NA,NA,NA,NA,NA,NA,NA,"Luke","Schoonmaker","DAL","TE",28,-3
"TE","17545","average",NA,NA,NA,NA,NA,NA,0,0,0,0,0,0,9.96666666666667,4.41625784271405,93.3333333333333,60.2522475376092,0.666666666666667,0.577350269189626,NA,NA,NA,NA,NA,NA,NA,NA,NA,NA,NA,NA,NA,NA,NA,NA,NA,NA,NA,NA,NA,NA,"Jack","Endries","CIN","TE",22,-6
"TE","17545","robust",NA,NA,NA,NA,NA,NA,0,0,0,0,0,0,10.475,1.4826,100.75,14.826,0.75,0,NA,NA,NA,NA,NA,NA,NA,NA,NA,NA,NA,NA,NA,NA,NA,NA,NA,NA,NA,NA,NA,NA,"Jack","Endries","CIN","TE",22,-6
"TE","17545","weighted",NA,NA,NA,NA,NA,NA,0,0,0,0,0,0,9.89463414634146,4.48568399055356,91.7121951219512,60.6439677691677,0.653658536585366,0.583479539251792,NA,NA,NA,NA,NA,NA,NA,NA,NA,NA,NA,NA,NA,NA,NA,NA,NA,NA,NA,NA,NA,NA,"Jack","Endries","CIN","TE",22,-6
"TE","17547","average",NA,NA,NA,NA,NA,NA,0,0,0,0,0,0,13.2,13.5656428770135,144.5,156.478965572586,1,1.4142135623731,NA,NA,NA,NA,NA,NA,NA,NA,NA,NA,NA,NA,NA,NA,NA,NA,NA,NA,NA,NA,NA,NA,"Max","Klare","LAR","TE",23,-6
"TE","17547","robust",NA,NA,NA,NA,NA,NA,0,0,0,0,0,0,9.45,5.1891,105.75,65.9757,0.75,0.7413,NA,NA,NA,NA,NA,NA,NA,NA,NA,NA,NA,NA,NA,NA,NA,NA,NA,NA,NA,NA,NA,NA,"Max","Klare","LAR","TE",23,-6
"TE","17547","weighted",NA,NA,NA,NA,NA,NA,0,0,0,0,0,0,12.2814814814815,13.0056543540393,134,150.15839617526,0.90652557319224,1.36125054699563,NA,NA,NA,NA,NA,NA,NA,NA,NA,NA,NA,NA,NA,NA,NA,NA,NA,NA,NA,NA,NA,NA,"Max","Klare","LAR","TE",23,-6
"TE","17660","average",NA,NA,NA,NA,NA,NA,0,0,0,0,0,0,11,0,120,9.89949493661167,1,0,NA,NA,NA,NA,NA,NA,NA,NA,NA,NA,NA,NA,NA,NA,NA,NA,NA,NA,NA,NA,NA,NA,"Bauer","Sharp","TBB","TE",23,-6
"TE","17660","robust",NA,NA,NA,NA,NA,NA,0,0,0,0,0,0,11,0,120,10.3782,1,0,NA,NA,NA,NA,NA,NA,NA,NA,NA,NA,NA,NA,NA,NA,NA,NA,NA,NA,NA,NA,NA,NA,"Bauer","Sharp","TBB","TE",23,-6
"TE","17660","weighted",NA,NA,NA,NA,NA,NA,0,0,0,0,0,0,11,0,119.425373134328,9.89949493661166,1,0,NA,NA,NA,NA,NA,NA,NA,NA,NA,NA,NA,NA,NA,NA,NA,NA,NA,NA,NA,NA,NA,NA,"Bauer","Sharp","TBB","TE",23,-6
"TE","16647","average",NA,NA,NA,NA,NA,NA,0,0,0,0,0,0,12.3666666666667,2.36713610367747,119.333333333333,20.5507501890645,0.9,0.173205080756888,NA,NA,NA,NA,NA,NA,NA,NA,NA,NA,NA,NA,NA,NA,NA,NA,NA,NA,NA,NA,NA,NA,"Brevyn","Spann-Ford","DAL","TE",27,-4
"TE","16647","robust",NA,NA,NA,NA,NA,NA,0,0,0,0,0,0,12.025,0,116.75,4.4478,0.925,0,NA,NA,NA,NA,NA,NA,NA,NA,NA,NA,NA,NA,NA,NA,NA,NA,NA,NA,NA,NA,NA,NA,"Brevyn","Spann-Ford","DAL","TE",27,-4
"TE","16647","weighted",NA,NA,NA,NA,NA,NA,0,0,0,0,0,0,12.42,2.39226611093235,119.714634146341,20.8381481378083,0.89609756097561,0.175043861775538,NA,NA,NA,NA,NA,NA,NA,NA,NA,NA,NA,NA,NA,NA,NA,NA,NA,NA,NA,NA,NA,NA,"Brevyn","Spann-Ford","DAL","TE",27,-4
"TE","16218","average",NA,NA,NA,NA,NA,NA,0,0,0,0,0,0,7.65,0.494974746830583,92.5,2.12132034355964,1.65,0.919238815542512,NA,NA,NA,NA,NA,NA,NA,NA,NA,NA,NA,NA,NA,NA,NA,NA,NA,NA,NA,NA,NA,NA,"Payne","Durham","TBB","TE",26,-3
"TE","16218","robust",NA,NA,NA,NA,NA,NA,0,0,0,0,0,0,7.65,0.51891,92.5,2.2239,1.65,0.96369,NA,NA,NA,NA,NA,NA,NA,NA,NA,NA,NA,NA,NA,NA,NA,NA,NA,NA,NA,NA,NA,NA,"Payne","Durham","TBB","TE",26,-3
"TE","16218","weighted",NA,NA,NA,NA,NA,NA,0,0,0,0,0,0,7.65365853658537,0.494974746830583,92.4843205574913,2.12132034355964,1.64320557491289,0.919238815542512,NA,NA,NA,NA,NA,NA,NA,NA,NA,NA,NA,NA,NA,NA,NA,NA,NA,NA,NA,NA,NA,NA,"Payne","Durham","TBB","TE",26,-3
"TE","17655","average",NA,NA,NA,NA,NA,NA,0,0,0,0,0,0,9.63333333333333,4.08697116864474,102.333333333333,68.631868205181,0.666666666666667,0.577350269189626,NA,NA,NA,NA,NA,NA,NA,NA,NA,NA,NA,NA,NA,NA,NA,NA,NA,NA,NA,NA,NA,NA,"Seydou","Traore","MIA","TE",24,-6
"TE","17655","robust",NA,NA,NA,NA,NA,NA,0,0,0,0,0,0,9.475,4.59606,98.75,68.1996,0.75,0,NA,NA,NA,NA,NA,NA,NA,NA,NA,NA,NA,NA,NA,NA,NA,NA,NA,NA,NA,NA,NA,NA,"Seydou","Traore","MIA","TE",24,-6
"TE","17655","weighted",NA,NA,NA,NA,NA,NA,0,0,0,0,0,0,9.42634146341463,4.00131614030925,98.7682926829268,67.091262123001,0.653658536585366,0.583479539251792,NA,NA,NA,NA,NA,NA,NA,NA,NA,NA,NA,NA,NA,NA,NA,NA,NA,NA,NA,NA,NA,NA,"Seydou","Traore","MIA","TE",24,-6
"TE","15334","average",NA,NA,NA,NA,NA,NA,0,0,0,0,0,0,9.1,4.10121933088198,66.5,30.4055915910215,0.8,0.282842712474619,NA,NA,NA,NA,NA,NA,NA,NA,NA,NA,NA,NA,NA,NA,NA,NA,NA,NA,NA,NA,NA,NA,"Hunter","Long","ARI","TE",28,-1
"TE","15334","robust",NA,NA,NA,NA,NA,NA,0,0,0,0,0,0,9.1,4.29954,66.5,31.8759,0.8,0.29652,NA,NA,NA,NA,NA,NA,NA,NA,NA,NA,NA,NA,NA,NA,NA,NA,NA,NA,NA,NA,NA,NA,"Hunter","Long","ARI","TE",28,-1
"TE","15334","weighted",NA,NA,NA,NA,NA,NA,0,0,0,0,0,0,9.13031358885017,4.10121933088198,66.7247386759582,30.4055915910215,0.802090592334495,0.282842712474619,NA,NA,NA,NA,NA,NA,NA,NA,NA,NA,NA,NA,NA,NA,NA,NA,NA,NA,NA,NA,NA,NA,"Hunter","Long","ARI","TE",28,-1
"TE","17549","average",NA,NA,NA,NA,NA,NA,1,1,0,0,0,0,9.46666666666667,5.8183617396423,97.3333333333333,64.5936013342911,0.666666666666667,0.577350269189626,NA,NA,NA,NA,NA,NA,NA,NA,NA,NA,NA,NA,NA,NA,NA,NA,NA,NA,NA,NA,NA,NA,"Sam","Roush","CHI","TE",23,-6
"TE","17549","robust",NA,NA,NA,NA,NA,NA,1,1.4826,0,0,0,0,9.6,7.413,100.75,63.7518,0.75,0,NA,NA,NA,NA,NA,NA,NA,NA,NA,NA,NA,NA,NA,NA,NA,NA,NA,NA,NA,NA,NA,NA,"Sam","Roush","CHI","TE",23,-6
"TE","17549","weighted",NA,NA,NA,NA,NA,NA,1.04634146341463,0.98425183635695,0,0,0,0,9.21414634146342,5.74782764860515,94.8073170731707,64.1472992394359,0.653658536585366,0.583479539251792,NA,NA,NA,NA,NA,NA,NA,NA,NA,NA,NA,NA,NA,NA,NA,NA,NA,NA,NA,NA,NA,NA,"Sam","Roush","CHI","TE",23,-6
"TE","16648","average",NA,NA,NA,NA,NA,NA,0,0,0,0,0,0,6.85,5.86898628384834,49.5,65.7609306503489,0.5,0.707106781186548,NA,NA,NA,NA,NA,NA,NA,NA,NA,NA,NA,NA,NA,NA,NA,NA,NA,NA,NA,NA,NA,NA,"Jared","Wiley","KCC","TE",26,-4
"TE","16648","robust",NA,NA,NA,NA,NA,NA,0,0,0,0,0,0,6.85,6.15279,49.5,68.9409,0.5,0.7413,NA,NA,NA,NA,NA,NA,NA,NA,NA,NA,NA,NA,NA,NA,NA,NA,NA,NA,NA,NA,NA,NA,"Jared","Wiley","KCC","TE",26,-4
"TE","16648","weighted",NA,NA,NA,NA,NA,NA,0,0,0,0,0,0,6.89337979094077,5.86898628384835,49.98606271777,65.7609306503489,0.505226480836237,0.707106781186548,NA,NA,NA,NA,NA,NA,NA,NA,NA,NA,NA,NA,NA,NA,NA,NA,NA,NA,NA,NA,NA,NA,"Jared","Wiley","KCC","TE",26,-4
"TE","17108","average",NA,NA,NA,NA,NA,NA,0,0,0,0,0.5,0.353553390593274,20.54,9.29827941072971,226.8,104.176292888545,1.64,1.07144761887831,NA,NA,NA,NA,NA,NA,NA,NA,NA,NA,NA,NA,NA,NA,NA,NA,NA,NA,NA,NA,NA,NA,"Elijah","Arroyo","SEA","TE",23,-5
"TE","17108","robust",NA,NA,NA,NA,NA,NA,0,0,0,0,0.5,0,21.5,14.826,216,88.956,1.6,1.4826,NA,NA,NA,NA,NA,NA,NA,NA,NA,NA,NA,NA,NA,NA,NA,NA,NA,NA,NA,NA,NA,NA,"Elijah","Arroyo","SEA","TE",23,-5
"TE","17108","weighted",NA,NA,NA,NA,NA,NA,0,0,0,0,0.497910863509749,0.353707055159001,20.2693593314763,9.02143266833104,222.841225626741,100.122446818629,1.6133704735376,1.04040203496989,NA,NA,NA,NA,NA,NA,NA,NA,NA,NA,NA,NA,NA,NA,NA,NA,NA,NA,NA,NA,NA,NA,"Elijah","Arroyo","SEA","TE",23,-5
"TE","17548","average",NA,NA,NA,NA,NA,NA,0,0,0,0,0,0,12,4.24264068711928,118.5,43.1335136523794,1,0,NA,NA,NA,NA,NA,NA,NA,NA,NA,NA,NA,NA,NA,NA,NA,NA,NA,NA,NA,NA,NA,NA,"Justin","Joly","MIA","TE",22,-6
"TE","17548","robust",NA,NA,NA,NA,NA,NA,0,0,0,0,0,0,12,4.4478,118.5,45.2193,1,0,NA,NA,NA,NA,NA,NA,NA,NA,NA,NA,NA,NA,NA,NA,NA,NA,NA,NA,NA,NA,NA,NA,"Justin","Joly","MIA","TE",22,-6
"TE","17548","weighted",NA,NA,NA,NA,NA,NA,0,0,0,0,0,0,11.7537313432836,4.24264068711928,115.996268656716,43.1335136523794,1,0,NA,NA,NA,NA,NA,NA,NA,NA,NA,NA,NA,NA,NA,NA,NA,NA,NA,NA,NA,NA,NA,NA,"Justin","Joly","MIA","TE",22,-6
"TE","14146","average",NA,NA,NA,NA,NA,NA,0.5,0.408248290463863,0,0,0.1,0.0816496580927726,19.35,4.98898787330657,153.25,45.8575693497449,0.9,0.2,NA,NA,NA,NA,NA,NA,NA,NA,NA,NA,NA,NA,NA,NA,NA,NA,NA,NA,NA,NA,NA,NA,"Drew","Sample","CIN","TE",30,1
"TE","14146","robust",NA,NA,NA,NA,NA,NA,0.5,0.37065,0,0,0.1,0.07413,19.35,4.74432,153.25,50.4084,1,0,NA,NA,NA,NA,NA,NA,NA,NA,NA,NA,NA,NA,NA,NA,NA,NA,NA,NA,NA,NA,NA,NA,"Drew","Sample","CIN","TE",30,1
"TE","14146","weighted",NA,NA,NA,NA,NA,NA,0.516754850088183,0.394715995082983,0,0,0.0994708994708995,0.0822513556364194,19.431746031746,5.04365703770756,154.500881834215,46.2484498039736,0.899823633156967,0.200364706844991,NA,NA,NA,NA,NA,NA,NA,NA,NA,NA,NA,NA,NA,NA,NA,NA,NA,NA,NA,NA,NA,NA,"Drew","Sample","CIN","TE",30,1
"TE","13678","average",NA,NA,NA,NA,NA,NA,0,0,0,0,0,0,11.1,1.5556349186104,99.5,17.6776695296637,0.5,0.707106781186548,NA,NA,NA,NA,NA,NA,NA,NA,NA,NA,NA,NA,NA,NA,NA,NA,NA,NA,NA,NA,NA,NA,"Ian","Thomas","LVR","TE",30,2
"TE","13678","robust",NA,NA,NA,NA,NA,NA,0,0,0,0,0,0,11.1,1.63086,99.5,18.5325,0.5,0.7413,NA,NA,NA,NA,NA,NA,NA,NA,NA,NA,NA,NA,NA,NA,NA,NA,NA,NA,NA,NA,NA,NA,"Ian","Thomas","LVR","TE",30,2
"TE","13678","weighted",NA,NA,NA,NA,NA,NA,0,0,0,0,0,0,11.0885017421603,1.5556349186104,99.3693379790941,17.6776695296637,0.505226480836237,0.707106781186548,NA,NA,NA,NA,NA,NA,NA,NA,NA,NA,NA,NA,NA,NA,NA,NA,NA,NA,NA,NA,NA,NA,"Ian","Thomas","LVR","TE",30,2
"TE","16312","average",NA,NA,NA,NA,NA,NA,0,0,0,0,0,0,10.0333333333333,0.950438495292217,86.3333333333333,12.5033328890074,1.23333333333333,0.404145188432738,NA,NA,NA,NA,NA,NA,NA,NA,NA,NA,NA,NA,NA,NA,NA,NA,NA,NA,NA,NA,NA,NA,"Josh","Whyle","GBP","TE",27,-3
"TE","16312","robust",NA,NA,NA,NA,NA,NA,0,0,0,0,0,0,10.025,1.33434,86.25,17.7912,1.175,0,NA,NA,NA,NA,NA,NA,NA,NA,NA,NA,NA,NA,NA,NA,NA,NA,NA,NA,NA,NA,NA,NA,"Josh","Whyle","GBP","TE",27,-3
"TE","16312","weighted",NA,NA,NA,NA,NA,NA,0,0,0,0,0,0,9.98829268292683,0.93424642077419,85.7439024390244,12.2941168702966,1.24243902439024,0.408435677476254,NA,NA,NA,NA,NA,NA,NA,NA,NA,NA,NA,NA,NA,NA,NA,NA,NA,NA,NA,NA,NA,NA,"Josh","Whyle","GBP","TE",27,-3
"TE","17567","average",NA,NA,NA,NA,NA,NA,2,2,0,0,0.3,0.3,10.7,6.455230437405,108,69.7638875063596,0.666666666666667,0.577350269189626,NA,NA,NA,NA,NA,NA,NA,NA,NA,NA,NA,NA,NA,NA,NA,NA,NA,NA,NA,NA,NA,NA,"Oscar","Delp","NOS","TE",23,-6
"TE","17567","robust",NA,NA,NA,NA,NA,NA,2,2.9652,0,0,0.3,0.44478,10.775,8.8956,109.75,87.4734,0.75,0,NA,NA,NA,NA,NA,NA,NA,NA,NA,NA,NA,NA,NA,NA,NA,NA,NA,NA,NA,NA,NA,NA,"Oscar","Delp","NOS","TE",23,-6
"TE","17567","weighted",NA,NA,NA,NA,NA,NA,2.09268292682927,1.9685036727139,0,0,0.29780487804878,0.3077879297055,10.410243902439,6.36515294641654,104.992682926829,68.9433265401881,0.653658536585366,0.583479539251792,NA,NA,NA,NA,NA,NA,NA,NA,NA,NA,NA,NA,NA,NA,NA,NA,NA,NA,NA,NA,NA,NA,"Oscar","Delp","NOS","TE",23,-6
"TE","16036","average",NA,NA,NA,NA,NA,NA,0,0,0,0,0.8,0.565685424949238,26.22,16.6625928354503,255.8,161.872480675376,3.08,2.70776660737221,NA,NA,NA,NA,NA,NA,NA,NA,NA,NA,NA,NA,NA,NA,NA,NA,NA,NA,NA,NA,NA,NA,"Jake","Tonges","SFO","TE",27,-2
"TE","16036","robust",NA,NA,NA,NA,NA,NA,0,0,0,0,0.8,0,26.5,23.7216,259,241.6638,2.5,1.4826,NA,NA,NA,NA,NA,NA,NA,NA,NA,NA,NA,NA,NA,NA,NA,NA,NA,NA,NA,NA,NA,NA,"Jake","Tonges","SFO","TE",27,-2
"TE","16036","weighted",NA,NA,NA,NA,NA,NA,0,0,0,0,0.796657381615599,0.565931288254402,25.3735376044568,16.6319084260858,248.005571030641,161.708775885087,2.9899721448468,2.71622798770604,NA,NA,NA,NA,NA,NA,NA,NA,NA,NA,NA,NA,NA,NA,NA,NA,NA,NA,NA,NA,NA,NA,"Jake","Tonges","SFO","TE",27,-2
"TE","17644","average",NA,NA,NA,NA,NA,NA,0,0,0,0,0,0,7.63333333333333,3.27159492195066,79.6666666666667,40.4516171905813,0.666666666666667,0.577350269189626,NA,NA,NA,NA,NA,NA,NA,NA,NA,NA,NA,NA,NA,NA,NA,NA,NA,NA,NA,NA,NA,NA,"Tanner","Koziol","JAC","TE",23,-6
"TE","17644","robust",NA,NA,NA,NA,NA,NA,0,0,0,0,0,0,7.975,1.4826,83.25,25.2042,0.75,0,NA,NA,NA,NA,NA,NA,NA,NA,NA,NA,NA,NA,NA,NA,NA,NA,NA,NA,NA,NA,NA,NA,"Tanner","Koziol","JAC","TE",23,-6
"TE","17644","weighted",NA,NA,NA,NA,NA,NA,0,0,0,0,0,0,7.58731707317073,3.32830727460685,79.2317073170732,41.2398020117933,0.653658536585366,0.583479539251792,NA,NA,NA,NA,NA,NA,NA,NA,NA,NA,NA,NA,NA,NA,NA,NA,NA,NA,NA,NA,NA,NA,"Tanner","Koziol","JAC","TE",23,-6
"TE","12955","average",NA,NA,NA,NA,NA,NA,0,0,0,0,0,0,7.15,2.61629509039023,71,19.7989898732233,0.7,0.424264068711929,NA,NA,NA,NA,NA,NA,NA,NA,NA,NA,NA,NA,NA,NA,NA,NA,NA,NA,NA,NA,NA,NA,"Chris","Manhertz","NYG","TE",34,4
"TE","12955","robust",NA,NA,NA,NA,NA,NA,0,0,0,0,0,0,7.15,2.74281,71,20.7564,0.7,0.44478,NA,NA,NA,NA,NA,NA,NA,NA,NA,NA,NA,NA,NA,NA,NA,NA,NA,NA,NA,NA,NA,NA,"Chris","Manhertz","NYG","TE",34,4
"TE","12955","weighted",NA,NA,NA,NA,NA,NA,0,0,0,0,0,0,7.16933797909408,2.61629509039023,71.1463414634146,19.7989898732233,0.703135888501742,0.424264068711929,NA,NA,NA,NA,NA,NA,NA,NA,NA,NA,NA,NA,NA,NA,NA,NA,NA,NA,NA,NA,NA,NA,"Chris","Manhertz","NYG","TE",34,4
"TE","17627","average",NA,NA,NA,NA,NA,NA,0,0,0,0,0,0,12.7,8.0541914553852,156.333333333333,84.4353796304211,1,1,NA,NA,NA,NA,NA,NA,NA,NA,NA,NA,NA,NA,NA,NA,NA,NA,NA,NA,NA,NA,NA,NA,"Matthew","Hibner","BAL","TE",24,-6
"TE","17627","robust",NA,NA,NA,NA,NA,NA,0,0,0,0,0,0,11.55,0.148259999999999,147,32.6172,1,1.4826,NA,NA,NA,NA,NA,NA,NA,NA,NA,NA,NA,NA,NA,NA,NA,NA,NA,NA,NA,NA,NA,NA,"Matthew","Hibner","BAL","TE",24,-6
"TE","17627","weighted",NA,NA,NA,NA,NA,NA,0,0,0,0,0,0,12.2346341463415,7.83984256552969,151.419512195122,82.3263942048142,0.953658536585366,0.98425183635695,NA,NA,NA,NA,NA,NA,NA,NA,NA,NA,NA,NA,NA,NA,NA,NA,NA,NA,NA,NA,NA,NA,"Matthew","Hibner","BAL","TE",24,-6
"TE","13676","average",NA,NA,NA,NA,NA,NA,0,0,0,0,0,0,11.0333333333333,3.66105631387081,107.666666666667,38.940124978399,0.666666666666667,0.577350269189626,NA,NA,NA,NA,NA,NA,NA,NA,NA,NA,NA,NA,NA,NA,NA,NA,NA,NA,NA,NA,NA,NA,"Durham","Smythe","BAL","TE",31,2
"TE","13676","robust",NA,NA,NA,NA,NA,NA,0,0,0,0,0,0,10.775,2.9652,103.75,19.2738,0.75,0,NA,NA,NA,NA,NA,NA,NA,NA,NA,NA,NA,NA,NA,NA,NA,NA,NA,NA,NA,NA,NA,NA,"Durham","Smythe","BAL","TE",31,2
"TE","13676","weighted",NA,NA,NA,NA,NA,NA,0,0,0,0,0,0,11.0590243902439,3.74001274537452,108.182926829268,39.6365536662572,0.653658536585366,0.583479539251792,NA,NA,NA,NA,NA,NA,NA,NA,NA,NA,NA,NA,NA,NA,NA,NA,NA,NA,NA,NA,NA,NA,"Durham","Smythe","BAL","TE",31,2
"TE","15916","average",NA,NA,NA,NA,NA,NA,0,0,0,0,0,0,10.05,2.89913780286484,111.5,51.618795026618,0.95,0.0707106781186547,NA,NA,NA,NA,NA,NA,NA,NA,NA,NA,NA,NA,NA,NA,NA,NA,NA,NA,NA,NA,NA,NA,"Drew","Ogletree","IND","TE",28,-2
"TE","15916","robust",NA,NA,NA,NA,NA,NA,0,0,0,0,0,0,10.05,3.03933,111.5,54.1149,0.95,0.07413,NA,NA,NA,NA,NA,NA,NA,NA,NA,NA,NA,NA,NA,NA,NA,NA,NA,NA,NA,NA,NA,NA,"Drew","Ogletree","IND","TE",28,-2
"TE","15916","weighted",NA,NA,NA,NA,NA,NA,0,0,0,0,0,0,10.0285714285714,2.89913780286484,111.118466898955,51.618795026618,0.950522648083624,0.0707106781186547,NA,NA,NA,NA,NA,NA,NA,NA,NA,NA,NA,NA,NA,NA,NA,NA,NA,NA,NA,NA,NA,NA,"Drew","Ogletree","IND","TE",28,-2
"TE","15419","average",NA,NA,NA,NA,NA,NA,0,0,0,0,0,0,11.3666666666667,3.1785741037977,103.666666666667,50.2924779001128,0.333333333333333,0.577350269189626,NA,NA,NA,NA,NA,NA,NA,NA,NA,NA,NA,NA,NA,NA,NA,NA,NA,NA,NA,NA,NA,NA,"Kylen","Granson","TEN","TE",28,-1
"TE","15419","robust",NA,NA,NA,NA,NA,NA,0,0,0,0,0,0,11.025,1.33434,98.5,23.7216,0.25,0,NA,NA,NA,NA,NA,NA,NA,NA,NA,NA,NA,NA,NA,NA,NA,NA,NA,NA,NA,NA,NA,NA,"Kylen","Granson","TEN","TE",28,-1
"TE","15419","weighted",NA,NA,NA,NA,NA,NA,0,0,0,0,0,0,11.1882926829268,3.09468461623909,100.858536585366,48.9744492673464,0.353658536585366,0.586301493155178,NA,NA,NA,NA,NA,NA,NA,NA,NA,NA,NA,NA,NA,NA,NA,NA,NA,NA,NA,NA,NA,NA,"Kylen","Granson","TEN","TE",28,-1
"TE","16220","average",NA,NA,NA,NA,NA,NA,0,0,0,0,0,0,4.55,4.87903679018718,52.5,62.9325035256027,0.5,0.707106781186548,NA,NA,NA,NA,NA,NA,NA,NA,NA,NA,NA,NA,NA,NA,NA,NA,NA,NA,NA,NA,NA,NA,"Will","Mallory","IND","TE",27,-3
"TE","16220","robust",NA,NA,NA,NA,NA,NA,0,0,0,0,0,0,4.55,5.11497,52.5,65.9757,0.5,0.7413,NA,NA,NA,NA,NA,NA,NA,NA,NA,NA,NA,NA,NA,NA,NA,NA,NA,NA,NA,NA,NA,NA,"Will","Mallory","IND","TE",27,-3
"TE","16220","weighted",NA,NA,NA,NA,NA,NA,0,0,0,0,0,0,4.58606271777003,4.87903679018718,52.9651567944251,62.9325035256027,0.505226480836237,0.707106781186548,NA,NA,NA,NA,NA,NA,NA,NA,NA,NA,NA,NA,NA,NA,NA,NA,NA,NA,NA,NA,NA,NA,"Will","Mallory","IND","TE",27,-3
"TE","13246","average",NA,NA,NA,NA,NA,NA,0,0,0,0,0,0,14.85,1.20208152801713,156.5,20.5060966544099,1.05,0.0707106781186548,NA,NA,NA,NA,NA,NA,NA,NA,NA,NA,NA,NA,NA,NA,NA,NA,NA,NA,NA,NA,NA,NA,"Mo","Alie-Cox","IND","TE",33,3
"TE","13246","robust",NA,NA,NA,NA,NA,NA,0,0,0,0,0,0,14.85,1.26021,156.5,21.4977,1.05,0.0741300000000001,NA,NA,NA,NA,NA,NA,NA,NA,NA,NA,NA,NA,NA,NA,NA,NA,NA,NA,NA,NA,NA,NA,"Mo","Alie-Cox","IND","TE",33,3
"TE","13246","weighted",NA,NA,NA,NA,NA,NA,0,0,0,0,0,0,14.9109433962264,1.20208152801713,155.460377358491,20.5060966544099,1.05358490566038,0.0707106781186548,NA,NA,NA,NA,NA,NA,NA,NA,NA,NA,NA,NA,NA,NA,NA,NA,NA,NA,NA,NA,NA,NA,"Mo","Alie-Cox","IND","TE",33,3
"TE","15335","average",NA,NA,NA,NA,NA,NA,0,0,0,0,0.9,0,11.7,2.40416305603426,93.5,10.6066017177982,1.55,0.777817459305202,NA,NA,NA,NA,NA,NA,NA,NA,NA,NA,NA,NA,NA,NA,NA,NA,NA,NA,NA,NA,NA,NA,"Luke","Farrell","SFO","TE",29,-1
"TE","15335","robust",NA,NA,NA,NA,NA,NA,0,0,0,0,0.9,0,11.7,2.52042,93.5,11.1195,1.55,0.81543,NA,NA,NA,NA,NA,NA,NA,NA,NA,NA,NA,NA,NA,NA,NA,NA,NA,NA,NA,NA,NA,NA,"Luke","Farrell","SFO","TE",29,-1
"TE","15335","weighted",NA,NA,NA,NA,NA,NA,0,0,0,0,0.9,1.5741437087492e-16,11.8218867924528,2.40416305603426,94.0377358490566,10.6066017177982,1.58943396226415,0.777817459305202,NA,NA,NA,NA,NA,NA,NA,NA,NA,NA,NA,NA,NA,NA,NA,NA,NA,NA,NA,NA,NA,NA,"Luke","Farrell","SFO","TE",29,-1
"TE","15840","average",NA,NA,NA,NA,NA,NA,0,0,0,0,0,0,5.05,7.00035713374682,61.5,85.5599205235722,0.5,0.707106781186548,NA,NA,NA,NA,NA,NA,NA,NA,NA,NA,NA,NA,NA,NA,NA,NA,NA,NA,NA,NA,NA,NA,"Jelani","Woods","NYJ","TE",28,-2
"TE","15840","robust",NA,NA,NA,NA,NA,NA,0,0,0,0,0,0,5.05,7.33887,61.5,89.6973,0.5,0.7413,NA,NA,NA,NA,NA,NA,NA,NA,NA,NA,NA,NA,NA,NA,NA,NA,NA,NA,NA,NA,NA,NA,"Jelani","Woods","NYJ","TE",28,-2
"TE","15840","weighted",NA,NA,NA,NA,NA,NA,0,0,0,0,0,0,4.69509433962264,7.00035713374682,57.1622641509434,85.5599205235722,0.464150943396226,0.707106781186547,NA,NA,NA,NA,NA,NA,NA,NA,NA,NA,NA,NA,NA,NA,NA,NA,NA,NA,NA,NA,NA,NA,"Jelani","Woods","NYJ","TE",28,-2
"K","12437","average",NA,NA,NA,NA,NA,NA,NA,NA,NA,NA,NA,NA,NA,NA,NA,NA,NA,NA,NA,NA,NA,NA,NA,NA,0.137489743589744,0.0875515912993776,6.76580862782302,0.975091884852218,10.9132584921074,1.1112343914621,9.57036295439173,1.12062337919974,6.25477387520553,0.365359663461248,41.5857142857143,7.51696493970551,NA,NA,NA,NA,"Jason","Myers","SEA","K",35,6
"K","12437","robust",NA,NA,NA,NA,NA,NA,NA,NA,NA,NA,NA,NA,NA,NA,NA,NA,NA,NA,NA,NA,NA,NA,NA,NA,0.133520512820513,0.0131590253846154,6.77132770706512,0.675642781405644,10.9648731783804,1.0940745644715,9.62251681172545,1.11378355650584,6.2071697047956,0.59304,42.625,4.89258,NA,NA,NA,NA,"Jason","Myers","SEA","K",35,6
"K","12437","weighted",NA,NA,NA,NA,NA,NA,NA,NA,NA,NA,NA,NA,NA,NA,NA,NA,NA,NA,NA,NA,NA,NA,NA,NA,0.139062816941647,0.107346952568348,6.70385160052802,1.18648950813748,10.7921790786783,1.33518458208404,9.46499739569818,1.35732629710027,6.16721386978696,0.410367233932063,40.150417827298,8.04193305260183,NA,NA,NA,NA,"Jason","Myers","SEA","K",35,6
"K","12860","average",NA,NA,NA,NA,NA,NA,NA,NA,NA,NA,NA,NA,NA,NA,NA,NA,NA,NA,NA,NA,NA,NA,NA,NA,0.153928571428571,0.0941266683558236,8.53804129587991,0.318432456570182,9.96074421255977,0.440457852571674,9.91612006629298,0.95898871012459,7.13666955202978,0.317465309959354,33.1,5.110446816734,NA,NA,NA,NA,"Ka'imi","Fairbairn","HOU","K",32,4
"K","12860","robust",NA,NA,NA,NA,NA,NA,NA,NA,NA,NA,NA,NA,NA,NA,NA,NA,NA,NA,NA,NA,NA,NA,NA,NA,0.1509375,0.01050175,8.51794751718023,0.201015384393701,9.95440257149191,0.525437252493901,9.79552636764452,0.929439818296014,7.14369110076603,0.361296425995711,33.3,6.52344,NA,NA,NA,NA,"Ka'imi","Fairbairn","HOU","K",32,4
"K","12860","weighted",NA,NA,NA,NA,NA,NA,NA,NA,NA,NA,NA,NA,NA,NA,NA,NA,NA,NA,NA,NA,NA,NA,NA,NA,0.155350510677809,0.115377497886257,8.52167804193484,0.387989495393972,9.94391843563253,0.538105944719167,9.89375146183122,1.18580043436249,7.11542363299927,0.386232383107404,32.2674094707521,5.87132787279075,NA,NA,NA,NA,"Ka'imi","Fairbairn","HOU","K",32,4
"K","16896","average",NA,NA,NA,NA,NA,NA,NA,NA,NA,NA,NA,NA,NA,NA,NA,NA,NA,NA,NA,NA,NA,NA,NA,NA,0.117907142857143,0.0924974388319817,7.9084238734864,2.76202122035438,9.12667570965394,3.14512072006799,6.45066469632472,2.26541665147838,3.83966075564084,1.57728086291689,36.4428571428571,12.3944688124525,NA,NA,NA,NA,"Spencer","Shrader","IND","K",27,-4
"K","16896","robust",NA,NA,NA,NA,NA,NA,NA,NA,NA,NA,NA,NA,NA,NA,NA,NA,NA,NA,NA,NA,NA,NA,NA,NA,0.124525,0.0126021,8.67546665122742,0.88248691987031,10.0215782769801,1.01941625752663,7.00660774020894,0.935827252740467,4.10462714219546,0.565296358221399,38.25,6.6717,NA,NA,NA,NA,"Spencer","Shrader","IND","K",27,-4
"K","16896","weighted",NA,NA,NA,NA,NA,NA,NA,NA,NA,NA,NA,NA,NA,NA,NA,NA,NA,NA,NA,NA,NA,NA,NA,NA,0.116365947075209,0.111951731189766,7.62635908376028,3.07677529409849,8.79642305126819,3.49079860654599,6.23351809538473,2.53467136293356,3.70145725737052,1.82551714072101,34.3554317548747,13.458192051334,NA,NA,NA,NA,"Spencer","Shrader","IND","K",27,-4
"K","16414","average",NA,NA,NA,NA,NA,NA,NA,NA,NA,NA,NA,NA,NA,NA,NA,NA,NA,NA,NA,NA,NA,NA,NA,NA,0.147050420168067,0.0824684055127185,8.14287381440512,0.261724627925007,8.03429742942754,0.793728249744314,10.2696258771605,0.710643210960206,8.15175997476739,1.65696339434014,44.7142857142857,3.40168025708304,NA,NA,NA,NA,"Brandon","Aubrey","DAL","K",31,-3
"K","16414","robust",NA,NA,NA,NA,NA,NA,NA,NA,NA,NA,NA,NA,NA,NA,NA,NA,NA,NA,NA,NA,NA,NA,NA,NA,0.146481617647059,0.00124276764705885,8.07396979971613,0.0679526948430843,7.93019634127109,0.0671846234032493,10.3256692274765,0.727801271092887,7.95790214477212,1.08335249077433,45.25,1.4826,NA,NA,NA,NA,"Brandon","Aubrey","DAL","K",31,-3
"K","16414","weighted",NA,NA,NA,NA,NA,NA,NA,NA,NA,NA,NA,NA,NA,NA,NA,NA,NA,NA,NA,NA,NA,NA,NA,NA,0.147765238407341,0.100982189544073,8.19046214690705,0.273909343815402,8.07997430393965,0.959255104260086,10.3101302977971,0.866753106636855,8.18441559967651,2.02601436038774,44.0055710306407,3.60477388176174,NA,NA,NA,NA,"Brandon","Aubrey","DAL","K",31,-3
"K","16846","average",NA,NA,NA,NA,NA,NA,NA,NA,NA,NA,NA,NA,NA,NA,NA,NA,NA,NA,NA,NA,NA,NA,NA,NA,0.111855299539171,0.0702066739000363,5.31518946425841,0.85869673446002,8.36934828663158,0.934485386123715,7.99577718566405,0.900114398029433,4.74911255742168,0.406184970044855,49.9714285714286,3.39691737006475,NA,NA,NA,NA,"Jake","Bates","DET","K",27,-3
"K","16846","robust",NA,NA,NA,NA,NA,NA,NA,NA,NA,NA,NA,NA,NA,NA,NA,NA,NA,NA,NA,NA,NA,NA,NA,NA,0.109583064516129,0.00173607677419356,5.43562146460786,0.0863448469652961,8.60311878917597,0.136660541966062,7.99536576975998,0.873217627274116,4.91027889102438,0.0746769584161441,50.1,3.26172,NA,NA,NA,NA,"Jake","Bates","DET","K",27,-3
"K","16846","weighted",NA,NA,NA,NA,NA,NA,NA,NA,NA,NA,NA,NA,NA,NA,NA,NA,NA,NA,NA,NA,NA,NA,NA,NA,0.112834756042771,0.0860868556954962,5.24585764785993,1.04082210383796,8.23907161129349,1.11000203319652,7.83660314476631,1.07369889863974,4.66964187286093,0.468172269700757,49.3339832869081,3.94469156149926,NA,NA,NA,NA,"Jake","Bates","DET","K",27,-3
"K","15979","average",NA,NA,NA,NA,NA,NA,NA,NA,NA,NA,NA,NA,NA,NA,NA,NA,NA,NA,NA,NA,NA,NA,NA,NA,0.352831501831502,0.0391042498592912,7.07407326007326,0.507615935367827,11.606336996337,0.482916734622907,9.67871601974123,0.528704264310011,5.77196357517366,0.729833619943538,37.0857142857143,5.51707306804027,NA,NA,NA,NA,"Cameron","Dicker","LAC","K",26,-2
"K","15979","robust",NA,NA,NA,NA,NA,NA,NA,NA,NA,NA,NA,NA,NA,NA,NA,NA,NA,NA,NA,NA,NA,NA,NA,NA,0.353846382783883,0.00459850384615382,7.06157028388278,0.091770496153846,11.5694574175824,0.150764942307689,9.67199778244631,0.751392339215686,5.76228992494434,0.673968204977376,38.45,2.66868,NA,NA,NA,NA,"Cameron","Dicker","LAC","K",26,-2
"K","15979","weighted",NA,NA,NA,NA,NA,NA,NA,NA,NA,NA,NA,NA,NA,NA,NA,NA,NA,NA,NA,NA,NA,NA,NA,NA,0.35096825992021,0.0476277537117085,7.05830518483374,0.611313766162037,11.5704376345567,0.562145160113943,9.63953289300864,0.637795012133249,5.78135710644518,0.908569065360165,36.3022284122563,6.38934146959152,NA,NA,NA,NA,"Cameron","Dicker","LAC","K",26,-2
"K","11945","average",NA,NA,NA,NA,NA,NA,NA,NA,NA,NA,NA,NA,NA,NA,NA,NA,NA,NA,NA,NA,NA,NA,NA,NA,0.118861607142857,0.0723748872362186,5.82052204810496,0.752091901580523,8.66618986880466,0.543943559090832,9.07594954648526,0.908988705371041,5.29500425170068,0.526297323704943,40.2285714285714,4.90602156732394,NA,NA,NA,NA,"Cairo","Santos","CHI","K",35,6
"K","11945","robust",NA,NA,NA,NA,NA,NA,NA,NA,NA,NA,NA,NA,NA,NA,NA,NA,NA,NA,NA,NA,NA,NA,NA,NA,0.1171875,0.00579140625,5.92825255102041,0.292974241071428,8.87181122448979,0.19005267857143,9.0531568877551,0.917757976190478,5.35567602040816,0.267429017857143,40,4.89258,NA,NA,NA,NA,"Cairo","Santos","CHI","K",35,6
"K","11945","weighted",NA,NA,NA,NA,NA,NA,NA,NA,NA,NA,NA,NA,NA,NA,NA,NA,NA,NA,NA,NA,NA,NA,NA,NA,0.119858765668524,0.0887175661875204,5.77298738523961,0.914544779900247,8.57244498251947,0.635082903619195,8.95817129892811,1.10663066616117,5.25281716621189,0.643120794197629,39.2256267409471,5.32339008655384,NA,NA,NA,NA,"Cairo","Santos","CHI","K",35,6
"K","16681","average",NA,NA,NA,NA,NA,NA,NA,NA,NA,NA,NA,NA,NA,NA,NA,NA,NA,NA,NA,NA,NA,NA,NA,NA,0.138848484848485,0.102793768145318,6.34346092503987,1.09257057549854,8.40921052631579,0.980012910701674,8.00246608701617,0.327836907440961,7.36223366946202,1.65674670271471,35.8,4.49444101084885,NA,NA,NA,NA,"Will","Reichard","MIN","K",25,-4
"K","16681","robust",NA,NA,NA,NA,NA,NA,NA,NA,NA,NA,NA,NA,NA,NA,NA,NA,NA,NA,NA,NA,NA,NA,NA,NA,0.136212121212121,0.0130289090909091,6.30691786283892,0.603266866028707,8.37203947368421,0.800799078947369,8,0.359580906518496,6.90620809109774,1.05807827172403,36,4.4478,NA,NA,NA,NA,"Will","Reichard","MIN","K",25,-4
"K","16681","weighted",NA,NA,NA,NA,NA,NA,NA,NA,NA,NA,NA,NA,NA,NA,NA,NA,NA,NA,NA,NA,NA,NA,NA,NA,0.139235249430235,0.10289369644729,6.3396437805707,1.0949183781653,8.40126356106143,0.982990595220644,7.99062805533808,0.33057823334304,7.316488533903,1.66519669498918,35.8370473537604,4.51065120740736,NA,NA,NA,NA,"Will","Reichard","MIN","K",25,-4
"K","14717","average",NA,NA,NA,NA,NA,NA,NA,NA,NA,NA,NA,NA,NA,NA,NA,NA,NA,NA,NA,NA,NA,NA,NA,NA,0.13838961038961,0.0832324521216727,7.88978648470174,0.615673511469144,8.27616112700859,1.20117541446683,7.10012110482313,1.26778752056719,6.706962817269,0.453148151573171,37.2571428571429,3.35552139160575,NA,NA,NA,NA,"Chase","McLaughlin","TBB","K",30,1
"K","14717","robust",NA,NA,NA,NA,NA,NA,NA,NA,NA,NA,NA,NA,NA,NA,NA,NA,NA,NA,NA,NA,NA,NA,NA,NA,0.136363636363636,0.00323476363636367,8.08680662557781,0.039120993836671,8.48019388803287,0.201163767334361,7.27921278117424,0.171986627400301,6.90782186269474,0.165747206040724,38,0.444779999999996,NA,NA,NA,NA,"Chase","McLaughlin","TBB","K",30,1
"K","14717","weighted",NA,NA,NA,NA,NA,NA,NA,NA,NA,NA,NA,NA,NA,NA,NA,NA,NA,NA,NA,NA,NA,NA,NA,NA,0.13936287667764,0.102018568256242,7.76772606023409,0.70440183941359,8.17593851979976,1.45144577854408,7.04034206853007,1.5461406444857,6.55358323330563,0.483521789602164,36.8069637883008,4.02206386529647,NA,NA,NA,NA,"Chase","McLaughlin","TBB","K",30,1
"K","16843","average",NA,NA,NA,NA,NA,NA,NA,NA,NA,NA,NA,NA,NA,NA,NA,NA,NA,NA,NA,NA,NA,NA,NA,NA,0.12075306122449,0.0708757573964189,5.91348226669308,1.02673759966647,6.95109272835348,1.21553279490914,9.5710182066354,1.20899306354056,3.99776051779935,1.12107727882909,50.6857142857143,6.10639789385651,NA,NA,NA,NA,"Harrison","Mevis","LAR","K",24,-4
"K","16843","robust",NA,NA,NA,NA,NA,NA,NA,NA,NA,NA,NA,NA,NA,NA,NA,NA,NA,NA,NA,NA,NA,NA,NA,NA,0.119919642857143,0.027549885,5.98299757281553,1.06302779854369,7.03183252427185,1.28714509951456,9.63456108414239,0.946261053398059,4.01636893203884,0.973132578640778,51.75,1.4826,NA,NA,NA,NA,"Harrison","Mevis","LAR","K",24,-4
"K","16843","weighted",NA,NA,NA,NA,NA,NA,NA,NA,NA,NA,NA,NA,NA,NA,NA,NA,NA,NA,NA,NA,NA,NA,NA,NA,0.121812524870673,0.0867976045775655,5.86304843454812,1.24385702768403,6.89229383419809,1.47286332508652,9.36757692254859,1.4318225826149,4.00307821979429,1.40114628970887,49.4359331476323,6.37720382043761,NA,NA,NA,NA,"Harrison","Mevis","LAR","K",24,-4
"K","17222","average",NA,NA,NA,NA,NA,NA,NA,NA,NA,NA,NA,NA,NA,NA,NA,NA,NA,NA,NA,NA,NA,NA,NA,NA,0.1155,0.0818648259783245,8.73952830188679,1.22615767460041,10.1219811320755,1.34807829258818,7.18352201257862,1.23487098456342,2.96025157232704,1.91881266431224,43.2,4.32434966208793,NA,NA,NA,NA,"Tyler","Loop","BAL","K",25,-5
"K","17222","robust",NA,NA,NA,NA,NA,NA,NA,NA,NA,NA,NA,NA,NA,NA,NA,NA,NA,NA,NA,NA,NA,NA,NA,NA,0.1155,0.011809675862069,8.94790988939492,0.944012029928431,10.3342225113858,0.941238786597265,7.51875406636304,0.563539121665581,2.85886141834743,2.0146479388419,43,2.9652,NA,NA,NA,NA,"Tyler","Loop","BAL","K",25,-5
"K","17222","weighted",NA,NA,NA,NA,NA,NA,NA,NA,NA,NA,NA,NA,NA,NA,NA,NA,NA,NA,NA,NA,NA,NA,NA,NA,0.115671957544904,0.0818931881524763,8.72047279002796,1.20610519900691,10.099240484937,1.32365082930009,7.17718142820638,1.22589891266492,3.00643849121847,1.97468347780555,43.2827298050139,4.3206379795293,NA,NA,NA,NA,"Tyler","Loop","BAL","K",25,-5
"K","16680","average",NA,NA,NA,NA,NA,NA,NA,NA,NA,NA,NA,NA,NA,NA,NA,NA,NA,NA,NA,NA,NA,NA,NA,NA,0.120641379310345,0.0842756772389192,5.85571647509579,0.910141300442189,7.84899616858237,0.970522272895428,8.15511111111111,0.81425175831921,5.60994636015326,0.512859994221929,42.5,6.59545297913646,NA,NA,NA,NA,"Cam","Little","JAC","K",23,-4
"K","16680","robust",NA,NA,NA,NA,NA,NA,NA,NA,NA,NA,NA,NA,NA,NA,NA,NA,NA,NA,NA,NA,NA,NA,NA,NA,0.121051724137931,0.0121675448275862,6.12492337164751,0.402176551724138,8.09555555555555,0.568727632183909,8.15111111111111,0.813782666666667,5.62360153256705,0.776291632183909,41.25,11.1195,NA,NA,NA,NA,"Cam","Little","JAC","K",23,-4
"K","16680","weighted",NA,NA,NA,NA,NA,NA,NA,NA,NA,NA,NA,NA,NA,NA,NA,NA,NA,NA,NA,NA,NA,NA,NA,NA,0.120937421957545,0.0842956434794711,5.85030678022177,0.902817325700237,7.83973820424978,0.958769297054352,8.13109254100898,0.795673596227002,5.59982988078848,0.503139049158696,42.2841225626741,6.48430934583761,NA,NA,NA,NA,"Cam","Little","JAC","K",23,-4
"K","13354","average",NA,NA,NA,NA,NA,NA,NA,NA,NA,NA,NA,NA,NA,NA,NA,NA,NA,NA,NA,NA,NA,NA,NA,NA,0.558490135396518,0.0340266657897787,8.33742101869761,0.820777797122241,9.30880722114765,0.579172618696451,8.32480300603842,0.236826576087875,4.6195489555819,0.956661260369225,36,5.1478150704935,NA,NA,NA,NA,"Harrison","Butker","KCC","K",31,3
"K","13354","robust",NA,NA,NA,NA,NA,NA,NA,NA,NA,NA,NA,NA,NA,NA,NA,NA,NA,NA,NA,NA,NA,NA,NA,NA,0.558763539651837,0.0271614040618956,8.35,0.402672630560929,9.3,0.450324216634428,8.31200751509605,0.296519999999999,4.63,0.179799438821988,36,5.9304,NA,NA,NA,NA,"Harrison","Butker","KCC","K",31,3
"K","13354","weighted",NA,NA,NA,NA,NA,NA,NA,NA,NA,NA,NA,NA,NA,NA,NA,NA,NA,NA,NA,NA,NA,NA,NA,NA,0.558111048851581,0.0340744133435743,8.33944620148022,0.821477092380123,9.3090516676275,0.579688697572793,8.3131959769143,0.240863405047896,4.64599855431981,0.977533416087754,36.150417827298,5.20853655166545,NA,NA,NA,NA,"Harrison","Butker","KCC","K",31,3
"K","15368","average",NA,NA,NA,NA,NA,NA,NA,NA,NA,NA,NA,NA,NA,NA,NA,NA,NA,NA,NA,NA,NA,NA,NA,NA,0.112965517241379,0.0828789211844267,6.06268888027896,0.895231747081643,6.44379697791554,1.31634618623785,7.80177450600543,1.5789073100832,4.62146310953672,0.69713373056196,41.96,4.03831648091132,NA,NA,NA,NA,"Evan","McPherson","CIN","K",27,-1
"K","15368","robust",NA,NA,NA,NA,NA,NA,NA,NA,NA,NA,NA,NA,NA,NA,NA,NA,NA,NA,NA,NA,NA,NA,NA,NA,0.112965517241379,0.0119630482758621,6.39223169314219,0.339487253002712,6.72332429290972,0.738370414567997,7.8,1.33518249515692,4.84416855777569,0.117093423479271,42,5.9304,NA,NA,NA,NA,"Evan","McPherson","CIN","K",27,-1
"K","15368","weighted",NA,NA,NA,NA,NA,NA,NA,NA,NA,NA,NA,NA,NA,NA,NA,NA,NA,NA,NA,NA,NA,NA,NA,NA,0.113370089328595,0.0829504264039341,6.06210657698912,0.890100993053659,6.44606590479603,1.31197306835281,7.77633319267254,1.57854099349892,4.62035271810658,0.692640728167258,42.1679665738162,3.94230209283824,NA,NA,NA,NA,"Evan","McPherson","CIN","K",27,-1
"K","12956","average",NA,NA,NA,NA,NA,NA,NA,NA,NA,NA,NA,NA,NA,NA,NA,NA,NA,NA,NA,NA,NA,NA,NA,NA,0.110506666666667,0.0793102711577202,8.49272246696035,0.724481875447207,10.1069544787078,1.08243995030623,5.85007342143906,1.36415985316337,4.53531361443256,0.579796711023647,39.32,5.67556164621617,NA,NA,NA,NA,"Wil","Lutz","DEN","K",32,4
"K","12956","robust",NA,NA,NA,NA,NA,NA,NA,NA,NA,NA,NA,NA,NA,NA,NA,NA,NA,NA,NA,NA,NA,NA,NA,NA,0.110133333333333,0.01107008,8.48387665198238,0.449221268722465,10.3328046989721,0.532974017621146,6.18467205090553,0.610355142437591,4.67700790154535,0.478215994126284,39.3,7.413,NA,NA,NA,NA,"Wil","Lutz","DEN","K",32,4
"K","12956","weighted",NA,NA,NA,NA,NA,NA,NA,NA,NA,NA,NA,NA,NA,NA,NA,NA,NA,NA,NA,NA,NA,NA,NA,NA,0.110689693593315,0.0793567891884941,8.47201747389346,0.702769680554809,10.0846941455094,1.06166652633035,5.86383953904698,1.36747092687686,4.53394720629428,0.576081601135394,39.5838440111421,5.59566309020939,NA,NA,NA,NA,"Wil","Lutz","DEN","K",32,4
"K","8851","average",NA,NA,NA,NA,NA,NA,NA,NA,NA,NA,NA,NA,NA,NA,NA,NA,NA,NA,NA,NA,NA,NA,NA,NA,0.123733333333333,0.0913106541185395,5.15666666666667,1.43127759556124,8.52041666666667,0.94234046689907,7.79503225806452,0.893257539715207,5.79477419354839,0.544054142888615,31.32,8.05679837156175,NA,NA,NA,NA,"Nick","Folk","ATL","K",42,13
"K","8851","robust",NA,NA,NA,NA,NA,NA,NA,NA,NA,NA,NA,NA,NA,NA,NA,NA,NA,NA,NA,NA,NA,NA,NA,NA,0.128,0.03795456,5.1,1.63086,8.45625,1.06685425,7.77225806451613,1.18608,5.8,0.472678387096775,31,8.8956,NA,NA,NA,NA,"Nick","Folk","ATL","K",42,13
"K","8851","weighted",NA,NA,NA,NA,NA,NA,NA,NA,NA,NA,NA,NA,NA,NA,NA,NA,NA,NA,NA,NA,NA,NA,NA,NA,0.124083936861653,0.091421138804309,5.15680129990715,1.43495764097799,8.50972435004643,0.954361040330846,7.77352547398688,0.894442212043339,5.77427247132117,0.542261823011194,31.5392757660167,8.03820891328033,NA,NA,NA,NA,"Nick","Folk","ATL","K",42,13
"K","13719","average",NA,NA,NA,NA,NA,NA,NA,NA,NA,NA,NA,NA,NA,NA,NA,NA,NA,NA,NA,NA,NA,NA,NA,NA,0.122,0.0704733709361171,6.19734513274336,0.764342113939685,8.42610619469026,0.828098362740667,9.12022959911912,0.930741821178158,5.16818696219567,0.702651478755128,38.2857142857143,2.81154084173819,NA,NA,NA,NA,"Eddy","Pineiro","SFO","K",31,2
"K","13719","robust",NA,NA,NA,NA,NA,NA,NA,NA,NA,NA,NA,NA,NA,NA,NA,NA,NA,NA,NA,NA,NA,NA,NA,NA,0.122,0.00583474838709676,6.43628318584071,0.307820433913788,8.63827433628319,0.410011061946901,9.30657412693881,0.456129811590064,5.28128687315634,0.241031836283186,38.5,1.4826,NA,NA,NA,NA,"Eddy","Pineiro","SFO","K",31,2
"K","13719","weighted",NA,NA,NA,NA,NA,NA,NA,NA,NA,NA,NA,NA,NA,NA,NA,NA,NA,NA,NA,NA,NA,NA,NA,NA,0.122542636355468,0.0863524483336201,6.10833396285078,0.913470712990448,8.29260607899158,0.970667405085294,8.92711494007922,1.09027513750238,5.10393354144518,0.852339962772347,38.1044568245125,3.4442746847519,NA,NA,NA,NA,"Eddy","Pineiro","SFO","K",31,2
"K","17668","average",NA,NA,NA,NA,NA,NA,NA,NA,NA,NA,NA,NA,NA,NA,NA,NA,NA,NA,NA,NA,NA,NA,NA,NA,0.144489655172414,0.101554245621761,8.65464503042596,1.19576855648966,8.9905476673428,1.43838743241441,6.68080808080808,1.908349153632,3.79953654188948,1.49616787069794,36.02,5.53642483919,NA,NA,NA,NA,"Trey","Smack","GBP","K",23,-6
"K","17668","robust",NA,NA,NA,NA,NA,NA,NA,NA,NA,NA,NA,NA,NA,NA,NA,NA,NA,NA,NA,NA,NA,NA,NA,NA,0.1435,0.0146726275862069,8.83634519638576,0.956048718421536,9.30768947077263,0.985684314954824,7.24346917450366,1.12163260188088,3.83198475628496,0.996284599668081,35.5,2.9652,NA,NA,NA,NA,"Trey","Smack","GBP","K",23,-6
"K","17668","weighted",NA,NA,NA,NA,NA,NA,NA,NA,NA,NA,NA,NA,NA,NA,NA,NA,NA,NA,NA,NA,NA,NA,NA,NA,0.144988617808088,0.101593084334996,8.65091616898416,1.188860577204,8.98992750880008,1.42978419319533,6.6999902007298,1.91070474303218,3.83514003682174,1.53011604733376,36.3192200557103,5.5096291232446,NA,NA,NA,NA,"Trey","Smack","GBP","K",23,-6
"K","14983","average",NA,NA,NA,NA,NA,NA,NA,NA,NA,NA,NA,NA,NA,NA,NA,NA,NA,NA,NA,NA,NA,NA,NA,NA,0.107823076923077,0.0757946150372113,7.05134726545131,1.41823656233325,6.00690306803024,1.3494824182194,6.53588854305617,0.890041763965345,4.74392841262783,0.62354147224934,45.62,4.24523262024591,NA,NA,NA,NA,"Tyler","Bass","BUF","K",29,0
"K","14983","robust",NA,NA,NA,NA,NA,NA,NA,NA,NA,NA,NA,NA,NA,NA,NA,NA,NA,NA,NA,NA,NA,NA,NA,NA,0.107,0.0122029384615385,7.45664739884393,0.805574566473989,6.33034682080925,0.721951707425522,6.6,0.794060080035572,4.775,0.506071567363274,45.55,4.4478,NA,NA,NA,NA,"Tyler","Bass","BUF","K",29,0
"K","14983","weighted",NA,NA,NA,NA,NA,NA,NA,NA,NA,NA,NA,NA,NA,NA,NA,NA,NA,NA,NA,NA,NA,NA,NA,NA,0.107991589886437,0.0758121756511659,7.03935998791168,1.40338350815004,5.99778494868038,1.33825900162896,6.52001095710339,0.870334824468967,4.73088232653076,0.607670252806569,45.808077994429,4.26395930494594,NA,NA,NA,NA,"Tyler","Bass","BUF","K",29,0
"K","13718","average",NA,NA,NA,NA,NA,NA,NA,NA,NA,NA,NA,NA,NA,NA,NA,NA,NA,NA,NA,NA,NA,NA,NA,NA,0.12103,0.0875021685445567,7.08226829268293,1.04979436104216,7.48295121951219,1.49917581065174,6.83668747268118,1.16655888366475,5.67310639041874,0.351137605796921,31.12,6.06399208442755,NA,NA,NA,NA,"Daniel","Carlson","NOS","K",31,2
"K","13718","robust",NA,NA,NA,NA,NA,NA,NA,NA,NA,NA,NA,NA,NA,NA,NA,NA,NA,NA,NA,NA,NA,NA,NA,NA,0.121441666666667,0.01831011,7.21284552845528,0.722255219512197,7.5679674796748,1.20217163414634,6.94171868170295,0.679447882507212,5.64138298802343,0.173811163912928,33,1.4826,NA,NA,NA,NA,"Daniel","Carlson","NOS","K",31,2
"K","13718","weighted",NA,NA,NA,NA,NA,NA,NA,NA,NA,NA,NA,NA,NA,NA,NA,NA,NA,NA,NA,NA,NA,NA,NA,NA,0.121774210770659,0.0875579104250583,7.10190360531739,1.05551241737186,7.50640391104468,1.50224767783399,6.86188150248831,1.17640741498374,5.6750388265137,0.353998561721274,31.1618384401114,6.06126585321763,NA,NA,NA,NA,"Daniel","Carlson","NOS","K",31,2
"K","16444","average",NA,NA,NA,NA,NA,NA,NA,NA,NA,NA,NA,NA,NA,NA,NA,NA,NA,NA,NA,NA,NA,NA,NA,NA,0.108620689655172,0.0802089043763871,7.26910285117182,0.83970242832934,8.99714584266308,1.1853260387525,5.6203928723469,1.54929393782273,5.39502548196801,0.703456065861983,28.58,5.4020366529671,NA,NA,NA,NA,"Blake","Grupe","NYJ","K",28,-3
"K","16444","robust",NA,NA,NA,NA,NA,NA,NA,NA,NA,NA,NA,NA,NA,NA,NA,NA,NA,NA,NA,NA,NA,NA,NA,NA,0.106681034482759,0.0230058620689655,7.32474249888043,1.2066292476489,8.99547320495596,1.49086617554859,5.73770131528752,0.850179577383025,5.44039143487419,0.311346,28.45,2.9652,NA,NA,NA,NA,"Blake","Grupe","NYJ","K",28,-3
"K","16444","weighted",NA,NA,NA,NA,NA,NA,NA,NA,NA,NA,NA,NA,NA,NA,NA,NA,NA,NA,NA,NA,NA,NA,NA,NA,0.108523436749592,0.0802655532613707,7.23237353847766,0.814638355338555,8.95320290601724,1.15904152488514,5.62347199185159,1.55441501798965,5.35373620022741,0.686106531119312,28.6320334261838,5.4052986701351,NA,NA,NA,NA,"Blake","Grupe","NYJ","K",28,-3
"K","14600","average",NA,NA,NA,NA,NA,NA,NA,NA,NA,NA,NA,NA,NA,NA,NA,NA,NA,NA,NA,NA,NA,NA,NA,NA,0.124551724137931,0.091433442001765,6.12683148991542,0.952531375733171,6.87177618737801,1.32636008123271,6.99468147826855,0.755016560634052,5.74944609107047,0.542322715711166,29.62,4.57951962546291,NA,NA,NA,NA,"Joey","Slye","TEN","K",30,1
"K","14600","robust",NA,NA,NA,NA,NA,NA,NA,NA,NA,NA,NA,NA,NA,NA,NA,NA,NA,NA,NA,NA,NA,NA,NA,NA,0.122327586206897,0.0131900275862069,6.23441769681197,0.684677605725439,6.96694860117111,0.765125777488616,7,0.889559999999999,5.74232712434838,0.530285805441095,29,7.413,NA,NA,NA,NA,"Joey","Slye","TEN","K",30,1
"K","14600","weighted",NA,NA,NA,NA,NA,NA,NA,NA,NA,NA,NA,NA,NA,NA,NA,NA,NA,NA,NA,NA,NA,NA,NA,NA,0.124787148208625,0.0915119461708077,6.11653195187238,0.945131278834165,6.86193340497986,1.32015243340269,6.9777549147463,0.742017316268108,5.71531268174108,0.539101202501694,29.4891364902507,4.50180920853494,NA,NA,NA,NA,"Joey","Slye","TEN","K",30,1
"K","17726","average",NA,NA,NA,NA,NA,NA,NA,NA,NA,NA,NA,NA,NA,NA,NA,NA,NA,NA,NA,NA,NA,NA,NA,NA,0.135,0.0959166304662544,6.82692307692308,1.1438112225325,6.94615384615385,1.6645197412302,7.1930779054917,0.559428399545802,4.25257471264368,1.15818124202997,33.56,6.50138446794219,NA,NA,NA,NA,"Drew","Stevens","WAS","K",23,-6
"K","17726","robust",NA,NA,NA,NA,NA,NA,NA,NA,NA,NA,NA,NA,NA,NA,NA,NA,NA,NA,NA,NA,NA,NA,NA,NA,0.135,0.029652,6.95512820512821,0.39599358974359,7.14216524216524,1.56200991452991,7.18047450633657,0.59304,4.14038903625111,0.991388795755969,33.9,7.413,NA,NA,NA,NA,"Drew","Stevens","WAS","K",23,-6
"K","17726","weighted",NA,NA,NA,NA,NA,NA,NA,NA,NA,NA,NA,NA,NA,NA,NA,NA,NA,NA,NA,NA,NA,NA,NA,NA,0.135452646239554,0.0959820167546549,6.82646180034759,1.14407795537135,6.94936155353983,1.66430058619498,7.16469287497527,0.538842491539122,4.26937621450685,1.18807707836191,33.9200557103064,6.33516657850295,NA,NA,NA,NA,"Drew","Stevens","WAS","K",23,-6
"K","17220","average",NA,NA,NA,NA,NA,NA,NA,NA,NA,NA,NA,NA,NA,NA,NA,NA,NA,NA,NA,NA,NA,NA,NA,NA,0.699667154526889,0.181810213917067,6.82426820966644,0.544076320911153,8.67001021102791,0.618889266138116,5.88706330837304,0.635814020297305,4.05434989788972,0.722681375551742,44.6,2.60768096208106,NA,NA,NA,NA,"Andres","Borregales","NEP","K",24,-5
"K","17220","robust",NA,NA,NA,NA,NA,NA,NA,NA,NA,NA,NA,NA,NA,NA,NA,NA,NA,NA,NA,NA,NA,NA,NA,NA,0.721199115044248,0.0822499852280463,6.84198434309054,0.396386078965282,8.66678863172226,0.301187818243703,6,0.29652,4.1,0.929795752212391,45,4.4478,NA,NA,NA,NA,"Andres","Borregales","NEP","K",24,-5
"K","17220","weighted",NA,NA,NA,NA,NA,NA,NA,NA,NA,NA,NA,NA,NA,NA,NA,NA,NA,NA,NA,NA,NA,NA,NA,NA,0.696546711186243,0.181623211800149,6.80615188358859,0.528395045169283,8.64620829074788,0.596777664097047,5.87714543777846,0.625185678242862,4.06237474820067,0.732963500228476,44.4623955431755,2.5634546041378,NA,NA,NA,NA,"Andres","Borregales","NEP","K",24,-5
"K","13303","average",NA,NA,NA,NA,NA,NA,NA,NA,NA,NA,NA,NA,NA,NA,NA,NA,NA,NA,NA,NA,NA,NA,NA,NA,0.101030769230769,0.0704922970423556,5.35651821862348,0.583884690930864,8.92681634155318,0.77816101670872,7.49956551570587,0.85267913812997,3.55124234699673,1.04381701911695,40.38,4.5466471162825,NA,NA,NA,NA,"Jake","Elliott","PHI","K",31,3
"K","13303","robust",NA,NA,NA,NA,NA,NA,NA,NA,NA,NA,NA,NA,NA,NA,NA,NA,NA,NA,NA,NA,NA,NA,NA,NA,0.101413461538462,0.0113475923076923,5.48684210526316,0.33238451417004,8.94096429885904,1.04649623849834,7.40463565024969,1.31737353780722,3.55,0.613982010469064,41,2.9652,NA,NA,NA,NA,"Jake","Elliott","PHI","K",31,3
"K","13303","weighted",NA,NA,NA,NA,NA,NA,NA,NA,NA,NA,NA,NA,NA,NA,NA,NA,NA,NA,NA,NA,NA,NA,NA,NA,0.101258892221984,0.0705067526840867,5.34861992940354,0.575096478028635,8.91062166099551,0.761777926449475,7.47069998658231,0.842091797101898,3.57106302924389,1.06333572274438,40.4272980501393,4.55951961824981,NA,NA,NA,NA,"Jake","Elliott","PHI","K",31,3
"K","15369","average",NA,NA,NA,NA,NA,NA,NA,NA,NA,NA,NA,NA,NA,NA,NA,NA,NA,NA,NA,NA,NA,NA,NA,NA,0.110962962962963,0.0758677148126371,5.48190076869322,0.857541026390856,8.16250174703005,1.1484518515378,8.53219194036804,0.721504930834396,4.25335429769392,1.14833488335081,29.82,5.10019607466223,NA,NA,NA,NA,"Riley","Patterson","MIA","K",27,-1
"K","15369","robust",NA,NA,NA,NA,NA,NA,NA,NA,NA,NA,NA,NA,NA,NA,NA,NA,NA,NA,NA,NA,NA,NA,NA,NA,0.112944444444444,0.0117509777777778,5.70076869322152,0.308331069182389,8.5,0.452757651991615,8.55,0.951032816212438,4.25094339622641,1.40986867924528,30,5.78214,NA,NA,NA,NA,"Riley","Patterson","MIA","K",27,-1
"K","15369","weighted",NA,NA,NA,NA,NA,NA,NA,NA,NA,NA,NA,NA,NA,NA,NA,NA,NA,NA,NA,NA,NA,NA,NA,NA,0.111404518724853,0.0758789064786854,5.48573897911155,0.856500365391469,8.16712011585875,1.14746494615753,8.50469498509915,0.710217041158149,4.2769349696046,1.17826770566117,29.6729805013928,5.17061458156658,NA,NA,NA,NA,"Riley","Patterson","MIA","K",27,-1
"K","16292","average",NA,NA,NA,NA,NA,NA,NA,NA,NA,NA,NA,NA,NA,NA,NA,NA,NA,NA,NA,NA,NA,NA,NA,NA,0.110292307692308,0.0757946150372113,5.82256295274233,0.554120482913736,8.13814073818558,0.796516135023101,6.722518109693,0.774854265502264,5.0589344108806,0.340760550700383,31,4,NA,NA,NA,NA,"Chad","Ryland","ARI","K",27,-3
"K","16292","robust",NA,NA,NA,NA,NA,NA,NA,NA,NA,NA,NA,NA,NA,NA,NA,NA,NA,NA,NA,NA,NA,NA,NA,NA,0.111115384615385,0.0122029384615385,5.9,0.523589472231805,8.3,0.64980736805795,6.95629527423249,0.44478,5.08187913730515,0.17512599103139,31,5.9304,NA,NA,NA,NA,"Chad","Ryland","ARI","K",27,-3
"K","16292","weighted",NA,NA,NA,NA,NA,NA,NA,NA,NA,NA,NA,NA,NA,NA,NA,NA,NA,NA,NA,NA,NA,NA,NA,NA,0.110656845939576,0.075802781039621,5.82028633925251,0.550320884926114,8.13517255974349,0.791203080489222,6.71742474832835,0.768374735418501,5.04487086147091,0.332557423176222,30.9805013927577,4.09139769082103,NA,NA,NA,NA,"Chad","Ryland","ARI","K",27,-3
"K","11936","average",NA,NA,NA,NA,NA,NA,NA,NA,NA,NA,NA,NA,NA,NA,NA,NA,NA,NA,NA,NA,NA,NA,NA,NA,0.11424,0.0749791170926945,6.45694603174603,0.589189277406449,6.83856507936508,0.709435543460446,7.46122068612391,0.525791752798996,5.7706784775559,0.816740963745231,35.4,3.13049516849971,NA,NA,NA,NA,"Chris","Boswell","PIT","K",35,6
"K","11936","robust",NA,NA,NA,NA,NA,NA,NA,NA,NA,NA,NA,NA,NA,NA,NA,NA,NA,NA,NA,NA,NA,NA,NA,NA,0.1176,0.01868076,6.39985714285714,0.444568200000001,6.8,0.341327466666667,7.55305171530978,0.27320833548387,5.87019631336406,0.31521133734767,36,4.4478,NA,NA,NA,NA,"Chris","Boswell","PIT","K",35,6
"K","11936","weighted",NA,NA,NA,NA,NA,NA,NA,NA,NA,NA,NA,NA,NA,NA,NA,NA,NA,NA,NA,NA,NA,NA,NA,NA,0.115037883008357,0.0749811485182297,6.47658239377459,0.605616096519563,6.86211893708272,0.722231476427249,7.47713281331342,0.530988715387657,5.77307974513414,0.819476662353732,35.2172701949861,3.04523450823637,NA,NA,NA,NA,"Chris","Boswell","PIT","K",35,6
"K","17277","average",NA,NA,NA,NA,NA,NA,NA,NA,NA,NA,NA,NA,NA,NA,NA,NA,NA,NA,NA,NA,NA,NA,NA,NA,0.104533333333333,0.0696923447493817,6.32476190476191,1.06568623644547,7.67619047619048,1.45440170946097,7.60428571428571,1.03856642389244,2.61923809523809,1.5360733005971,31.34,4.94246901861812,NA,NA,NA,NA,"Ryan","Fitzgerald","CAR","K",NA,-5
"K","17277","robust",NA,NA,NA,NA,NA,NA,NA,NA,NA,NA,NA,NA,NA,NA,NA,NA,NA,NA,NA,NA,NA,NA,NA,NA,0.108208333333333,0.0121079,6.49776785714286,0.993253749999999,7.93154761904762,0.940745,7.65,0.947804999999999,2.56547619047619,0.897679,32,1.4826,NA,NA,NA,NA,"Ryan","Fitzgerald","CAR","K",NA,-5
"K","17277","weighted",NA,NA,NA,NA,NA,NA,NA,NA,NA,NA,NA,NA,NA,NA,NA,NA,NA,NA,NA,NA,NA,NA,NA,NA,0.104938254410399,0.0696830339205807,6.32725659901844,1.06535460927358,7.68157912189946,1.4519057910864,7.57226422602467,1.02302789764309,2.66153866560552,1.57624937810435,31.2512534818941,4.91238408550378,NA,NA,NA,NA,"Ryan","Fitzgerald","CAR","K",NA,-5
"K","16419","average",NA,NA,NA,NA,NA,NA,NA,NA,NA,NA,NA,NA,NA,NA,NA,NA,NA,NA,NA,NA,NA,NA,NA,NA,0.0970434782608696,0.0643811605784574,4.87692136910268,0.822092506909915,8.82537465309898,1.36019476427642,5.61163737280296,1.07461773273211,4.42208114179992,0.559108271704766,27.54,5.47339017428869,NA,NA,NA,NA,"Andre","Szmyt","CLE","K",28,-3
"K","16419","robust",NA,NA,NA,NA,NA,NA,NA,NA,NA,NA,NA,NA,NA,NA,NA,NA,NA,NA,NA,NA,NA,NA,NA,NA,0.0997826086956522,0.0232059130434783,4.94,0.807530114708603,8.60610545790934,2.14075233580018,5.6,1.38275422756707,4.41840954142989,0.672487531914895,28,2.9652,NA,NA,NA,NA,"Andre","Szmyt","CLE","K",28,-3
"K","16419","weighted",NA,NA,NA,NA,NA,NA,NA,NA,NA,NA,NA,NA,NA,NA,NA,NA,NA,NA,NA,NA,NA,NA,NA,NA,0.0973355940414194,0.0643713471378012,4.87547586960387,0.821596020967157,8.8210326376846,1.360638658241,5.61770812128458,1.08651490074007,4.4140394536753,0.555693541674725,27.4754874651811,5.49638287387071,NA,NA,NA,NA,"Andre","Szmyt","CLE","K",28,-3
"K","14244","average",NA,NA,NA,NA,NA,NA,NA,NA,NA,NA,NA,NA,NA,NA,NA,NA,NA,NA,NA,NA,NA,NA,NA,NA,0.103331818181818,0.0646828115939813,5.97681818181818,1.21997662895918,6.57181818181818,1.24773513824313,6.96669278996865,0.95206378350567,4.37796238244514,0.737877437967068,28.22,3.92326394727655,NA,NA,NA,NA,"Matt","Gay","LVR","K",32,1
"K","14244","robust",NA,NA,NA,NA,NA,NA,NA,NA,NA,NA,NA,NA,NA,NA,NA,NA,NA,NA,NA,NA,NA,NA,NA,NA,0.111875,0.0120629727272727,6.25454545454545,0.923255454545454,6.65454545454545,1.19281909090909,7,0.710276943573668,4.4,0.532078338557994,29,2.9652,NA,NA,NA,NA,"Matt","Gay","LVR","K",32,1
"K","14244","weighted",NA,NA,NA,NA,NA,NA,NA,NA,NA,NA,NA,NA,NA,NA,NA,NA,NA,NA,NA,NA,NA,NA,NA,NA,0.103704640415295,0.0646195668652636,5.98044125094961,1.21807044683967,6.57399974677133,1.24760247545089,6.94433171645375,0.928569422898524,4.37504162264272,0.733877250407546,28.2245125348189,3.93189506636293,NA,NA,NA,NA,"Matt","Gay","LVR","K",32,1
"K","17434","average",NA,NA,NA,NA,NA,NA,NA,NA,NA,NA,NA,NA,NA,NA,NA,NA,NA,NA,NA,NA,NA,NA,NA,NA,0.228,0.0537401153701776,6.96,1.64048773235279,8.04,1.89504617357995,6.48,1.52735064736294,2.22,0.523259018078045,28,4.24264068711928,NA,NA,NA,NA,"Ben","Sauls","FA","K",25,-5
"K","17434","robust",NA,NA,NA,NA,NA,NA,NA,NA,NA,NA,NA,NA,NA,NA,NA,NA,NA,NA,NA,NA,NA,NA,NA,NA,0.228,0.0563388,6.96,1.719816,8.04,1.986684,6.48,1.601208,2.22,0.548562,28,4.4478,NA,NA,NA,NA,"Ben","Sauls","FA","K",25,-5
"K","17434","weighted",NA,NA,NA,NA,NA,NA,NA,NA,NA,NA,NA,NA,NA,NA,NA,NA,NA,NA,NA,NA,NA,NA,NA,NA,0.224880597014925,0.0537401153701776,6.86477611940298,1.64048773235279,7.93,1.89504617357995,6.39134328358209,1.52735064736294,2.18962686567164,0.523259018078045,27.7537313432836,4.24264068711928,NA,NA,NA,NA,"Ben","Sauls","FA","K",25,-5
"K","17736","average",NA,NA,NA,NA,NA,NA,NA,NA,NA,NA,NA,NA,NA,NA,NA,NA,NA,NA,NA,NA,NA,NA,NA,NA,0.355372061482821,0.19751439166962,5.58039330922242,2.88350289159715,7.07778707052441,3.68133305362142,4.66866059736858,2.40823181423344,2.58956624784353,2.53214539604382,27.1,14.1057907730596,NA,NA,NA,NA,"Dominic","Zvada","NYG","K",23,-6
"K","17736","robust",NA,NA,NA,NA,NA,NA,NA,NA,NA,NA,NA,NA,NA,NA,NA,NA,NA,NA,NA,NA,NA,NA,NA,NA,0.412921338155515,0.0769490848101266,5.58039330922242,2.56335641772152,7.20095388788427,2.87426675316456,4.66866059736858,2.59455,2.45319874353059,1.79933153810563,27.1,13.04688,NA,NA,NA,NA,"Dominic","Zvada","NYG","K",23,-6
"K","17736","weighted",NA,NA,NA,NA,NA,NA,NA,NA,NA,NA,NA,NA,NA,NA,NA,NA,NA,NA,NA,NA,NA,NA,NA,NA,0.359111836126856,0.196806861660161,5.65671442247785,2.88699910134854,7.16969308736153,3.68282764430659,4.73816974926156,2.41313953270999,2.67279330033192,2.55595045975847,27.4181512605042,14.0749878943999,NA,NA,NA,NA,"Dominic","Zvada","NYG","K",23,-6
"DST","0511","average",NA,NA,NA,NA,NA,NA,NA,NA,NA,NA,NA,NA,NA,NA,NA,NA,NA,NA,12.85,1.34126805672841,9.21666666666667,3.04001096489251,60.0833333333333,9.26896254532656,NA,NA,NA,NA,NA,NA,NA,NA,NA,NA,NA,NA,0.375,0.370809924354783,2.68,0.416653333119993,"Denver","Broncos","DEN","DST",NA,50
"DST","0511","robust",NA,NA,NA,NA,NA,NA,NA,NA,NA,NA,NA,NA,NA,NA,NA,NA,NA,NA,12.9,0.96369,8.5,1.70499,60.6,5.33736,NA,NA,NA,NA,NA,NA,NA,NA,NA,NA,NA,NA,0.375,0.37065,2.7,0.385476,"Denver","Broncos","DEN","DST",NA,50
"DST","0511","weighted",NA,NA,NA,NA,NA,NA,NA,NA,NA,NA,NA,NA,NA,NA,NA,NA,NA,NA,NA,1.67105180414437,NA,3.42312612954166,NA,11.9337032666721,NA,NA,NA,NA,NA,NA,NA,NA,NA,NA,NA,NA,NA,0.421639569804524,NA,0.462556076821158,"Denver","Broncos","DEN","DST",NA,50
"DST","0532","average",NA,NA,NA,NA,NA,NA,NA,NA,NA,NA,NA,NA,NA,NA,NA,NA,NA,NA,15.8,2.64121184307507,11.65,1.33529023062404,49.3833333333333,4.92195760512691,NA,NA,NA,NA,NA,NA,NA,NA,NA,NA,NA,NA,0.75,0.387298334620742,3.84,1.63780340700586,"Houston","Texans","HOU","DST",NA,50
"DST","0532","robust",NA,NA,NA,NA,NA,NA,NA,NA,NA,NA,NA,NA,NA,NA,NA,NA,NA,NA,15.7,2.66868,11.5,0.7413,49.2,4.15128,NA,NA,NA,NA,NA,NA,NA,NA,NA,NA,NA,NA,0.875,0.185325,3.32,0.37065,"Houston","Texans","HOU","DST",NA,50
"DST","0532","weighted",NA,NA,NA,NA,NA,NA,NA,NA,NA,NA,NA,NA,NA,NA,NA,NA,NA,NA,NA,2.48789843798315,NA,1.73128175773569,NA,6.18835589753863,NA,NA,NA,NA,NA,NA,NA,NA,NA,NA,NA,NA,NA,0.144473598286471,NA,0.38060923094879,"Houston","Texans","HOU","DST",NA,50
"DST","0524","average",NA,NA,NA,NA,NA,NA,NA,NA,NA,NA,NA,NA,NA,NA,NA,NA,NA,NA,12.1333333333333,1.37792113949481,12.5333333333333,2.45492701860293,50.25,7.84518960892597,NA,NA,NA,NA,NA,NA,NA,NA,NA,NA,NA,NA,0,0,2.38,1.12498888883402,"Minnesota","Vikings","MIN","DST",NA,50
"DST","0524","robust",NA,NA,NA,NA,NA,NA,NA,NA,NA,NA,NA,NA,NA,NA,NA,NA,NA,NA,12.1,1.4826,12.5,2.37216,49.3,7.48713,NA,NA,NA,NA,NA,NA,NA,NA,NA,NA,NA,NA,0,0,2.34,0.7413,"Minnesota","Vikings","MIN","DST",NA,50
"DST","0524","weighted",NA,NA,NA,NA,NA,NA,NA,NA,NA,NA,NA,NA,NA,NA,NA,NA,NA,NA,NA,1.32812717620476,NA,3.04527391953622,NA,9.328590950292,NA,NA,NA,NA,NA,NA,NA,NA,NA,NA,NA,NA,NA,0,NA,0.897054081342775,"Minnesota","Vikings","MIN","DST",NA,50
"DST","0528","average",NA,NA,NA,NA,NA,NA,NA,NA,NA,NA,NA,NA,NA,NA,NA,NA,NA,NA,14.9666666666667,3.77659458595527,9.11666666666667,2.14514956743502,48.6166666666667,4.97047952079743,NA,NA,NA,NA,NA,NA,NA,NA,NA,NA,NA,NA,0.375,0.370809924354783,2.54,0.397994974842648,"Los Angeles","Rams","LAR","DST",NA,50
"DST","0528","robust",NA,NA,NA,NA,NA,NA,NA,NA,NA,NA,NA,NA,NA,NA,NA,NA,NA,NA,14,1.4826,9.1,2.2239,48.5,3.33585,NA,NA,NA,NA,NA,NA,NA,NA,NA,NA,NA,NA,0.375,0.37065,2.5,0.474432,"Los Angeles","Rams","LAR","DST",NA,50
"DST","0528","weighted",NA,NA,NA,NA,NA,NA,NA,NA,NA,NA,NA,NA,NA,NA,NA,NA,NA,NA,NA,1.31603954811173,NA,2.07967031261938,NA,6.04247993411401,NA,NA,NA,NA,NA,NA,NA,NA,NA,NA,NA,NA,NA,0.421639569804524,NA,0.487079736024322,"Los Angeles","Rams","LAR","DST",NA,50
"DST","0515","average",NA,NA,NA,NA,NA,NA,NA,NA,NA,NA,NA,NA,NA,NA,NA,NA,NA,NA,14.3,1.47377067415524,8.83333333333333,2.17040702787903,47.2,3.14197390186488,NA,NA,NA,NA,NA,NA,NA,NA,NA,NA,NA,NA,0.375,0.370809924354783,4.26,1.9975985582694,"Seattle","Seahawks","SEA","DST",NA,50
"DST","0515","robust",NA,NA,NA,NA,NA,NA,NA,NA,NA,NA,NA,NA,NA,NA,NA,NA,NA,NA,14,0.29652,9,2.2239,47.5,2.2239,NA,NA,NA,NA,NA,NA,NA,NA,NA,NA,NA,NA,0.375,0.37065,3.63,0.81543,"Seattle","Seahawks","SEA","DST",NA,50
"DST","0515","weighted",NA,NA,NA,NA,NA,NA,NA,NA,NA,NA,NA,NA,NA,NA,NA,NA,NA,NA,NA,0.514849680249552,NA,2.78390099788936,NA,3.99225391524128,NA,NA,NA,NA,NA,NA,NA,NA,NA,NA,NA,NA,NA,0.421639569804524,NA,0.630419396622234,"Seattle","Seahawks","SEA","DST",NA,50
"DST","0518","average",NA,NA,NA,NA,NA,NA,NA,NA,NA,NA,NA,NA,NA,NA,NA,NA,NA,NA,13.8,1.78885438199983,11.9,5.54977477020464,44.56,5.87435102798598,NA,NA,NA,NA,NA,NA,NA,NA,NA,NA,NA,NA,0,0,2.675,0.408503365959205,"Philadelphia","Eagles","PHI","DST",NA,50
"DST","0518","robust",NA,NA,NA,NA,NA,NA,NA,NA,NA,NA,NA,NA,NA,NA,NA,NA,NA,NA,14,2.9652,10.75,4.4478,43.9,4.4478,NA,NA,NA,NA,NA,NA,NA,NA,NA,NA,NA,NA,0,0,2.7,0.44478,"Philadelphia","Eagles","PHI","DST",NA,50
"DST","0518","weighted",NA,NA,NA,NA,NA,NA,NA,NA,NA,NA,NA,NA,NA,NA,NA,NA,NA,NA,NA,1.51725963020679,NA,5.81913649088425,NA,6.31097556266735,NA,NA,NA,NA,NA,NA,NA,NA,NA,NA,NA,NA,NA,0,NA,0.483383904795896,"Philadelphia","Eagles","PHI","DST",NA,50
"DST","0531","average",NA,NA,NA,NA,NA,NA,NA,NA,NA,NA,NA,NA,NA,NA,NA,NA,NA,NA,13.26,1.21983605455815,9.66,1.69646691685986,46.94,7.93838774563198,NA,NA,NA,NA,NA,NA,NA,NA,NA,NA,NA,NA,0,0,2.225,0.762807315119618,"Baltimore","Ravens","BAL","DST",NA,50
"DST","0531","robust",NA,NA,NA,NA,NA,NA,NA,NA,NA,NA,NA,NA,NA,NA,NA,NA,NA,NA,13,0,10,2.9652,46.6,6.22692,NA,NA,NA,NA,NA,NA,NA,NA,NA,NA,NA,NA,0,0,2.225,0.704235,"Baltimore","Ravens","BAL","DST",NA,50
"DST","0531","weighted",NA,NA,NA,NA,NA,NA,NA,NA,NA,NA,NA,NA,NA,NA,NA,NA,NA,NA,NA,0.514849680249552,NA,1.94354420742063,NA,6.57347571553817,NA,NA,NA,NA,NA,NA,NA,NA,NA,NA,NA,NA,NA,0,NA,0.905863645289668,"Baltimore","Ravens","BAL","DST",NA,50
"DST","0504","average",NA,NA,NA,NA,NA,NA,NA,NA,NA,NA,NA,NA,NA,NA,NA,NA,NA,NA,12.3,2.28035085019828,9.58,2.28735655287933,39.8,3.75166629646081,NA,NA,NA,NA,NA,NA,NA,NA,NA,NA,NA,NA,0.633333333333333,0.389444048184931,3.2,0.833666600026653,"New England","Patriots","NEP","DST",NA,50
"DST","0504","robust",NA,NA,NA,NA,NA,NA,NA,NA,NA,NA,NA,NA,NA,NA,NA,NA,NA,NA,12.5,2.2239,9.95,1.4826,39.5,3.7065,NA,NA,NA,NA,NA,NA,NA,NA,NA,NA,NA,NA,0.633333333333333,0.39536,3.2,0.44478,"New England","Patriots","NEP","DST",NA,50
"DST","0504","weighted",NA,NA,NA,NA,NA,NA,NA,NA,NA,NA,NA,NA,NA,NA,NA,NA,NA,NA,NA,2.25459091937379,NA,2.56190933297708,NA,4.27390428970994,NA,NA,NA,NA,NA,NA,NA,NA,NA,NA,NA,NA,NA,0.420416561893283,NA,0.659025453207076,"New England","Patriots","NEP","DST",NA,50
"DST","0529","average",NA,NA,NA,NA,NA,NA,NA,NA,NA,NA,NA,NA,NA,NA,NA,NA,NA,NA,12.72,2.02286924935845,8.34,1.79666357451806,44.42,6.31601139960973,NA,NA,NA,NA,NA,NA,NA,NA,NA,NA,NA,NA,0,0,2.8,0.734846922834953,"New Orleans","Saints","NOS","DST",NA,50
"DST","0529","robust",NA,NA,NA,NA,NA,NA,NA,NA,NA,NA,NA,NA,NA,NA,NA,NA,NA,NA,12.5,1.4826,8.35,1.03782,43.7,5.04084,NA,NA,NA,NA,NA,NA,NA,NA,NA,NA,NA,NA,0,0,2.7,0.29652,"New Orleans","Saints","NOS","DST",NA,50
"DST","0529","weighted",NA,NA,NA,NA,NA,NA,NA,NA,NA,NA,NA,NA,NA,NA,NA,NA,NA,NA,NA,1.80808745528485,NA,2.10414862875612,NA,7.3605180576557,NA,NA,NA,NA,NA,NA,NA,NA,NA,NA,NA,NA,NA,0,NA,0.869759526366717,"New Orleans","Saints","NOS","DST",NA,50
"DST","0507","average",NA,NA,NA,NA,NA,NA,NA,NA,NA,NA,NA,NA,NA,NA,NA,NA,NA,NA,11.68,1.00598210719674,8.84,3.13496411462715,48.16,5.02274825170444,NA,NA,NA,NA,NA,NA,NA,NA,NA,NA,NA,NA,0,0,3.15,1.18004237212059,"Cleveland","Browns","CLE","DST",NA,50
"DST","0507","robust",NA,NA,NA,NA,NA,NA,NA,NA,NA,NA,NA,NA,NA,NA,NA,NA,NA,NA,11.7,1.4826,9,4.15128,48.5,4.15128,NA,NA,NA,NA,NA,NA,NA,NA,NA,NA,NA,NA,0,0,3,0.7413,"Cleveland","Browns","CLE","DST",NA,50
"DST","0507","weighted",NA,NA,NA,NA,NA,NA,NA,NA,NA,NA,NA,NA,NA,NA,NA,NA,NA,NA,NA,0.836870946440997,NA,2.70498679561719,NA,5.72687625853821,NA,NA,NA,NA,NA,NA,NA,NA,NA,NA,NA,NA,NA,0,NA,0.521156675577516,"Cleveland","Browns","CLE","DST",NA,50
"DST","0512","average",NA,NA,NA,NA,NA,NA,NA,NA,NA,NA,NA,NA,NA,NA,NA,NA,NA,NA,11.76,0.887693640846886,7.82,2.74080280210014,42.94,4.96568222905977,NA,NA,NA,NA,NA,NA,NA,NA,NA,NA,NA,NA,0,0,2.15,0.736545993132812,"Kansas City","Chiefs","KCC","DST",NA,50
"DST","0512","robust",NA,NA,NA,NA,NA,NA,NA,NA,NA,NA,NA,NA,NA,NA,NA,NA,NA,NA,11.9,1.4826,7.55,4.29954,42.4,4.15128,NA,NA,NA,NA,NA,NA,NA,NA,NA,NA,NA,NA,0,0,2.15,0.51891,"Kansas City","Chiefs","KCC","DST",NA,50
"DST","0512","weighted",NA,NA,NA,NA,NA,NA,NA,NA,NA,NA,NA,NA,NA,NA,NA,NA,NA,NA,NA,0.828771583375752,NA,2.03320021135728,NA,4.51681077195704,NA,NA,NA,NA,NA,NA,NA,NA,NA,NA,NA,NA,NA,0,NA,0.876095535456924,"Kansas City","Chiefs","KCC","DST",NA,50
"DST","0509","average",NA,NA,NA,NA,NA,NA,NA,NA,NA,NA,NA,NA,NA,NA,NA,NA,NA,NA,14.18,2.74080280210014,8.9,2.24722050542442,36.22,4.59586770914917,NA,NA,NA,NA,NA,NA,NA,NA,NA,NA,NA,NA,0.433333333333333,0.530722777603022,3.45,0.884590300647707,"Jacksonville","Jaguars","JAC","DST",NA,50
"DST","0509","robust",NA,NA,NA,NA,NA,NA,NA,NA,NA,NA,NA,NA,NA,NA,NA,NA,NA,NA,14.45,2.9652,9,2.9652,36.4,5.9304,NA,NA,NA,NA,NA,NA,NA,NA,NA,NA,NA,NA,0.433333333333333,0.64246,3.5,0.7413,"Jacksonville","Jaguars","JAC","DST",NA,50
"DST","0509","weighted",NA,NA,NA,NA,NA,NA,NA,NA,NA,NA,NA,NA,NA,NA,NA,NA,NA,NA,NA,2.03063013132266,NA,2.13044305604285,NA,3.70534232636563,NA,NA,NA,NA,NA,NA,NA,NA,NA,NA,NA,NA,NA,0.25042090369655,NA,0.885783651859082,"Jacksonville","Jaguars","JAC","DST",NA,50
"DST","0526","average",NA,NA,NA,NA,NA,NA,NA,NA,NA,NA,NA,NA,NA,NA,NA,NA,NA,NA,13.0166666666667,1.81153710054933,7.85,2.4213632523849,47.1333333333333,12.2101051046527,NA,NA,NA,NA,NA,NA,NA,NA,NA,NA,NA,NA,0.375,0.370809924354783,2.48,0.870402205879558,"Atlanta","Falcons","ATL","DST",NA,50
"DST","0526","robust",NA,NA,NA,NA,NA,NA,NA,NA,NA,NA,NA,NA,NA,NA,NA,NA,NA,NA,13,1.18608,7.6,2.2239,43.75,8.37669,NA,NA,NA,NA,NA,NA,NA,NA,NA,NA,NA,NA,0.375,0.37065,2.39,0.51891,"Atlanta","Falcons","ATL","DST",NA,50
"DST","0526","weighted",NA,NA,NA,NA,NA,NA,NA,NA,NA,NA,NA,NA,NA,NA,NA,NA,NA,NA,NA,1.74766509519981,NA,2.03320021135728,NA,15.735519670729,NA,NA,NA,NA,NA,NA,NA,NA,NA,NA,NA,NA,NA,0.421639569804524,NA,0.88366369728912,"Atlanta","Falcons","ATL","DST",NA,50
"DST","0522","average",NA,NA,NA,NA,NA,NA,NA,NA,NA,NA,NA,NA,NA,NA,NA,NA,NA,NA,13.8166666666667,1.13210717984945,9.15,2.34414163394621,49.4,7.67202711152665,NA,NA,NA,NA,NA,NA,NA,NA,NA,NA,NA,NA,0.625,0.370809924354783,1.98,1.1737120600897,"Detroit","Lions","DET","DST",NA,50
"DST","0522","robust",NA,NA,NA,NA,NA,NA,NA,NA,NA,NA,NA,NA,NA,NA,NA,NA,NA,NA,14,0.44478,9,1.4826,48.8,6.74583,NA,NA,NA,NA,NA,NA,NA,NA,NA,NA,NA,NA,0.625,0.37065,2,1.4826,"Detroit","Lions","DET","DST",NA,50
"DST","0522","weighted",NA,NA,NA,NA,NA,NA,NA,NA,NA,NA,NA,NA,NA,NA,NA,NA,NA,NA,NA,1.02969936049911,NA,2.07435172069909,NA,8.56837461966803,NA,NA,NA,NA,NA,NA,NA,NA,NA,NA,NA,NA,NA,0.419627873456413,NA,1.09667735534811,"Detroit","Lions","DET","DST",NA,50
"DST","0514","average",NA,NA,NA,NA,NA,NA,NA,NA,NA,NA,NA,NA,NA,NA,NA,NA,NA,NA,15.6,2.96715351810452,8.91666666666667,2.33616494851427,50.1833333333333,6.67665085702904,NA,NA,NA,NA,NA,NA,NA,NA,NA,NA,NA,NA,0.3,0.46475800154489,1.96,1.3879481258318,"Los Angeles","Chargers","LAC","DST",NA,50
"DST","0514","robust",NA,NA,NA,NA,NA,NA,NA,NA,NA,NA,NA,NA,NA,NA,NA,NA,NA,NA,15.65,2.9652,8.85,0.7413,50.2,5.1891,NA,NA,NA,NA,NA,NA,NA,NA,NA,NA,NA,NA,0.15,0.22239,1.98,1.33434,"Los Angeles","Chargers","LAC","DST",NA,50
"DST","0514","weighted",NA,NA,NA,NA,NA,NA,NA,NA,NA,NA,NA,NA,NA,NA,NA,NA,NA,NA,NA,2.35390458986223,NA,2.11656720003883,NA,8.70423913686284,NA,NA,NA,NA,NA,NA,NA,NA,NA,NA,NA,NA,NA,0.173368317943765,NA,1.31193999775522,"Los Angeles","Chargers","LAC","DST",NA,50
"DST","0510","average",NA,NA,NA,NA,NA,NA,NA,NA,NA,NA,NA,NA,NA,NA,NA,NA,NA,NA,13.6,1.68641631870662,13.5166666666667,2.86525158872073,46.2333333333333,2.6875019379838,NA,NA,NA,NA,NA,NA,NA,NA,NA,NA,NA,NA,0.15,0.232379000772445,2.56,0.387814388593306,"Pittsburgh","Steelers","PIT","DST",NA,50
"DST","0510","robust",NA,NA,NA,NA,NA,NA,NA,NA,NA,NA,NA,NA,NA,NA,NA,NA,NA,NA,13.65,1.70499,13.5,2.29803,46,3.26172,NA,NA,NA,NA,NA,NA,NA,NA,NA,NA,NA,NA,0.075,0.111195,2.5,0.415128,"Pittsburgh","Steelers","PIT","DST",NA,50
"DST","0510","weighted",NA,NA,NA,NA,NA,NA,NA,NA,NA,NA,NA,NA,NA,NA,NA,NA,NA,NA,NA,1.93991157909493,NA,3.57300372125322,NA,3.24185153970333,NA,NA,NA,NA,NA,NA,NA,NA,NA,NA,NA,NA,NA,0.0866841589718827,NA,0.48600300421273,"Pittsburgh","Steelers","PIT","DST",NA,50
"DST","0501","average",NA,NA,NA,NA,NA,NA,NA,NA,NA,NA,NA,NA,NA,NA,NA,NA,NA,NA,14.9333333333333,2.28619042659763,10.3166666666667,5.59872009183051,41.3,7.5003999893339,NA,NA,NA,NA,NA,NA,NA,NA,NA,NA,NA,NA,0.375,0.370809924354783,3.12,0.798498591107085,"Buffalo","Bills","BUF","DST",NA,50
"DST","0501","robust",NA,NA,NA,NA,NA,NA,NA,NA,NA,NA,NA,NA,NA,NA,NA,NA,NA,NA,15,2.9652,10.35,2.9652,41.85,5.41149,NA,NA,NA,NA,NA,NA,NA,NA,NA,NA,NA,NA,0.375,0.37065,3.11,1.11195,"Buffalo","Bills","BUF","DST",NA,50
"DST","0501","weighted",NA,NA,NA,NA,NA,NA,NA,NA,NA,NA,NA,NA,NA,NA,NA,NA,NA,NA,NA,2.26480501298743,NA,5.29429772019059,NA,4.43706360609655,NA,NA,NA,NA,NA,NA,NA,NA,NA,NA,NA,NA,NA,0.421639569804524,NA,0.846950801182197,"Buffalo","Bills","BUF","DST",NA,50
"DST","0521","average",NA,NA,NA,NA,NA,NA,NA,NA,NA,NA,NA,NA,NA,NA,NA,NA,NA,NA,14.24,1.99699774661866,11.12,2.76983754036225,40.26,4.46519876377301,NA,NA,NA,NA,NA,NA,NA,NA,NA,NA,NA,NA,0,0,2.425,1.22142335003061,"Chicago","Bears","CHI","DST",NA,50
"DST","0521","robust",NA,NA,NA,NA,NA,NA,NA,NA,NA,NA,NA,NA,NA,NA,NA,NA,NA,NA,14,1.4826,11,2.07564,40.15,2.9652,NA,NA,NA,NA,NA,NA,NA,NA,NA,NA,NA,NA,0,0,2.425,1.371405,"Chicago","Bears","CHI","DST",NA,50
"DST","0521","weighted",NA,NA,NA,NA,NA,NA,NA,NA,NA,NA,NA,NA,NA,NA,NA,NA,NA,NA,NA,1.25484410257753,NA,2.69438359332064,NA,4.7729274534938,NA,NA,NA,NA,NA,NA,NA,NA,NA,NA,NA,NA,NA,0,NA,1.31666813212815,"Chicago","Bears","CHI","DST",NA,50
"DST","0506","average",NA,NA,NA,NA,NA,NA,NA,NA,NA,NA,NA,NA,NA,NA,NA,NA,NA,NA,12.48,1.02567051239665,9.9,3.17017349682947,41.22,3.49170445484723,NA,NA,NA,NA,NA,NA,NA,NA,NA,NA,NA,NA,0,0,2.475,1.12998893799895,"Cincinnati","Bengals","CIN","DST",NA,50
"DST","0506","robust",NA,NA,NA,NA,NA,NA,NA,NA,NA,NA,NA,NA,NA,NA,NA,NA,NA,NA,12.5,0.889559999999999,10,4.4478,41,2.9652,NA,NA,NA,NA,NA,NA,NA,NA,NA,NA,NA,NA,0,0,2.475,0.852495,"Cincinnati","Bengals","CIN","DST",NA,50
"DST","0506","weighted",NA,NA,NA,NA,NA,NA,NA,NA,NA,NA,NA,NA,NA,NA,NA,NA,NA,NA,NA,0.966066340309715,NA,3.36208926810876,NA,4.08466510052501,NA,NA,NA,NA,NA,NA,NA,NA,NA,NA,NA,NA,NA,0,NA,1.29149655264045,"Cincinnati","Bengals","CIN","DST",NA,50
"DST","0503","average",NA,NA,NA,NA,NA,NA,NA,NA,NA,NA,NA,NA,NA,NA,NA,NA,NA,NA,10.66,1.3145341380124,9.38,2.70591943708603,40.78,6.62510377277217,NA,NA,NA,NA,NA,NA,NA,NA,NA,NA,NA,NA,0,0,2.15,1.91115148536164,"Miami","Dolphins","MIA","DST",NA,50
"DST","0503","robust",NA,NA,NA,NA,NA,NA,NA,NA,NA,NA,NA,NA,NA,NA,NA,NA,NA,NA,10.5,1.92738,9.5,3.11346,38.2,1.4826,NA,NA,NA,NA,NA,NA,NA,NA,NA,NA,NA,NA,0,0,2.15,1.85325,"Miami","Dolphins","MIA","DST",NA,50
"DST","0503","weighted",NA,NA,NA,NA,NA,NA,NA,NA,NA,NA,NA,NA,NA,NA,NA,NA,NA,NA,NA,1.50860909150475,NA,3.1605187360487,NA,7.64831741653228,NA,NA,NA,NA,NA,NA,NA,NA,NA,NA,NA,NA,NA,0,NA,2.12515841363547,"Miami","Dolphins","MIA","DST",NA,50
"DST","0513","average",NA,NA,NA,NA,NA,NA,NA,NA,NA,NA,NA,NA,NA,NA,NA,NA,NA,NA,10.04,1.92561678430575,8.84,2.41412510032103,41.84,4.51032149630157,NA,NA,NA,NA,NA,NA,NA,NA,NA,NA,NA,NA,0.966666666666667,0.672061505121865,1.85,1.50582203463756,"Las Vegas","Raiders","LVR","DST",NA,50
"DST","0513","robust",NA,NA,NA,NA,NA,NA,NA,NA,NA,NA,NA,NA,NA,NA,NA,NA,NA,NA,10,1.4826,9,2.9652,41.95,6.37518,NA,NA,NA,NA,NA,NA,NA,NA,NA,NA,NA,NA,0.966666666666667,0.04942,1.85,1.26021,"Las Vegas","Raiders","LVR","DST",NA,50
"DST","0513","weighted",NA,NA,NA,NA,NA,NA,NA,NA,NA,NA,NA,NA,NA,NA,NA,NA,NA,NA,NA,1.24829396980434,NA,2.68262795687824,NA,5.20659950993705,NA,NA,NA,NA,NA,NA,NA,NA,NA,NA,NA,NA,NA,0.491208684690667,NA,1.30498711985691,"Las Vegas","Raiders","LVR","DST",NA,50
"DST","0525","average",NA,NA,NA,NA,NA,NA,NA,NA,NA,NA,NA,NA,NA,NA,NA,NA,NA,NA,11.78,0.801249024960405,10.32,3.30333165153001,39.76,4.32758593213353,NA,NA,NA,NA,NA,NA,NA,NA,NA,NA,NA,NA,0.6,0.374165738677394,2.275,1.17765657133139,"Tampa Bay","Buccaneers","TBB","DST",NA,50
"DST","0525","robust",NA,NA,NA,NA,NA,NA,NA,NA,NA,NA,NA,NA,NA,NA,NA,NA,NA,NA,11.95,1.33434,11,2.9652,41,1.4826,NA,NA,NA,NA,NA,NA,NA,NA,NA,NA,NA,NA,0.6,0.29652,2.275,1.297275,"Tampa Bay","Buccaneers","TBB","DST",NA,50
"DST","0525","weighted",NA,NA,NA,NA,NA,NA,NA,NA,NA,NA,NA,NA,NA,NA,NA,NA,NA,NA,NA,0.577434013940825,NA,3.86548935611259,NA,1.03949496390858,NA,NA,NA,NA,NA,NA,NA,NA,NA,NA,NA,NA,NA,0.417586223182381,NA,1.27902983740813,"Tampa Bay","Buccaneers","TBB","DST",NA,50
"DST","0523","average",NA,NA,NA,NA,NA,NA,NA,NA,NA,NA,NA,NA,NA,NA,NA,NA,NA,NA,12.12,0.878635305459552,10.78,3.98020099994963,41.48,9.24591801823918,NA,NA,NA,NA,NA,NA,NA,NA,NA,NA,NA,NA,0,0,2.45,1.08282039138539,"Green Bay","Packers","GBP","DST",NA,50
"DST","0523","robust",NA,NA,NA,NA,NA,NA,NA,NA,NA,NA,NA,NA,NA,NA,NA,NA,NA,NA,12,1.4826,10,3.11346,41,2.81694,NA,NA,NA,NA,NA,NA,NA,NA,NA,NA,NA,NA,0,0,2.45,0.51891,"Green Bay","Packers","GBP","DST",NA,50
"DST","0523","weighted",NA,NA,NA,NA,NA,NA,NA,NA,NA,NA,NA,NA,NA,NA,NA,NA,NA,NA,NA,0.957772153839459,NA,4.09279403852202,NA,7.45130081357955,NA,NA,NA,NA,NA,NA,NA,NA,NA,NA,NA,NA,NA,0,NA,1.27221091518671,"Green Bay","Packers","GBP","DST",NA,50
"DST","0520","average",NA,NA,NA,NA,NA,NA,NA,NA,NA,NA,NA,NA,NA,NA,NA,NA,NA,NA,10.04,2.40997925302273,8,5.04975246918104,45.58,4.62406747355616,NA,NA,NA,NA,NA,NA,NA,NA,NA,NA,NA,NA,0.4,0.374165738677394,2.75,1.4517231140958,"Washington","Commanders","WAS","DST",NA,50
"DST","0520","robust",NA,NA,NA,NA,NA,NA,NA,NA,NA,NA,NA,NA,NA,NA,NA,NA,NA,NA,10,2.9652,8.5,1.4826,44.5,2.81694,NA,NA,NA,NA,NA,NA,NA,NA,NA,NA,NA,NA,0.4,0.29652,2.75,0.81543,"Washington","Commanders","WAS","DST",NA,50
"DST","0520","weighted",NA,NA,NA,NA,NA,NA,NA,NA,NA,NA,NA,NA,NA,NA,NA,NA,NA,NA,NA,2.49658793960868,NA,2.57292147000283,NA,5.05539004964675,NA,NA,NA,NA,NA,NA,NA,NA,NA,NA,NA,NA,NA,0.419204190707153,NA,1.69751373029662,"Washington","Commanders","WAS","DST",NA,50
"DST","0502","average",NA,NA,NA,NA,NA,NA,NA,NA,NA,NA,NA,NA,NA,NA,NA,NA,NA,NA,12.82,1.30843417870369,9.16,2.41412510032103,40.6,3.24345494804537,NA,NA,NA,NA,NA,NA,NA,NA,NA,NA,NA,NA,0,0,1.975,1.43592304807744,"Indianapolis","Colts","IND","DST",NA,50
"DST","0502","robust",NA,NA,NA,NA,NA,NA,NA,NA,NA,NA,NA,NA,NA,NA,NA,NA,NA,NA,12.55,0,9,2.9652,40,1.4826,NA,NA,NA,NA,NA,NA,NA,NA,NA,NA,NA,NA,0,0,1.975,1.445535,"Indianapolis","Colts","IND","DST",NA,50
"DST","0502","weighted",NA,NA,NA,NA,NA,NA,NA,NA,NA,NA,NA,NA,NA,NA,NA,NA,NA,NA,NA,1.52555476611704,NA,2.65567177128032,NA,3.42070968878012,NA,NA,NA,NA,NA,NA,NA,NA,NA,NA,NA,NA,NA,0,NA,1.29756895913455,"Indianapolis","Colts","IND","DST",NA,50
"DST","0527","average",NA,NA,NA,NA,NA,NA,NA,NA,NA,NA,NA,NA,NA,NA,NA,NA,NA,NA,12.9,2.24722050542442,7.58,1.95754948851874,36.1,3.87556447501522,NA,NA,NA,NA,NA,NA,NA,NA,NA,NA,NA,NA,0,0,2.425,1.06389614154766,"Carolina","Panthers","CAR","DST",NA,50
"DST","0527","robust",NA,NA,NA,NA,NA,NA,NA,NA,NA,NA,NA,NA,NA,NA,NA,NA,NA,NA,13,2.9652,7.5,2.9652,35.5,2.9652,NA,NA,NA,NA,NA,NA,NA,NA,NA,NA,NA,NA,0,0,2.4,0.14826,"Carolina","Panthers","CAR","DST",NA,50
"DST","0527","weighted",NA,NA,NA,NA,NA,NA,NA,NA,NA,NA,NA,NA,NA,NA,NA,NA,NA,NA,NA,1.1534435918843,NA,2.21211230262341,NA,3.65873022726142,NA,NA,NA,NA,NA,NA,NA,NA,NA,NA,NA,NA,NA,0,NA,1.26985447976657,"Carolina","Panthers","CAR","DST",NA,50
"DST","0517","average",NA,NA,NA,NA,NA,NA,NA,NA,NA,NA,NA,NA,NA,NA,NA,NA,NA,NA,10.06,0.719722168617863,9.96,3.83510104169369,45.3,12.2298814385095,NA,NA,NA,NA,NA,NA,NA,NA,NA,NA,NA,NA,0,0,2.725,1.09857862713599,"New York","Giants","NYG","DST",NA,50
"DST","0517","robust",NA,NA,NA,NA,NA,NA,NA,NA,NA,NA,NA,NA,NA,NA,NA,NA,NA,NA,10,0.444780000000001,9.4,2.9652,41,1.4826,NA,NA,NA,NA,NA,NA,NA,NA,NA,NA,NA,NA,0,0,2.725,0.704235,"New York","Giants","NYG","DST",NA,50
"DST","0517","weighted",NA,NA,NA,NA,NA,NA,NA,NA,NA,NA,NA,NA,NA,NA,NA,NA,NA,NA,NA,0.803252017320809,NA,4.09279403852202,NA,12.4653381744433,NA,NA,NA,NA,NA,NA,NA,NA,NA,NA,NA,NA,NA,0,NA,1.27238633444707,"New York","Giants","NYG","DST",NA,50
"DST","0530","average",NA,NA,NA,NA,NA,NA,NA,NA,NA,NA,NA,NA,NA,NA,NA,NA,NA,NA,10.94,2.93564303007024,8.82,2.83054765019068,35.64,9.51015246986083,NA,NA,NA,NA,NA,NA,NA,NA,NA,NA,NA,NA,0,0,2.3,1.13578166916005,"San Francisco","49ers","SFO","DST",NA,50
"DST","0530","robust",NA,NA,NA,NA,NA,NA,NA,NA,NA,NA,NA,NA,NA,NA,NA,NA,NA,NA,11,0,9,2.9652,35.55,7.26474,NA,NA,NA,NA,NA,NA,NA,NA,NA,NA,NA,NA,0,0,2.3,1.03782,"San Francisco","49ers","SFO","DST",NA,50
"DST","0530","weighted",NA,NA,NA,NA,NA,NA,NA,NA,NA,NA,NA,NA,NA,NA,NA,NA,NA,NA,NA,1.89533183681015,NA,2.23469350655948,NA,6.35565886830332,NA,NA,NA,NA,NA,NA,NA,NA,NA,NA,NA,NA,NA,0,NA,1.27405359789694,"San Francisco","49ers","SFO","DST",NA,50
"DST","0508","average",NA,NA,NA,NA,NA,NA,NA,NA,NA,NA,NA,NA,NA,NA,NA,NA,NA,NA,9.4,3.57770876399966,8.54,2.77632851082144,45.3,5.59195851200633,NA,NA,NA,NA,NA,NA,NA,NA,NA,NA,NA,NA,0.866666666666667,0.571547606649408,2.875,1.16913429510899,"Tennessee","Titans","TEN","DST",NA,50
"DST","0508","robust",NA,NA,NA,NA,NA,NA,NA,NA,NA,NA,NA,NA,NA,NA,NA,NA,NA,NA,10,2.9652,8.85,1.92738,44.4,5.63388,NA,NA,NA,NA,NA,NA,NA,NA,NA,NA,NA,NA,0.866666666666667,0.19768,2.875,1.223145,"Tennessee","Titans","TEN","DST",NA,50
"DST","0508","weighted",NA,NA,NA,NA,NA,NA,NA,NA,NA,NA,NA,NA,NA,NA,NA,NA,NA,NA,NA,2.20087030185466,NA,2.64824403950146,NA,6.33319141510142,NA,NA,NA,NA,NA,NA,NA,NA,NA,NA,NA,NA,NA,0.462744811932493,NA,1.28049714015082,"Tennessee","Titans","TEN","DST",NA,50
"DST","0516","average",NA,NA,NA,NA,NA,NA,NA,NA,NA,NA,NA,NA,NA,NA,NA,NA,NA,NA,9.48,2.87262945748316,8.72,3.74058818904193,45.3,11.5195486022674,NA,NA,NA,NA,NA,NA,NA,NA,NA,NA,NA,NA,0.2,0.244948974278318,2.25,1.12583302491977,"Dallas","Cowboys","DAL","DST",NA,50
"DST","0516","robust",NA,NA,NA,NA,NA,NA,NA,NA,NA,NA,NA,NA,NA,NA,NA,NA,NA,NA,10.5,0,9,3.55824,43,5.9304,NA,NA,NA,NA,NA,NA,NA,NA,NA,NA,NA,NA,0.2,0.29652,2.25,0.96369,"Dallas","Cowboys","DAL","DST",NA,50
"DST","0516","weighted",NA,NA,NA,NA,NA,NA,NA,NA,NA,NA,NA,NA,NA,NA,NA,NA,NA,NA,NA,0.501818012304626,NA,3.31753525462677,NA,11.1546557740632,NA,NA,NA,NA,NA,NA,NA,NA,NA,NA,NA,NA,NA,0.115578878629177,NA,1.2744982409728,"Dallas","Cowboys","DAL","DST",NA,50
"DST","0519","average",NA,NA,NA,NA,NA,NA,NA,NA,NA,NA,NA,NA,NA,NA,NA,NA,NA,NA,11.16,0.909945053286186,10.14,2.29085137012422,36.64,5.8470505385194,NA,NA,NA,NA,NA,NA,NA,NA,NA,NA,NA,NA,0.666666666666667,0.408248290463863,2.4,1.6140012391569,"Arizona","Cardinals","ARI","DST",NA,50
"DST","0519","robust",NA,NA,NA,NA,NA,NA,NA,NA,NA,NA,NA,NA,NA,NA,NA,NA,NA,NA,11,1.4826,10,2.52042,36,0.889560000000002,NA,NA,NA,NA,NA,NA,NA,NA,NA,NA,NA,NA,0.666666666666667,0.4942,2.4,1.92738,"Arizona","Cardinals","ARI","DST",NA,50
"DST","0519","weighted",NA,NA,NA,NA,NA,NA,NA,NA,NA,NA,NA,NA,NA,NA,NA,NA,NA,NA,NA,0.577894393145885,NA,2.60143492990588,NA,4.83785166800981,NA,NA,NA,NA,NA,NA,NA,NA,NA,NA,NA,NA,NA,0.424103825563989,NA,1.72443225736884,"Arizona","Cardinals","ARI","DST",NA,50
"DST","0505","average",NA,NA,NA,NA,NA,NA,NA,NA,NA,NA,NA,NA,NA,NA,NA,NA,NA,NA,8.4,4.9295030175465,8.18,3.30333165153001,37.18,7.73705370279928,NA,NA,NA,NA,NA,NA,NA,NA,NA,NA,NA,NA,0.466666666666667,0.355902608401044,3.1,1.95320249846246,"New York","Jets","NYJ","DST",NA,50
"DST","0505","robust",NA,NA,NA,NA,NA,NA,NA,NA,NA,NA,NA,NA,NA,NA,NA,NA,NA,NA,9.5,1.4826,8,1.4826,37.2,2.9652,NA,NA,NA,NA,NA,NA,NA,NA,NA,NA,NA,NA,0.466666666666667,0.09884,3.1,1.33434,"New York","Jets","NYJ","DST",NA,50
"DST","0505","weighted",NA,NA,NA,NA,NA,NA,NA,NA,NA,NA,NA,NA,NA,NA,NA,NA,NA,NA,NA,1.73230204182248,NA,2.50956537655201,NA,5.31899349979046,NA,NA,NA,NA,NA,NA,NA,NA,NA,NA,NA,NA,NA,0.415105171150564,NA,1.7979995581843,"New York","Jets","NYJ","DST",NA,50
