avg_type,id,pos,points,sd_pts,sd_pts_imputed,dropoff,floor,ceiling,points_vor,floor_vor,ceiling_vor,rank,floor_rank,ceiling_rank,pos_rank,tier,points_vor_flex,flex_rank,first_name,last_name,team,position,age,exp,overall_ecr,pos_ecr,sd_ecr,adp,adp_source,adp_ffa,adp_sd,adp_sd_source,adp_sd_ffa,adp_diff,aav,aav_sd,pid,adp_tsv,min_pick,max_pick,n_picks
robust,13589,QB,372.029,3.81917760000003,FALSE,40.984,367.754,395.58,57.4865,71.086,57.9520000000001,11,6,10,1,1,NA,NA,Josh,Allen,BUF,QB,30,2,28.72,1.01,0.1,32.45,ADP.tsv,18.804,9.1527,ADP.tsv,8.50155891586949,-7.804,38.215,11.6786418302815,16074,32.45,10,63,340
robust,13593,QB,331.045,10.052028,FALSE,3.18000000000001,320.6166,360.522,16.5025,23.9486,22.8939999999999,35,23,29,2,1,NA,NA,Lamar,Jackson,BAL,QB,29,2,38.18,2.46,0.93,64.42,ADP.tsv,41.516,18.8234,ADP.tsv,11.2351886499515,-6.516,25.535,10.5414740430359,16081,64.42,5,114,340
robust,16581,QB,327.865,8.1543,FALSE,3.29500000000002,317.2398,352.258,13.3225,20.5718,14.6300000000001,37,27,36,3,1,NA,NA,Jayden,Daniels,WAS,QB,26,-4,61.59,6.15,2.34,90.82,ADP.tsv,63.814,26.5946,ADP.tsv,9.05596952291691,-26.814,11.924,4.85648926694994,21126,90.82,10,164,340
robust,16580,QB,324.57,8.65838399999996,FALSE,0.939999999999998,316.086,356.354,10.0275,19.418,18.726,42,29,32,4,1,NA,NA,Drake,Maye,NEP,QB,24,-4,43.17,3.26,1.07,65.89,ADP.tsv,49.336,16.2330,ADP.tsv,11.3171950588474,-7.336,16.3745,6.65413035264564,21125,65.89,7,101,340
robust,14783,QB,323.63,3.85476000000003,FALSE,7.33999999999997,315.509,346.75,9.08749999999998,18.841,9.12200000000001,44,30,43,5,2,NA,NA,Jalen,Hurts,PHI,QB,28,0,60.14,5.82,1.67,97.58,ADP.tsv,64.948,25.5584,ADP.tsv,11.4598593359605,-20.948,14.2755,7.73959822923645,17999,97.58,8,156,340
robust,16579,QB,316.29,37.1243039999999,FALSE,0.267500000000041,292.372,342.648,1.7475,-4.29599999999999,5.02000000000004,54,72,56,6,2,NA,NA,Caleb,Williams,CHI,QB,25,-4,67.54,7.04,1.71,81.56,ADP.tsv,73.936,21.2411,ADP.tsv,14.3032871746323,-19.936,9.893,6.27882369556592,21124,81.56,19,142,340
robust,15237,QB,316.0225,16.649598,FALSE,0.0624999999999432,297.266,340.227,1.47999999999996,0.597999999999956,2.59899999999999,55,60,57,7,2,NA,NA,Trevor,Lawrence,JAC,QB,27,-1,77.14,8.99,2.02,91.97,ADP.tsv,82.202,21.0684,ADP.tsv,9.86450282578904,-27.202,8.4075,5.67389361461775,18779,91.97,14,136,340
robust,14779,QB,315.96,21.616308,FALSE,0.288499999999999,295.304,336.728,1.41750000000002,-1.36399999999998,-0.89999999999992,56,66,63,8,2,NA,NA,Justin,Herbert,LAC,QB,28,0,73.21,8.22,2.16,90.85,ADP.tsv,84.478,22.6226,ADP.tsv,17.1541381596395,-28.478,9.7215,6.92113767743425,17976,90.85,13,144,340
robust,17032,QB,315.6715,12.9964716,FALSE,1.12900000000002,302.878,339.266,1.12900000000002,6.20999999999998,1.63799999999998,57,48,59,9,3,NA,NA,Jaxson,Dart,NYG,QB,23,-5,99.71,13.32,2.88,123.84,ADP.tsv,104.216,28.8396,ADP.tsv,13.6040708613268,-47.216,6.534,3.19131132921876,22087,123.84,22,189,340
robust,12620,QB,314.5425,10.244766,FALSE,0.970000000000027,298.542,333.014,0,1.87400000000002,-4.61399999999998,61,57,66,10,3,NA,NA,Dak,Prescott,DAL,QB,33,4,79,9.27,2.04,91.12,ADP.tsv,69.506,21.0684,ADP.tsv,14.1156956612134,-8.506,10.8345,7.62190860283696,14553,91.12,15,137,340
robust,14777,QB,313.5725,3.13421640000005,FALSE,1.91250000000002,308.8408,346.299,-0.970000000000027,12.1728,8.67099999999999,62,41,45,11,3,NA,NA,Joe,Burrow,CIN,QB,30,0,50.19,4.54,1.36,62.41,ADP.tsv,50.276,17.6146,ADP.tsv,11.57095778231,11.724,16.6755,8.58697739312268,17968,62.41,6,108,340
robust,16582,QB,311.66,33.773628,FALSE,0.71999999999997,288.956,337.628,-2.88250000000005,-7.71199999999999,0,67,80,61,12,3,NA,NA,Bo,Nix,DEN,QB,26,-4,99.2,12.7,1.99,120.87,ADP.tsv,104.464,25.3857,ADP.tsv,16.9150496304327,-37.464,6.619,5.18172201106929,20299,120.87,26,173,340
robust,13116,QB,310.94,14.826,FALSE,3.26999999999998,295.34,328.332,-3.60250000000002,-1.32799999999997,-9.29599999999999,69,65,78,13,3,NA,NA,Patrick,Mahomes,KCC,QB,31,3,104.44,14.13,2.41,125.26,ADP.tsv,102.016,24.8676,ADP.tsv,16.5771536760688,-33.016,8.8555,8.95422027593693,15234,125.26,35,179,340
robust,15698,QB,307.67,10.363374,FALSE,2.84000000000003,296.668,326.078,-6.8725,0,-11.55,74,61,84,14,4,NA,NA,Brock,Purdy,SFO,QB,27,-2,97.17,12.37,2.15,115.37,ADP.tsv,96.854,24.1769,ADP.tsv,16.2051826277892,-22.854,5.566,4.44829270619639,19742,115.37,23,163,340
robust,12611,QB,304.83,23.12856,FALSE,0.629999999999995,282.088,328.052,-9.71250000000003,-14.58,-9.57600000000002,82,100,79,15,4,NA,NA,Jared,Goff,DET,QB,32,4,107.08,14.7,2.48,113.84,ADP.tsv,104.744,24.8676,ADP.tsv,14.7466723025908,-22.744,5.928,5.82166230556188,14748,113.84,18,162,340
robust,9431,QB,304.2,19.1551919999999,FALSE,7.97999999999996,287.44,331.156,-10.3425,-9.22800000000001,-6.47199999999992,85,84,70,16,5,NA,NA,Matthew,Stafford,LAR,QB,38,11,108.78,15.18,2.45,107.61,ADP.tsv,89.128,25.2130,ADP.tsv,25.005051009746,-4.128,8.1635,6.88075553627652,7697,107.61,20,166,340
robust,14056,QB,296.22,11.920104,FALSE,0.160000000000025,287.78,324.344,-18.3225,-8.88800000000003,-13.284,114,82,93,17,5,NA,NA,Kyler,Murray,MIN,QB,29,1,118.44,16.82,2.44,138.79,ADP.tsv,126.354,27.2853,ADP.tsv,17.3364432338355,-12.354,5.333,5.24816034434925,17009,138.79,45,203,340
robust,13590,QB,296.06,21.3790919999999,FALSE,0.71999999999997,271.232,319.048,-18.4825,-25.436,-18.58,116,129,108,18,5,NA,NA,Baker,Mayfield,TBB,QB,31,2,124.4,18.6,1.89,136.19,ADP.tsv,127.662,28.6669,ADP.tsv,15.4383138975731,-11.662,4.3575,4.63970028665646,16069,136.19,36,202,340
robust,17039,QB,295.34,14.173656,FALSE,13.1900000000001,274.036,316.744,-19.2025,-22.632,-20.884,119,122,118,19,6,NA,NA,Tyler,Shough,NOS,QB,27,-5,131.18,19.62,1.88,146.06,ADP.tsv,138.36,29.5303,ADP.tsv,14.4729913977726,-19.36,3.005,2.50760343754749,22220,146.06,41,212,340
robust,14782,QB,282.15,3.58789200000002,FALSE,2.98000000000002,277.408,304.684,-32.3925,-19.26,-32.944,149,113,156,20,7,NA,NA,Jordan,Love,GBP,QB,28,0,121.61,17.8,2.24,140.26,ADP.tsv,132.85,29.3576,ADP.tsv,18.1987450116759,16.15,4.8235,4.64912429926325,17997,140.26,48,218,340
robust,15694,QB,279.17,21.527352,FALSE,1.71999999999997,253.316,299.136,-35.3725000000001,-43.352,-38.492,155,164,168,21,7,NA,NA,Malik,Willis,MIA,QB,27,-2,139.55,20.15,2.75,159.74,ADP.tsv,145.996,29.9036,ADP.tsv,18.4941099812886,9.00399999999999,4.207,5.09276614424813,19458,159.74,52,225,337
robust,16150,QB,277.45,36.501612,FALSE,1.98000000000002,248.192,303.076,-37.0925,-48.476,-34.552,161,172,160,22,7,NA,NA,C.J.,Stroud,HOU,QB,25,-3,154.76,23.22,1.41,202.54,ADP.tsv,146.094,31.7960,ADP.tsv,22.0244950906939,14.906,3.031,3.46174565790152,20280,202.54,62,240,248
robust,13592,QB,275.47,14.588784,FALSE,7.06,256.604,293.648,-39.0725,-40.064,-43.98,165,160,176,23,8,NA,NA,Sam,Darnold,SEA,QB,29,2,148.42,22.49,1.55,169.52,ADP.tsv,141.596,31.3659,ADP.tsv,19.508577190559,23.404,3.78,4.26337894163772,16077,169.52,56,237,329
robust,14059,QB,268.41,20.548836,FALSE,7.5,139.376,284.884,-46.1325000000001,-157.292,-52.744,179,443,193,24,9,NA,NA,Daniel,Jones,IND,QB,29,1,157.68,23.37,1.82,181.52,ADP.tsv,148.918,31.3579,ADP.tsv,22.1555125420289,30.082,3.5905,4.06637316905372,17008,181.52,60,240,313
robust,16148,QB,260.91,3.02450400000003,FALSE,18.6,248.144,275.26,-53.6325000000001,-48.524,-62.368,190,173,211,25,10,NA,NA,Bryce,Young,CAR,QB,25,-3,189.08,26.05,1.29,236.33,ADP.tsv,123.085,37.9855,ADP.tsv,1.685,66.915,3.00933333333333,2.93542289211547,20281,236.33,66,267,150
robust,12616,QB,242.31,27.309492,FALSE,6.87,206.884,292.6,-72.2325,-89.784,-45.028,217,234,178,26,11,NA,NA,Jacoby,Brissett,ARI,QB,34,4,217.02,27.2,1.8,229.82,ADP.tsv,157.83,34.8413,ADP.tsv,28.27,59.17,3.48933333333333,4.02557998581847,14802,229.82,67,255,178
robust,11150,QB,235.44,21.4977,FALSE,0.20999999999998,219.036,252.776,-79.1025,-77.632,-84.852,225,215,241,27,11,NA,NA,Geno,Smith,NYJ,QB,36,7,243.75,28.68,1.35,247.99,ADP.tsv,143.46,37.3455,ADP.tsv,NA,81.54,3.904,3.704,11818,247.99,71,265,128
robust,17030,QB,235.23,6.76065600000005,FALSE,1.47,228.42,258.328,-79.3125,-68.248,-79.3,226,201,231,28,11,NA,NA,Cam,Ward,TEN,QB,24,-5,172.67,25.06,1.61,218.16,ADP.tsv,125.85,32.8769,ADP.tsv,1.75,100.15,1.875,1.71955662890176,20310,218.16,70,251,213
robust,7836,QB,233.76,12.275928,FALSE,40.57,216.752,243.496,-80.7825,-79.916,-94.132,229,219,259,29,12,NA,NA,Aaron,Rodgers,PIT,QB,43,15,229.48,27.95,1.86,244.67,ADP.tsv,128.075,37.1457,ADP.tsv,12.175,100.925,3.304,3.43488456865729,5712,244.67,68,262,134
robust,17462,QB,193.19,8.00604000000001,FALSE,44.33,157.672,224.5,-121.3525,-138.996,-113.128,325,388,294,30,13,NA,NA,Fernando,Mendoza,LVR,QB,23,-6,270.08,30.7,2.38,255.8,ADP.tsv,129.365,29.0703,ADP.tsv,10.765,195.635,4.61333333333333,5.40829815088711,22928,255.8,124,272,108
robust,14778,QB,148.86,40.979064,FALSE,14.9,111.412,207.732,-165.6825,-185.256,-129.896,453,535,344,31,14,NA,NA,Tua,Tagovailoa,ATL,QB,28,0,288.81,32.28,2.15,268.92,ADP.tsv,170.36,53.7472,ADP.tsv,NA,282.64,3.614,3.514,17975,268.92,87,352,83
robust,13113,QB,133.96,89.460084,FALSE,15.26,69.256,216.28,-180.5825,-227.412,-121.348,494,536,315,32,15,NA,NA,Deshaun,Watson,CLE,QB,31,3,297.29,33.32,2.26,275.42,ADP.tsv,168.07,50.5779,ADP.tsv,NA,325.93,3.242,3.142,15231,275.42,104,353,82
robust,17031,QB,118.7,37.776648,FALSE,16,54.192,150.296,-195.8425,-242.476,-187.332,529,538,468,33,16,NA,NA,Shedeur,Sanders,CLE,QB,24,-5,302.56,33.64,1.67,276.36,ADP.tsv,173.75,38.2826,ADP.tsv,NA,355.25,1.142,1.042,22056,276.36,159,346,77
robust,16583,QB,102.7,37.391172,FALSE,54.445,68.152,157.488,-211.8425,-228.516,-180.14,536,537,450,34,17,NA,NA,Michael,Penix Jr.,ATL,QB,26,-4,289.08,32.03,2.09,269.41,ADP.tsv,173.7,46.0406,ADP.tsv,NA,362.3,2.22,2.22,20298,269.41,105,333,86
robust,12141,QB,48.255,5.129796,FALSE,0.194999999999993,28.228,57.874,-266.2875,-268.44,-279.754,537,541,543,35,17,NA,NA,Marcus,Mariota,WAS,QB,33,5,407.62,43.41,4.19,284.86,ADP.tsv,NA,18.0834,ADP.tsv,NA,NA,NA,NA,13530,284.86,286,360,21
robust,10700,QB,48.06,5.871096,FALSE,3.745,42.188,109.644,-266.4825,-254.48,-227.984,538,539,537,36,17,NA,NA,Kirk,Cousins,LVR,QB,38,8,296.53,32.73,2.03,267.77,ADP.tsv,170.64,36.8493,ADP.tsv,NA,367.36,3.242,3.142,10974,267.77,148,331,88
robust,17035,QB,44.315,37.598736,FALSE,5.215,20.796,68.946,-270.2275,-275.872,-268.682,539,543,541,37,18,NA,NA,Riley,Leonard,IND,QB,24,-5,510.83,54.8,11.57,281.29,ADP.tsv,NA,19.5649,ADP.tsv,NA,NA,NA,NA,22084,281.29,305,357,2
robust,16586,QB,39.1,22.179696,FALSE,0.990000000000002,12.596,86.468,-275.4425,-284.072,-251.16,540,546,539,38,18,NA,NA,Spencer,Rattler,NOS,QB,26,-4,573.75,55.8,6.45,282.36,ADP.tsv,NA,13.7007,ADP.tsv,NA,NA,NA,NA,21413,282.36,310,358,8
robust,16584,QB,38.11,8.954904,FALSE,7.46,9.516,84.784,-276.4325,-287.152,-252.844,541,562,540,39,19,NA,NA,J.J.,McCarthy,MIN,QB,23,-4,346.24,38.67,4.38,284.86,ADP.tsv,NA,54.7598,ADP.tsv,NA,NA,0,NA,21150,284.86,123,359,30
robust,17466,QB,30.65,0.429953999999999,FALSE,2.13,30.389,30.911,-283.8925,-266.279,-306.717,542,540,554,40,19,NA,NA,Carson,Beck,ARI,QB,25,-6,334.77,37,4.03,286.1,ADP.tsv,NA,26.0424,ADP.tsv,NA,NA,4.44,4.44,23003,286.1,232,357,67
robust,15241,QB,28.52,5.248404,FALSE,0.210000000000001,8.376,51.368,-286.0225,-288.292,-286.26,543,568,546,41,19,NA,NA,Mac,Jones,SFO,QB,28,-1,357.64,38.96,3.32,287.65,ADP.tsv,NA,30.9842,ADP.tsv,NA,NA,2.58,2.58,18800,287.65,211,360,68
robust,17037,QB,28.31,36.931566,FALSE,0.529999999999998,5.891,50.729,-286.2325,-290.777,-286.899,544,573,547,42,19,NA,NA,Dillon,Gabriel,CLE,QB,26,-5,589.5,60.56,11.78,,,NA,,,NA,NA,NA,NA,,,,,
robust,13595,QB,27.78,12.364884,FALSE,0.855000000000004,11.934,56.97,-286.7625,-284.734,-280.658,545,551,544,43,20,NA,NA,Mason,Rudolph,PIT,QB,31,2,583.5,63.6,9.29,281.68,ADP.tsv,NA,14.6074,ADP.tsv,NA,NA,NA,NA,16080,281.68,315,360,4
robust,9064,QB,26.925,26.301324,FALSE,1.315,8.574,45.563,-287.6175,-288.094,-292.065,546,567,550,44,20,NA,NA,Joe,Flacco,CIN,QB,41,12,391.11,40.91,2.47,286.77,ADP.tsv,NA,37.5352,ADP.tsv,NA,NA,3.624,3.624,7090,286.77,187,360,49
robust,15238,QB,25.61,4.803624,FALSE,2.355,10.556,62.616,-288.9325,-286.112,-275.012,547,558,542,45,20,NA,NA,Justin,Fields,KCC,QB,27,-1,348.3,39.54,3.16,287.3,ADP.tsv,NA,22.8190,ADP.tsv,NA,NA,1.428,1.428,18783,287.3,253,359,52
robust,10413,QB,23.255,8.213604,FALSE,0.465000000000003,12.654,42.84,-291.2875,-284.014,-294.788,548,545,551,46,20,NA,NA,Tyrod,Taylor,GBP,QB,37,9,517.4,47.25,3.53,282.54,ADP.tsv,NA,22.6554,ADP.tsv,NA,NA,NA,NA,10144,282.54,275,356,9
robust,14067,QB,22.79,7.11648,FALSE,0.849999999999998,12.984,29.22,-291.7525,-283.684,-308.408,549,544,556,47,20,NA,NA,Gardner,Minshew,ARI,QB,30,1,540.4,52.71,10.37,282.66,ADP.tsv,NA,11.1879,ADP.tsv,NA,NA,NA,NA,17025,282.66,316,356,9
robust,14358,QB,21.94,2.1940,TRUE,0.835000000000001,21.94,21.94,-292.6025,-274.728,-315.688,550,542,558,48,20,NA,NA,Jake,Browning,FA,QB,30,1,472.4,60.8,17.45,281.44,ADP.tsv,NA,0.0000,ADP.tsv,NA,NA,NA,NA,17450,281.44,355,355,2
robust,17034,QB,21.105,0.889560000000002,FALSE,3.525,11.24,45.89,-293.4375,-285.428,-291.738,551,553,549,49,21,NA,NA,Quinn,Ewers,JAC,QB,23,-5,530,52.94,6.08,281.43,ADP.tsv,NA,2.6337,ADP.tsv,NA,NA,NA,NA,22070,281.43,350,357,2
robust,14789,QB,17.58,6.81996,FALSE,0.834999999999997,12.58,23.956,-296.9625,-284.088,-313.672,552,547,557,50,21,NA,NA,Tyler,Huntley,BAL,QB,28,0,537,55.46,3,283.73,ADP.tsv,NA,22.5105,ADP.tsv,NA,NA,NA,NA,18624,283.73,270,360,18
robust,15692,QB,16.745,0.593039999999998,FALSE,0.205000000000002,10.64,32.042,-297.7975,-286.028,-305.586,553,557,553,51,21,NA,NA,Kenny,Pickett,CAR,QB,28,-2,557.33,64.4,5.59,281.92,ADP.tsv,NA,19.8319,ADP.tsv,NA,NA,NA,NA,19442,281.92,284,350,6
robust,12140,QB,16.54,11.949756,FALSE,0.274999999999999,7.96,55.664,-298.0025,-288.708,-281.964,554,569,545,52,21,NA,NA,Jameis,Winston,NYG,QB,32,5,405.33,41.94,4.29,289.91,ADP.tsv,NA,20.1618,ADP.tsv,NA,NA,1.392,1.392,13529,289.91,265,360,58
robust,17463,QB,16.265,0.652344000000002,FALSE,0.134999999999998,9.384,33.522,-298.2775,-287.284,-304.106,555,563,552,53,21,NA,NA,Ty,Simpson,LAR,QB,24,-6,376.41,41.19,3.65,286.69,ADP.tsv,NA,30.4681,ADP.tsv,NA,NA,4.764,4.764,22936,286.69,222,360,43
robust,16152,QB,16.13,6.019356,FALSE,0.800000000000001,8.786,29.378,-298.4125,-287.882,-308.25,556,565,555,54,21,NA,NA,Anthony,Richardson,IND,QB,24,-3,382.35,42.28,6.99,284.46,ADP.tsv,NA,25.7248,ADP.tsv,NA,NA,2.208,NA,20294,284.46,254,360,22
robust,12610,QB,15.33,4.848102,FALSE,0.955000000000002,12.387,18.273,-299.2125,-284.281,-319.355,557,548,561,55,21,NA,NA,Carson,Wentz,MIN,QB,34,4,572.33,61.27,11.79,281.62,ADP.tsv,NA,7.5727,ADP.tsv,NA,NA,NA,NA,14911,281.62,337,359,3
robust,10313,QB,14.375,2.787288,FALSE,0.859999999999999,10.434,16.932,-300.1675,-286.234,-320.696,558,559,562,56,21,NA,NA,Andy,Dalton,PHI,QB,39,9,580.75,64.82,6.64,281.64,ADP.tsv,NA,3.7864,ADP.tsv,NA,NA,NA,NA,9994,281.64,347,358,3
robust,15252,QB,13.515,1.245384,FALSE,0.360000000000001,12.249,48.583,-301.0275,-284.419,-289.045,559,550,548,57,21,NA,NA,Davis,Mills,HOU,QB,28,-1,520,50.95,6.69,284.44,ADP.tsv,NA,15.7574,ADP.tsv,NA,NA,NA,NA,18922,284.44,297,360,18
robust,15240,QB,13.155,2.9652,FALSE,0.874999999999998,11.06,15.722,-301.3875,-285.608,-321.906,560,556,563,58,21,NA,NA,Trey,Lance,LAC,QB,26,-1,532.4,53.93,10.66,282.96,ADP.tsv,NA,6.5942,ADP.tsv,NA,NA,NA,NA,18799,282.96,333,357,10
robust,16585,QB,12.28,1.2280,TRUE,0.25,12.28,12.28,-302.2625,-284.388,-325.348,561,549,566,59,21,NA,NA,Joe,Milton,DAL,QB,26,-4,465,50.83,9.88,283.1,ADP.tsv,NA,13.6856,ADP.tsv,NA,NA,NA,NA,21408,283.1,305,357,13
robust,17467,QB,12.03,1.156428,FALSE,0.370000000000001,8.578,19.882,-302.5125,-288.09,-317.746,562,566,560,60,21,NA,NA,Cade,Klubnik,NYJ,QB,23,-6,406.31,43.72,6.2,282.36,ADP.tsv,NA,21.9783,ADP.tsv,NA,NA,4.656,NA,23104,282.36,282,359,8
robust,14063,QB,11.66,1.1660,TRUE,0.420000000000002,11.66,11.66,-302.8825,-285.008,-325.968,563,552,569,61,21,NA,NA,Jarrett,Stidham,DEN,QB,30,1,569.25,58.08,4.87,282.16,ADP.tsv,NA,4.8077,ADP.tsv,NA,NA,NA,NA,17022,282.16,339,355,6
robust,15702,QB,11.24,12.631752,FALSE,0.0999999999999979,3.092,20.156,-303.3025,-293.576,-317.472,564,576,559,62,21,NA,NA,Tanner,McKee,PHI,QB,26,-3,575,67.4,7,,,NA,,,NA,NA,NA,NA,,,,,
robust,17036,QB,11.14,1.1140,TRUE,0.0600000000000005,11.14,11.14,-303.4025,-285.528,-326.488,565,554,571,63,21,NA,NA,Will,Howard,PIT,QB,25,-5,585.33,75.57,7.89,281.18,ADP.tsv,NA,0.0000,ADP.tsv,NA,NA,NA,NA,22376,281.18,342,342,1
robust,11760,QB,11.08,1.1080,TRUE,0.68,11.08,11.08,-303.4625,-285.588,-326.548,566,555,572,64,22,NA,NA,Jimmy,Garoppolo,LAR,QB,35,6,565.5,67.6,9.46,,,NA,,,NA,NA,NA,NA,,,,,
robust,16153,QB,10.4,1.0400,TRUE,0.0549999999999997,10.4,10.4,-304.1425,-286.268,-327.228,567,560,574,65,22,NA,NA,Stetson,Bennett,LAR,QB,29,-3,558,68,14.23,282.47,ADP.tsv,NA,8.1823,ADP.tsv,NA,NA,NA,NA,20479,282.47,332,360,7
robust,16384,QB,10.345,1.008168,FALSE,0.705,6.158,12.332,-304.1975,-290.51,-325.296,568,572,565,66,22,NA,NA,Tyson,Bagent,CHI,QB,26,-3,532.2,52.63,9.51,284.25,ADP.tsv,NA,39.3435,ADP.tsv,NA,NA,NA,NA,20814,284.25,198,359,21
robust,16159,QB,9.64,0.9640,TRUE,0.23,9.64,9.64,-304.9025,-287.028,-327.988,569,561,575,67,22,NA,NA,Aidan,O'Connell,LVR,QB,28,-3,618.25,85.86,6.6,,,NA,,,NA,NA,NA,NA,,,,,
robust,14057,QB,9.41,3.03933,FALSE,0.135,7.565,11.255,-305.1325,-289.103,-326.373,570,570,570,68,22,NA,NA,Drew,Lock,SEA,QB,30,1,563.67,67.43,8.21,281.72,ADP.tsv,NA,11.3613,ADP.tsv,NA,NA,NA,NA,17012,281.72,324,359,4
robust,13115,QB,9.275,2.861418,FALSE,0.0750000000000011,2.462,12.51,-305.2675,-294.206,-325.118,571,577,564,69,22,NA,NA,Mitchell,Trubisky,TEN,QB,32,3,556.25,61,5.87,281.44,ADP.tsv,NA,1.1287,ADP.tsv,NA,NA,NA,NA,15223,281.44,354,357,2
robust,17654,QB,9.2,0.9200,TRUE,0.51,9.2,9.2,-305.3425,-287.468,-328.428,572,564,578,70,22,NA,NA,Cole,Payton,PHI,QB,24,-6,617.5,86.2,6.55,,,NA,,,NA,NA,NA,NA,,,,,
robust,13119,QB,8.69,1.897728,FALSE,0.479999999999999,2,11.972,-305.8525,-294.668,-325.656,573,578,568,71,22,NA,NA,Joshua,Dobbs,DET,QB,31,3,534.4,65.88,9.53,282.18,ADP.tsv,NA,29.5149,ADP.tsv,NA,NA,NA,NA,15357,282.18,259,360,7
robust,16441,QB,8.21,6.241746,FALSE,0.870000000000001,4.421,11.999,-306.3325,-292.247,-325.629,574,574,567,72,22,NA,NA,Tommy,DeVito,NEP,QB,28,-3,577.75,65.5,11.47,283.78,ADP.tsv,NA,7.0224,ADP.tsv,NA,NA,NA,NA,20845,283.78,333,360,14
robust,15693,QB,7.34,0.7340,TRUE,0.475000000000001,7.34,7.34,-307.2025,-289.328,-330.288,575,571,580,73,22,NA,NA,Sam,Howell,DAL,QB,26,-2,574.75,62.91,6.44,281.81,ADP.tsv,NA,6.8168,ADP.tsv,NA,NA,NA,NA,19449,281.81,335,356,4
robust,13879,QB,6.865,4.15128,FALSE,1.645,1.29,10.56,-307.6775,-295.378,-327.068,576,580,573,74,22,NA,NA,Kyle,Allen,BUF,QB,30,2,564,64,13.5,283.14,ADP.tsv,NA,10.5274,ADP.tsv,NA,NA,NA,NA,16562,283.14,313,353,13
robust,17469,QB,5.22,6.790308,FALSE,0.19,1.098,9.342,-309.3225,-295.57,-328.286,577,581,577,75,22,NA,NA,Jalon,Daniels,TBB,QB,24,-6,548.33,58.43,7.09,90.82,ADP.tsv,NA,26.5946,ADP.tsv,NA,NA,NA,NA,21126,90.82,10,164,340
robust,17033,QB,5.03,5.826618,FALSE,0.0200000000000005,1.493,8.567,-309.5125,-295.175,-329.061,578,579,579,76,22,NA,NA,Jalen,Milroe,SEA,QB,24,-5,514.4,55,7.77,281.19,ADP.tsv,NA,0.0000,ADP.tsv,NA,NA,NA,NA,22064,281.19,344,344,1
robust,17040,QB,5.01,7.19061,FALSE,0.79,0.645,9.375,-309.5325,-296.023,-328.253,579,584,576,77,22,NA,NA,Brady,Cook,MIA,QB,25,-5,583,77,6.41,,,NA,,,NA,NA,NA,NA,,,,,
robust,13124,QB,4.22,0.4220,TRUE,0.225,4.22,4.22,-310.3225,-292.448,-333.408,580,575,582,78,22,NA,NA,Cooper,Rush,ATL,QB,33,3,493,70.17,10.82,281.16,ADP.tsv,NA,0.0000,ADP.tsv,NA,NA,NA,NA,15479,281.16,337,337,1
robust,17038,QB,3.995,5.226165,FALSE,3.235,0.8225,7.1675,-310.5475,-295.8455,-330.4605,581,582,581,79,23,NA,NA,Kyle,McCord,MIA,QB,24,-5,565.67,61.6,8.14,,,NA,,,NA,NA,NA,NA,,,,,
robust,17657,QB,0.76,0.0760,TRUE,0.12,0.76,0.76,-313.7825,-295.908,-336.868,582,583,583,80,23,NA,NA,Taylen,Green,CLE,QB,24,-6,491.17,49.67,9.81,,,NA,,,NA,NA,NA,NA,,,,,
robust,15239,QB,0.64,0.0640,TRUE,0,0.64,0.64,-313.9025,-296.028,-336.988,583,585,584,81,23,NA,NA,Zach,Wilson,NOS,QB,27,-1,613.5,80.75,6.85,,,NA,,,NA,NA,NA,NA,,,,,
robust,16162,RB,336.09,19.8371879999999,FALSE,17.77,302.825,360.74,135.04,122.865,132.16,1,1,1,1,1,162.39,1,Jahmyr,Gibbs,DET,RB,24,-3,1.48,1.17,0.4,1.12,ADP.tsv,1.382,0.3454,ADP.tsv,0.24481829996959,-0.382,69.42,2.89837885722346,20272,1.12,1,3,340
robust,16161,RB,318.32,4.49227799999996,FALSE,22.76,291.3,341.16,117.27,111.34,112.58,2,2,2,2,2,144.62,2,Bijan,Robinson,ATL,RB,24,-3,2.27,1.86,0.39,1.99,ADP.tsv,2.168,0.5181,ADP.tsv,0.228333090024201,-0.168,67.556,4.2645243580029,20271,1.99,1,4,340
robust,13130,RB,295.56,11.030544,FALSE,5.89499999999998,275.12,304.68,94.51,95.16,76.1,4,3,7,3,3,121.86,3,Christian,McCaffrey,SFO,RB,30,3,8.5,4.25,1.7,7.69,ADP.tsv,6.984,3.1085,ADP.tsv,1.18349651457028,-2.984,58.213,7.47608099207065,15222,7.69,3,21,340
robust,14802,RB,289.665,13.298922,FALSE,29.6125,260.38,307.925,88.615,80.42,79.345,5,5,6,4,4,115.965,4,Jonathan,Taylor,IND,RB,27,0,8.37,4.21,1.33,8.04,ADP.tsv,5.496,2.4177,ADP.tsv,1.46850400067552,-0.496,57.084,4.48664774636922,17962,8.04,2,16,340
robust,16167,RB,260.0525,32.646852,FALSE,3.34750000000003,230.705,289.35,59.0025,50.745,60.77,9,14,9,5,5,86.3525,8,De'Von,Achane,MIA,RB,25,-3,17.96,8.74,2.33,15.73,ADP.tsv,13.23,3.4538,ADP.tsv,2.16650871219111,-4.23,44.65,2.68188366638078,20284,15.73,7,27,340
robust,12626,RB,256.705,21.34944,FALSE,2.67499999999995,241.805,277.893,55.655,61.845,49.313,12,10,14,6,5,83.005,10,Derrick,Henry,BAL,RB,32,4,20.7,9.99,1.9,21.04,ADP.tsv,14.03,4.4900,ADP.tsv,5.53432200002855,-2.03,44.64,8.80326075951406,15055,21.04,8,34,340
robust,15715,RB,254.03,10.615416,FALSE,7.55000000000004,245.75,277.07,52.98,65.79,48.49,14,8,15,7,6,80.33,11,James,Cook,BUF,RB,27,-2,9.93,4.79,1.3,8.74,ADP.tsv,8.586,2.5904,ADP.tsv,1.06496197115202,5.414,52.7795,2.66846037070068,19467,8.74,2,17,340
robust,16181,RB,246.48,15.537648,FALSE,3.37249999999997,231.31,269.72,45.43,51.35,41.14,15,13,17,8,6,72.78,12,Chase,Brown,CIN,RB,26,-3,15.04,7.36,2.15,11.95,ADP.tsv,14.276,4.3173,ADP.tsv,2.06613261917042,0.724,45.477,0.953995283007206,20292,11.95,3,28,340
robust,13604,RB,243.1075,6.46413599999998,FALSE,6.94000000000003,227.415,257.42,42.0575,47.455,28.84,16,16,24,9,6,69.4075,13,Saquon,Barkley,PHI,RB,29,2,15.77,7.82,1.98,15.78,ADP.tsv,13.148,3.9719,ADP.tsv,1.83607625113991,2.852,51.548,8.88260277171056,16062,15.78,6,29,340
robust,15711,RB,236.1675,15.478344,FALSE,0.367499999999978,213.365,251.91,35.1175,33.405,23.33,19,19,28,10,6,62.4675,14,Kenneth,Walker III,KCC,RB,26,-2,18.91,9.02,2.31,15.86,ADP.tsv,17.286,4.3173,ADP.tsv,2.38776548262177,1.714,42.036,3.38054551810799,19430,15.86,8,33,340
robust,17044,RB,235.8,27.20571,FALSE,1.375,213.41,258.82,34.75,33.45,30.24,21,18,23,11,7,62.1,15,Omarion,Hampton,LAC,RB,23,-5,19.16,9.27,2.3,15.06,ADP.tsv,18.81,5.0081,ADP.tsv,2.79608297444836,2.19,42.597,1.20579724663809,22069,15.06,5,34,340
robust,17042,RB,234.425,20.16336,FALSE,8.375,218.83,284.46,33.375,38.87,55.88,22,17,12,12,7,60.725,16,Ashton,Jeanty,LVR,RB,23,-5,23.5,10.98,2.63,18.47,ADP.tsv,21.246,8.6373,ADP.tsv,2.94645278258451,0.754000000000001,39.238,2.35830701987676,22055,18.47,10,60,339
robust,15256,RB,226.05,25.9455,FALSE,3.25,203.04,249.48,25,23.08,20.9,26,25,31,13,8,52.35,17,Javonte,Williams,DAL,RB,26,-1,34.68,14.33,2.08,33.24,ADP.tsv,28.578,5.8715,ADP.tsv,4.34187701345858,-2.578,30.0045,4.26532305341577,18771,33.24,18,52,340
robust,17472,RB,222.8,22.83204,FALSE,2.65000000000001,197.82,243.54,21.75,17.86,14.96,29,31,34,14,8,49.1,21,Jeremiyah,Love,ARI,RB,21,-6,38.92,15.83,2.4,36,ADP.tsv,31.296,10.7069,ADP.tsv,2.52631431140308,-2.296,32.816,5.86565665548198,22930,36,10,72,340
robust,15710,RB,220.15,4.4478,FALSE,0.200000000000017,211.56,236.26,19.1,31.6,7.68000000000001,31,20,50,15,8,46.45,22,Kyren,Williams,LAR,RB,26,-2,33.65,14.09,2.26,35.63,ADP.tsv,25.646,7.4258,ADP.tsv,3.64717753886481,5.354,31.752,7.16659137944951,19450,35.63,14,57,340
robust,15708,RB,219.95,28.1694,FALSE,2.54999999999998,194.64,246.54,18.9,14.68,17.96,32,38,33,16,8,46.25,23,Breece,Hall,NYJ,RB,25,-2,36.67,15.06,1.72,37.83,ADP.tsv,36.04,8.6346,ADP.tsv,4.72123288982867,-4.04,27.4035,5.02484594291208,19427,37.83,19,69,340
robust,15253,RB,217.4,20.45988,FALSE,6.09999999999999,200.12,237.88,16.35,20.16,9.30000000000001,36,28,42,17,9,43.7,24,Travis,Etienne,NOS,RB,27,-1,42.52,16.9,2.01,41.15,ADP.tsv,36.898,7.0804,ADP.tsv,3.17370067901811,-0.898000000000003,24.398,5.05737204484701,18770,41.15,19,60,340
robust,17045,RB,211.3,14.38122,FALSE,8,196.5,221.46,10.25,16.54,-7.11999999999998,41,33,73,18,9,37.6,29,Cam,Skattebo,NYG,RB,24,-5,53.17,20.59,2.69,50.63,ADP.tsv,39.534,8.9800,ADP.tsv,3.68108462277085,1.466,18.6585,1.33443124588718,22077,50.63,28,80,340
robust,16598,RB,203.3,11.8608,FALSE,2.25,187.64,238.4,2.25,7.68000000000004,9.82000000000002,52,45,40,19,9,29.6,31,Bucky,Irving,TBB,RB,24,-4,52.48,20.44,2.8,58.19,ADP.tsv,46.81,9.6708,ADP.tsv,5.41885227700479,5.19,15.8565,3.27768466299002,21136,58.19,35,91,340
robust,17051,RB,201.05,17.34642,FALSE,3.75,178.42,243.4,0,-1.53999999999999,14.82,61,67,35,20,10,27.35,33,Quinshon,Judkins,CLE,RB,23,-5,54.92,21.35,2.61,56.92,ADP.tsv,48.898,7.2531,ADP.tsv,7.28790889075872,12.102,16.6215,3.5632747227796,22062,56.92,37,79,340
robust,14797,RB,197.3,11.71254,FALSE,4.44999999999999,177.78,216.96,-3.75,-2.18000000000001,-11.6199999999999,70,68,85,21,10,23.6,37,D'Andre,Swift,CHI,RB,27,0,47.23,18.51,2.32,47.25,ADP.tsv,40.402,7.4258,ADP.tsv,5.83678130479462,29.598,22.656,7.83352845147064,17961,47.25,27,70,340
robust,17052,RB,192.85,11.1195,FALSE,9.15000000000001,179.96,203.06,-8.19999999999999,0,-25.52,78,61,130,22,11,19.15,41,Bhayshul,Tuten,JAC,RB,23,-5,60.02,23.25,3.13,57.31,ADP.tsv,53.86,8.8073,ADP.tsv,5.98447324331892,24.14,15.44,4.03754876131546,22106,57.31,30,81,340
robust,17473,RB,183.7,16.60512,FALSE,0.450000000000017,168.94,200.32,-17.35,-11.02,-28.26,108,93,141,23,11,10,46,Jadarian,Price,SEA,RB,23,-6,60.63,23.58,3.08,60.08,ADP.tsv,57.63,8.8073,ADP.tsv,8.04108450397084,50.37,18.108,6.75644225905913,22938,60.08,39,90,340
robust,14071,RB,183.25,5.18910000000004,FALSE,5,173.66,203.8,-17.8,-6.30000000000001,-24.78,111,77,129,24,11,9.54999999999998,47,David,Montgomery,HOU,RB,29,1,54.51,21.21,2.62,50.28,ADP.tsv,50.692,9.6708,ADP.tsv,4.53412571506349,60.308,19.4425,8.21668538706455,17016,50.28,26,82,340
robust,17043,RB,178.25,6.52344000000001,FALSE,7.94999999999999,172.38,218.6,-22.8,-7.58000000000001,-9.97999999999996,129,79,81,25,12,4.54999999999998,50,TreVeyon,Henderson,NEP,RB,24,-5,66.35,25.71,3.22,63.99,ADP.tsv,64.264,10.7069,ADP.tsv,6.83982046548007,64.736,9.848,2.44610547605781,22072,63.99,32,94,340
robust,15259,RB,170.3,13.3434,FALSE,3.10000000000002,146.56,188.78,-30.75,-33.4,-39.8,147,143,171,26,12,-3.40000000000001,55,Rhamondre,Stevenson,NEP,RB,28,-1,68.94,26.54,3.07,69.11,ADP.tsv,67.754,10.8796,ADP.tsv,6.55377021263334,79.246,11.0235,6.28906962515124,18791,69.11,48,111,340
robust,15742,RB,167.2,13.19514,FALSE,5.14999999999998,150.92,178.88,-33.85,-29.04,-49.7,152,134,186,27,13,-6.50000000000003,61,Jaylen,Warren,PIT,RB,28,-2,72.88,27.76,2.8,72.92,ADP.tsv,73.748,7.9438,ADP.tsv,7.66244451855933,78.252,9.891,6.34749423000919,19833,72.92,53,99,340
robust,14823,RB,162.05,11.2677599999999,FALSE,2.94999999999999,134.54,179.12,-39,-45.42,-49.46,164,167,185,28,13,-11.65,63,Rico,Dowdle,PIT,RB,28,0,81.3,30.4,3.14,89.97,ADP.tsv,80.026,9.6708,ADP.tsv,10.8058254659235,83.974,7.888,4.60652059585106,18036,89.97,67,123,340
robust,14800,RB,159.1,12.00906,FALSE,0.550000000000011,143.58,170.74,-41.95,-36.38,-57.84,171,152,205,29,13,-14.6,68,J.K.,Dobbins,DEN,RB,28,0,92.09,33.33,3.74,97.21,ADP.tsv,83.894,16.5836,ADP.tsv,9.91828130272579,87.106,7.905,6.46398290529918,17963,97.21,51,147,339
robust,14085,RB,158.55,20.31162,FALSE,1.15000000000001,142.26,174.6,-42.5,-37.7,-53.98,172,154,196,30,13,-15.15,69,Tony,Pollard,TEN,RB,29,1,78.91,29.67,2.98,80.94,ADP.tsv,77.21,11.7431,ADP.tsv,7.29494619582626,94.79,9.922,6.91112523399772,17067,80.94,47,115,340
robust,17068,RB,157.4,45.14517,FALSE,0.450000000000017,126.58,184.06,-43.65,-53.38,-44.52,173,184,177,31,13,-16.3,70,RJ,Harvey,DEN,RB,25,-5,99.18,35.53,4.44,87.09,ADP.tsv,98.518,13.2973,ADP.tsv,17.5860926871207,74.482,5.27,3.18601632136435,22111,87.09,54,131,340
robust,15261,RB,156.95,5.93039999999996,FALSE,4.14999999999998,151.5,167.68,-44.1,-28.46,-60.9,175,133,209,32,13,-16.75,71,Chuba,Hubbard,CAR,RB,27,-1,96.43,34.8,4.7,106.43,ADP.tsv,93.258,20.5567,ADP.tsv,9.35071847506917,81.742,6.9635,5.02556034189224,18773,106.43,68,187,339
robust,14073,RB,152.8,51.29796,FALSE,6.15000000000001,110.36,228.58,-48.25,-69.6,0,184,205,61,33,14,-20.9,74,Josh,Jacobs,GBP,RB,28,1,140.14,48.04,16.16,76.19,ADP.tsv,63.784,30.7969,ADP.tsv,18.9722730319801,120.216,16.4075,10.2912374741816,16998,76.19,21,199,334
robust,17066,RB,146.65,13.41753,FALSE,8.12500000000003,130.52,156.66,-54.4,-49.44,-71.92,193,174,223,34,15,-27.05,79,Kyle,Monangai,CHI,RB,24,-5,111.54,38.9,4.32,120.31,ADP.tsv,104.146,15.5913,ADP.tsv,9.86854720817608,88.854,4.186,2.10079699162009,22119,120.31,78,168,330
robust,17256,RB,138.525,5.04084000000001,FALSE,1.37499999999997,132.71,147.74,-62.525,-47.25,-80.84,205,170,235,35,15,-35.175,90,Jacory,Croskey-Merritt,WAS,RB,25,-5,101.83,36.02,3.83,109.17,ADP.tsv,98.442,15.7346,ADP.tsv,9.33638988046236,106.558,4.917,3.37973179409254,22130,109.17,72,163,336
robust,15721,RB,137.15,9.48864000000001,FALSE,1.09999999999999,108.62,146.08,-63.9,-71.34,-82.5,206,208,238,36,15,-36.55,91,Rachaad,White,WAS,RB,27,-2,113.1,39.06,4.15,115.53,ADP.tsv,125.076,13.8326,ADP.tsv,12.8076954991911,80.924,3.859,3.0082225649044,19436,115.53,82,162,336
robust,15972,RB,136.05,13.19514,FALSE,1.30000000000001,116.96,153.26,-65,-63,-75.32,208,195,226,37,15,-37.65,93,Jordan,Mason,MIN,RB,27,-2,101.32,35.72,4.85,94.29,ADP.tsv,96.958,13.2973,ADP.tsv,13.533124399044,111.042,7.2465,5.42816237321619,19872,94.29,63,140,340
robust,13319,RB,134.75,13.41753,FALSE,0.149999999999977,109.2,149.1,-66.3,-70.76,-79.48,210,206,232,38,15,-38.95,97,Aaron,Jones,MIN,RB,32,3,118.78,40.95,3.61,134.74,ADP.tsv,117.972,15.0764,ADP.tsv,5.03519771210625,92.028,5.1565,5.26722097030303,15392,134.74,80,167,329
robust,16597,RB,134.6,29.05896,FALSE,5.75000000000003,107.84,161.96,-66.45,-72.12,-66.62,212,210,217,39,15,-39.1,98,Jonathon,Brooks,CAR,RB,23,-4,83.75,30.96,5.72,72.14,ADP.tsv,85.642,11.7431,ADP.tsv,8.31878933499341,126.358,9.1995,5.40865979240699,21133,72.14,48,116,340
robust,15255,RB,128.85,36.17544,FALSE,1.34999999999999,100.79,159.68,-72.2,-79.17,-68.9,216,218,220,40,16,-44.85,103,Kenneth,Gainwell,TBB,RB,27,-1,105.28,37.05,3.64,87.3,ADP.tsv,111.178,10.7069,ADP.tsv,10.5391506299132,104.822,7.271,5.05781800779743,18772,87.3,57,119,340
robust,16593,RB,127.5,3.85475999999999,FALSE,3.25,119.02,146.56,-73.55,-60.94,-82.02,218,191,237,41,16,-46.2,107,Blake,Corum,LAR,RB,26,-4,93.77,34.02,3.28,83.99,ADP.tsv,100.008,16.2330,ADP.tsv,6.9710355041414,117.992,5.736,2.78626775454191,20278,83.99,41,135,340
robust,16604,RB,124.25,49.14819,FALSE,6.09999999999999,86.82,167.64,-76.8,-93.14,-60.94,223,239,210,42,16,-49.45,112,MarShawn,Lloyd,GBP,RB,25,-4,95.22,33.75,12.21,109.68,ADP.tsv,96.64,25.0874,ADP.tsv,20.3592799479746,126.36,9.5525,5.03490503882645,21144,109.68,44,189,334
robust,17053,RB,118.15,4.44779999999998,FALSE,2.40000000000001,106.14,122.72,-82.9,-73.82,-105.86,232,212,281,43,17,-55.55,117,Woody,Marks,HOU,RB,26,-5,131.25,44.62,4.11,134.55,ADP.tsv,128.832,16.6468,ADP.tsv,12.4305275833329,103.168,2.961,2.08378573754597,22109,134.55,90,186,327
robust,16165,RB,115.75,11.8608,FALSE,14.775,98.94,129.84,-85.3,-81.02,-98.74,237,220,267,44,18,-57.95,119,Tyjae,Spears,TEN,RB,25,-3,141.8,47.98,5.28,151.88,ADP.tsv,141.11,11.6409,ADP.tsv,13.8021143307828,95.89,2.5195,2.26273302667372,20329,151.88,112,179,321
robust,16169,RB,100.975,3.63236999999998,FALSE,4.52499999999999,96.9,117.25,-100.075,-83.06,-111.33,259,222,290,45,18,-72.725,135,Zach,Charbonnet,SEA,RB,25,-3,147.74,49.9,6.84,159.43,ADP.tsv,132.094,19.9872,ADP.tsv,3.11689332509151,126.906,4.4645,4.1557094159722,19469,159.43,99,214,320
robust,16174,RB,96.45,11.19363,FALSE,5.45,70.56,115.38,-104.6,-109.4,-113.2,267,298,295,46,19,-77.25,141,Chris,Rodriguez,JAC,RB,26,-3,126.45,43.13,4.58,132.81,ADP.tsv,134.912,14.9224,ADP.tsv,11.8943707694018,132.088,3.436,2.90184217351668,20308,132.81,87,173,325
robust,13132,RB,91,6.07866000000001,FALSE,3.25,70.28,96.8,-110.05,-109.68,-131.78,285,299,349,47,19,-82.7,146,Alvin,Kamara,NOS,RB,31,3,170.88,56.29,7.75,199.67,ADP.tsv,155.184,27.1768,ADP.tsv,15.0159669685305,129.816,3.159,3.25770517389159,15293,199.67,137,293,313
robust,14086,RB,87.75,15.93795,FALSE,2.09999999999999,72.16,103.54,-113.3,-107.8,-125.04,295,289,329,48,19,-85.95,148,Justice,Hill,BAL,RB,29,1,230.53,70.05,9.56,232.45,ADP.tsv,181.58,28.1754,ADP.tsv,2.73,113.42,1.84666666666667,1.50610609040517,17020,232.45,150,309,267
robust,15712,RB,85.65,11.49015,FALSE,6.45,77.58,98.92,-115.4,-102.38,-129.66,303,270,343,49,20,-88.05,151,Tyler,Allgeier,ARI,RB,26,-2,130.34,44.48,4.1,127.86,ADP.tsv,138.778,16.7615,ADP.tsv,12.7067814965081,164.222,3.5665,3.14118874791057,19441,127.86,70,167,338
robust,15716,RB,79.2,13.19514,FALSE,1.5,69.86,88.66,-121.85,-110.1,-139.92,329,304,379,50,20,-94.5,162,Brian,Robinson,ATL,RB,27,-2,163.83,55.16,4.35,179.21,ADP.tsv,152.966,18.9444,ADP.tsv,18.5060115638135,176.034,8.3215,6.61861516859834,19468,179.21,120,229,320
robust,17047,RB,77.7,6.81996000000001,FALSE,0.650000000000006,63.72,107.76,-123.35,-116.24,-120.82,334,324,313,51,20,-96,166,Dylan,Sampson,CLE,RB,22,-5,154.02,51.78,5.22,161.61,ADP.tsv,164.756666666667,16.5112,ADP.tsv,6.84103468457481,169.243333333333,1.40133333333333,1.1003046042902,22099,161.61,104,199,320
robust,16747,RB,77.05,23.42508,FALSE,0.649999999999991,39.58,105.16,-124,-140.38,-123.42,338,397,324,52,20,-96.65,168,Tyrone,Tracy,NYG,RB,27,-4,172.13,56.19,9.48,172.07,ADP.tsv,142.018,34.2277,ADP.tsv,7.93212808772022,195.982,1.6915,1.56762774599074,21183,172.07,110,307,321
robust,16164,RB,76.4,24.90768,FALSE,1.75,58.8,94.08,-124.65,-121.16,-134.5,344,336,358,53,20,-97.3,170,Tank,Bigsby,PHI,RB,25,-3,154.79,52.36,5.3,159.59,ADP.tsv,149.208,19.6331,ADP.tsv,11.1057577859415,194.792,2.222,2.170348359135,20279,159.59,100,213,321
robust,14095,RB,74.65,5.04083999999999,FALSE,4,68.44,90.14,-126.4,-111.52,-138.44,351,309,373,54,20,-99.05,173,Ty,Johnson,BUF,RB,29,1,262.6,78.22,7.22,287.55,ADP.tsv,NA,30.8342,ADP.tsv,NA,NA,1.212,1.212,17046,287.55,212,360,67
robust,13133,RB,70.65,11.41602,FALSE,0.450000000000003,55.24,86.48,-130.4,-124.72,-142.1,362,349,385,55,20,-103.05,178,Samaje,Perine,CIN,RB,31,3,252.4,75.45,10.16,251.53,ADP.tsv,205.76,25.4944,ADP.tsv,NA,156.24,1.502,1.402,15362,251.53,170,311,222
robust,16178,RB,70.2,17.49468,FALSE,1.05,44.4,82.48,-130.85,-135.56,-146.1,363,381,391,56,21,-103.5,181,Keaton,Mitchell,LAC,RB,24,-3,144.21,48.94,6.17,140.44,ADP.tsv,150.234,19.4594,ADP.tsv,10.5054949431238,212.766,2.4975,2.36053357315671,20344,140.44,90,202,321
robust,15749,RB,69.15,26.61267,FALSE,2.84999999999999,48.74,96.64,-131.9,-131.22,-131.94,366,372,350,57,21,-104.55,183,Isiah,Pacheco,DET,RB,27,-2,188.08,60.34,9.39,196,ADP.tsv,148.942,38.1363,ADP.tsv,13.1717916776724,217.058,2.53,2.77393222700195,19486,196,112,330,301
robust,16596,RB,66.3,4.00302,FALSE,0.850000000000009,54.02,101.22,-134.75,-125.94,-127.36,374,350,336,58,21,-107.4,191,Braelon,Allen,NYJ,RB,22,-4,167.62,55.56,5.85,180.39,ADP.tsv,153.258,24.4980,ADP.tsv,16.5673116708777,220.742,2.0195,1.94721358612762,21132,180.39,110,251,321
robust,17477,RB,65.45,21.20118,FALSE,1.525,28.84,80.62,-135.6,-151.12,-147.96,376,419,396,59,21,-108.25,192,Jonah,Coleman,DEN,RB,23,-6,141.52,48.06,5.33,135.05,ADP.tsv,137.626,15.9687,ADP.tsv,8.31028663765577,238.374,3.3155,2.56309202917102,22941,135.05,89,181,324
robust,15738,RB,63.925,12.97275,FALSE,0.0250000000000057,50.24,86.025,-137.125,-129.72,-142.555,381,370,387,60,21,-109.775,195,Malik,Davis,DAL,RB,28,-2,215.13,66.5,10.89,231.86,ADP.tsv,200.94,40.7998,ADP.tsv,NA,180.06,2.30933333333333,2.59114663592952,20100,231.86,121,350,254
robust,17482,RB,63.9,10.3782,FALSE,0.0499999999999901,55.62,112.34,-137.15,-124.34,-116.24,382,348,300,61,21,-109.8,196,Mike,Washington Jr.,LVR,RB,23,-6,143.52,48.7,6.66,125.33,ADP.tsv,129.696,32.9361,ADP.tsv,13.9493664372257,252.304,4.78,3.14136912826239,22955,125.33,1,191,328
robust,14080,RB,63.85,0.889559999999991,FALSE,2.22500000000001,26.26,78.64,-137.2,-153.7,-149.94,383,430,399,62,21,-109.85,197,Devin,Singletary,NYG,RB,29,1,287.56,85.3,6.54,284.63,ADP.tsv,192.81,48.3139,ADP.tsv,11.47,190.19,2.04,0.84,17034,284.63,123,359,77
robust,16603,RB,61.625,11.1195,FALSE,0.0249999999999986,34.555,74.325,-139.425,-145.405,-154.255,386,406,408,63,21,-112.075,200,Ray,Davis,BUF,RB,27,-4,184.33,59.44,5.81,180.78,ADP.tsv,160.593333333333,21.5514,ADP.tsv,26.2469380224733,225.406666666667,1.732,1.77304032667055,21151,180.78,116,240,320
robust,15254,RB,61.6,6.22692000000001,FALSE,2.2,50.36,68.2,-139.45,-129.6,-160.38,387,368,422,64,21,-112.1,201,Najee,Harris,NYG,RB,28,-1,224.53,69.17,11.64,216.04,ADP.tsv,178.61,38.2574,ADP.tsv,1.33,208.39,2.26533333333333,2.32814737983278,18826,216.04,133,352,305
robust,16757,RB,59.4,21.4977,FALSE,3.2928571660247,34.6,85.06,-141.65,-145.36,-143.52,392,405,389,65,22,-114.3,204,Kimani,Vidal,LAC,RB,25,-4,195.57,62.22,6.93,195.11,ADP.tsv,179.89,23.4867,ADP.tsv,6.79000000000001,212.11,1.99733333333333,2.15654373683654,21169,195.11,119,254,317
robust,13146,RB,56.1071428339753,17.1875700343482,FALSE,0.832142833975304,33.96,78.34,-144.942857166025,-146,-150.24,401,408,400,66,22,-117.592857166025,212,James,Conner,ARI,RB,31,3,224.2,68.64,9.05,266.88,ADP.tsv,179.12,38.9561,ADP.tsv,NA,221.88,2.16533333333333,2.39025874935934,15306,266.88,147,352,143
robust,17485,RB,55.275,9.56277,FALSE,0.850000000000009,39.94,100.41,-145.775,-140.02,-128.17,403,393,337,67,22,-118.425,215,Kaelon,Black,SFO,RB,25,-6,207.92,65.62,12.51,175.56,ADP.tsv,148.604,38.9316,ADP.tsv,10.8314368391271,254.396,2.359,2.13691436421772,23064,175.56,85,309,320
robust,16610,RB,54.425,13.04688,FALSE,3.57499999999999,38.88,65.37,-146.625,-141.08,-163.21,405,398,425,68,22,-119.275,216,Jaylen,Wright,MIA,RB,23,-4,228.56,68.78,5.9,239.44,ADP.tsv,195.615,31.6243,ADP.tsv,11.115,209.385,1.692,1.692,21160,239.44,138,314,235
robust,16166,RB,50.85,28.61418,FALSE,0.400000000000006,28.6,70.6,-150.2,-151.36,-157.98,412,421,414,69,22,-122.85,222,Sean,Tucker,TBB,RB,25,-3,204.11,64.18,7.36,234.39,ADP.tsv,178.87,37.9008,ADP.tsv,NA,233.13,1.452,1.452,20285,234.39,115,328,257
robust,17474,RB,50.45,4.15128,FALSE,0.425000000000004,27.06,58.72,-150.6,-152.9,-169.86,413,429,432,70,22,-123.25,224,Emmett,Johnson,KCC,RB,23,-6,174.73,57.52,8.22,162.76,ADP.tsv,153.052,20.5018,ADP.tsv,13.9861065347008,259.948,2.364,2.11770819519593,22939,162.76,97,215,321
robust,16608,RB,50.025,37.21326,FALSE,0.424999999999997,25.82,76.76,-151.025,-154.14,-151.82,416,431,404,71,22,-123.675,226,George,Holani,SEA,RB,27,-4,230.03,69.58,9.11,211.14,ADP.tsv,175.49,32.0135,ADP.tsv,NA,240.51,1.93866666666667,1.84262228600679,21709,211.14,117,300,301
robust,16387,RB,49.6,14.67774,FALSE,1.8,33.7,76.06,-151.45,-146.26,-152.52,417,410,407,72,22,-124.1,228,Chris,Brooks,GBP,RB,26,-3,243.13,73,10.03,255.66,ADP.tsv,NA,40.7300,ADP.tsv,NA,NA,1.92,1.92,20954,255.66,138,359,187
robust,17046,RB,47.8,9.5600,TRUE,0.699999999999996,47.8,47.8,-153.25,-132.16,-180.78,419,374,452,73,22,-125.9,230,Devin,Neal,FA,RB,23,-5,277.81,81.98,10.29,283.88,ADP.tsv,NA,24.4506,ADP.tsv,NA,NA,NA,NA,22104,283.88,264,360,16
robust,14805,RB,47.1,64.78962,FALSE,0.100000000000009,7.77,86.43,-153.95,-172.19,-142.15,421,506,386,74,22,-126.6,231,AJ,Dillon,CAR,RB,28,0,424.67,117.08,24.62,280.88,ADP.tsv,NA,0.0000,ADP.tsv,NA,NA,NA,NA,17996,280.88,239,239,1
robust,17049,RB,47,7.63539,FALSE,2.71292547393375,39.975,54.445,-154.05,-139.985,-174.135,422,392,443,75,23,-126.7,232,Brashard,Smith,KCC,RB,23,-5,287.58,84.49,6.64,286.12,ADP.tsv,NA,34.6890,ADP.tsv,NA,NA,0,NA,22117,286.12,201,360,47
robust,15727,RB,44.2870745260662,19.5081244615639,FALSE,0.387074526066243,21.97,67.5649149052132,-156.762925473934,-157.99,-161.015085094787,427,446,423,76,23,-129.412925473934,241,Bam,Knight,ARI,RB,25,-2,325.53,95.46,11.01,281.57,ADP.tsv,NA,39.7916,ADP.tsv,NA,NA,0.792,0.792,19451,281.57,232,360,5
robust,16390,RB,43.9,8.7800,TRUE,1.95,43.9,43.9,-157.15,-136.06,-184.68,429,383,460,77,23,-129.8,243,Jaleel,McLaughlin,CLE,RB,26,-3,309.64,96.11,13.63,280.69,ADP.tsv,NA,0.0000,ADP.tsv,NA,NA,NA,NA,21005,280.69,177,177,1
robust,16752,RB,41.95,8.59908,FALSE,0.195000000000007,33.8,52.9,-159.1,-146.16,-175.68,433,409,445,78,23,-131.75,248,Isaiah,Davis,NYJ,RB,24,-4,259.94,77.13,6.3,284.56,ADP.tsv,NA,31.6805,ADP.tsv,NA,NA,0.768,0.768,21161,284.56,203,358,78
robust,11367,RB,41.755,4.47745199999999,FALSE,1.24356272968474,36.695,49.981,-159.295,-143.265,-178.599,434,404,449,79,23,-131.945,249,Kyle,Juszczyk,SFO,RB,35,7,327.31,95.44,19.07,281.73,ADP.tsv,NA,10.3875,ADP.tsv,NA,NA,NA,NA,11911,281.73,326,358,4
robust,17652,RB,40.5114372703153,24.2539154020204,FALSE,0.0114372703152554,5.83728745406305,67.23,-160.538562729685,-174.122712545937,-161.35,438,514,424,80,23,-133.188562729685,255,Adam,Randall,BAL,RB,22,-6,285.27,84.59,7.27,279.48,ADP.tsv,NA,36.4976,ADP.tsv,NA,NA,1.98,1.98,22960,279.48,177,359,91
robust,15258,RB,40.5,8.1000,TRUE,0.799999999999997,40.5,40.5,-160.55,-139.46,-188.08,439,390,471,81,23,-133.2,256,Michael,Carter,TEN,RB,27,-1,344.38,107.29,26.25,280.76,ADP.tsv,NA,0.0000,ADP.tsv,NA,NA,2.304,NA,18828,280.76,199,199,1
robust,17069,RB,39.7,7.9400,TRUE,0.300000000000004,39.7,39.7,-161.35,-140.26,-188.88,441,396,475,82,23,-134,258,Jaydon,Blue,PHI,RB,22,-5,259.88,80.36,16.25,220.85,ADP.tsv,190.88,43.2436,ADP.tsv,NA,250.12,2.88,NA,22092,220.85,109,350,238
robust,17055,RB,39.4,12.30558,FALSE,0.350000000000001,24.42,99.42,-161.65,-155.54,-129.16,443,437,341,83,23,-134.3,259,Jordan,James,SFO,RB,22,-5,255.6,76.11,9.45,235.07,ADP.tsv,173.93,27.4889,ADP.tsv,4.97,269.07,2.208,2.208,22097,235.07,163,318,265
robust,16432,RB,39.05,45.36756,FALSE,1.55,6.06,81.96,-162,-173.9,-146.62,444,513,393,84,23,-134.65,263,Emanuel,Wilson,SEA,RB,27,-3,224.04,68.69,8.57,271.11,ADP.tsv,NA,40.7035,ADP.tsv,NA,NA,1.704,1.704,21001,271.11,139,348,116
robust,14079,RB,37.5,7.5000,TRUE,2.05,37.5,37.5,-163.55,-142.46,-191.08,447,402,480,85,23,-136.2,266,Miles,Sanders,FA,RB,29,1,410.6,141.5,35.31,,,NA,,,NA,NA,NA,NA,,,,,
robust,17061,RB,35.45,6.07865999999999,FALSE,0.549999999999997,19.96,42.42,-165.6,-160,-186.16,452,451,464,86,23,-138.25,274,LeQuint,Allen,JAC,RB,22,-5,273.52,80.73,7.43,279.99,ADP.tsv,NA,34.6477,ADP.tsv,NA,NA,0,NA,22090,279.99,177,353,106
robust,16595,RB,34.9,6.07865999999999,FALSE,1.40000000000001,23.67,41.49,-166.15,-156.29,-187.09,455,438,466,87,24,-138.8,275,Audric,Estime,NOS,RB,23,-4,313.7,94.15,8.5,282.76,ADP.tsv,NA,30.8728,ADP.tsv,NA,NA,NA,NA,21134,282.76,238,358,15
robust,17337,RB,33.5,6.7000,TRUE,0.649999999999999,33.5,33.5,-167.55,-146.46,-195.08,456,411,490,88,24,-140.2,280,Zavier,Scott,CHI,RB,27,-3,456,127.22,12.53,281.16,ADP.tsv,NA,0.0000,ADP.tsv,NA,NA,NA,NA,20829,281.16,337,337,1
robust,17475,RB,32.85,4.59606,FALSE,1.5,27.62,40.16,-168.2,-152.34,-188.42,457,426,474,89,24,-140.85,283,Seth,McGowan,IND,RB,25,-6,251.32,76.12,11.04,237.5,ADP.tsv,NA,34.6833,ADP.tsv,NA,NA,1.67733333333333,1.71432033827468,22945,237.5,160,355,258
robust,17059,RB,31.35,2.59455,FALSE,2.275,17.84,47.72,-169.7,-162.12,-180.86,459,461,453,90,24,-142.35,288,Ollie,Gordon,MIA,RB,22,-5,245.48,73.56,7.22,278.26,ADP.tsv,NA,32.9513,ADP.tsv,NA,NA,0,NA,22071,278.26,193,360,104
robust,16385,RB,29.075,6.81996,FALSE,0.75,22.66,42.49,-171.975,-157.3,-186.09,466,444,463,91,24,-144.625,294,Emari,Demercado,DAL,RB,27,-3,288.44,86.47,8.88,267.86,ADP.tsv,NA,38.7661,ADP.tsv,NA,NA,1.392,1.392,20719,267.86,154,358,143
robust,16850,RB,28.325,12.37971,FALSE,0.125000000000004,4.18,41.43,-172.725,-175.78,-187.15,468,527,467,92,24,-145.375,297,Jacob,Saylors,DET,RB,25,-3,297.16,86.94,17.27,274.19,ADP.tsv,NA,38.5056,ADP.tsv,NA,NA,0,NA,20790,274.19,166,349,62
robust,16171,RB,28.2,14.23296,FALSE,3.225,15.12,38.52,-172.85,-164.84,-190.06,469,475,477,93,24,-145.5,298,Kendre,Miller,NOS,RB,24,-3,266.09,79.36,7.98,276.02,ADP.tsv,NA,34.8486,ADP.tsv,NA,NA,1.14,1.14,20304,276.02,182,360,111
robust,16688,RB,24.975,3.521175,FALSE,0.425000000000001,22.8375,27.1125,-176.075,-157.1225,-201.4675,476,442,509,94,24,-148.725,311,Isaac,Guerendo,SFO,RB,26,-4,311.28,92.81,9.41,281.55,ADP.tsv,NA,39.0628,ADP.tsv,NA,NA,NA,NA,21178,281.55,222,352,6
robust,17478,RB,24.55,8.8956,FALSE,0.199999999999999,12.06,32.32,-176.5,-167.9,-196.26,478,486,493,95,24,-149.15,312,Kaytron,Allen,WAS,RB,23,-6,220.47,67.24,7.39,205.78,ADP.tsv,191.09,26.9024,ADP.tsv,NA,286.91,2.412,2.412,22940,205.78,121,275,305
robust,17062,RB,24.35,6.37518,FALSE,0.649999999999999,19.83,29.91,-176.7,-160.13,-198.67,479,453,502,96,24,-149.35,313,Raheim,Sanders,CLE,RB,24,-5,336.17,95.9,8.68,,,NA,,,NA,NA,NA,NA,,,,,
robust,15718,RB,23.7,8.1543,FALSE,0.0500000000000043,18.75,28.65,-177.35,-161.21,-199.93,484,457,507,97,24,-150,316,Tyler,Badie,DEN,RB,26,-2,463.5,120.08,13.96,,,NA,,,NA,NA,0,NA,,,,,
robust,16391,RB,23.65,4.7300,TRUE,0.0749999999999993,23.65,23.65,-177.4,-156.31,-204.93,485,439,514,98,24,-150.05,317,Hunter,Luepke,DAL,RB,26,-3,377.3,107.43,18.75,,,NA,,,NA,NA,NA,NA,,,,,
robust,16601,RB,23.575,8.52495,FALSE,1.075,16.27,32.175,-177.475,-163.69,-196.405,486,469,494,99,24,-150.125,318,Will,Shipley,PHI,RB,24,-4,320.66,96.04,7.33,283.19,ADP.tsv,NA,18.1597,ADP.tsv,NA,NA,0,NA,21141,283.19,289,358,13
robust,17481,RB,22.5,10.08168,FALSE,2.1,11.62,47.26,-178.55,-168.34,-181.32,490,489,454,100,25,-151.2,327,Demond,Claiborne,MIN,RB,23,-6,242.5,72.5,7.12,222.04,ADP.tsv,NA,30.0406,ADP.tsv,NA,NA,2.592,2.592,22944,222.04,140,310,274
robust,17048,RB,20.4,1.4826,FALSE,0.0749999999999957,3.9,61.86,-180.65,-176.06,-166.72,495,528,429,101,25,-153.3,335,Kaleb,Johnson,GBP,RB,23,-5,235.42,71.21,10.33,257.27,ADP.tsv,180.2,38.8305,ADP.tsv,NA,314.8,2.29866666666667,1.61555879565623,22098,257.27,148,355,160
robust,16175,RB,20.325,12.97275,FALSE,0.575000000000003,11.175,31.515,-180.725,-168.785,-197.065,496,495,497,102,25,-153.375,336,Roschon,Johnson,CHI,RB,25,-3,335.73,95.33,10.63,281.89,ADP.tsv,NA,34.4881,ADP.tsv,NA,NA,NA,NA,20334,281.89,198,359,54
robust,13143,RB,19.75,3.9500,TRUE,0.350000000000001,19.75,19.75,-181.3,-160.21,-208.83,499,454,521,103,25,-153.95,341,Jeremy,McNichols,WAS,RB,31,3,402.25,107.86,10.53,281.18,ADP.tsv,NA,0.0000,ADP.tsv,NA,NA,NA,NA,15441,281.18,341,341,1
robust,17476,RB,19.4,16.16034,FALSE,0.599999999999998,3.06,59.42,-181.65,-176.9,-169.16,502,530,431,104,25,-154.3,344,Nicholas,Singleton,TEN,RB,22,-6,207.58,64.89,8.28,220.54,ADP.tsv,173.31,35.8300,ADP.tsv,NA,328.69,2.832,2.832,22943,220.54,136,339,277
robust,17060,RB,18.8,5.04084,FALSE,0.125,11.5,40.58,-182.25,-168.46,-188,505,490,470,105,25,-154.9,346,DJ,Giddens,IND,RB,23,-5,274.75,81.13,7.33,284.84,ADP.tsv,NA,37.1149,ADP.tsv,NA,NA,0,NA,22096,284.84,179,360,76
robust,14319,RB,18.675,0.185325,FALSE,1.175,18.5625,18.7875,-182.375,-161.3975,-209.7925,506,458,525,106,25,-155.025,348,Andrew,Beck,NYJ,RB,30,1,645.33,145,5.72,,,NA,,,NA,NA,NA,NA,,,,,
robust,17056,RB,17.5,13.3434,FALSE,0.0749999999999993,4.6,38.08,-183.55,-175.36,-190.5,508,524,479,107,25,-156.2,354,Trevor,Etienne,CAR,RB,22,-5,307.77,90.79,6.61,283.69,ADP.tsv,NA,33.0536,ADP.tsv,NA,NA,NA,NA,22094,283.69,228,359,17
robust,17274,RB,17.425,9.896355,FALSE,0.275000000000002,11.4175,23.4325,-183.625,-168.5425,-205.1475,509,492,517,108,25,-156.275,355,Corey,Kiner,NEP,RB,24,-5,407.45,110,16.63,281.08,ADP.tsv,NA,31.6679,ADP.tsv,NA,NA,NA,NA,22722,281.08,235,327,3
robust,12447,RB,17.15,3.4300,TRUE,2.25,17.15,17.15,-183.9,-162.81,-211.43,510,464,527,109,25,-156.55,356,Raheem,Mostert,LVR,RB,34,5,618.67,152.8,14.72,,,NA,,,NA,NA,NA,NA,,,,,
robust,16746,RB,14.9,3.40998,FALSE,0.424999999999999,11.375,18.915,-186.15,-168.585,-209.665,512,493,524,110,25,-158.8,367,Rasheen,Ali,BAL,RB,25,-4,352.71,97.25,10.07,281.74,ADP.tsv,NA,11.3613,ADP.tsv,NA,NA,0,NA,21167,281.74,320,355,4
robust,17685,RB,14.475,9.377445,FALSE,0.725000000000001,8.7825,20.1675,-186.575,-171.1775,-208.4125,514,503,520,111,25,-159.225,369,Eli,Heidenreich,PIT,RB,23,-6,333.46,96,9.76,282.6,ADP.tsv,NA,37.8527,ADP.tsv,NA,NA,1.176,1.176,22968,282.6,201,358,23
robust,12155,RB,13.75,10.60059,FALSE,0.0749999999999993,2.635,21.985,-187.3,-177.325,-206.595,516,531,519,112,25,-159.95,370,Ameer,Abdullah,JAC,RB,33,5,432.5,114.64,16.2,281.22,ADP.tsv,NA,0.0000,ADP.tsv,NA,NA,0,NA,13582,281.22,355,355,1
robust,16678,RB,13.675,14.788935,FALSE,1.125,4.6975,22.6525,-187.375,-175.2625,-205.9275,517,523,518,113,25,-160.025,372,Sione,Vaki,DET,RB,25,-4,346.67,97.91,11.04,281.68,ADP.tsv,NA,43.8165,ADP.tsv,NA,NA,0,NA,21297,281.68,182,360,20
robust,16816,RB,12.55,2.5100,TRUE,1.275,12.55,12.55,-188.5,-167.41,-216.03,522,484,528,114,25,-161.15,374,British,Brooks,HOU,RB,27,-4,577.75,146.75,26.1,,,NA,,,NA,NA,NA,NA,,,,,
robust,17058,RB,11.275,4.74432,FALSE,1.175,6.52,19.03,-189.775,-173.44,-209.55,523,511,522,115,25,-162.425,380,Tahj,Brooks,CIN,RB,24,-5,308.22,91.78,5.53,285.26,ADP.tsv,NA,31.4171,ADP.tsv,NA,NA,0,NA,22300,285.26,207,356,61
robust,12325,RB,10.1,14.67774,FALSE,0.493181818181817,1.19,19.01,-190.95,-178.77,-209.57,524,533,523,116,26,-163.6,387,Michael,Burton,CLE,RB,34,5,514,164.4,14.99,,,NA,,,NA,NA,NA,NA,,,,,
robust,15414,RB,9.60681818181818,11.7327572727273,FALSE,0.856818181818182,1.79136363636364,18.5313636363636,-191.443181818182,-178.168636363636,-210.048636363636,525,532,526,117,26,-164.093181818182,390,Kene,Nwangwu,NYJ,RB,28,-1,488.5,127.78,13.22,,,NA,,,NA,NA,0,NA,,,,,
robust,15726,RB,8.75,1.7500,TRUE,1.95,8.75,8.75,-192.3,-171.21,-219.83,526,504,529,118,26,-164.95,392,Ronnie,Rivers,LAR,RB,27,-2,413.9,105.86,14.73,,,NA,,,NA,NA,NA,NA,,,,,
robust,14420,RB,6.8,1.3600,TRUE,1.4,6.8,6.8,-194.25,-173.16,-221.78,527,509,530,119,26,-166.9,398,Alec,Ingold,LAC,RB,30,1,474.8,128,15.55,,,NA,,,NA,NA,NA,NA,,,,,
robust,17348,RB,5.4,1.0800,TRUE,0.5,5.4,5.4,-195.65,-174.56,-223.18,528,516,531,120,26,-168.3,404,Nathan,Carter,ATL,RB,24,-5,460.6,121,15.19,,,NA,,,NA,NA,NA,NA,,,,,
robust,17648,RB,4.9,0.9800,TRUE,0.3,4.9,4.9,-196.15,-175.06,-223.68,530,522,532,121,26,-168.8,406,Riley,Nowakowski,PIT,TE,24,-6,450.25,90,21.48,,,NA,,,NA,NA,0,NA,,,,,
robust,15965,RB,4.6,0.9200,TRUE,0.2,4.6,4.6,-196.45,-175.36,-223.98,531,524,533,122,26,-169.1,407,Julius,Chestnut,TEN,RB,26,-2,480.71,125,14.68,,,NA,,,NA,NA,NA,NA,,,,,
robust,15103,RB,4.4,0.8800,TRUE,0.0500000000000007,4.4,4.4,-196.65,-175.56,-224.18,532,525,534,123,26,-169.3,408,Reggie,Gilliam,NEP,RB,29,0,397.5,113.5,19.34,,,NA,,,NA,NA,NA,NA,,,,,
robust,16613,RB,4.35,0,FALSE,0.599999999999999,4.35,4.35,-196.7,-175.61,-224.23,533,526,535,124,26,-169.35,409,Dylan,Laube,LVR,RB,27,-4,387.38,107.88,14.32,280.78,ADP.tsv,NA,0.0000,ADP.tsv,NA,NA,0,NA,21175,280.78,206,206,1
robust,16335,RB,3.75,0.7500,TRUE,3.45,3.75,3.75,-197.3,-176.21,-224.83,534,529,536,125,26,-169.95,411,Scott,Matlock,LAC,RB,26,-3,NA,NA,NA,,,NA,,,NA,NA,NA,NA,,,,,
robust,13455,RB,0.3,0.0600,TRUE,0,0.3,0.3,-200.75,-179.66,-228.28,535,534,538,126,26,-173.4,423,Patrick,Ricard,NYG,RB,32,3,478.8,131.25,12.16,,,NA,,,NA,NA,NA,NA,,,,,
robust,16211,WR,286.7875,18.9031500000001,FALSE,11.3175,243.08,305.755,98.7875,67.98,100.595,3,7,3,1,1,113.0875,5,Puka,Nacua,LAR,WR,25,-3,4.46,2.25,0.91,5.12,ADP.tsv,6.134,1.7269,ADP.tsv,1.55801925533672,-3.134,56.5565,5.47372238517812,20336,5.12,2,12,340
robust,15281,WR,275.47,6.09348599999994,FALSE,5.20500000000004,258.48,292.71,87.47,83.38,87.55,6,4,4,2,1,101.77,6,Ja'Marr,Chase,CIN,WR,26,-1,2.64,1.17,0.42,3.16,ADP.tsv,4.354,1.5542,ADP.tsv,0.879377052236411,1.646,61.5365,4.50765534951376,18775,3.16,1,10,340
robust,16185,WR,270.265,12.409362,FALSE,10.705,227.955,286.585,82.265,52.855,81.425,7,12,5,3,2,96.565,7,Jaxon,Smith-Njigba,SEA,WR,24,-3,5.86,3.19,0.9,5.64,ADP.tsv,7.474,1.7269,ADP.tsv,0.842747886381212,-0.474,54.6455,4.89837633813491,20273,5.64,1,11,340
robust,15287,WR,259.56,1.571556,FALSE,33.8929166666667,223.45,262,71.56,48.35,56.84,8,15,11,4,3,85.86,9,Amon-Ra,St. Brown,DET,WR,27,-1,6.53,3.63,0.75,6.21,ADP.tsv,9.456,2.2450,ADP.tsv,1.30240700243818,-1.456,55.6065,4.10612551561688,18827,6.21,3,16,340
robust,15751,WR,225.667083333333,16.026906,FALSE,2.32708333333335,200.8375,241.32,37.6670833333334,25.7375,36.16,17,21,19,5,4,51.9670833333333,18,Drake,London,ATL,WR,25,-2,16.82,8.41,1.74,20.99,ADP.tsv,21.708,5.3535,ADP.tsv,4.45760204594354,-4.708,36.305,3.2151943953671,19433,20.99,8,39,340
robust,14836,WR,223.34,11.623584,FALSE,0.430000000000007,198.385,256.67,35.34,23.285,51.51,18,24,13,6,4,49.64,19,Justin,Jefferson,MIN,WR,27,0,11.61,6.15,1.88,12.05,ADP.tsv,15.356,3.2811,ADP.tsv,2.37173860279753,2.644,48.309,4.60291244757056,17972,12.05,6,25,340
robust,14832,WR,222.91,14.203308,FALSE,6.71000000000001,199.95,240.72,34.91,24.85,35.56,20,22,21,7,4,49.21,20,CeeDee,Lamb,DAL,WR,27,0,10.3,5.67,1.22,11.24,ADP.tsv,14.282,3.2811,ADP.tsv,2.18216772957534,5.718,49.2245,4.43294267389057,17965,11.24,5,24,340
robust,15762,WR,216.2,15.27078,FALSE,2.51499999999999,189.9,243.78,28.2,14.8,38.62,23,36,18,8,4,42.5,25,George,Pickens,DAL,WR,25,-2,22.7,10.85,2.49,22.86,ADP.tsv,23.186,5.8715,ADP.tsv,3.33001861856657,-0.186,32.5435,1.89635881362152,19437,22.86,10,44,340
robust,15754,WR,213.685,16.486512,FALSE,0.00499999999999545,186.791,239.9,25.685,11.691,34.74,24,42,22,9,4,39.985,26,Chris,Olave,NOS,WR,26,-2,23.56,11.06,2.53,23.26,ADP.tsv,29.458,4.8354,ADP.tsv,5.33946214519777,-5.458,30.444,3.62364015873541,19432,23.26,13,41,340
robust,16194,WR,213.68,14.97426,FALSE,2.31999999999999,187.69,241.148,25.68,12.59,35.988,25,40,20,10,4,39.98,27,Rashee,Rice,KCC,WR,26,-3,32.64,15.33,4.07,29.32,ADP.tsv,31.428,6.3896,ADP.tsv,6.12977781000258,-6.428,25.7695,2.98405609029053,20287,29.32,14,51,340
robust,14104,WR,211.36,18.873498,FALSE,3.75999999999999,190.54,230.55,23.36,15.44,25.39,27,34,27,11,5,37.66,28,A.J.,Brown,NEP,WR,29,1,15.94,7.95,2.36,16.66,ADP.tsv,21.892,4.1446,ADP.tsv,2.17122453928653,5.108,38.3765,6.08162780429714,17004,16.66,7,31,340
robust,15290,WR,207.6,24.90768,FALSE,8,190.22,226.68,19.6,15.12,21.52,30,35,30,12,5,33.9,30,Nico,Collins,HOU,WR,27,-1,19.14,9.22,1.75,23.22,ADP.tsv,24.132,5.1808,ADP.tsv,2.98279332170367,5.868,34.223,1.98980074379321,18836,23.22,12,42,340
robust,16615,WR,199.6,14.826,FALSE,1.57499999999999,180.6,217.6,11.6,5.50000000000003,12.44,38,50,37,13,6,25.9,35,Malik,Nabers,NYG,WR,23,-4,28.31,13.17,3.51,25.27,ADP.tsv,32.118,6.0442,ADP.tsv,3.07902192262413,5.882,27.964,0.886751374399838,21122,25.27,11,46,340
robust,16190,WR,198.025,15.93795,FALSE,4.22500000000002,181.48,216.44,10.025,6.38000000000002,11.28,43,47,39,14,6,24.325,36,Zay,Flowers,BAL,WR,26,-3,32.71,15.27,3.12,31.04,ADP.tsv,36.622,6.2169,ADP.tsv,6.99216246950827,6.378,22.7985,3.16069719365839,20288,31.04,20,56,340
robust,15753,WR,193.8,4.74431999999998,FALSE,0.0250000000000057,177.1,205.16,5.80000000000001,2.00000000000003,0,45,56,61,15,6,20.1,38,Garrett,Wilson,NYJ,WR,26,-2,38.4,18.32,3.18,35.78,ADP.tsv,47.894,6.7350,ADP.tsv,6.43481654750157,-2.894,21.977,4.75722471615542,19431,35.78,24,63,340
robust,17071,WR,193.775,18.791955,FALSE,0.525000000000006,175.1,213.56,5.77500000000001,0,8.40000000000001,46,61,48,16,6,20.075,39,Tetairoa,McMillan,CAR,WR,23,-5,39.01,18.68,3.42,38.76,ADP.tsv,43.204,5.5261,ADP.tsv,5.69053459703041,2.796,18.9085,1.48583873620255,22059,38.76,25,57,340
robust,15282,WR,193.25,6.96822000000002,FALSE,2.04999999999998,175.78,203.2,5.25,0.680000000000007,-1.95999999999998,47,59,64,17,6,19.55,40,DeVonta,Smith,PHI,WR,28,-1,28.57,13.44,2.6,28.82,ADP.tsv,36.386,7.2531,ADP.tsv,3.68392508067143,10.614,27.262,3.13659241853321,18778,28.82,17,59,340
robust,17081,WR,191.2,8.74734000000001,FALSE,2.45000000000002,183.72,211.2,3.20000000000002,8.62,6.04000000000002,51,44,54,18,6,17.5,42,Emeka,Egbuka,TBB,WR,24,-5,41.07,19.85,3.83,38.42,ADP.tsv,44.662,9.1527,ADP.tsv,4.84066689620346,6.338,19.043,2.91957993553867,22063,38.42,22,75,340
robust,14835,WR,188.75,13.19514,FALSE,0.75,172.18,206.44,0.75,-2.91999999999999,1.28,58,70,60,19,6,15.05,43,Tee,Higgins,CIN,WR,27,0,36.62,17.38,3.03,37.77,ADP.tsv,38.936,6.2169,ADP.tsv,6.51866734846932,19.064,21.493,3.67391167558503,17971,37.77,24,60,340
robust,15756,WR,188,10.22994,FALSE,2.89999999999998,178.5,204.76,0,3.40000000000003,-0.399999999999977,61,52,62,20,7,14.3,44,Jameson,Williams,DET,WR,25,-2,50.93,24.59,3.83,49.07,ADP.tsv,54.376,8.9800,ADP.tsv,11.586141031422,6.624,12.3745,4.76635612916198,19435,49.07,34,86,340
robust,11675,WR,185.1,8.45082000000003,FALSE,5.20000000000002,177.28,198.38,-2.89999999999998,2.18000000000001,-6.78,68,55,71,21,7,11.4,45,Davante,Adams,LAR,WR,34,6,49.91,24.26,3.36,51.09,ADP.tsv,52.23,8.2892,ADP.tsv,8.85796816431398,15.77,18.813,8.29220037143339,12729,51.09,32,80,340
robust,16627,WR,179.9,15.27078,FALSE,0.450000000000017,169.6,198.2,-8.09999999999999,-5.49999999999997,-6.96000000000001,77,76,72,22,7,6.19999999999999,48,Ladd,McConkey,LAC,WR,25,-4,38.47,18.37,3.58,34.19,ADP.tsv,45.516,8.2892,ADP.tsv,1.88004893553333,31.484,20.6135,3.83705443667405,21139,34.19,21,69,340
robust,14109,WR,179.45,8.00604000000001,FALSE,4.32499999999999,164.62,190.6,-8.55000000000001,-10.48,-14.56,79,90,97,23,7,5.74999999999997,49,Terry,McLaurin,WAS,WR,31,1,50.07,24.22,3.07,50.24,ADP.tsv,55.992,9.3254,ADP.tsv,6.9512629068393,23.008,14.9635,5.17173440443339,17062,50.24,31,85,340
robust,16616,WR,175.125,14.01057,FALSE,1.42499999999998,162.94,197.39,-12.875,-12.16,-7.77000000000001,89,94,75,24,7,1.42499999999998,51,Rome,Odunze,CHI,WR,24,-4,58.35,27.47,3.13,54.38,ADP.tsv,62.698,9.6708,ADP.tsv,8.86781235705853,26.302,10.7485,2.77324660821933,20335,54.38,36,92,340
robust,17070,WR,173.7,20.90466,FALSE,0.275000000000006,155,213.68,-14.3,-20.1,8.51999999999998,94,115,47,25,7,0,52,Luther,Burden,CHI,WR,23,-5,49.62,23.68,4.22,43.76,ADP.tsv,60.31,8.4619,ADP.tsv,10.3910730918419,33.69,12.804,3.45326048829219,22060,43.76,27,76,340
robust,15284,WR,173.425,6.37518000000002,FALSE,0.375,162.5,184.24,-14.575,-12.6,-20.92,96,95,120,26,7,-0.275000000000006,53,Jaylen,Waddle,DEN,WR,28,-1,38.06,18,3.71,35.86,ADP.tsv,48.106,7.4258,ADP.tsv,4.87798974988673,47.894,20.5875,4.29123161225306,18781,35.86,21,64,340
robust,13635,WR,173.05,5.1891,FALSE,4.70000000000002,165.72,211.9,-14.95,-9.38,6.74000000000001,97,85,53,27,8,-0.650000000000006,54,D.J.,Moore,BUF,WR,29,2,54.01,25.66,5.04,43.69,ADP.tsv,52.176,10.0161,ADP.tsv,9.22576956139704,44.824,18.156,7.595420199041,16134,43.69,25,83,340
robust,15768,WR,168.35,16.67925,FALSE,0.249999999999972,151.98,185.16,-19.65,-23.12,-20,122,123,115,28,8,-5.35000000000002,56,Alec,Pierce,IND,WR,26,-2,95.61,40.97,6.13,89.64,ADP.tsv,83.202,16.5784,ADP.tsv,15.3933068572026,38.798,5.638,3.67608650605505,19463,89.64,58,154,340
robust,13630,WR,168.1,8.37669000000001,FALSE,0.0500000000000114,158.81,192.46,-19.9,-16.29,-12.7,123,104,90,29,8,-5.59999999999999,57,Courtland,Sutton,DEN,WR,31,2,87.09,37.89,5.05,73.06,ADP.tsv,82.936,11.2250,ADP.tsv,14.7179205052888,40.064,7.867,5.95279320991415,16066,73.06,42,107,340
robust,15789,WR,168.05,5.04084000000001,FALSE,0.575000000000017,159.9,174.76,-19.95,-15.2,-30.4,124,102,147,30,8,-5.65000000000001,58,Christian,Watson,GBP,WR,27,-2,55.66,26.24,3.71,49.79,ADP.tsv,63.798,8.6346,ADP.tsv,7.63858468566003,60.202,11.41,5.57932791651468,19445,49.79,36,86,340
robust,11671,WR,167.475,7.56125999999999,FALSE,3.06249999999997,155.07,182.24,-20.525,-20.03,-22.92,126,114,124,31,8,-6.22500000000002,59,Mike,Evans,SFO,WR,33,6,61.52,28.71,4.42,59.63,ADP.tsv,71.266,12.2611,ADP.tsv,8.97933984210421,54.734,10.94,6.59352712893486,12686,59.63,37,108,340
robust,14102,WR,164.4125,3.44704499999998,FALSE,3.26249999999999,151.08,182.285,-23.5875,-24.02,-22.875,131,125,123,32,8,-9.28749999999999,62,DK,Metcalf,PIT,WR,29,1,80.72,35.44,4.07,74.67,ADP.tsv,83.618,10.8796,ADP.tsv,11.1153342729762,47.382,8.111,6.29750450575464,17002,74.67,54,117,340
robust,16192,WR,161.15,21.4977,FALSE,0.250000000000028,143.88,178.32,-26.85,-31.22,-26.84,139,139,136,33,8,-12.55,65,Parker,Washington,JAC,WR,24,-3,62.13,28.5,4.67,51.32,ADP.tsv,72.03,12.0884,ADP.tsv,6.92541406704322,66.97,12.367,8.00082914453246,20291,51.32,27,97,340
robust,16614,WR,160.9,13.78818,FALSE,6.15000000000001,141.62,181.16,-27.1,-33.48,-24,140,144,127,34,9,-12.8,67,Marvin,Harrison Jr.,ARI,WR,24,-4,73.14,32.62,4.44,63.25,ADP.tsv,78.092,10.7069,ADP.tsv,6.05346314104579,61.908,8.409,3.9886943979202,21121,63.25,44,106,340
robust,16618,WR,160.9,20.90466,FALSE,0,140.72,184.98,-27.1,-34.38,-20.18,140,145,116,34,9,-12.8,67,Brian,Thomas Jr.,JAC,WR,24,-4,81.12,35.43,4.57,71.83,ADP.tsv,85.344,10.8796,ADP.tsv,8.02621355310211,54.656,5.8635,3.27553610115963,21131,71.83,49,112,340
robust,13163,WR,154.75,19.05141,FALSE,1.84999999999999,132.46,185.22,-33.25,-42.64,-19.94,151,163,114,35,9,-18.95,72,Chris,Godwin,TBB,WR,30,3,81.96,35.72,4.86,71.49,ADP.tsv,87.694,11.5704,ADP.tsv,9.24522492965963,63.306,7.2355,5.61782704877963,15316,71.49,46,113,340
robust,16206,WR,152.9,20.274555,FALSE,2.52500000000001,138.885,192.62,-35.1,-36.215,-12.54,154,151,88,36,9,-20.8,73,Michael,Wilson,ARI,WR,26,-3,93.56,40.01,5.35,77.2,ADP.tsv,91.078,13.6427,ADP.tsv,13.8557040961476,62.922,6.164,4.66382332426948,20340,77.2,52,131,340
robust,17497,WR,150.375,22.83204,FALSE,2.125,128.43,177.88,-37.625,-46.67,-27.28,162,169,137,37,9,-23.325,75,Carnell,Tate,TEN,WR,21,-6,74.88,33.12,5.22,66.45,ADP.tsv,84.88,13.4700,ADP.tsv,9.17918732786296,77.12,8.336,5.14401477447334,22929,66.45,41,119,340
robust,14842,WR,148.25,4.15127999999997,FALSE,4.75,122.96,155.42,-39.75,-52.14,-49.74,166,182,187,38,10,-25.45,78,Michael,Pittman,PIT,WR,29,0,92.21,39.63,4.53,85.89,ADP.tsv,113.006,11.5704,ADP.tsv,13.7550159578243,52.994,5.226,3.21217496410143,17995,85.89,54,121,340
robust,16184,WR,143.5,12.6021,FALSE,1,105.94,171.1,-44.5,-69.16,-34.06,176,202,159,39,10,-30.2,83,Jayden,Reed,GBP,WR,26,-3,105.25,43.59,5.56,93.54,ADP.tsv,112.95,15.0242,ADP.tsv,15.4605019323436,63.05,3.1995,2.40000432291277,20311,93.54,47,134,340
robust,16186,WR,142.5,14.67774,FALSE,1.39999999999998,123.14,172.14,-45.5,-51.96,-33.02,177,181,157,40,10,-31.2,84,Jordan,Addison,MIN,WR,24,-3,106.6,44.22,5.1,103.6,ADP.tsv,106.228,15.3696,ADP.tsv,12.257401682249,70.772,3.6485,2.58376793656087,20274,103.6,68,157,340
robust,15757,WR,141.1,14.97426,FALSE,1.05000000000001,123.52,193.96,-46.9,-51.58,-11.2,180,179,82,41,10,-32.6,87,Wan'Dale,Robinson,TEN,WR,25,-2,101.55,42.65,5.02,92.39,ADP.tsv,115.268,14.5061,ADP.tsv,23.3935558648103,64.732,5.338,3.61980828221606,19460,92.39,59,143,340
robust,14127,WR,140.05,12.15732,FALSE,0.150000000000006,109.8,161.74,-47.95,-65.3,-43.42,182,197,174,42,10,-33.65,88,Jakobi,Meyers,JAC,WR,30,1,114.85,47.41,6.03,111.25,ADP.tsv,123.056,15.0242,ADP.tsv,17.8412158778487,58.944,3.2245,2.47369778873653,17061,111.25,69,156,340
robust,16188,WR,139.9,27.13158,FALSE,2.80000000000001,120.82,159.72,-48.1,-54.28,-45.44,183,186,181,43,10,-33.8,89,Quentin,Johnston,LAC,WR,25,-3,90.51,38.6,4.9,76.25,ADP.tsv,99.818,11.5704,ADP.tsv,11.8753566683279,83.182,4.577,3.33291269012556,20276,76.25,50,117,340
robust,16620,WR,137.1,17.19816,FALSE,1.38749999999999,113.38,150.06,-50.9,-61.72,-55.1,186,194,202,44,10,-36.6,92,Xavier,Worthy,KCC,WR,23,-4,129.37,51.94,4.63,119.18,ADP.tsv,127.76,17.2799,ADP.tsv,19.2116308521687,58.24,2.3645,1.65320317868071,21128,119.18,73,173,338
robust,12186,WR,135.7125,6.81996000000003,FALSE,0.8125,114,148.005,-52.2875,-61.1,-57.155,187,192,204,45,10,-37.9875,94,Stefon,Diggs,WAS,WR,33,5,100.64,41.93,7.03,98.44,ADP.tsv,108.296,14.5061,ADP.tsv,6.56262325598537,78.704,5.78,4.80293660170525,13671,98.44,58,142,340
robust,15779,WR,134.9,18.97728,FALSE,1.20000000000002,111.18,156.26,-53.1,-63.92,-48.9,189,196,184,46,10,-38.8,96,Romeo,Doubs,NEP,WR,26,-2,128.13,51.46,4.72,110.56,ADP.tsv,124.928,12.0884,ADP.tsv,14.4714966744978,64.072,2.9345,2.9173088197858,19455,110.56,79,149,340
robust,16187,WR,133.7,12.350058,FALSE,2,123.7,150.58,-54.3,-51.4,-54.58,192,178,198,47,11,-40,99,Josh,Downs,IND,WR,25,-3,98.79,41.79,4.93,89.2,ADP.tsv,114.146,13.1246,ADP.tsv,11.6434077485932,77.854,3.7055,3.22097978106042,20283,89.2,61,137,340
robust,17075,WR,131.7,7.11647999999997,FALSE,1.09999999999999,113.98,150.48,-56.3,-61.12,-54.68,194,193,200,48,11,-42,101,Matthew,Golden,GBP,WR,23,-5,126.09,50.41,5.86,100.53,ADP.tsv,120.946,12.9519,ADP.tsv,13.5853915659432,73.054,3.112,1.74136498184614,22085,100.53,69,144,340
robust,17514,WR,130.6,24.944745,FALSE,2.99999999999997,48.78,150.38,-57.4,-126.32,-54.78,196,353,201,49,11,-43.1,102,De'Zhaun,Stribling,SFO,WR,24,-6,118.37,47.75,8.63,92.14,ADP.tsv,112.304,18.8234,ADP.tsv,9.8083833530302,83.696,6.212,4.26954704857553,23066,92.14,46,155,340
robust,15761,WR,127.6,5.48562000000002,FALSE,0.875000000000028,114.5,134.86,-60.4,-60.6,-70.3,200,190,221,50,11,-46.1,106,Khalil,Shakir,BUF,WR,26,-2,134,53.43,4.91,126.34,ADP.tsv,140.926,13.8196,ADP.tsv,18.8938398426577,59.074,2.5555,2.18306682215639,19462,126.34,88,168,339
robust,14833,WR,126.725,12.30558,FALSE,0.324999999999989,108.45,145.84,-61.275,-66.65,-59.32,201,200,206,51,11,-46.975,109,Jerry,Jeudy,CLE,WR,27,0,176.85,67.15,8.76,194.96,ADP.tsv,153.02,22.6397,ADP.tsv,20.5158036644924,47.98,2.54533333333333,2.69559706847213,17964,194.96,127,257,314
robust,14136,WR,126.4,28.76244,FALSE,0.375,105.56,153.98,-61.6,-69.54,-51.18,202,204,192,52,11,-47.3,110,Deebo,Samuel,SFO,WR,30,1,141.05,55,8.86,131.73,ADP.tsv,125.95,16.7615,ADP.tsv,17.9608039909131,76.05,3.5665,3.95650941487569,17019,131.73,85,182,338
robust,16080,WR,126.025,41.5128,FALSE,3.825,91.46,162.8,-61.975,-83.64,-42.36,204,225,173,53,11,-47.675,111,Rashid,Shaheed,SEA,WR,28,-2,145.69,56.97,4.86,130.44,ADP.tsv,131.238,18.1383,ADP.tsv,15.5027409189472,72.762,2.474,2.45833846327148,19934,130.44,94,199,339
robust,17501,WR,122.2,26.6868,FALSE,0.600000000000009,85.72,144.44,-65.8,-89.38,-60.72,209,233,207,54,11,-51.5,113,KC,Concepcion,CLE,WR,22,-6,115.46,47.08,5.76,99.94,ADP.tsv,122.18,18.1327,ADP.tsv,6.88985631199955,86.82,4.235,4.06020627554808,22933,99.94,60,165,340
robust,17499,WR,121.6,10.60059,FALSE,0.799999999999983,86.46,152.31,-66.4,-88.64,-52.85,211,232,194,55,11,-52.1,114,Makai,Lemon,PHI,WR,22,-6,111.98,46.03,6.48,105.46,ADP.tsv,125.78,14.8561,ADP.tsv,6.32231603132902,85.22,4.114,4.19999380951925,22932,105.46,69,155,339
robust,16809,WR,120.8,18.16185,FALSE,7.2,104,137.98,-67.2,-71.1,-67.18,214,207,218,56,12,-52.9,115,Jalen,Coker,CAR,WR,25,-4,131.47,52.34,4.83,121.87,ADP.tsv,136.412,13.4700,ADP.tsv,12.8952989883911,77.588,2.3235,1.78577063196817,21570,121.87,89,167,340
robust,16287,WR,113.6,6.07866000000001,FALSE,1.85000000000001,108.7,120.64,-74.4,-66.4,-84.52,220,199,240,57,12,-60.1,121,Tre,Tucker,LVR,WR,25,-3,162.85,62.19,8.42,152.38,ADP.tsv,146.37,21.6067,ADP.tsv,16.0044406337741,73.63,2.023,1.88569005936819,20357,152.38,105,230,337
robust,16193,WR,111.75,52.11339,FALSE,1.29999999999998,73.55,144.41,-76.25,-101.55,-60.75,222,267,208,58,12,-61.95,122,Kayshon,Boutte,HOU,WR,24,-3,170.38,64.8,7.9,175.31,ADP.tsv,160.905,27.3979,ADP.tsv,9.74760868110738,61.095,2.54266666666667,2.61459765334724,20326,175.31,99,257,327
robust,13629,WR,110.45,37.8063,FALSE,1.95000000000002,70.7,152.06,-77.55,-104.4,-53.1,224,274,195,59,12,-63.25,123,Calvin,Ridley,TEN,WR,32,2,209.62,77.55,9.46,243.34,ADP.tsv,162.725,33.2038,ADP.tsv,23.397959846961,61.275,1.52133333333333,1.26495463247589,16065,243.34,161,345,226
robust,16628,WR,108.5,4.52193,FALSE,1.52500000000001,100.1,112.15,-79.5,-75,-93.01,227,214,256,60,13,-65.2,124,Jalen,McMillan,TBB,WR,25,-4,177.63,67.02,8.09,165.31,ADP.tsv,160.89,33.5216,ADP.tsv,24.3608305824466,66.11,2.94,2.34,21153,165.31,54,247,322
robust,14860,WR,106.975,10.30407,FALSE,2.02499999999999,82.33,139.1,-81.025,-92.77,-66.06,230,238,216,61,13,-66.725,128,Jauan,Jennings,MIN,WR,29,0,179.1,68.22,9.65,184.04,ADP.tsv,164.2675,23.8188,ADP.tsv,15.1637089377896,65.7325,1.71866666666667,1.69309289631596,18033,184.04,110,247,319
robust,17500,WR,104.95,26.056695,FALSE,0.899999999999991,73.24,130.1,-83.05,-101.86,-75.06,233,268,225,62,13,-68.75,129,Denzel,Boston,CLE,WR,23,-6,160.31,61.01,8.42,151.16,ADP.tsv,154.502,18.7521,ADP.tsv,17.5671755271017,78.498,2.588,3.00343669818427,22934,151.16,98,206,323
robust,16684,WR,104.05,1.4826,FALSE,2.15000000000001,87.34,126.28,-83.95,-87.76,-78.88,234,231,230,63,13,-69.65,130,Malik,Washington,MIA,WR,25,-4,194.23,72.74,11.42,174.94,ADP.tsv,155.403333333333,21.8560,ADP.tsv,15.7543228635473,78.5966666666667,2.60666666666667,2.93168135300471,21154,174.94,103,229,326
robust,15786,WR,101.9,15.12252,FALSE,0.25,77.14,137.48,-86.1,-97.96,-67.68,238,253,219,64,13,-71.8,133,Jalen,Nailor,LVR,WR,27,-2,194.14,72.34,10.46,163.46,ADP.tsv,154.0775,19.4150,ADP.tsv,18.6997144028993,83.9225,1.7675,1.59970895790453,19715,163.46,104,216,328
robust,16788,WR,101.65,12.52797,FALSE,1.65000000000001,84.535,118.84,-86.35,-90.565,-86.32,239,235,243,65,13,-72.05,134,Devaughn,Vele,NOS,WR,29,-4,243.73,89.46,12.43,226.66,ADP.tsv,178.385,33.7595,ADP.tsv,11.585,60.615,1.502,1.402,21357,226.66,141,333,287
robust,15293,WR,100,32.98785,FALSE,0.599999999999994,75.15,121.9,-88,-99.95,-83.26,241,260,239,66,13,-73.7,137,Rashod,Bateman,BAL,WR,27,-1,223.39,81.63,8.76,264.43,ADP.tsv,159.146666666667,36.4181,ADP.tsv,22.7233467801046,81.8533333333333,1.396,1.196,18785,264.43,160,353,152
robust,11222,WR,99.4,8.74734000000001,FALSE,1.875,90.9,123.22,-88.6,-84.2,-81.94,242,227,236,67,13,-74.3,138,Keenan,Allen,IND,WR,34,7,197.96,73.34,15.94,185.74,ADP.tsv,152.414,28.5035,ADP.tsv,16.4428642273784,89.586,2.425,2.76981497577004,11857,185.74,98,262,320
robust,17498,WR,97.525,20.31162,FALSE,2.52500000000001,47.21,165.84,-90.475,-127.89,-39.32,244,362,170,68,13,-76.175,139,Jordyn,Tyson,NOS,WR,22,-6,141.32,56.32,9.39,131.57,ADP.tsv,141.554,23.0627,ADP.tsv,20.7243051511987,102.446,3.8045,4.43685482633814,22931,131.57,72,205,327
robust,16626,WR,95,26.98332,FALSE,1.575,72.26,118.7,-93,-102.84,-86.46,246,272,244,69,14,-78.7,142,Adonai,Mitchell,NYJ,WR,24,-4,171.88,64.98,7.42,173.57,ADP.tsv,172.616666666667,19.2666,ADP.tsv,11.8418251220925,73.3833333333333,1.272,1.00490530233782,21129,173.57,111,222,324
robust,17517,WR,93.425,40.734435,FALSE,1.78750000000001,31.84,127.38,-94.575,-143.26,-77.78,250,403,228,70,14,-80.275,143,Ja'Kobi,Lane,BAL,WR,22,-6,205.49,76.16,15.94,160.38,ADP.tsv,154.284,23.7259,ADP.tsv,15.3050966674504,95.716,3.4745,4.346933488104,22959,160.38,103,240,331
robust,17074,WR,91.6375,17.828265,FALSE,2.53749999999999,72.38,113.5725,-96.3625,-102.72,-91.5875,252,271,252,71,14,-82.0625,144,Travis,Hunter,JAC,WR,23,-5,200.06,75.21,12.4,225.48,ADP.tsv,166.59,36.9323,ADP.tsv,0.890000000000001,85.41,2.77,1.07,22058,225.48,111,320,274
robust,17503,WR,89.1,5.33736000000001,FALSE,5.39999999999999,27.2,103.58,-98.9,-147.9,-101.58,256,414,274,72,14,-84.6,147,Germie,Bernard,PIT,WR,23,-6,235.27,87.4,10.63,262.28,ADP.tsv,NA,36.7875,ADP.tsv,NA,NA,3.708,3.708,22947,262.28,154,353,182
robust,17599,WR,83.7,11.26776,FALSE,1.22500000000001,38.76,97.14,-104.3,-136.34,-108.02,266,384,285,73,14,-90,154,Caleb,Douglas,MIA,WR,23,-6,207.13,78.11,16.56,190.33,ADP.tsv,175.66,25.3751,ADP.tsv,12.3262348941867,90.34,2.48,2.67870615534192,23043,190.33,112,258,320
robust,17157,WR,82.475,12.30558,FALSE,0.674999999999997,63.28,96.35,-105.525,-111.82,-108.81,270,313,286,74,15,-91.225,156,Isaac,TeSlaa,DET,WR,24,-5,217.03,80.32,7.09,207.99,ADP.tsv,204.73,22.3920,ADP.tsv,NA,65.27,1.488,1.488,22134,207.99,139,267,301
robust,13164,WR,81.8,2.683506,FALSE,0.100000000000009,78.958,112.6845,-106.2,-96.142,-92.4755,271,246,254,75,15,-91.9,157,Cooper,Kupp,SEA,WR,33,3,230.59,84.21,9.46,238.19,ADP.tsv,159.55,26.3051,ADP.tsv,9.55,111.45,2.524,2.324,15283,238.19,149,296,244
robust,17502,WR,81.7,34.0998,FALSE,1.36249999999998,49.14,128.18,-106.3,-125.96,-76.98,272,351,227,76,15,-92,158,Omar,Cooper Jr.,NYJ,WR,23,-6,185.29,70.33,10.52,212.16,ADP.tsv,177.965,25.9844,ADP.tsv,10.065,94.035,2.05333333333333,2.2343579739056,22948,212.16,141,289,291
robust,16201,WR,80.3375,14.23296,FALSE,0.0125000000000171,65.92,92.3225,-107.6625,-109.18,-112.8375,275,296,292,77,15,-93.3625,159,Xavier,Hutchinson,HOU,WR,26,-3,286.33,106.37,16.8,283.8,ADP.tsv,186.09,42.0055,ADP.tsv,NA,88.91,1.98,1.98,20305,283.8,158,360,68
robust,16778,WR,80.325,11.41602,FALSE,1.69999999999999,69.23,93.135,-107.675,-105.87,-112.025,276,276,291,78,15,-93.375,160,Ryan,Flournoy,DAL,WR,27,-4,187.98,70.7,9.45,176.13,ADP.tsv,177.375,24.4980,ADP.tsv,8.97499999999999,98.625,2.172,2.172,21355,176.13,102,243,321
robust,16639,WR,78.625,4.37367000000001,FALSE,0.174999999999997,62.675,83.55,-109.375,-112.425,-121.61,279,317,317,79,15,-95.075,163,Xavier,Legette,CAR,WR,25,-4,272.46,99.66,9.32,288.47,ADP.tsv,NA,31.2728,ADP.tsv,NA,NA,0.912,0.912,21137,288.47,210,358,60
robust,16195,WR,78.45,1.26021000000001,FALSE,0.0833333333333286,74.4,88.04,-109.55,-100.7,-117.12,282,262,302,80,15,-95.25,164,Dontayvion,Wicks,PHI,WR,25,-3,184.54,68.66,10.1,170.54,ADP.tsv,163.536666666667,21.1553,ADP.tsv,8.73254576601551,118.463333333333,2.28,2.39822156329783,20314,170.54,103,225,327
robust,15788,WR,78.3666666666667,9.34038000000002,FALSE,1.14166666666668,68.07,124.875,-109.633333333333,-107.03,-80.285,283,284,233,81,15,-95.3333333333333,165,Jalen,Tolbert,MIA,WR,27,-2,285.62,109.06,14.2,280.63,ADP.tsv,NA,34.9773,ADP.tsv,NA,NA,1.248,1.248,19453,280.63,183,359,98
robust,17080,WR,77.225,21.05292,FALSE,0.349999999999994,60.71,100.74,-110.775,-114.39,-104.42,286,321,278,82,15,-96.475,167,Jaylin,Noel,HOU,WR,24,-5,203.66,75.78,8.19,243.39,ADP.tsv,NA,37.7576,ADP.tsv,NA,NA,1.202,1.102,22116,243.39,134,345,244
robust,17512,WR,76.875,34.02567,FALSE,1.34999999999999,47.8,108.2,-111.125,-127.3,-96.96,287,359,265,83,15,-96.825,169,Antonio,Williams,WAS,WR,22,-6,232.41,87.62,14.27,235.37,ADP.tsv,NA,37.1088,ADP.tsv,NA,NA,3.588,3.588,22956,235.37,104,311,240
robust,16619,WR,75.525,35.87892,FALSE,0.162500000000009,43.465,112.17,-112.475,-131.635,-92.99,291,373,255,84,15,-98.175,171,Troy,Franklin,DEN,WR,23,-4,223.93,82.88,10.99,254.63,ADP.tsv,187.73,39.7884,ADP.tsv,NA,103.27,1.224,1.224,21127,254.63,113,326,166
robust,14122,WR,75.3625,20.23749,FALSE,0.916666666666643,58.755,91.6025,-112.6375,-116.345,-113.5575,292,326,298,85,15,-98.3375,172,Darius,Slayton,NYG,WR,29,1,272.47,99.17,7.96,284.18,ADP.tsv,175.745,31.7934,ADP.tsv,11.545,116.255,1.356,1.356,17512,284.18,204,358,72
robust,15787,WR,74.4458333333334,9.82222500000002,FALSE,0.719903320023676,64.305,92.2525,-113.554166666667,-110.795,-112.9075,296,308,293,86,15,-99.2541666666667,174,Tyquan,Thornton,KCC,WR,26,-2,259.83,94.97,10.08,281.13,ADP.tsv,NA,32.6007,ADP.tsv,NA,NA,1.212,1.212,19491,281.13,192,355,93
robust,16204,WR,73.7259300133097,23.0901161622671,FALSE,0.638430013309673,35.19,104.66,-114.27406998669,-139.91,-100.5,299,391,272,87,15,-99.9740699866903,176,Tank,Dell,HOU,WR,27,-3,225.49,84.51,11.78,227.92,ADP.tsv,175.56,39.7261,ADP.tsv,16.16,123.44,2.588,2.188,20323,227.92,109,331,244
robust,13633,WR,73.0875,20.31162,FALSE,2.76250000000002,23.285,99.83,-114.9125,-151.815,-105.33,301,424,279,88,15,-100.6125,177,Christian,Kirk,SFO,WR,30,2,274.47,100.93,13.1,277.09,ADP.tsv,NA,39.8735,ADP.tsv,NA,NA,NA,NA,16132,277.09,157,360,108
robust,17072,WR,70.325,3.10110499999999,FALSE,0.562499999999986,66.9325,127.23,-117.675,-108.1675,-77.93,307,291,229,89,15,-103.375,180,Tre,Harris,LAC,WR,24,-5,184.79,69.87,9.35,166.32,ADP.tsv,183.675,20.6756,ADP.tsv,3.825,123.325,1.16933333333333,0.860860551360608,22074,166.32,106,225,321
robust,16342,WR,69.7625,7.56125999999999,FALSE,0.862499999999997,61.01,85.175,-118.2375,-114.09,-119.985,309,320,309,90,16,-103.9375,182,Demario,Douglas,NEP,WR,26,-3,262.05,100.95,17.99,277.1,ADP.tsv,NA,34.1057,ADP.tsv,NA,NA,1.296,1.296,20341,277.1,175,351,121
robust,16189,WR,68.9,19.42206,FALSE,0.924999999999997,57.11,80.69,-119.1,-117.99,-124.47,313,329,327,91,16,-104.8,184,Marvin,Mims,DEN,WR,24,-3,276.1,100.28,8.91,286.83,ADP.tsv,NA,19.9824,ADP.tsv,NA,NA,1.26,1.26,20293,286.83,271,360,38
robust,17073,WR,67.975,56.3388,FALSE,0.237500000000026,23.74,108.38,-120.025,-151.36,-96.78,314,420,264,92,16,-105.725,186,Elic,Ayomanor,TEN,WR,23,-5,255.27,92.96,9.93,288.07,ADP.tsv,NA,31.3107,ADP.tsv,NA,NA,1.272,1.272,22091,288.07,209,359,66
robust,16617,WR,67.7375,12.935685,FALSE,0.0374999999999659,53.59,85.8125,-120.2625,-121.51,-119.3475,315,338,307,93,16,-105.9625,187,Keon,Coleman,BUF,WR,23,-4,249.67,90.16,9.36,265.02,ADP.tsv,179.43,34.0432,ADP.tsv,8.63,135.57,2.736,2.736,21130,265.02,172,352,149
robust,15755,WR,67.7,24.648225,FALSE,0.850000000000009,42.0775,111.87,-120.3,-133.0225,-93.29,316,376,257,94,16,-106,188,Jahan,Dotson,ATL,WR,26,-2,280.55,104.95,15.95,279.04,ADP.tsv,NA,33.2467,ADP.tsv,NA,NA,0.876,0.876,19452,279.04,189,359,112
robust,17511,WR,66.85,49.88949,FALSE,0.512500000000003,10.925,124.805,-121.15,-164.175,-80.355,321,471,234,95,16,-106.85,189,Malachi,Fields,NYG,WR,23,-6,223.01,81.7,11.9,196.9,ADP.tsv,175.046666666667,39.8139,ADP.tsv,13.5688180112426,145.953333333333,2.15866666666667,2.30447757396094,22952,196.9,30,259,319
robust,16207,WR,66.3375,16.419795,FALSE,2.21250000000001,52.91,82.3725,-121.6625,-122.19,-122.7875,327,340,321,96,16,-107.3625,190,Andrei,Iosivas,CIN,WR,27,-3,278.47,104.43,11.33,283.83,ADP.tsv,NA,30.2899,ADP.tsv,NA,NA,1.056,1.056,20337,283.83,206,356,86
robust,17082,WR,64.125,8.37668999999999,FALSE,1.325,55.31,83.27,-123.875,-119.79,-121.89,336,334,318,97,16,-109.575,194,Pat,Bryant,DEN,WR,24,-5,190.24,70.93,8.56,192.84,ADP.tsv,190.24,31.1521,ADP.tsv,NA,145.76,2.244,2.244,22115,192.84,117,296,316
robust,17171,WR,62.8,41.66106,FALSE,2.09999999999999,26.06,97.78,-125.2,-149.04,-107.38,347,416,284,98,16,-110.9,198,Chimere,Dike,TEN,WR,25,-5,255.4,93.51,11.19,285.53,ADP.tsv,NA,36.8761,ADP.tsv,NA,NA,1.356,1.356,22269,285.53,181,358,67
robust,17506,WR,60.7,46.887225,FALSE,1.55,14.54,100.98,-127.3,-160.56,-104.18,353,456,277,99,16,-113,202,Chris,Bell,MIA,WR,22,-6,227.98,83.62,12.86,213.19,ADP.tsv,185.26,39.1583,ADP.tsv,5.42999999999999,167.74,3.428,3.83645252805245,22946,213.19,102,326,303
robust,14840,WR,59.15,57.00597,FALSE,1.05833333333333,23.505,94.155,-128.85,-151.595,-111.005,357,423,289,100,16,-114.55,205,Brandon,Aiyuk,SFO,WR,28,0,276.13,104.62,20.18,283.73,ADP.tsv,NA,34.9634,ADP.tsv,NA,NA,6.144,NA,17983,283.73,196,358,51
robust,17507,WR,58.0916666666667,44.89807,FALSE,0.116666666666667,10.53,115.045,-129.908333333333,-164.57,-90.115,360,473,249,101,16,-115.608333333333,207,Zachariah,Branch,ATL,WR,22,-6,229.65,85.15,11.44,236.18,ADP.tsv,NA,33.8974,ADP.tsv,NA,NA,2.268,2.268,22951,236.18,145,334,239
robust,17078,WR,57.975,16.23447,FALSE,1.525,40.21,84.58,-130.025,-134.89,-120.58,361,378,311,102,16,-115.725,208,Jack,Bech,LVR,WR,24,-5,249.25,91.03,9.38,275.8,ADP.tsv,NA,28.8832,ADP.tsv,NA,NA,0,NA,22112,275.8,205,353,114
robust,15981,WR,56.45,2.00150999999999,FALSE,0.299999999999997,53.335,62.605,-131.55,-121.765,-142.555,364,339,387,103,17,-117.25,210,KaVontae,Turpin,DAL,WR,30,-2,297.9,114.93,16.71,282.5,ADP.tsv,NA,30.3936,ADP.tsv,NA,NA,2.052,2.052,20247,282.5,245,359,12
robust,14974,WR,56.15,10.45233,FALSE,0.587500000000006,44.385,102.43,-131.85,-130.715,-102.73,365,371,276,104,17,-117.55,211,Darnell,Mooney,NYG,WR,29,0,227.07,83.68,8.25,260.23,ADP.tsv,NA,35.0445,ADP.tsv,NA,NA,1.032,1.032,18169,260.23,157,343,154
robust,13289,WR,55.5625,2.44629000000001,FALSE,0.162499999999994,48.715,70.99,-132.4375,-126.385,-134.17,367,354,357,105,17,-118.1375,213,Mack,Hollins,NEP,WR,33,3,288.64,105.32,11.3,288.49,ADP.tsv,NA,38.2230,ADP.tsv,NA,NA,0.852,0.852,15355,288.49,182,360,53
robust,17519,WR,55.4,6.44931,FALSE,1.81250000000001,33.535,105.985,-132.6,-141.565,-99.175,369,400,268,106,17,-118.3,214,Bryce,Lance,NOS,WR,24,-6,283.93,105.51,14.99,279.76,ADP.tsv,NA,32.6423,ADP.tsv,NA,NA,2.4,2.4,22969,279.76,193,359,107
robust,12785,WR,53.5875,35.21175,FALSE,1.1875,22.69,78.625,-134.4125,-152.41,-126.535,372,427,333,107,17,-120.1125,218,Demarcus,Robinson,SFO,WR,32,4,343.77,123.33,17.39,281.34,ADP.tsv,NA,35.6572,ADP.tsv,NA,NA,0,NA,14714,281.34,218,358,16
robust,17520,WR,52.4,39.2889,FALSE,1.35,25.34,79.04,-135.6,-149.76,-126.12,375,418,331,108,17,-121.3,219,Ted,Hurst,TBB,WR,22,-6,240.7,89.03,12.75,233.52,ADP.tsv,NA,30.3141,ADP.tsv,NA,NA,4.044,4.044,22967,233.52,159,330,266
robust,17098,WR,51.05,10.143455,FALSE,4.2,40.2925,96.13,-136.95,-134.8075,-109.03,380,377,287,109,17,-122.65,221,Tory,Horton,SEA,WR,24,-5,262.8,96.05,9.41,286.37,ADP.tsv,NA,35.6008,ADP.tsv,NA,NA,0,NA,21171,286.37,185,360,81
robust,17528,WR,46.85,11.63841,FALSE,0.6875,39.785,53.915,-141.15,-135.315,-151.245,389,380,401,110,17,-126.85,233,Kevin,Coleman,MIA,WR,23,-6,345.45,124.66,15.02,280.81,ADP.tsv,NA,11.2874,ADP.tsv,NA,NA,0,NA,23176,280.81,233,263,2
robust,13418,WR,46.1625,2.29803,FALSE,1.2,42.605,53.18,-141.8375,-132.495,-151.98,393,375,405,111,17,-127.5375,236,Kendrick,Bourne,ARI,WR,31,3,283.09,109.72,14.51,285.95,ADP.tsv,NA,34.8867,ADP.tsv,NA,NA,0,NA,15671,285.95,203,360,41
robust,14105,WR,44.9625,15.900885,FALSE,1.575,28.565,98.2125,-143.0375,-146.535,-106.9475,396,413,283,112,17,-128.7375,238,Marquise,Brown,PHI,WR,29,1,287.48,106.44,8.54,,,NA,,,NA,NA,0,NA,,,,,
robust,13066,WR,43.3875,1.85325,FALSE,0.987499999999997,37.81,46.225,-144.6125,-137.29,-158.935,400,387,419,113,18,-130.3125,244,Kalif,Raymond,CHI,WR,32,4,315.64,119.06,16.07,283.88,ADP.tsv,NA,33.5441,ADP.tsv,NA,NA,0,NA,14572,283.88,220,360,24
robust,17706,WR,42.4,27.119225,FALSE,0.350000000000001,12.1975,86.51,-145.6,-162.9025,-118.65,402,465,305,114,18,-131.3,245,Malik,Benson,LVR,WR,24,-6,314.1,115.88,14.49,283.23,ADP.tsv,NA,36.2740,ADP.tsv,NA,NA,1.812,1.812,23172,283.23,205,359,27
robust,15319,WR,42.05,6.52344,FALSE,1.2,35.03,72.185,-145.95,-140.07,-132.975,404,394,353,115,18,-131.65,247,Joshua,Palmer,BUF,WR,27,-1,311.97,114.93,11.74,284.74,ADP.tsv,NA,29.9143,ADP.tsv,NA,NA,0,NA,18862,284.74,233,360,27
robust,15292,WR,40.85,32.83959,FALSE,0.725000000000009,17.795,61.985,-147.15,-157.305,-143.175,406,445,388,116,18,-132.85,254,Dyami,Brown,WAS,WR,27,-1,375.88,142.29,17.9,281.44,ADP.tsv,NA,0.0000,ADP.tsv,NA,NA,0,NA,18786,281.44,356,356,2
robust,14592,WR,40.125,11.78667,FALSE,0.774999999999999,28.595,58.655,-147.875,-146.505,-146.505,408,412,392,117,18,-133.575,257,Olamide,Zaccheaus,ATL,WR,29,1,310.5,117.24,9.1,285.98,ADP.tsv,NA,21.5576,ADP.tsv,NA,NA,0,NA,17170,285.98,267,359,28
robust,14315,WR,39.35,10.82298,FALSE,0.199999999999996,19.63,80.11,-148.65,-155.47,-125.05,409,436,330,118,18,-134.35,260,Ashton,Dulin,IND,WR,29,1,383.92,133.12,15.52,281.12,ADP.tsv,NA,0.0000,ADP.tsv,NA,NA,0,NA,17366,281.12,322,322,1
robust,16451,WR,39.15,7.8300,TRUE,0.450000000000003,39.15,39.15,-148.85,-135.95,-166.01,410,382,428,119,18,-134.55,262,Tyrell,Shavers,BUF,WR,27,-3,523.2,180.17,17.73,,,NA,,,NA,NA,NA,NA,,,,,
robust,17134,WR,38.7,0.7413,FALSE,1.40000000000001,38.25,39.15,-149.3,-136.85,-166.01,411,385,428,120,18,-135,265,Kyle,Williams,NEP,WR,24,-5,272.54,99.78,12.04,282.7,ADP.tsv,NA,32.2006,ADP.tsv,NA,NA,0,NA,22128,282.7,201,360,84
robust,16635,WR,37.3,32.69133,FALSE,0.0249999999999915,13.505,67.415,-150.7,-161.595,-137.745,414,459,371,121,18,-136.4,269,Luke,McCaffrey,WAS,WR,25,-4,330.91,120.45,13.92,282.48,ADP.tsv,NA,11.9882,ADP.tsv,NA,NA,0,NA,21168,282.48,316,358,8
robust,17353,WR,37.275,12.89862,FALSE,1.625,14.87,83,-150.725,-160.23,-122.16,415,455,320,122,18,-136.425,270,Jahdae,Walker,CHI,WR,24,-5,436.5,146.6,12,281.94,ADP.tsv,NA,6.2174,ADP.tsv,NA,NA,NA,NA,22746,281.94,333,353,5
robust,17521,WR,35.65,22.38726,FALSE,1.90000000000001,13.01,72.77,-152.35,-162.09,-132.39,418,460,351,123,18,-138.05,273,Zavion,Thomas,CHI,WR,22,-6,328.88,119.26,13.39,281.09,ADP.tsv,NA,38.5338,ADP.tsv,NA,NA,4.608,4.608,23013,281.09,189,360,37
robust,17079,WR,33.75,21.12705,FALSE,0.400000000000006,20.925,46.575,-154.25,-154.175,-158.585,423,432,417,124,18,-139.95,279,Tez,Johnson,TBB,WR,24,-5,299.5,113.74,14.14,284.19,ADP.tsv,NA,31.1481,ADP.tsv,NA,NA,0,NA,22108,284.19,229,359,24
robust,17076,WR,33.35,2.29803,FALSE,0.449999999999989,29.255,41.765,-154.65,-145.845,-163.395,424,407,426,125,18,-140.35,281,Isaiah,Bond,CLE,WR,22,-5,294.73,108.88,10.17,283.51,ADP.tsv,NA,30.5304,ADP.tsv,NA,NA,0,NA,22061,283.51,238,359,17
robust,15759,WR,32.9,6.5800,TRUE,1.87916666666667,32.9,32.9,-155.1,-142.2,-172.26,425,401,439,126,18,-140.8,282,John,Metchie,CAR,WR,26,-2,327.88,129.03,27.3,281.9,ADP.tsv,NA,16.8271,ADP.tsv,NA,NA,NA,NA,19454,281.9,302,358,6
robust,17518,WR,31.0208333333333,25.57485,FALSE,0.970833333333331,4.8175,53.73,-156.979166666667,-170.2825,-151.43,428,501,402,127,19,-142.679166666667,289,Cyrus,Allen,KCC,WR,23,-6,211.53,81.24,18.32,176.92,ADP.tsv,176.545,33.2072,ADP.tsv,3.16500000000001,251.455,4.012,4.64359286185457,23165,176.92,85,276,319
robust,16621,WR,30.05,4.74432000000001,FALSE,1.7,25.48,33.58,-157.95,-149.62,-171.58,431,417,437,128,19,-143.65,292,Devontez,Walker,BAL,WR,25,-4,386.33,136.68,19.21,282.59,ADP.tsv,NA,13.4254,ADP.tsv,NA,NA,0,NA,21138,282.59,312,360,9
robust,16630,WR,28.35,6.74583,FALSE,0.674999999999997,19.835,34.145,-159.65,-155.265,-171.015,436,434,436,129,19,-145.35,296,Isaiah,Williams,NYJ,WR,25,-4,382.6,124.18,20.78,281.37,ADP.tsv,NA,17.5550,ADP.tsv,NA,NA,0,NA,21729,281.37,301,352,3
robust,16633,WR,27.675,6.37518,FALSE,0.475000000000005,20.62,32.77,-160.325,-154.48,-172.39,437,433,440,130,19,-146.025,299,Jordan,Whittington,LAR,WR,26,-4,373.92,132.67,12.35,281.8,ADP.tsv,NA,37.4400,ADP.tsv,NA,NA,0,NA,21389,281.8,212,359,16
robust,15301,WR,27.2,1.63086,FALSE,0.599999999999998,26.21,28.19,-160.8,-148.89,-176.97,440,415,446,131,19,-146.5,303,Tutu,Atwell,LAR,WR,27,-1,359.28,125.97,14.19,285.62,ADP.tsv,NA,39.0666,ADP.tsv,NA,NA,0,NA,18802,285.62,186,360,38
robust,17096,WR,26.6,5.33736,FALSE,0.646249999999998,19.72,31.24,-161.4,-155.38,-173.92,442,435,442,132,19,-147.1,304,Savion,Williams,GBP,WR,25,-5,357.05,128.35,12.68,281.95,ADP.tsv,NA,9.3262,ADP.tsv,NA,NA,0,NA,22073,281.95,326,356,5
robust,15752,WR,25.95375,8.606493,FALSE,0.828750000000003,11.769,34.6245,-162.04625,-163.331,-170.5355,445,467,434,133,19,-147.74625,306,Treylon,Burks,WAS,WR,26,-2,310.35,118.54,18.15,283.01,ADP.tsv,NA,24.9556,ADP.tsv,NA,NA,0,NA,19429,283.01,261,358,15
robust,17529,WR,25.125,2.409225,FALSE,0.774999999999999,23.6625,26.5875,-162.875,-151.4375,-178.5725,446,422,448,134,19,-148.575,310,Brenen,Thompson,LAC,WR,23,-6,315.09,115.07,12.42,281.51,ADP.tsv,NA,37.5908,ADP.tsv,NA,NA,1.716,1.716,23097,281.51,208,347,11
robust,16629,WR,24.35,32.17242,FALSE,1.4,2.35,44.83,-163.65,-172.75,-160.33,448,507,421,135,19,-149.35,313,Roman,Wilson,PIT,WR,25,-4,295.04,111.91,16.7,284.66,ADP.tsv,NA,25.3977,ADP.tsv,NA,NA,0,NA,21148,284.66,253,359,24
robust,14118,WR,22.95,4.5900,TRUE,0.325000000000003,22.95,22.95,-165.05,-152.15,-182.21,449,425,456,136,19,-150.75,323,Lil'Jordan,Humphrey,DEN,WR,28,1,492.83,165.09,18.45,281.08,ADP.tsv,NA,41.0111,ADP.tsv,NA,NA,NA,NA,17049,281.08,240,349,2
robust,17254,WR,22.625,4.22541,FALSE,0.225000000000001,18.185,30.065,-165.375,-156.915,-175.095,450,441,444,137,19,-151.075,326,Konata,Mumpfield,LAR,WR,24,-5,326.03,117.27,16.62,281.79,ADP.tsv,NA,3.8953,ADP.tsv,NA,NA,0,NA,22334,281.79,344,356,4
robust,17184,WR,22.4,4.4800,TRUE,0.375,22.4,22.4,-165.6,-152.7,-182.76,451,428,457,138,19,-151.3,328,Jaylin,Lane,WAS,WR,24,-5,369.41,131.59,12.48,281.06,ADP.tsv,NA,44.0210,ADP.tsv,NA,NA,0,NA,22272,281.06,232,349,2
robust,15785,WR,22.025,17.235225,FALSE,3.325,11.5625,32.4875,-165.975,-163.5375,-172.6725,454,468,441,139,19,-151.675,329,Bo,Melton,GBP,WR,27,-2,505.8,173.14,15.32,280.86,ADP.tsv,NA,0.0000,ADP.tsv,NA,NA,0,NA,19736,280.86,232,232,1
robust,14845,WR,18.7,3.7400,TRUE,0.500000000000004,18.7,18.7,-169.3,-156.4,-186.46,458,440,465,140,19,-155,347,Gabriel,Davis,BUF,WR,27,0,801,242.2,45.93,,,NA,,,NA,NA,NA,NA,,,,,
robust,17508,WR,18.2,14.97426,FALSE,1.1,9.11,27.29,-169.8,-165.99,-177.87,460,480,447,141,20,-155.5,351,Skyler,Bell,BUF,WR,24,-6,289.36,105.63,10.74,282.33,ADP.tsv,NA,34.6308,ADP.tsv,NA,NA,2.784,2.784,22957,282.33,189,360,84
robust,17086,WR,17.1,0.889559999999999,FALSE,0.149999999999999,16.56,17.64,-170.9,-158.54,-187.52,461,449,469,142,20,-156.6,357,Jalen,Royals,KCC,WR,23,-5,328.27,121.1,16.01,281.48,ADP.tsv,NA,19.2761,ADP.tsv,NA,NA,0,NA,22107,281.48,304,360,3
robust,17234,WR,17.1,3.40998,FALSE,0,15.03,19.17,-170.9,-160.07,-185.99,461,452,462,142,20,-156.6,357,Jimmy,Horn,CAR,WR,24,-5,421.57,151.6,13.32,281.4,ADP.tsv,NA,2.6337,ADP.tsv,NA,NA,0,NA,22291,281.4,346,353,2
robust,15491,WR,16.95,3.3900,TRUE,0.0125000000000028,16.95,16.95,-171.05,-158.15,-188.21,462,447,472,143,20,-156.75,358,Ben,Skowronek,PIT,WR,29,-1,555,186.29,17.65,,,NA,,,NA,NA,NA,NA,,,,,
robust,17205,WR,16.9375,12.45384,FALSE,0.1875,8.955,24.66,-171.0625,-166.145,-180.5,463,481,451,144,20,-156.7625,359,KeAndre,Lambert-Smith,LAC,WR,25,-5,495.4,163.82,11.41,281.46,ADP.tsv,NA,0.0000,ADP.tsv,NA,NA,0,NA,22336,281.46,359,359,2
robust,17333,WR,16.75,3.3500,TRUE,0.550000000000001,16.75,16.75,-171.25,-158.35,-188.41,464,448,473,145,20,-156.95,362,Darius,Cooper,PHI,WR,25,-5,510.8,188.14,15.34,281.29,ADP.tsv,NA,15.4897,ADP.tsv,NA,NA,NA,NA,22809,281.29,291,336,3
robust,16428,WR,16.2,14.52948,FALSE,0.849999999999998,7.38,25.02,-171.8,-167.72,-180.14,465,485,450,146,20,-157.5,363,Xavier,Smith,LAR,WR,29,-3,490.6,158.75,14.18,,,NA,,,NA,NA,0,NA,,,,,
robust,13377,WR,15.35,3.0700,TRUE,0.475,15.35,15.35,-172.65,-159.75,-189.81,467,450,476,147,20,-158.35,365,Tim,Patrick,NYJ,WR,33,3,425.67,161.09,31.97,,,NA,,,NA,NA,NA,NA,,,,,
robust,16636,WR,14.875,8.265495,FALSE,1.15,9.8575,19.8925,-173.125,-165.2425,-185.2675,470,477,461,148,20,-158.825,368,Malachi,Corley,CLE,WR,24,-4,570.5,209.86,35.38,,,NA,,,NA,NA,0,NA,,,,,
robust,17542,WR,13.725,16.271535,FALSE,0.450000000000001,3.8475,23.6025,-174.275,-171.2525,-181.5575,471,505,455,149,20,-159.975,371,Colbie,Young,CIN,WR,24,-6,344.1,124.3,14.08,283.23,ADP.tsv,NA,46.0502,ADP.tsv,NA,NA,0,NA,23080,283.23,169,360,23
robust,11679,WR,13.275,12.639165,FALSE,0.725,5.6025,20.9475,-174.725,-169.4975,-184.2125,472,499,459,150,20,-160.425,373,Odell,Beckham,NYG,WR,34,6,305.94,122.11,17.91,282.71,ADP.tsv,NA,38.2893,ADP.tsv,NA,NA,1.058,0.958,12688,282.71,185,360,46
robust,14110,WR,12.55,2.5100,TRUE,0.100000000000001,12.55,12.55,-175.45,-162.55,-192.61,473,462,481,151,20,-161.15,374,David,Sills,TBB,WR,30,1,554.6,190.88,17.76,,,NA,,,NA,NA,NA,NA,,,,,
robust,17011,WR,12.45,2.4900,TRUE,0.449999999999999,12.45,12.45,-175.55,-162.65,-192.71,474,463,482,152,20,-161.25,375,Jared,Wayne,HOU,WR,26,-3,427.8,173,19.15,,,NA,,,NA,NA,NA,NA,,,,,
robust,16364,WR,12,2.4000,TRUE,0.175000000000001,12,12,-176,-163.1,-193.16,475,466,485,153,20,-161.7,376,Jalen,Brooks,ARI,WR,26,-3,491.4,165.29,17.05,,,NA,,,NA,NA,NA,NA,,,,,
robust,17505,WR,11.825,15.678495,FALSE,0.725,2.3075,21.3425,-176.175,-172.7925,-183.8175,477,508,458,154,20,-161.875,377,Elijah,Sarratt,BAL,WR,23,-6,269.2,99.09,10.7,287.26,ADP.tsv,NA,33.7365,ADP.tsv,NA,NA,3.552,3.552,22949,287.26,200,360,61
robust,16197,WR,11.1,2.2200,TRUE,0.129999999999999,11.1,11.1,-176.9,-164,-194.06,480,470,487,155,20,-162.6,381,Jonathan,Mingo,DAL,WR,25,-3,413.4,158.78,17.2,,,NA,,,NA,NA,NA,NA,,,,,
robust,16299,WR,10.97,6.775482,FALSE,0.244999999999999,6.857,15.083,-177.03,-168.243,-190.077,481,488,478,156,20,-162.73,382,Derius,Davis,LAC,WR,26,-3,509.67,179,16.5,,,NA,,,NA,NA,0,NA,,,,,
robust,17097,WR,10.725,2.335095,FALSE,0.0750000000000011,9.3075,12.1425,-177.275,-165.7925,-193.0175,482,479,483,157,20,-162.975,383,Tai,Felton,MIN,WR,23,-5,400.4,139.74,17.72,282.26,ADP.tsv,NA,9.3512,ADP.tsv,NA,NA,NA,NA,22214,282.26,324,356,7
robust,16422,WR,10.65,2.1300,TRUE,0.199999999999999,10.65,10.65,-177.35,-164.45,-194.51,483,472,488,158,20,-163.05,384,Nikko,Remigio,KCC,WR,27,-3,596.2,205.43,17.81,,,NA,,,NA,NA,NA,NA,,,,,
robust,16858,WR,10.45,2.0900,TRUE,0.550000000000001,10.45,10.45,-177.55,-164.65,-194.71,487,474,489,159,20,-163.25,386,Mason,Tipton,NOS,WR,26,-4,535.6,186.57,9.45,,,NA,,,NA,NA,NA,NA,,,,,
robust,16949,WR,9.9,1.9800,TRUE,0.0499999999999989,9.9,9.9,-178.1,-165.2,-195.26,488,476,491,160,20,-163.8,388,Brycen,Tremayne,CAR,WR,27,-3,498.6,167.5,18.17,,,NA,,,NA,NA,NA,NA,,,,,
robust,16883,WR,9.85,1.9700,TRUE,0.525000000000002,9.85,9.85,-178.15,-165.25,-195.31,489,478,492,161,20,-163.85,389,Kameron,Johnson,TBB,WR,24,-4,550.4,191.71,11.34,,,NA,,,NA,NA,NA,NA,,,,,
robust,17541,WR,9.325,4.558995,FALSE,0.874999999999998,6.5575,12.0925,-178.675,-168.5425,-193.0675,491,491,484,162,20,-164.375,391,Barion,Brown,NOS,WR,23,-6,340.83,124.65,23.99,282.59,ADP.tsv,NA,25.0029,ADP.tsv,NA,NA,2.316,2.316,23192,282.59,269,360,10
robust,17087,WR,8.45,1.6900,TRUE,0.0999999999999996,8.45,8.45,-179.55,-166.65,-196.71,492,482,495,163,20,-165.25,393,Dont'e,Thornton,LVR,WR,24,-5,366.33,130.06,18.05,,,NA,,,NA,NA,NA,NA,,,,,
robust,15288,WR,8.35,1.6700,TRUE,1.15,8.35,8.35,-179.65,-166.75,-196.81,493,483,496,164,20,-165.35,394,Elijah,Moore,PHI,WR,26,-1,388.33,147.92,14.13,281.21,ADP.tsv,NA,0.0000,ADP.tsv,NA,NA,NA,NA,18795,281.21,354,354,1
robust,14848,WR,7.2,1.4400,TRUE,0.300000000000001,7.2,7.2,-180.8,-167.9,-197.96,497,486,499,165,20,-166.5,396,James,Proche,TEN,WR,30,0,756.67,264.75,21.36,,,NA,,,NA,NA,NA,NA,,,,,
robust,15771,WR,6.9,1.92738,FALSE,0.25,5.73,8.07,-181.1,-169.37,-197.09,498,498,498,166,20,-166.8,397,Tay,Martin,DET,WR,29,-2,428.4,161.57,17.14,,,NA,,,NA,NA,0,NA,,,,,
robust,17175,WR,6.9,1.3800,TRUE,0,6.9,6.9,-181.1,-168.2,-198.26,498,487,500,166,20,-166.8,397,Arian,Smith,NYJ,WR,25,-5,533.2,187.13,12.24,,,NA,,,NA,NA,NA,NA,,,,,
robust,12645,WR,6.65,8.37669,FALSE,0.15,1.565,11.735,-181.35,-173.535,-193.425,500,512,486,167,20,-167.05,399,Laquon,Treadwell,IND,WR,31,4,496.8,198.75,33.43,,,NA,,,NA,NA,0,NA,,,,,
robust,15766,WR,6.5,1.3000,TRUE,0.2,6.5,6.5,-181.5,-168.6,-198.66,501,494,501,168,20,-167.2,400,Skyy,Moore,GBP,WR,26,-2,562,195.29,17.82,,,NA,,,NA,NA,NA,NA,,,,,
robust,17752,WR,6.3,1.2600,TRUE,0.5,6.3,6.3,-181.7,-168.8,-198.86,503,496,503,169,20,-167.4,402,Dohnte,Meyers,CIN,WR,26,-5,377.67,142.6,27.81,,,NA,,,NA,NA,0,NA,,,,,
robust,17269,WR,5.8,1.1600,TRUE,0.499999999999999,5.8,5.8,-182.2,-169.3,-199.36,504,497,504,170,20,-167.9,403,Efton,Chism,NEP,WR,25,-5,496.4,163.9,7.65,281.18,ADP.tsv,NA,0.0000,ADP.tsv,NA,NA,0,NA,22673,281.18,342,342,1
robust,17527,WR,5.3,1.0600,TRUE,1.2,5.3,5.3,-182.7,-169.8,-199.86,507,500,506,171,21,-168.4,405,Josh,Cameron,JAC,WR,23,-6,444.83,148,16.54,281.22,ADP.tsv,NA,0.0000,ADP.tsv,NA,NA,NA,NA,23159,281.22,357,357,1
robust,17192,WR,4.1,0.8200,TRUE,1.025,4.1,4.1,-183.9,-171,-201.06,510,502,508,172,21,-169.6,410,Jordan,Watkins,SFO,WR,24,-5,426,158.22,15.77,281.35,ADP.tsv,NA,9.4062,ADP.tsv,NA,NA,NA,NA,22267,281.35,328,353,2
robust,16640,WR,3.075,4.188345,FALSE,1.275,0.5325,5.6175,-184.925,-174.5675,-199.5425,511,517,505,173,21,-170.625,413,Jacob,Cowing,SFO,WR,25,-4,452.2,167,39.11,,,NA,,,NA,NA,0,NA,,,,,
robust,16958,WR,1.8,0.3600,TRUE,0.9,1.8,1.8,-186.2,-173.3,-203.36,513,510,510,174,21,-171.9,418,Ryan,Miller,MIA,WR,26,-3,606.5,222,34.89,,,NA,,,NA,NA,NA,NA,,,,,
robust,17707,WR,0.9,0.1800,TRUE,0.45,0.9,0.9,-187.1,-174.2,-204.26,515,515,511,175,21,-172.8,419,J Michael,Sturdivant,GBP,WR,24,-6,531.5,183.5,14.91,280.75,ADP.tsv,NA,1.8812,ADP.tsv,NA,NA,NA,NA,23409,280.75,236,241,2
robust,17396,WR,0.45,0.0900,TRUE,0.15,0.45,0.45,-187.55,-174.65,-204.71,518,518,512,176,21,-173.25,422,Ke'Shawn,Williams,CIN,WR,25,-5,584.8,210.5,15.9,282.7,ADP.tsv,NA,32.2006,ADP.tsv,NA,NA,NA,NA,22128,282.7,201,360,84
robust,17754,WR,0.3,0.0600,TRUE,0.1,0.3,0.3,-187.7,-174.8,-204.86,519,519,513,177,21,-173.4,423,Montorie,Foster,SEA,WR,25,-6,533.5,187,12.79,,,NA,,,NA,NA,NA,NA,,,,,
robust,17620,WR,0.2,0.0400,TRUE,0.05,0.2,0.2,-187.8,-174.9,-204.96,520,520,515,178,21,-173.5,424,Kaden,Wetjen,PIT,WR,24,-6,447.6,153,16.94,280.83,ADP.tsv,NA,5.6437,ADP.tsv,NA,NA,NA,NA,23106,280.83,245,260,2
robust,15285,WR,0.15,0.0300,TRUE,0,0.15,0.15,-187.85,-174.95,-205.01,521,521,516,179,21,-173.55,425,Tylan,Wallace,CLE,WR,27,-1,585.2,206.5,18.97,,,NA,,,NA,NA,NA,NA,,,,,
robust,17360,WR,0.15,0.0300,TRUE,0,0.15,0.15,-187.85,-174.95,-205.01,521,521,516,179,21,-173.55,425,Myles,Price,MIN,WR,25,-5,489.4,172.33,15.56,,,NA,,,NA,NA,NA,NA,,,,,
robust,15794,TE,202.99,16.590294,FALSE,3.30666666666667,188.685,225.045,58.75,58.8583333333334,66.17,10,11,8,1,1,29.29,32,Trey,McBride,ARI,TE,27,-2,23.8,1.87,0.5,28.33,ADP.tsv,33.202,6.9077,ADP.tsv,9.03062434164992,-23.202,30.5175,2.97563753673057,19439,28.33,10,50,340
robust,16641,TE,199.683333333333,6.72112,FALSE,32.4145833333333,193.76,205.37,55.4433333333333,63.9333333333334,46.495,13,9,16,2,2,25.9833333333333,34,Brock,Bowers,LVR,TE,24,-4,19.22,1.22,0.47,21.07,ADP.tsv,29.59,5.8715,ADP.tsv,9.16735512566193,-16.59,32.3335,2.59744234777213,21123,21.07,6,40,340
robust,17104,TE,167.26875,8.71768799999999,FALSE,5.71847222222223,147.1735,187.109,23.02875,17.3468333333334,28.234,28,32,25,3,3,-6.43125000000001,60,Colston,Loveland,CHI,TE,22,-5,39.06,3.1,0.54,42.74,ADP.tsv,48.566,6.2169,ADP.tsv,9.88625227272701,-20.566,18.6175,0.644917630399418,22075,42.74,23,59,340
robust,17103,TE,161.550277777778,22.9341746666666,FALSE,0.617777777777775,136.27,187.030777777778,17.3102777777778,6.44333333333336,28.1557777777778,33,46,26,4,3,-12.1497222222222,64,Harold,Fannin,CLE,TE,22,-5,80.98,7.02,1.57,93.73,ADP.tsv,78.622,10.3615,ADP.tsv,10.552399537546,-45.622,6.036,1.72636265019839,22095,93.73,67,127,340
robust,17102,TE,160.9325,6.765598,FALSE,11.535,143.605,168.25,16.6925,13.7783333333334,9.375,34,39,41,5,4,-12.7675,66,Tyler,Warren,IND,TE,24,-5,53.69,4.02,0.54,56.9,ADP.tsv,62.17,10.5342,ADP.tsv,10.5112568230445,-28.17,13.6045,0.927491644167213,22067,56.9,32,93,340
robust,13299,TE,149.3975,8.58425400000003,FALSE,1.10249999999999,128.521,170.94,5.1575,-1.30566666666664,12.065,48,64,38,6,5,-24.3025,76,George,Kittle,SFO,TE,33,3,95.65,9.52,2.24,106.05,ADP.tsv,90.694,12.6065,ADP.tsv,7.87039922748522,-42.694,8.5865,5.64675895979278,15360,106.05,65,138,340
robust,15329,TE,148.295,1.77912000000003,FALSE,2.07000000000002,144.555,153.367,4.05500000000001,14.7283333333334,-5.50800000000001,50,37,67,7,5,-25.405,77,Kyle,Pitts,ATL,TE,26,-1,83.55,7.34,1.55,81.81,ADP.tsv,87.984,15.0242,ADP.tsv,17.8892387764265,-37.984,7.2585,3.21685665673807,18789,81.81,32,119,340
robust,16222,TE,146.225,7.26474000000001,FALSE,1.54999999999998,132.33,164.56,1.98499999999999,2.50333333333333,5.685,53,54,55,8,5,-27.475,80,Tucker,Kraft,GBP,TE,26,-3,71.19,5.68,1.57,78.67,ADP.tsv,74.932,9.3254,ADP.tsv,9.82580765128241,-21.932,7.942,2.84316232389218,20312,78.67,54,108,340
robust,16214,TE,144.675,10.97124,FALSE,0.435000000000002,133.4,158.875,0.435000000000002,3.57333333333338,0,59,51,61,9,5,-29.025,81,Sam,LaPorta,DET,TE,25,-3,83.28,7.59,2.01,96.92,ADP.tsv,88.44,11.5704,ADP.tsv,20.3808115638215,-29.44,7.2095,2.69556501498295,20339,96.92,68,135,340
robust,13674,TE,144.24,10.08168,FALSE,2.41499999999999,117.155,167.538,0,-12.6716666666667,8.66299999999998,61,96,46,10,5,-29.46,82,Dallas,Goedert,PHI,TE,31,2,117.91,12.8,2.17,125.14,ADP.tsv,104.828,14.8515,ADP.tsv,22.0515708284013,-43.828,4.023,3.35987901567899,16151,125.14,76,162,340
robust,11244,TE,141.825,9.82963799999999,FALSE,0.283333333333331,132.74,153.335,-2.41499999999999,2.91333333333336,-5.53999999999999,65,53,68,11,5,-31.875,85,Travis,Kelce,KCC,TE,37,7,104.83,10.93,2.19,124.88,ADP.tsv,108.772,19.3415,ADP.tsv,16.2902785734315,-43.772,5.404,4.64209521660209,11842,124.88,61,173,340
robust,13671,TE,141.541666666667,8.40140000000003,FALSE,6.49166666666667,129.826666666667,152.426666666667,-2.69833333333332,0,-6.44833333333332,66,61,69,12,6,-32.1583333333333,86,Mark,Andrews,BAL,TE,31,2,129.5,14.5,2.96,142.07,ADP.tsv,119.938,16.0804,ADP.tsv,8.99800066681482,-53.938,3.559,3.41929861228878,16075,142.07,85,178,336
robust,15798,TE,135.05,16.60512,FALSE,3,115.92,160.66,-9.19,-13.9066666666667,1.78500000000003,81,97,58,13,7,-38.65,95,Isaiah,Likely,NYG,TE,26,-2,114.65,12.32,3.12,117.48,ADP.tsv,109.342,11.5740,ADP.tsv,15.0097267130351,-28.342,4.272,3.02105147258368,19464,117.48,79,146,339
robust,16213,TE,132.05,7.33887000000002,FALSE,3.70000000000002,121.06,147.44,-12.19,-8.76666666666665,-11.435,88,81,83,14,7,-41.65,100,Dalton,Kincaid,BUF,TE,27,-3,109.24,11.44,2.16,113.49,ADP.tsv,119.788,13.4700,ADP.tsv,14.2853566983817,-31.788,3.547,2.77231076901562,20300,113.49,73,151,340
robust,15799,TE,128.35,12.08319,FALSE,0.549999999999997,120.08,138.98,-15.89,-9.74666666666666,-19.895,101,87,113,15,7,-45.35,104,Jake,Ferguson,DAL,TE,27,-2,126.37,14.5,2.42,129.12,ADP.tsv,128.792,16.0653,ADP.tsv,12.3242969779213,-27.792,3.1255,2.35523900061119,19476,129.12,81,174,339
robust,12676,TE,127.8,1.92738,FALSE,0.649999999999991,120.1,136.7,-16.44,-9.72666666666665,-22.175,104,86,121,16,7,-45.9,105,Hunter,Henry,NEP,TE,32,4,158.8,18.73,2.29,177.9,ADP.tsv,140.46,20.3214,ADP.tsv,12.2312108967183,-36.46,2.3185,2.22012764272688,14968,177.9,120,237,322
robust,14861,TE,127.15,15.71556,FALSE,8.90000000000001,112.6,143.22,-17.09,-17.2266666666666,-15.655,106,108,100,17,8,-46.55,108,Juwan,Johnson,NOS,TE,30,0,129.89,14.61,2.46,143.6,ADP.tsv,135.766,15.3888,ADP.tsv,11.2194752105435,-29.766,2.8545,2.98030380162828,18582,143.6,103,192,336
robust,16269,TE,118.25,10.08168,FALSE,2.40000000000001,107.24,142.3,-25.99,-22.5866666666667,-16.575,138,121,104,18,8,-55.45,116,Brenton,Strange,JAC,TE,26,-3,156.2,18.68,2.26,164.35,ADP.tsv,159.5525,25.1599,ADP.tsv,11.6749205029413,-21.5525,2.35133333333333,2.21301985731915,20425,164.35,84,229,325
robust,14138,TE,115.85,17.12403,FALSE,2.24999999999997,103.5,131.48,-28.39,-26.3266666666666,-27.395,144,131,139,19,9,-57.85,118,T.J.,Hockenson,MIN,TE,29,1,194.03,23.26,3.49,207.97,ADP.tsv,148.983333333333,18.1379,ADP.tsv,15.3298452554341,-4.98333333333332,2.5415,2.54804371037861,17014,207.97,141,244,283
robust,13772,TE,113.6,18.5325,FALSE,5.35000000000002,99.46,126.92,-30.64,-30.3666666666666,-31.955,146,136,150,20,9,-60.1,120,Dalton,Schultz,HOU,TE,30,2,167.64,19.63,2.67,180.08,ADP.tsv,162.046666666667,22.5208,ADP.tsv,10.3018067455288,-16.0466666666667,2.386,2.46484455223178,16255,180.08,109,239,330
robust,15331,TE,108.25,7.11648,FALSE,0.650000000000006,91.49,121.97,-35.99,-38.3366666666666,-36.905,157,159,163,21,9,-65.45,125,Pat,Freiermuth,PIT,TE,28,-1,223.19,27.29,4.28,259.1,ADP.tsv,146.305,27.6700,ADP.tsv,22.305,10.695,1.756,1.51846589249369,18792,259.1,149,293,130
robust,15797,TE,107.6,2.13494400000002,FALSE,0.299999999999983,95.195,115.004,-36.64,-34.6316666666667,-43.871,158,147,175,22,9,-66.1,126,Greg,Dulcich,MIA,TE,26,-2,211.25,25.33,4.95,225.38,ADP.tsv,166.3675,21.1346,ADP.tsv,22.8582297816344,-8.36750000000001,2.64933333333333,2.87686187054961,19477,225.38,137,255,242
robust,15889,TE,107.3,15.41904,FALSE,3.60000000000001,94.1,126.71,-36.94,-35.7266666666666,-32.165,160,150,154,23,10,-66.4,127,Chigoziem,Okonkwo,WAS,TE,27,-2,163.1,19.39,2.35,174.44,ADP.tsv,164.153333333333,18.4353,ADP.tsv,6.35556099455866,-4.15333333333334,2.12666666666667,2.25981316828528,19633,174.44,124,230,318
robust,17543,TE,103.7,26.83506,FALSE,0.399999999999991,48.36,130.56,-40.54,-81.4666666666667,-28.315,167,221,142,24,10,-70,131,Kenyon,Sadiq,NYJ,TE,21,-6,212.03,25.44,3.61,216.72,ADP.tsv,162.416666666667,20.6832,ADP.tsv,9.68707156758716,4.58333333333331,3.11466666666667,3.42362822488398,22935,216.72,149,266,273
robust,15802,TE,103.3,30.98634,FALSE,3.02500000000001,82.2,126.72,-40.94,-47.6266666666667,-32.155,168,171,153,25,10,-70.4,132,Cade,Otton,TBB,TE,27,-2,233.81,28.36,3.02,256.08,ADP.tsv,170.415,26.3106,ADP.tsv,10.205,-2.41500000000002,1.896,1.896,19632,256.08,165,303,139
robust,16723,TE,100.275,15.71556,FALSE,3.125,85.36,113.529259259259,-43.965,-44.4666666666667,-45.3457407407407,174,165,179,26,11,-73.425,136,AJ,Barner,SEA,TE,24,-4,196.62,23.5,2.64,215.15,ADP.tsv,148.86,15.4673,ADP.tsv,17.3763766840693,25.14,1.752,1.67954597039398,21315,215.15,152,240,288
robust,13192,TE,97.15,16.97577,FALSE,5.65000000000001,79.06,129.3,-47.09,-50.7666666666667,-29.575,181,177,146,27,11,-76.55,140,David,Njoku,LAC,TE,30,3,244.24,30.76,4.51,263.67,ADP.tsv,160.326666666667,28.9557,ADP.tsv,26.3097058558666,20.6733333333333,1.7355,1.66111430973308,15227,263.67,177,329,140
robust,17105,TE,91.5,13.63992,FALSE,4.22499999999999,79.41,107.71,-52.74,-50.4166666666667,-51.165,188,175,191,28,12,-82.2,145,Gunnar,Helm,TEN,TE,24,-5,223.04,26.72,3.65,245.56,ADP.tsv,NA,18.3357,ADP.tsv,NA,NA,1.464,1.464,22123,245.56,166,265,179
robust,13672,TE,87.275,4.22541000000001,FALSE,0.625,78.23,95.24,-56.965,-51.5966666666666,-63.635,195,180,212,29,12,-86.425,149,Mike,Gesicki,CIN,TE,31,2,267.92,35.04,3.96,280.89,ADP.tsv,NA,45.4478,ADP.tsv,NA,NA,1.5,1.5,16149,280.89,126,348,77
robust,12263,TE,86.65,16.08621,FALSE,1.95,51.265,104.235,-57.59,-78.5616666666667,-54.64,197,217,199,30,12,-87.05,150,Darren,Waller,CAR,TE,34,5,256.62,32.73,5.57,279.58,ADP.tsv,156.6,39.5482,ADP.tsv,NA,40.4,1.26,1.26,13738,279.58,152,351,98
robust,17107,TE,84.7,20.0151,FALSE,0.525000000000006,34.88,108.72,-59.54,-94.9466666666667,-50.155,198,241,188,31,12,-89,152,Terrance,Ferguson,LAR,TE,23,-5,185.53,22.25,5.35,164.3,ADP.tsv,169.715,19.8134,ADP.tsv,3.065,28.285,2.00066666666667,1.65034164813094,22206,164.3,112,226,320
robust,17099,TE,84.175,24.68529,FALSE,1.55,63.44,104.34,-60.065,-66.3866666666667,-54.535,199,198,197,32,12,-89.525,153,Oronde,Gadsden,LAC,TE,23,-5,207.82,25.98,4.74,210.15,ADP.tsv,164.65,27.3227,ADP.tsv,NA,34.35,1.308,1.308,22101,210.15,124,278,264
robust,13189,TE,82.625,17.7912,FALSE,2.375,72.16,94.95,-61.615,-57.6666666666667,-63.925,203,188,213,33,13,-91.075,155,Evan,Engram,DEN,TE,32,3,251.22,31.69,3.63,268.87,ADP.tsv,NA,27.3797,ADP.tsv,NA,NA,1.884,1.884,15238,268.87,180,320,112
robust,14871,TE,80.25,8.15429999999999,FALSE,6,60.6,121.34,-63.99,-69.2266666666667,-37.535,207,203,166,34,13,-93.45,161,Colby,Parkinson,LAR,TE,27,0,254.26,32.22,3.53,258.72,ADP.tsv,143.75,27.4272,ADP.tsv,NA,63.25,1.836,1.836,18018,258.72,160,306,158
robust,17106,TE,74.25,1.92738,FALSE,3.75,55.5,93.48,-69.99,-74.3266666666667,-65.395,215,213,215,35,14,-99.45,175,Mason,Taylor,NYJ,TE,22,-5,272.04,35.45,4.06,279.86,ADP.tsv,NA,37.7077,ADP.tsv,NA,NA,1.02,1.02,22120,279.86,148,335,87
robust,11247,TE,70.5,14.1000,TRUE,2,70.5,70.5,-73.74,-59.3266666666667,-88.375,219,189,247,36,14,-103.2,179,Zach,Ertz,FA,TE,36,7,331.67,59.17,11.19,282.95,ADP.tsv,NA,23.7283,ADP.tsv,NA,NA,NA,NA,11816,282.95,270,359,12
robust,16649,TE,68.5,1.18608,FALSE,4.125,51.48,86.16,-75.74,-78.3466666666666,-72.715,221,216,224,37,15,-105.2,185,Theo,Johnson,NYG,TE,25,-4,274.54,36.38,4.59,287.95,ADP.tsv,NA,31.4339,ADP.tsv,NA,NA,1.116,1.116,21181,287.95,210,360,64
robust,14143,TE,64.375,1.63086,FALSE,1.875,58.35,73.4,-79.865,-71.4766666666667,-85.475,228,209,242,38,15,-109.325,193,Dawson,Knox,BUF,TE,30,1,314.08,44.61,5.36,288.03,ADP.tsv,NA,34.8297,ADP.tsv,NA,NA,0.948,0.948,17088,288.03,187,356,73
robust,16212,TE,62.5,7.48712999999998,FALSE,2.65,56.36,78.52,-81.74,-73.4666666666666,-80.355,231,211,234,39,15,-111.2,199,Michael,Mayer,LVR,TE,25,-3,286.44,38.32,5.06,280.76,ADP.tsv,NA,34.2917,ADP.tsv,NA,NA,0.732,0.732,20282,280.76,188,359,91
robust,12678,TE,59.85,21.12705,FALSE,0.850000000000001,32.24,88.18,-84.39,-97.5866666666667,-70.695,235,250,222,40,15,-113.85,203,Tyler,Higbee,LAR,TE,33,4,316.33,44.92,6.13,285.46,ADP.tsv,NA,17.5254,ADP.tsv,NA,NA,0,NA,14743,285.46,286,360,26
robust,14867,TE,59,18.31011,FALSE,2.25,45.23,71.54,-85.24,-84.5966666666667,-87.335,236,228,245,41,16,-114.7,206,Cole,Kmet,CHI,TE,27,0,311.62,43.9,4.17,288.72,ADP.tsv,NA,25.6178,ADP.tsv,NA,NA,0.888,0.888,18010,288.72,235,357,63
robust,16216,TE,56.75,9.71103000000001,FALSE,2.89999999999999,44.53,65.5,-87.49,-85.2966666666667,-93.375,240,229,258,42,16,-116.95,209,Darnell,Washington,PIT,TE,25,-3,285.17,38.33,4.99,287.36,ADP.tsv,NA,23.4547,ADP.tsv,NA,NA,0,NA,20301,287.36,241,354,69
robust,17593,TE,53.85,13.26927,FALSE,1.6,45.795,61.905,-90.39,-84.0316666666667,-96.97,243,226,266,43,16,-119.85,217,Marlin,Klein,HOU,TE,24,-6,374.62,57.1,8.31,,,NA,,,NA,NA,NA,NA,,,,,
robust,16036,TE,52.25,48.48102,FALSE,1.45000000000001,17.8,102.26,-91.99,-112.026666666667,-56.615,245,315,203,44,16,-121.45,220,Jake,Tonges,SFO,TE,27,-2,278.71,37.88,5.44,259.66,ADP.tsv,NA,25.5741,ADP.tsv,NA,NA,1.44,1.44,19960,259.66,186,323,167
robust,15873,TE,50.8,0.0741300000000063,FALSE,0.413888888888884,46.305,62.415,-93.44,-83.5216666666666,-96.46,247,223,263,45,16,-122.9,223,Daniel,Bellinger,TEN,TE,26,-2,372.13,56.19,5.51,281.96,ADP.tsv,NA,8.3935,ADP.tsv,NA,NA,NA,NA,19625,281.96,331,358,5
robust,13193,TE,50.3861111111111,21.7530366666667,FALSE,0.536111111111111,31.98,71.4716666666667,-93.8538888888889,-97.8466666666666,-87.4033333333333,248,252,246,46,16,-123.313888888889,225,Jonnu,Smith,GBP,TE,31,3,341.85,51.9,9.37,285.01,ADP.tsv,NA,24.0257,ADP.tsv,NA,NA,0,NA,15319,285.01,254,356,27
robust,14137,TE,49.85,12.45384,FALSE,1.15,31.7,69.68,-94.39,-98.1266666666667,-89.195,249,254,248,47,16,-123.85,227,Noah,Fant,NOS,TE,29,1,350.74,53.67,6.01,281.67,ADP.tsv,NA,1.0326,ADP.tsv,NA,NA,0,NA,17021,281.67,356,359,3
robust,15795,TE,48.7,8.30256,FALSE,2.35,31.1,66.44,-95.54,-98.7266666666667,-92.435,251,256,253,48,17,-125,229,Charlie,Kolar,LAC,TE,27,-2,271.58,36.22,7.9,283.58,ADP.tsv,NA,34.6220,ADP.tsv,NA,NA,0,NA,19482,283.58,199,359,50
robust,15626,TE,46.35,1.85325,FALSE,0.0600000000000023,37.325,68.015,-97.89,-92.5016666666667,-90.86,253,237,250,49,17,-127.35,234,Brock,Wright,DET,TE,28,-1,409,68.11,6.94,281.35,ADP.tsv,NA,4.8912,ADP.tsv,NA,NA,NA,NA,19101,281.35,334,347,2
robust,15337,TE,46.29,14.099526,FALSE,0.510833333333331,30.77,58.024,-97.95,-99.0566666666666,-100.851,254,257,273,50,17,-127.41,235,Noah,Gray,KCC,TE,27,-1,324.18,46.02,5.5,287.94,ADP.tsv,NA,28.3931,ADP.tsv,NA,NA,0,NA,19128,287.94,231,360,44
robust,17544,TE,45.7791666666667,43.230145,FALSE,1.27916666666667,3.6075,94.875,-98.4608333333333,-126.219166666667,-64,255,352,214,51,17,-127.920833333333,237,Eli,Stowers,PHI,TE,23,-6,275.38,37.68,6.42,285.31,ADP.tsv,NA,34.0869,ADP.tsv,NA,NA,4.824,4.824,22942,285.31,198,360,62
robust,14209,TE,44.5,10.74885,FALSE,0.212499999999999,31.54,57.16,-99.74,-98.2866666666667,-101.715,257,255,275,52,17,-129.2,239,Josh,Oliver,MIN,TE,29,1,380.71,60.5,8.03,,,NA,,,NA,NA,0,NA,,,,,
robust,15332,TE,44.5,1.18608,FALSE,0,34.82,62.5,-99.74,-95.0066666666667,-96.375,257,242,262,52,17,-129.2,239,Tommy,Tremble,CAR,TE,26,-1,350.17,53.68,7.65,281.49,ADP.tsv,NA,18.5877,ADP.tsv,NA,NA,0.684,0.684,18807,281.49,304,358,3
robust,17591,TE,44.2875,24.01812,FALSE,0.1875,27.855,59.58,-99.9525,-101.971666666667,-99.295,258,269,269,53,17,-129.4125,240,Nate,Boerkircher,JAC,TE,25,-6,408.2,66.57,8.98,,,NA,,,NA,NA,NA,NA,,,,,
robust,17108,TE,44.1,32.02416,FALSE,1.95,21.42,67.32,-100.14,-108.406666666667,-91.555,260,293,251,54,17,-129.6,242,Elijah,Arroyo,SEA,TE,23,-5,303.45,40.9,5.47,286.65,ADP.tsv,NA,25.1004,ADP.tsv,NA,NA,0,NA,22121,286.65,231,353,74
robust,14870,TE,41.53,11.3381835,FALSE,0.0550000000000068,30.50075,52.38425,-102.71,-99.3259166666667,-106.49075,262,259,282,56,17,-132.17,250,Adam,Trautman,DEN,TE,29,0,373.13,63.36,6.69,,,NA,,,NA,NA,0,NA,,,,,
robust,16219,TE,41.475,5.26323,FALSE,0.375,34.955,53.315,-102.765,-94.8716666666667,-105.56,263,240,280,57,17,-132.225,251,Davis,Allen,LAR,TE,25,-3,467,101,15.34,,,NA,,,NA,NA,NA,NA,,,,,
robust,12677,TE,41.1,9.11799000000001,FALSE,0.162499999999994,30.61,48.47,-103.14,-99.2166666666667,-110.405,264,258,288,58,17,-132.6,252,Austin,Hooper,ATL,TE,32,4,368.09,63.06,21.63,,,NA,,,NA,NA,0,NA,,,,,
robust,17607,TE,40.9375,4.558995,FALSE,1.7375,34.3225,45.61,-103.3025,-95.5041666666666,-113.265,265,245,296,59,18,-132.7625,253,Eli,Raridon,NEP,TE,22,-6,304.11,42.57,7.58,285.41,ADP.tsv,NA,62.4863,ADP.tsv,NA,NA,3.588,3.588,23050,285.41,69,357,49
robust,16645,TE,39.2,25.35246,FALSE,0.262500000000003,20.565,59.445,-105.04,-109.261666666667,-99.43,268,297,271,60,18,-134.5,261,Erick,All,CIN,TE,26,-4,306.19,42.76,7.38,284.72,ADP.tsv,NA,30.4293,ADP.tsv,NA,NA,0,NA,21295,284.72,232,359,24
robust,16643,TE,38.9375,5.522685,FALSE,1.5375,32.77,59.5375,-105.3025,-97.0566666666666,-99.3375,269,248,270,61,18,-134.7625,264,Ja'Tavion,Sanders,CAR,TE,23,-4,332,49,7.14,282.29,ADP.tsv,NA,19.4094,ADP.tsv,NA,NA,0,NA,21143,282.29,291,359,8
robust,16940,TE,37.4,7.4800,TRUE,0.0749999999999957,37.4,37.4,-106.84,-92.4266666666666,-121.475,273,236,316,62,18,-136.3,267,Blake,Whiteheart,CLE,TE,26,-3,496.4,111.17,9.12,,,NA,,,NA,NA,NA,NA,,,,,
robust,17605,TE,37.325,15.27078,FALSE,0.925000000000004,21.73,63.04,-106.915,-108.096666666667,-95.835,274,290,261,63,18,-136.375,268,Will,Kacmarek,MIA,TE,23,-6,396,67.85,4.04,,,NA,,,NA,NA,0,NA,,,,,
robust,17109,TE,36.4,0.37065,FALSE,0.387499999999996,34.325,41.435,-107.84,-95.5016666666667,-117.44,277,244,303,64,18,-137.3,271,Mitchell,Evans,CAR,TE,23,-5,367.88,55.33,6.35,,,NA,,,NA,NA,NA,NA,,,,,
robust,16333,TE,36.0125,3.33585,FALSE,1.21250000000001,33.1225,39.725,-108.2275,-96.7041666666667,-119.15,278,247,306,65,18,-137.6875,272,Elijah,Higgins,ARI,TE,26,-3,380.91,56.42,5.23,,,NA,,,NA,NA,0,NA,,,,,
robust,15330,TE,34.8,6.9600,TRUE,0.0874999999999986,34.8,34.8,-109.44,-95.0266666666667,-124.075,280,243,326,66,18,-138.9,276,Brevin,Jordan,HOU,TE,26,-1,545.75,130.33,13.89,,,NA,,,NA,NA,NA,NA,,,,,
robust,15796,TE,34.7125,5.55975,FALSE,0.262499999999996,29.125,43.84,-109.5275,-100.701666666667,-115.035,281,263,299,67,18,-138.9875,277,Jeremy,Ruckert,NYJ,TE,26,-2,445.6,83.7,11.54,,,NA,,,NA,NA,NA,NA,,,,,
robust,16215,TE,34.45,4.89258000000001,FALSE,1.55,24.13,39.4,-109.79,-105.696666666667,-119.475,284,275,308,68,18,-139.25,278,Luke,Musgrave,GBP,TE,26,-3,375.82,60.42,11.18,281.37,ADP.tsv,NA,5.6437,ADP.tsv,NA,NA,NA,NA,20303,281.37,337,352,2
robust,17213,TE,32.9,5.48562,FALSE,0.400000000000006,29.37,36.75,-111.34,-100.456666666667,-122.125,288,261,319,69,18,-140.8,282,Jackson,Hawes,BUF,TE,26,-5,379,61.72,5.16,281.23,ADP.tsv,NA,0.0000,ADP.tsv,NA,NA,NA,NA,22287,281.23,358,358,1
robust,13763,TE,32.5,6.5000,TRUE,0.399999999999999,32.5,32.5,-111.74,-97.3266666666667,-126.375,289,249,332,70,18,-141.2,284,Will,Dissly,FA,TE,30,2,465.75,104,15.91,,,NA,,,NA,NA,NA,NA,,,,,
robust,14370,TE,32.1,6.4200,TRUE,0.510551075268818,32.1,32.1,-112.14,-97.7266666666667,-126.775,290,251,334,71,19,-141.6,285,Tanner,Hudson,CIN,TE,32,2,419.17,78.11,13.52,281.13,ADP.tsv,NA,0.0000,ADP.tsv,NA,NA,NA,NA,16740,281.13,325,325,1
robust,15800,TE,31.5894489247312,6.44931,FALSE,0.20194892473118,26.685,38.0770161290323,-112.650551075269,-103.141666666667,-120.797983870968,293,273,312,72,19,-142.110551075269,286,Connor,Heyward,LVR,TE,27,-2,513.5,113.8,8.77,,,NA,,,NA,NA,NA,NA,,,,,
robust,14239,TE,31.3875,13.26927,FALSE,0.775000000000002,22.745,40.97,-112.8525,-107.081666666667,-117.905,294,285,304,73,19,-142.3125,287,Foster,Moreau,HOU,TE,29,1,431.2,79.4,10.99,,,NA,,,NA,NA,NA,NA,,,,,
robust,16644,TE,30.6125,2.14977,FALSE,0.362500000000001,28.395,34.29,-113.6275,-101.431666666667,-124.585,297,266,328,74,19,-143.0875,290,Ben,Sinnott,WAS,TE,24,-4,353.53,54.83,6.2,281.43,ADP.tsv,NA,4.8190,ADP.tsv,NA,NA,NA,NA,21164,281.43,322,336,3
robust,14146,TE,30.25,5.55975,FALSE,0.875,23.3525,35.3625,-113.99,-106.474166666667,-123.5125,298,279,325,75,19,-143.45,291,Drew,Sample,CIN,TE,30,1,405.33,72,10.28,,,NA,,,NA,NA,0,NA,,,,,
robust,13246,TE,29.375,1.074885,FALSE,0.475000000000001,28.7225,30.0275,-114.865,-101.104166666667,-128.8475,300,265,340,76,19,-144.325,293,Mo,Alie-Cox,IND,TE,33,3,419.2,76.5,5.92,,,NA,,,NA,NA,NA,NA,,,,,
robust,14341,TE,28.9,5.7800,TRUE,1.3625,28.9,28.9,-115.34,-100.926666666667,-129.975,302,264,345,77,19,-144.8,295,Donald,Parham,PIT,TE,29,1,NA,NA,NA,,,NA,,,NA,NA,NA,NA,,,,,
robust,16642,TE,27.5375,4.29954,FALSE,0.0250000000000021,23.1025,31.955,-116.7025,-106.724166666667,-126.92,304,280,335,78,19,-146.1625,300,Cade,Stover,HOU,TE,26,-4,440.2,84.11,11.22,,,NA,,,NA,NA,0,NA,,,,,
robust,15344,TE,27.5125,8.22843,FALSE,0.0624999999999964,20.105,38.78,-116.7275,-109.721666666667,-120.095,305,300,310,79,19,-146.1875,301,John,Bates,WAS,TE,29,-1,400.86,64.6,13.28,,,NA,,,NA,NA,NA,NA,,,,,
robust,15804,TE,27.45,9.48864000000001,FALSE,1.25,9.86,37.76,-116.79,-119.966666666667,-121.115,306,335,314,80,19,-146.25,302,Grant,Calcaterra,PHI,TE,28,-2,456.6,103.13,15.57,,,NA,,,NA,NA,NA,NA,,,,,
robust,16221,TE,26.2,6.22692,FALSE,0.250000000000004,20.86,30.58,-118.04,-108.966666666667,-128.295,308,295,338,81,19,-147.5,305,Luke,Schoonmaker,DAL,TE,28,-3,415.8,69.73,5.77,,,NA,,,NA,NA,NA,NA,,,,,
robust,16474,TE,25.95,8.08017,FALSE,0.0374999999999979,19.245,35.535,-118.29,-110.581666666667,-123.34,310,307,323,82,19,-147.75,307,Nate,Adkins,DEN,TE,27,-3,453.6,89.11,20.38,,,NA,,,NA,NA,NA,NA,,,,,
robust,17627,TE,25.9125,5.55975,FALSE,0.487500000000001,16.325,45.44,-118.3275,-113.501666666667,-113.435,311,319,297,83,19,-147.7875,308,Matthew,Hibner,BAL,TE,24,-6,351.36,54.4,10.23,282.08,ADP.tsv,NA,28.0537,ADP.tsv,NA,NA,NA,NA,23074,282.08,264,360,7
robust,14984,TE,25.425,17.457615,FALSE,1.575,14.8275,36.0225,-118.815,-114.999166666667,-122.8525,312,323,322,84,19,-148.275,309,Charlie,Woerner,ATL,TE,29,0,469.6,94,9.53,,,NA,,,NA,NA,NA,NA,,,,,
robust,17548,TE,23.85,6.74583,FALSE,0.0500000000000007,19.755,27.945,-120.39,-110.071666666667,-130.93,317,303,347,85,19,-149.85,314,Justin,Joly,MIA,TE,22,-6,356.09,58,20.1,281.49,ADP.tsv,NA,39.6022,ADP.tsv,NA,NA,NA,NA,23141,281.49,236,358,4
robust,13675,TE,23.8,4.7600,TRUE,0.300000000000001,23.8,23.8,-120.44,-106.026666666667,-135.075,318,277,360,86,19,-149.9,315,Tyler,Conklin,DET,TE,31,2,456.4,85.33,11.94,,,NA,,,NA,NA,NA,NA,,,,,
robust,17660,TE,23.5,1.03782,FALSE,0.262499999999999,22.87,24.13,-120.74,-106.956666666667,-134.745,319,283,359,87,20,-150.2,319,Bauer,Sharp,TBB,TE,23,-6,463.2,85.3,12.37,,,NA,,,NA,NA,NA,NA,,,,,
robust,16647,TE,23.2375,0.444779999999996,FALSE,0.237500000000001,22.13,25.685,-121.0025,-107.696666666667,-133.19,320,288,355,88,20,-150.4625,320,Brevyn,Spann-Ford,DAL,TE,27,-4,462.4,95.75,9.43,,,NA,,,NA,NA,NA,NA,,,,,
robust,15909,TE,23,4.6000,TRUE,0.0249999999999986,23,23,-121.24,-106.826666666667,-135.875,322,281,362,89,20,-150.7,321,James,Mitchell,CAR,TE,27,-2,553,144.6,10.25,,,NA,,,NA,NA,NA,NA,,,,,
robust,16218,TE,22.975,5.745075,FALSE,0.0750000000000028,19.4875,26.4625,-121.265,-110.339166666667,-132.4125,323,306,352,90,20,-150.725,322,Payne,Durham,TBB,TE,26,-3,475.4,101.88,6.6,,,NA,,,NA,NA,NA,NA,,,,,
robust,16113,TE,22.9,4.5800,TRUE,0.199999999999996,22.9,22.9,-121.34,-106.926666666667,-135.975,324,282,363,91,20,-150.8,324,Stone,Smartt,NOS,TE,28,-2,503.75,126.4,8.69,,,NA,,,NA,NA,NA,NA,,,,,
robust,15335,TE,22.7,7.26474,FALSE,0.300000000000004,18.29,27.11,-121.54,-111.536666666667,-131.765,326,310,348,92,20,-151,325,Luke,Farrell,SFO,TE,29,-1,449.2,87.5,6.58,,,NA,,,NA,NA,NA,NA,,,,,
robust,17699,TE,22.4,4.4800,TRUE,0.524999999999999,22.4,22.4,-121.84,-107.426666666667,-136.475,328,286,365,93,20,-151.3,328,Dallen,Bentley,DEN,TE,26,-6,501.4,114.6,9.6,,,NA,,,NA,NA,NA,NA,,,,,
robust,15916,TE,21.875,6.486375,FALSE,0.424999999999997,17.9375,25.8125,-122.365,-111.889166666667,-133.0625,330,314,354,94,20,-151.825,330,Drew,Ogletree,IND,TE,28,-2,473.8,101.5,5.74,,,NA,,,NA,NA,NA,NA,,,,,
robust,13315,TE,21.45,4.2900,TRUE,0.312500000000004,21.45,21.45,-122.79,-108.376666666667,-137.425,331,292,370,95,20,-152.25,331,Eric,Saubert,SEA,TE,32,3,475.2,100.38,3.77,,,NA,,,NA,NA,NA,NA,,,,,
robust,16312,TE,21.1375,1.11195,FALSE,0.0374999999999979,19.78,22.075,-123.1025,-110.046666666667,-136.8,332,302,366,96,20,-152.5625,332,Josh,Whyle,GBP,TE,27,-3,469.6,92.89,19.15,,,NA,,,NA,NA,NA,NA,,,,,
robust,17243,TE,21.1,4.2200,TRUE,0.487500000000004,21.1,21.1,-123.14,-108.726666666667,-137.775,333,294,372,97,20,-152.6,333,Thomas,Fidone,NYG,TE,24,-5,584.75,131.5,16.83,,,NA,,,NA,NA,NA,NA,,,,,
robust,17567,TE,20.6125,12.00906,FALSE,0.349999999999994,6.595,30.49,-123.6275,-123.231666666667,-128.385,335,344,339,98,20,-153.0875,334,Oscar,Delp,NOS,TE,23,-6,298.87,42.48,6.74,283.14,ADP.tsv,NA,20.2624,ADP.tsv,NA,NA,4.752,NA,22970,283.14,284,360,12
robust,13676,TE,20.2625,3.40998000000001,FALSE,0.162500000000001,18.13,22.495,-123.9775,-111.696666666667,-136.38,337,311,364,99,20,-153.4375,337,Durham,Smythe,BAL,TE,31,2,447,84.5,13.44,,,NA,,,NA,NA,NA,NA,,,,,
robust,15970,TE,20.1,4.0200,TRUE,0.162500000000001,20.1,20.1,-124.14,-109.726666666667,-138.775,339,301,376,100,20,-153.6,338,Lucas,Krull,DEN,TE,28,-2,523.33,133.8,16.23,,,NA,,,NA,NA,NA,NA,,,,,
robust,17545,TE,19.9375,0.7413,FALSE,0.137499999999996,6.845,25.25,-124.3025,-122.981666666667,-133.625,340,342,356,101,20,-153.7625,339,Jack,Endries,CIN,TE,22,-6,501,85.36,23.73,,,NA,,,NA,NA,NA,NA,,,,,
robust,17547,TE,19.8,13.63992,FALSE,0.100000000000001,5.92,64.49,-124.44,-123.906666666667,-94.385,341,347,260,102,20,-153.9,340,Max,Klare,LAR,TE,23,-6,328.23,48.2,8.33,281.81,ADP.tsv,NA,4.8691,ADP.tsv,NA,NA,0,NA,22958,281.81,343,358,4
robust,17651,TE,19.7,3.9400,TRUE,0.225000000000001,19.7,19.7,-124.54,-110.126666666667,-139.175,342,305,377,103,20,-154,342,Josh,Cuevas,BAL,TE,23,-6,426.4,79.38,7.94,,,NA,,,NA,NA,NA,NA,,,,,
robust,17549,TE,19.475,9.93341999999999,FALSE,0.362500000000001,6.36,28.23,-124.765,-123.466666666667,-130.645,345,346,346,104,20,-154.225,343,Sam,Roush,CHI,TE,23,-6,433.8,75.91,12.76,,,NA,,,NA,NA,NA,NA,,,,,
robust,17655,TE,19.1125,16.90164,FALSE,0.612500000000001,8.365,29.56,-125.1275,-121.461666666667,-129.315,346,337,342,105,20,-154.5875,345,Seydou,Traore,MIA,TE,24,-6,441,84,6.6,,,NA,,,NA,NA,NA,NA,,,,,
robust,13678,TE,18.5,1.77912,FALSE,0.137499999999999,17.42,19.58,-125.74,-112.406666666667,-139.295,348,316,378,106,20,-155.2,349,Ian,Thomas,LVR,TE,30,2,477.2,104.13,15.57,,,NA,,,NA,NA,NA,NA,,,,,
robust,15419,TE,18.3625,6.37518,FALSE,0.262499999999999,12.055,23.17,-125.8775,-117.771666666667,-135.705,349,328,361,107,20,-155.3375,350,Kylen,Granson,TEN,TE,28,-1,499.2,111.5,10.22,,,NA,,,NA,NA,NA,NA,,,,,
robust,15929,TE,18.1,3.6200,TRUE,0.300000000000001,18.1,18.1,-126.14,-111.726666666667,-140.775,350,312,382,108,20,-155.6,352,Ko,Kieft,TBB,TE,28,-2,629.75,157.6,10.76,,,NA,,,NA,NA,NA,NA,,,,,
robust,16425,TE,17.8,3.5600,TRUE,0.949999999999999,17.8,17.8,-126.44,-112.026666666667,-141.075,352,315,383,109,20,-155.9,353,Julian,Hill,NEP,TE,26,-3,538.25,135.4,13.65,,,NA,,,NA,NA,NA,NA,,,,,
robust,13940,TE,16.85,3.3700,TRUE,0.0375000000000014,16.85,16.85,-127.39,-112.976666666667,-142.025,354,318,384,110,20,-156.85,360,Johnny,Mundt,PHI,TE,32,3,482.6,100.67,11.21,,,NA,,,NA,NA,NA,NA,,,,,
robust,17644,TE,16.8125,3.26172,FALSE,0.8125,6.805,21.88,-127.4275,-123.021666666667,-136.995,355,343,369,111,20,-156.8875,361,Tanner,Koziol,JAC,TE,23,-6,388,64.11,13.84,,,NA,,,NA,NA,NA,NA,,,,,
robust,15334,TE,16,7.11648,FALSE,1.05,11.68,20.32,-128.24,-118.146666666667,-138.555,356,330,374,112,20,-157.7,364,Hunter,Long,ARI,TE,28,-1,492.2,114,9.66,,,NA,,,NA,NA,NA,NA,,,,,
robust,15925,TE,14.95,2.9900,TRUE,0.0749999999999993,14.95,14.95,-129.29,-114.876666666667,-143.925,358,322,390,113,20,-158.75,366,John,FitzPatrick,GBP,TE,26,-2,NA,NA,NA,,,NA,,,NA,NA,NA,NA,,,,,
robust,12955,TE,14.875,6.115725,FALSE,3.2,11.1625,18.5875,-129.365,-118.664166666667,-140.2875,359,332,381,114,21,-158.825,368,Chris,Manhertz,NYG,TE,34,4,493.5,127.5,19.75,,,NA,,,NA,NA,NA,NA,,,,,
robust,15840,TE,11.675,17.086965,FALSE,0.300000000000001,1.3025,22.0475,-132.565,-128.524166666667,-136.8275,368,364,367,115,21,-162.025,378,Jelani,Woods,NYJ,TE,28,-2,464,91.1,25.8,,,NA,,,NA,NA,NA,NA,,,,,
robust,16648,TE,11.375,14.418285,FALSE,0.849999999999998,2.6225,20.1275,-132.865,-127.204166666667,-138.7475,370,358,375,116,21,-162.325,379,Jared,Wiley,KCC,TE,26,-4,473.2,97.67,12.36,,,NA,,,NA,NA,NA,NA,,,,,
robust,16220,TE,10.525,13.602855,FALSE,3.225,2.2675,18.7825,-133.715,-127.559166666667,-140.0925,371,361,380,117,21,-163.175,385,Will,Mallory,IND,TE,27,-3,500.6,111.2,5.46,,,NA,,,NA,NA,NA,NA,,,,,
robust,16831,TE,7.3,1.4600,TRUE,0.85,7.3,7.3,-136.94,-122.526666666667,-151.575,379,341,403,118,22,-166.4,395,David,Martin-Robinson,TEN,TE,27,-4,625,148.25,17.98,,,NA,,,NA,NA,NA,NA,,,,,
robust,16706,TE,6.45,1.2900,TRUE,3.15,6.45,6.45,-137.79,-123.376666666667,-152.425,385,345,406,119,22,-167.25,401,Tip,Reiman,ARI,TE,25,-4,561.25,128.83,11.19,,,NA,,,NA,NA,NA,NA,,,,,
robust,17696,TE,3.3,0.6600,TRUE,0.35,3.3,3.3,-140.94,-126.526666666667,-155.575,388,355,409,120,22,-170.4,412,Carsen,Ryan,CLE,TE,23,-6,482.5,103,5.29,,,NA,,,NA,NA,NA,NA,,,,,
robust,17641,TE,2.95,0.5900,TRUE,0.1,2.95,2.95,-141.29,-126.876666666667,-155.925,390,356,410,121,22,-170.75,414,Max,Bredeson,MIN,TE,24,-6,451.88,121,18.2,,,NA,,,NA,NA,NA,NA,,,,,
robust,13427,TE,2.85,0.5700,TRUE,0.45,2.85,2.85,-141.39,-126.976666666667,-156.025,391,357,411,122,22,-170.85,415,Robert,Tonyan,PIT,TE,32,3,NA,137,18.99,,,NA,,,NA,NA,NA,NA,,,,,
robust,17419,TE,2.4,0.4800,TRUE,0.55,2.4,2.4,-141.84,-127.426666666667,-156.475,394,360,412,123,22,-171.3,416,Keleki,Latu,BUF,TE,24,-5,535.25,134.8,15.64,,,NA,,,NA,NA,NA,NA,,,,,
robust,14060,TE,1.85,0.3700,TRUE,1.05,1.85,1.85,-142.39,-127.976666666667,-157.025,395,363,413,124,22,-171.85,417,Tyree,Jackson,WAS,TE,29,1,NA,NA,NA,,,NA,,,NA,NA,NA,NA,,,,,
robust,16898,TE,0.8,0.1600,TRUE,0.0499999999999999,0.8,0.8,-143.44,-129.026666666667,-158.075,397,365,415,125,22,-172.9,420,Colson,Yankoff,WAS,TE,26,-4,545.4,129.17,7.22,,,NA,,,NA,NA,NA,NA,,,,,
robust,16919,TE,0.75,0.1500,TRUE,0.6,0.75,0.75,-143.49,-129.076666666667,-158.125,398,366,416,126,22,-172.95,421,E.J.,Jenkins,PHI,TE,28,-3,634.75,153.5,21.74,,,NA,,,NA,NA,NA,NA,,,,,
robust,17285,TE,0.15,0.0300,TRUE,0,0.15,0.15,-144.09,-129.676666666667,-158.725,399,369,418,127,22,-173.55,425,Ben,Yurosek,MIN,TE,24,-5,543,118.67,9.64,,,NA,,,NA,NA,NA,NA,,,,,
robust,16414,K,174.95504795323,1.87493474657784,FALSE,10.1834204598397,167.812388621669,184.376308812265,10.3061051382831,21.5648886216685,7.5082463630666,40,26,51,1,1,NA,NA,Brandon,Aubrey,DAL,K,31,-3,184.1,1.07,0.31,151.94,ADP.tsv,104.936,17.0496,ADP.tsv,16.5042898665771,-64.936,5.842,1.63054960059484,2964,151.94,92,190,317
robust,12437,K,164.77162749339,14.7982265571242,FALSE,0.12268467844342,143.921667884154,184.68340861188,0.12268467844342,-2.3258321158458,7.81534616268146,60,69,49,2,1,NA,NA,Jason,Myers,SEA,K,35,6,200.71,4.96,1.37,202.36,ADP.tsv,132.554,22.0949,ADP.tsv,18.3360143979001,-72.554,2.084,0.799704945589309,2982,202.36,127,254,317
robust,15979,K,164.648942814946,2.51578976342384,FALSE,1.78746254962797,146.2475,168.766367108382,0,0,-8.10169534081643,61,61,77,3,1,NA,NA,Cameron,Dicker,LAC,K,26,-2,194.41,3.12,1.34,199.49,ADP.tsv,136.874,21.9209,ADP.tsv,10.1399084808493,-75.874,2.4385,0.853444052061997,2980,199.49,123,249,317
robust,12860,K,162.861480265319,9.5766225480923,FALSE,9.12824296758387,155.248458213256,176.868062449198,-1.78746254962797,9.0009582132565,0,64,43,61,4,2,NA,NA,Ka'imi,Fairbairn,HOU,K,32,4,192.02,3.06,2.38,185.81,ADP.tsv,129.186,20.5291,ADP.tsv,13.4331881547159,-65.186,2.267,0.879014789409143,4345,185.81,119,237,317
robust,16843,K,153.733237297735,4.14054998237865,FALSE,2.44424414587706,125.67982920712,159.164273300971,-10.9157055172118,-20.5676707928803,-17.7037891482274,86,117,105,5,2,NA,NA,Harrison,Mevis,LAR,K,24,-4,233.75,11.19,3.84,224.33,ADP.tsv,151.614,23.8749,ADP.tsv,15.7644087741976,-65.614,1.9525,1.0937864279648,2983,224.33,148,285,312
robust,14717,K,151.288993151858,3.15384872978937,FALSE,1.8367872806995,128.199114483821,158.209670493066,-13.3599496630889,-18.0483855161787,-18.658391956132,91,109,110,6,2,NA,NA,Chase,McLaughlin,TBB,K,30,1,230.93,11.49,3.19,256.73,ADP.tsv,162.102,22.8748,ADP.tsv,18.0303692696517,-71.102,1.087,0.643977484078442,2984,256.73,164,290,214
robust,13719,K,149.452205871158,1.4826,FALSE,0.0522058711580655,125.136117470739,151.201558093063,-15.1967369437884,-21.1113825292606,-25.6665043561352,99,118,131,7,2,NA,NA,Eddy,Pineiro,SFO,K,31,2,211.79,8,2.95,227.02,ADP.tsv,162.8575,21.8061,ADP.tsv,12.8196302111254,-63.8575,1.40266666666667,0.400084435532746,2981,227.02,148,273,309
robust,16681,K,149.4,8.07868326196172,FALSE,0.724110251450696,141.146607256778,158.998290271132,-15.2489428149465,-5.10089274322169,-17.8697721780659,100,75,106,8,2,NA,NA,Will,Reichard,MIN,K,25,-4,252.18,14.55,4.45,230.38,ADP.tsv,168.905,24.7554,ADP.tsv,14.8738201212735,-68.905,1.42133333333333,0.893743189562242,2972,230.38,140,281,291
robust,13354,K,148.675889748549,5.03359045880079,FALSE,0.362285909395553,131.899683881367,156.982400386847,-15.9730530663972,-14.3478161186331,-19.885662062351,102,99,112,9,3,NA,NA,Harrison,Butker,KCC,K,31,3,247.68,14.07,2.59,263.53,ADP.tsv,156.534,28.8565,ADP.tsv,17.816811836016,-54.534,1.686,0.773400284458184,2970,263.53,145,300,171
robust,16846,K,148.313603839154,11.473877308751,FALSE,0.937660926070748,127.402802275755,161.691987066198,-16.3353389757927,-18.8446977242449,-15.1760753830004,103,111,99,10,3,NA,NA,Jake,Bates,DET,K,27,-3,224.18,10.13,3.05,236.74,ADP.tsv,149.986,26.1021,ADP.tsv,12.7014795988499,-46.986,1.687,0.805671769394957,2966,236.74,145,293,279
robust,12956,K,147.375942913083,3.68006868698975,FALSE,0.407928102992315,120.055977165233,150.832895198937,-17.2729999018635,-26.1915228347668,-26.0351672502611,107,130,134,11,3,NA,NA,Wil,Lutz,DEN,K,32,4,265.48,15.82,2.44,271.47,ADP.tsv,170.88,28.0032,ADP.tsv,13.5594524225722,-63.88,1.358,1.258,2965,271.47,162,309,140
robust,11945,K,146.968014810091,8.15121125,FALSE,0.788359637676905,129.935907738095,160.719901147959,-17.6809280048558,-16.3115922619048,-16.1481613012391,110,106,101,12,3,NA,NA,Cairo,Santos,CHI,K,35,6,223.29,11.42,2.79,267.53,ADP.tsv,175.8,25.8708,ADP.tsv,16.3764480275791,-65.8,1.1,0.7,2961,267.53,163,300,151
robust,16680,K,146.179655172414,11.7634596413793,FALSE,0.186655172413793,123.071359386973,160.327391570881,-18.4692876425327,-23.1761406130268,-16.540670878317,115,124,103,13,3,NA,NA,Cam,Little,JAC,K,23,-4,198.53,4.81,2.18,205.2,ADP.tsv,143.978,23.3127,ADP.tsv,10.5372603650095,-28.978,1.9835,0.82110702712862,2969,205.2,128,262,317
robust,17222,K,145.993,13.4056574639558,FALSE,0.793614563712595,115.449966363045,163.930236152678,-18.6559428149465,-30.7975336369551,-12.9378262965199,117,138,91,14,3,NA,NA,Tyler,Loop,BAL,K,25,-5,213.7,8.91,3.65,254.84,ADP.tsv,164.765,25.5999,ADP.tsv,9.58084677886042,-47.765,1.366,0.471528012600171,2958,254.84,158,300,228
robust,16896,K,145.199385436287,16.1500079123622,FALSE,4.11239410680764,62.6724002483146,162.904667600741,-19.4495573786591,-83.5750997516855,-13.9633948484572,120,224,95,15,3,NA,NA,Spencer,Shrader,IND,K,27,-4,275.6,23.53,6.91,257.64,ADP.tsv,150.04,27.1797,ADP.tsv,NA,-30.04,0,NA,2968,257.64,156,304,193
robust,14983,K,141.08699132948,4.41421208923965,FALSE,1.20363556084001,111.7384,144.900574507188,-23.5619514854667,-34.5091,-31.9674879420099,130,146,151,16,4,NA,NA,Tyler,Bass,BUF,K,29,0,283.68,18.3,3.93,282.1,ADP.tsv,179.47,20.9711,ADP.tsv,12.9,-49.47,1.334,1.234,2959,282.1,225,329,87
robust,17668,K,139.88335576864,2.58136911582766,FALSE,2.37838395292158,101.7722,158.229684520663,-24.7655870463067,-44.4753,-18.6383779285352,134,166,109,17,4,NA,NA,Trey,Smack,GBP,K,23,-6,282.55,19.96,5.03,275.61,ADP.tsv,166.315,33.3633,ADP.tsv,22.0738867216447,-32.315,1.242,0.852110321495991,2967,275.61,145,317,120
robust,13718,K,137.504971815718,4.4478,FALSE,0.309531454839231,105.453788726287,142.809211707317,-27.1439709992283,-40.7937112737127,-34.0588507418812,141,162,158,18,4,NA,NA,Daniel,Carlson,NOS,K,31,2,277.1,24.07,5.08,278.12,ADP.tsv,NA,30.8381,ADP.tsv,NA,NA,0,NA,2974,278.12,159,316,108
robust,15368,K,137.195440360879,1.73897942766371,FALSE,0.36923738833525,111.009606442686,150.950169701666,-27.4535024540675,-35.2378935573145,-25.9178927475322,142,149,133,19,4,NA,NA,Evan,McPherson,CIN,K,27,-1,218.02,10.72,3.66,261.31,ADP.tsv,170.985,29.2446,ADP.tsv,14.2351194234541,-28.985,1.184,0.888132122303133,2962,261.31,155,313,180
robust,17220,K,136.826202972544,8.89833231371679,FALSE,2.36854403385405,125.9642,147.504514431586,-27.8227398424028,-20.2833,-29.3635480176121,143,116,145,20,4,NA,NA,Andres,Borregales,NEP,K,24,-5,227.85,12.26,3.5,258.79,ADP.tsv,176.393333333333,24.6985,ADP.tsv,10.7727103780288,-33.3933333333333,1.18933333333333,1.05689524341609,2973,258.79,167,304,228
robust,13303,K,134.45765893869,9.6857561792323,FALSE,1.00019227202296,111.4794,141.952184805091,-30.1912838762568,-34.7681,-34.9158776441073,145,148,161,21,4,NA,NA,Jake,Elliott,PHI,K,31,3,306.18,19.96,2.7,284.14,ADP.tsv,155.215,35.7989,ADP.tsv,26.915,-10.215,1.12933333333333,0.813134401901405,2978,284.14,160,334,74
robust,11936,K,133.457466666667,2.82328772444446,FALSE,1.51942500000001,127.424,139.476358095238,-31.1914761482798,-18.8235,-37.3917043539602,148,110,165,22,5,NA,NA,Chris,Boswell,PIT,K,35,6,245.11,13.88,3.79,258.91,ADP.tsv,161.742,30.4093,ADP.tsv,20.3173348645928,-13.742,1.161,0.55620409922977,2979,258.91,153,318,187
robust,8851,K,131.938041666667,17.74321318,FALSE,1.79176179245283,114.814106666667,148.89551,-32.7109011482798,-31.4333933333333,-27.9725524491982,150,140,140,23,5,NA,NA,Nick,Folk,ATL,K,42,13,296,24.14,2.74,280.61,ADP.tsv,183.505,25.2676,ADP.tsv,19.295,-33.505,0,NA,2957,280.61,210,336,91
robust,15369,K,130.146279874214,6.672290898812,FALSE,1.30813342615357,108.340111949686,135.804806894945,-34.5026629407326,-37.9073880503145,-41.063255554253,153,156,172,24,5,NA,NA,Riley,Patterson,MIA,K,27,-1,423.5,30.81,2.86,289.29,ADP.tsv,NA,16.6358,ADP.tsv,NA,NA,0,NA,2971,289.29,279,359,68
robust,16444,K,128.83814644806,17.1273870451643,FALSE,1.10713230525239,108.210258579224,141.478002659324,-35.8107963668862,-38.0372414207759,-35.3900597898738,156,157,162,25,5,NA,NA,Blake,Grupe,NYJ,K,28,-3,322,23.63,4.02,289.07,ADP.tsv,167.68,25.3696,ADP.tsv,14.7991418670138,-11.68,0.84,0.84,2975,289.07,237,359,68
robust,16292,K,127.731014142808,4.82265806685064,FALSE,1.23084320263692,114.224005657123,131.460188984707,-36.9179286721386,-32.0234943428768,-45.4078734644909,159,141,180,26,5,NA,NA,Chad,Ryland,ARI,K,27,-3,274.6,23.54,3.47,287.07,ADP.tsv,NA,29.5225,ADP.tsv,NA,NA,0,NA,2956,287.07,204,347,72
robust,17726,K,126.500170940171,9.57734256410257,FALSE,2.89778998778999,106.063373219373,138.688034188034,-38.1487718747755,-40.1841267806268,-38.1800282611641,163,161,167,27,6,NA,NA,Drew,Stevens,WAS,K,23,-6,359.75,26.92,4.71,287.49,ADP.tsv,NA,15.5111,ADP.tsv,NA,NA,0,NA,2986,287.49,283,358,71
robust,17277,K,123.602380952381,10.5089512,FALSE,0.849510875190347,89.1776,130.992514285714,-41.0465618625655,-57.0699,-45.875548163484,169,187,182,28,6,NA,NA,Ryan,Fitzgerald,CAR,K,NA,-5,289.4,25.33,2.04,289.11,ADP.tsv,NA,16.1899,ADP.tsv,NA,NA,0,NA,2960,289.11,281,359,69
robust,14600,K,122.752870077191,24.3459672235572,FALSE,3.71308598628153,108.392881847755,139.583514838109,-41.8960727377559,-37.8546181522446,-37.2845476110897,170,155,164,29,6,NA,NA,Joey,Slye,TEN,K,30,1,301.6,23.58,3.17,285.13,ADP.tsv,NA,21.7003,ADP.tsv,NA,NA,0,NA,2985,285.13,236,342,77
robust,14244,K,119.039784090909,7.69210603416929,FALSE,4.52217010914616,92.6474,128.676963375131,-45.6091587240374,-53.6001,-48.1910990740676,178,185,183,30,7,NA,NA,Matt,Gay,LVR,K,32,1,400.5,29.47,2.33,287.72,ADP.tsv,NA,25.1400,ADP.tsv,NA,NA,0,NA,2977,287.72,235,358,78
robust,16419,K,114.517613981763,16.0285919750231,FALSE,3.81361398176291,92.952,126.560552927184,-50.1313288331836,-53.2955,-50.3075095220144,185,183,189,31,7,NA,NA,Andre,Szmyt,CLE,K,28,-3,320,30.68,1.87,288.93,ADP.tsv,NA,27.1654,ADP.tsv,NA,NA,0,NA,2963,288.93,231,359,58
robust,17434,K,110.704,24.8839584,FALSE,12.9408690476191,95.5984,125.8096,-53.9449428149465,-50.6491,-51.0584624491983,191,176,190,32,8,NA,NA,Ben,Sauls,FA,K,25,-5,298,28.45,2.61,281.84,ADP.tsv,NA,2.5969,ADP.tsv,NA,NA,NA,NA,20265,281.84,349,357,4
robust,17736,K,97.7631309523809,55.5360967670886,FALSE,57.7631309523809,38.74855,147.785446292948,-66.8858118625655,-107.49895,-29.0826161562507,213,287,143,33,9,NA,NA,Dominic,Zvada,NYG,K,23,-6,349,29.39,5.24,284.99,ADP.tsv,NA,26.8532,ADP.tsv,NA,NA,0,NA,2976,284.99,226,358,81
robust,16286,K,40,4.0000,TRUE,10,40,40,-124.648942814946,-106.2475,-136.868062449198,343,278,368,34,10,NA,NA,Jake,Moody,BAL,K,27,-3,319,31.38,5.12,254.84,ADP.tsv,NA,25.5999,ADP.tsv,NA,NA,NA,NA,2958,254.84,158,300,228
robust,17424,K,30,3.0000,TRUE,1,30,30,-134.648942814946,-116.2475,-146.868062449198,373,325,394,35,10,NA,NA,Charlie,Smyth,NOS,K,25,-4,284.54,20.36,5.3,278.12,ADP.tsv,NA,30.8381,ADP.tsv,NA,NA,NA,NA,2974,278.12,159,316,108
robust,11947,K,29,2.9000,TRUE,1,29,29,-135.648942814946,-117.2475,-147.868062449198,377,327,395,36,10,NA,NA,Brandon,McManus,FA,K,35,6,304.6,29.82,5.84,281.84,ADP.tsv,NA,2.5969,ADP.tsv,NA,NA,NA,NA,20265,281.84,349,357,4
robust,13347,K,29,2.9000,TRUE,0,29,29,-135.648942814946,-117.2475,-147.868062449198,377,327,395,36,10,NA,NA,Zane,Gonzalez,FA,K,31,3,292.89,25.18,5.01,281.84,ADP.tsv,NA,2.5969,ADP.tsv,NA,NA,NA,NA,20265,281.84,349,357,4
robust,15882,K,28,2.8000,TRUE,1,28,28,-136.648942814946,-118.2475,-148.868062449198,378,331,397,37,10,NA,NA,Cade,York,FA,K,25,-2,NA,36.86,2.9,281.84,ADP.tsv,NA,2.5969,ADP.tsv,NA,NA,NA,NA,20265,281.84,349,357,4
robust,13832,K,27,2.7000,TRUE,10,27,27,-137.648942814946,-119.2475,-149.868062449198,384,333,398,38,11,NA,NA,Jason,Sanders,NYJ,K,31,2,355.5,29.7,4.01,289.07,ADP.tsv,NA,25.3696,ADP.tsv,NA,NA,NA,NA,2975,289.07,237,359,68
robust,13980,K,17,1.7000,TRUE,6,17,17,-147.648942814946,-129.2475,-159.868062449198,407,367,420,39,11,NA,NA,Mike,Badgley,FA,K,31,2,NA,NA,NA,281.84,ADP.tsv,NA,2.5969,ADP.tsv,NA,NA,NA,NA,20265,281.84,349,357,4
robust,13403,K,11,1.1000,TRUE,2,11,11,-153.648942814946,-135.2475,-165.868062449198,420,379,427,40,12,NA,NA,Younghoe,Koo,FA,K,32,3,NA,NA,NA,281.84,ADP.tsv,NA,2.5969,ADP.tsv,NA,NA,NA,NA,20265,281.84,349,357,4
robust,16405,K,9,0.9000,TRUE,2,9,9,-155.648942814946,-137.2475,-167.868062449198,426,386,430,41,12,NA,NA,John Parker,Romo,FA,K,29,-2,NA,NA,NA,281.84,ADP.tsv,NA,2.5969,ADP.tsv,NA,NA,NA,NA,20265,281.84,349,357,4
robust,16775,K,9,0.9000,TRUE,0,9,9,-155.648942814946,-137.2475,-167.868062449198,426,386,430,41,12,NA,NA,Joshua,Karty,FA,K,24,-4,NA,NA,NA,281.84,ADP.tsv,NA,2.5969,ADP.tsv,NA,NA,NA,NA,20265,281.84,349,357,4
robust,9694,K,7,0.7000,TRUE,1,7,7,-157.648942814946,-139.2475,-169.868062449198,430,389,433,42,12,NA,NA,Graham,Gano,FA,K,39,11,NA,NA,NA,281.84,ADP.tsv,NA,2.5969,ADP.tsv,NA,NA,NA,NA,20265,281.84,349,357,4
robust,14426,K,6,0.6000,TRUE,1,6,6,-158.648942814946,-140.2475,-170.868062449198,432,395,435,43,12,NA,NA,Matthew,Wright,BUF,K,30,1,NA,NA,NA,282.1,ADP.tsv,NA,20.9711,ADP.tsv,NA,NA,NA,NA,2959,282.1,225,329,87
robust,8930,K,5,0.5000,TRUE,0,5,5,-159.648942814946,-141.2475,-171.868062449198,435,399,438,44,12,NA,NA,Matt,Prater,FA,K,42,14,NA,NA,NA,281.84,ADP.tsv,NA,2.5969,ADP.tsv,NA,NA,NA,NA,20265,281.84,349,357,4
robust,0532,DST,128.55,12.67623,FALSE,7.13500000000001,111.375,147.075,11.595,5.8125,8.89249999999998,39,49,44,1,1,NA,NA,Houston,Texans,HOU,DST,NA,50,156.72,1.36,0.64,145.17,ADP.tsv,104.925,17.4419,ADP.tsv,13.1598584718834,-65.925,3.73333333333333,0.309120616516524,4343,145.17,87,188,340
robust,0511,DST,121.415,15.441279,FALSE,4.46000000000001,105.5625,138.1825,4.46000000000001,0,0,49,61,61,2,2,NA,NA,Denver,Broncos,DEN,DST,NA,50,166.35,3.23,1.19,165.88,ADP.tsv,106.7825,19.3415,ADP.tsv,22.3649931533636,-57.7825,2.81666666666667,0.28963578661638,1863,165.88,101,213,340
robust,0515,DST,116.955,15.12252,FALSE,1.155,102.0625,145.3,0,-3.5,7.11749999999998,61,71,52,3,3,NA,NA,Seattle,Seahawks,SEA,DST,NA,50,169.46,3.61,1.99,164.44,ADP.tsv,110.9775,16.2330,ADP.tsv,24.0774691101453,-49.9775,2.64333333333333,0.51227162933567,1989,164.44,112,206,340
robust,0510,DST,115.8,7.160958,FALSE,2.95,106.975,125.065,-1.155,1.41249999999999,-13.1175,63,58,92,4,4,NA,NA,Pittsburgh,Steelers,PIT,DST,NA,50,190.04,8.44,1.97,197.52,ADP.tsv,148.593333333333,17.9600,ADP.tsv,15.744479102918,-85.5933333333333,1.5,0.1,1968,197.52,135,239,340
robust,0528,DST,112.85,11.297412,FALSE,1.94999999999999,100.9375,125.8975,-4.105,-4.625,-12.285,71,74,87,5,5,NA,NA,Los Angeles,Rams,LAR,DST,NA,50,166.34,2.71,1.68,147.68,ADP.tsv,105.4575,17.2692,ADP.tsv,15.0394587252999,-34.4575,4.06,0.12328828005938,1996,147.68,92,192,340
robust,0524,DST,110.9,2.07564,FALSE,0.219999999999999,104.625,130.9,-6.05499999999999,-0.9375,-7.28250000000003,72,63,74,6,5,NA,NA,Minnesota,Vikings,MIN,DST,NA,50,188.23,8.26,2.97,206.64,ADP.tsv,137.9,18.0457,ADP.tsv,24.6751102665554,-65.9,0.65,0.35,1919,206.64,142,246,325
robust,0514,DST,110.68,3.11345999999998,FALSE,0.680000000000007,105.3,123.965,-6.27499999999999,-0.262500000000003,-14.2175,73,62,96,7,5,NA,NA,Los Angeles,Chargers,LAC,DST,NA,50,194.69,10.14,2.72,197.83,ADP.tsv,152.225,17.6255,ADP.tsv,13.8665722152232,-79.225,1.07333333333333,0.346538437823121,1975,197.83,136,238,338
robust,0501,DST,110,10.489395,FALSE,0.900000000000006,96.5875,130.3275,-6.955,-8.97499999999999,-7.85500000000002,75,83,76,8,6,NA,NA,Buffalo,Bills,BUF,DST,NA,50,230.78,15.18,2.45,253.61,ADP.tsv,159.0675,15.6177,ADP.tsv,20.3357337893178,-84.0675,0.933333333333333,0.590668171555645,1828,253.61,187,271,173
robust,0518,DST,109.1,17.49468,FALSE,1.14999999999999,95.6,136.08,-7.855,-9.96250000000001,-2.10250000000002,76,88,65,9,7,NA,NA,Philadelphia,Eagles,PHI,DST,NA,50,176.62,5.88,2.52,187.27,ADP.tsv,133.6875,18.1383,ADP.tsv,12.6895495881454,-57.6875,1.48333333333333,0.192930615046504,1961,187.27,130,235,339
robust,0507,DST,107.95,13.49166,FALSE,0.849999999999994,95.4,119.88,-9.005,-10.1625,-18.3025,80,89,107,10,8,NA,NA,Cleveland,Browns,CLE,DST,NA,50,222.64,15.18,4.47,252.9,ADP.tsv,162.7525,23.2868,ADP.tsv,22.1137122335894,-82.7525,1,0.2,2871,252.9,154,279,170
robust,0522,DST,107.1,8.806644,FALSE,0.125000000000014,98.0625,124.3575,-9.85499999999999,-7.5,-13.825,83,78,94,11,8,NA,NA,Detroit,Lions,DET,DST,NA,50,221.84,14.85,3.36,245.84,ADP.tsv,153.0325,20.6023,ADP.tsv,25.1588387798404,-70.0325,1.1,0.141421356237309,1870,245.84,167,281,223
robust,0521,DST,106.975,14.23296,FALSE,1.3,90.08,117.27,-9.98,-15.4825,-20.9125,84,103,119,12,9,NA,NA,Chicago,Bears,CHI,DST,NA,50,282.49,20,4.18,240.77,ADP.tsv,161.93,23.2788,ADP.tsv,NA,-77.93,0.1,NA,1842,240.77,149,278,226
robust,0531,DST,105.675,13.3434,FALSE,1.875,94.78,117.76,-11.28,-10.7825,-20.4225,87,92,117,13,10,NA,NA,Baltimore,Ravens,BAL,DST,NA,50,198.41,10.26,3.02,206.39,ADP.tsv,155.6875,21.1147,ADP.tsv,17.2492889346199,-68.6875,1.2,0.163299316185545,1807,206.39,137,259,333
robust,0509,DST,103.8,3.31114,FALSE,0.799999999999997,101.113333333333,107.173333333333,-13.155,-4.44916666666666,-31.0091666666667,90,73,148,14,11,NA,NA,Jacksonville,Jaguars,JAC,DST,NA,50,191.34,9.56,3.33,191.36,ADP.tsv,152.52,21.0684,ADP.tsv,12.0234915893845,-62.52,0.986666666666667,0.419947086613963,1898,191.36,112,234,340
robust,0523,DST,103,20.7564,FALSE,0.25,83.32,125.62,-13.955,-22.2425,-12.5625,92,120,89,15,11,NA,NA,Green Bay,Packers,GBP,DST,NA,50,209.31,13.99,3.5,250.99,ADP.tsv,161.21,21.3154,ADP.tsv,19.9348288179257,-69.21,0.866666666666667,0.498887651569859,1877,250.99,166,282,192
robust,0504,DST,102.75,17.00048,FALSE,0.349999999999994,89.2533333333333,118.38,-14.205,-16.3091666666667,-19.8025,93,105,111,16,11,NA,NA,New England,Patriots,NEP,DST,NA,50,187.91,7.96,2.99,190.22,ADP.tsv,141.9525,15.2063,ADP.tsv,19.4614713922149,-48.9525,1.15666666666667,0.114406682011537,1926,190.22,139,227,338
robust,0529,DST,102.4,8.30255999999999,FALSE,0.608333333333348,94.8,116,-14.555,-10.7625,-22.1825,95,91,122,17,12,NA,NA,New Orleans,Saints,NOS,DST,NA,50,263.36,18.78,3.46,261.36,ADP.tsv,157.04,26.1405,ADP.tsv,NA,-62.04,0,NA,1933,261.36,147,285,147
robust,0508,DST,101.791666666667,14.48006,FALSE,1.59166666666667,80.92,113.796666666667,-15.1633333333333,-24.6425,-24.3858333333333,98,126,128,18,13,NA,NA,Tennessee,Titans,TEN,DST,NA,50,283.09,25.86,3.06,273.98,ADP.tsv,NA,30.2179,ADP.tsv,NA,NA,0,NA,1884,273.98,183,338,115
robust,0526,DST,100.2,7.26474,FALSE,0.774999999999991,91.325,128.425,-16.755,-14.2375,-9.75750000000002,105,98,80,19,13,NA,NA,Atlanta,Falcons,ATL,DST,NA,50,274.71,19.74,3.51,265.36,ADP.tsv,159.375,20.6748,ADP.tsv,8.32499999999999,-54.375,0,NA,1814,265.36,165,272,124
robust,0525,DST,99.425,8.30256000000001,FALSE,0.325000000000003,88.36,106.61,-17.53,-17.2025,-31.5725,109,107,149,20,14,NA,NA,Tampa Bay,Buccaneers,TBB,DST,NA,50,293.32,23.1,3.42,269.44,ADP.tsv,170.3,30.3816,ADP.tsv,NA,-61.3,0.1,NA,2003,269.44,158,314,116
robust,0520,DST,99.1,30.3933,FALSE,0.0999999999999943,75.12,122,-17.855,-30.4425,-16.1825,112,137,102,21,14,NA,NA,Washington,Commanders,WAS,DST,NA,50,307.6,27.36,2.83,283.31,ADP.tsv,NA,31.0779,ADP.tsv,NA,NA,0,NA,2010,283.31,205,355,70
robust,0506,DST,99,10.3782,FALSE,1,90.64,114.77,-17.955,-14.9225,-23.4125,113,101,126,22,14,NA,NA,Cincinnati,Bengals,CIN,DST,NA,50,274.25,24.63,4.74,278.28,ADP.tsv,NA,29.0032,ADP.tsv,NA,NA,0,NA,1849,278.28,196,339,83
robust,0517,DST,98,7.85778,FALSE,0.599999999999994,86.54,126.56,-18.955,-19.0225,-11.6225,118,112,86,23,15,NA,NA,New York,Giants,NYG,DST,NA,50,278.62,22.27,3.13,265,ADP.tsv,190.83,27.6839,ADP.tsv,NA,-72.83,0,NA,1940,265,156,299,122
robust,0502,DST,97.4,10.15581,FALSE,0.800000000000011,84.32,105.24,-19.555,-21.2425,-32.9425,121,119,155,24,16,NA,NA,Indianapolis,Colts,IND,DST,NA,50,277.23,19.54,2.35,272.31,ADP.tsv,NA,23.5633,ADP.tsv,NA,NA,0,NA,1891,272.31,181,300,101
robust,0516,DST,96.6,21.34944,FALSE,1.5,68.44,123.2,-20.355,-37.1225,-14.9825,125,153,98,25,17,NA,NA,Dallas,Cowboys,DAL,DST,NA,50,262.56,20.26,5.53,262.1,ADP.tsv,169.915,25.8025,ADP.tsv,13.585,-44.915,0.2,NA,1856,262.1,151,287,145
robust,0512,DST,95.1,19.12554,FALSE,0.433333333333337,80.84,108.88,-21.855,-24.7225,-29.3025,127,127,144,26,17,NA,NA,Kansas City,Chiefs,KCC,DST,NA,50,212.79,13.37,2.33,254.24,ADP.tsv,146.285,20.2526,ADP.tsv,13.985,-19.285,0.95,0.45,1905,254.24,167,276,174
robust,0519,DST,94.6666666666667,21.34944,FALSE,1.56666666666666,78.32,110.853333333333,-22.2883333333333,-27.2425,-27.3291666666667,128,132,138,27,18,NA,NA,Arizona,Cardinals,ARI,DST,NA,50,299.6,31.43,1.01,286.43,ADP.tsv,NA,24.2652,ADP.tsv,NA,NA,0,NA,1821,286.43,244,357,53
robust,0503,DST,93.1,20.31162,FALSE,0.0999999999999943,73.44,112.36,-23.855,-32.1225,-25.8225,132,142,132,28,18,NA,NA,Miami,Dolphins,MIA,DST,NA,50,308.38,27.53,3.02,284.51,ADP.tsv,NA,23.8425,ADP.tsv,NA,NA,0,NA,1912,284.51,240,354,65
robust,0527,DST,93,2.29803,FALSE,0.900000000000006,80.16,99.47,-23.955,-25.4025,-38.7125,133,128,169,29,19,NA,NA,Carolina,Panthers,CAR,DST,NA,50,299.43,23.44,3.7,275.19,ADP.tsv,NA,33.3143,ADP.tsv,NA,NA,0.1,NA,1835,275.19,166,333,95
robust,0505,DST,92.1,34.24806,FALSE,0.949999999999989,67.24,114.813333333333,-24.855,-38.3225,-23.3691666666667,135,158,125,30,20,NA,NA,New York,Jets,NYJ,DST,NA,50,293.2,29.41,2.62,282.85,ADP.tsv,NA,27.6249,ADP.tsv,NA,NA,0,NA,1947,282.85,219,355,82
robust,0513,DST,91.15,10.92182,FALSE,0.150000000000006,75.98,106.046666666667,-25.805,-29.5825,-32.1358333333334,136,135,152,31,20,NA,NA,Las Vegas,Raiders,LVR,DST,NA,50,287,28.44,3.46,277.73,ADP.tsv,NA,33.8221,ADP.tsv,NA,NA,0,NA,1954,277.73,188,360,107
robust,0530,DST,91,21.79422,FALSE,0,60.04,111.64,-25.955,-45.5225,-26.5425,137,168,135,32,20,NA,NA,San Francisco,49ers,SFO,DST,NA,50,266.17,19.23,3.33,259.17,ADP.tsv,126.5,24.5866,ADP.tsv,NA,10.5,0.65,0.55,1982,259.17,171,304,182
